release_idx,release_time,exec_time_s,period_s,deadline_s,finish_time,deadline_abs,missed_deadline,note
<<<<<<< HEAD
0,511260.146664500,0.000202600,0.030000000,0.030000000,511260.146867100,511260.176664500,0,sent:HOLD
1,511260.178099100,0.000108100,0.030000000,0.030000000,511260.178207200,511260.208099100,0,
2,511260.208660600,0.000121200,0.030000000,0.030000000,511260.208781800,511260.238660600,0,sent:DEGRADE
3,511260.239398600,0.000061200,0.030000000,0.030000000,511260.239459800,511260.269398600,0,sent:DEGRADE
4,511260.269191800,0.000117700,0.030000000,0.030000000,511260.269309500,511260.299191800,0,sent:DEGRADE
5,511260.299649500,0.000120300,0.030000000,0.030000000,511260.299769800,511260.329649500,0,sent:HOLD
6,511260.333112500,0.000054500,0.030000000,0.030000000,511260.333167000,511260.363112500,0,sent:DEGRADE
7,511260.365940100,0.000090000,0.030000000,0.030000000,511260.366030100,511260.395940100,0,sent:HOLD
8,511260.393473300,0.000073400,0.030000000,0.030000000,511260.393546700,511260.423473300,0,sent:DEGRADE
9,511260.425568100,0.000120800,0.030000000,0.030000000,511260.425688900,511260.455568100,0,sent:DEGRADE
10,511260.457047600,0.000142000,0.030000000,0.030000000,511260.457189600,511260.487047600,0,sent:DEGRADE
11,511260.487408600,0.000112500,0.030000000,0.030000000,511260.487521100,511260.517408600,0,sent:DEGRADE
12,511260.518214700,0.000315400,0.030000000,0.030000000,511260.518530100,511260.548214700,0,sent:HOLD
13,511260.549391900,0.000259100,0.030000000,0.030000000,511260.549651000,511260.579391900,0,sent:DEGRADE
14,511260.579556900,0.000119600,0.030000000,0.030000000,511260.579676500,511260.609556900,0,sent:DEGRADE
15,511260.610762200,0.000097100,0.030000000,0.030000000,511260.610859300,511260.640762200,0,
16,511260.641924300,0.000121000,0.030000000,0.030000000,511260.642045300,511260.671924300,0,sent:HOLD
17,511260.672565900,0.000082000,0.030000000,0.030000000,511260.672647900,511260.702565900,0,sent:HOLD
18,511260.688612700,0.000057500,0.030000000,0.030000000,511260.688670200,511260.718612700,0,
19,511260.719833800,0.000177700,0.030000000,0.030000000,511260.720011500,511260.749833800,0,sent:DEGRADE
20,511260.750636500,0.000160100,0.030000000,0.030000000,511260.750796600,511260.780636500,0,sent:DEGRADE
21,511260.780960700,0.000173800,0.030000000,0.030000000,511260.781134500,511260.810960700,0,sent:HOLD
22,511260.814546100,0.000167800,0.030000000,0.030000000,511260.814713900,511260.844546100,0,sent:DEGRADE
23,511260.843067400,0.000377400,0.030000000,0.030000000,511260.843444800,511260.873067400,0,sent:DEGRADE
24,511260.876231800,0.000176100,0.030000000,0.030000000,511260.876407900,511260.906231800,0,sent:DEGRADE
25,511260.906031600,0.000167400,0.030000000,0.030000000,511260.906199000,511260.936031600,0,sent:DEGRADE
26,511260.936706000,0.000213500,0.030000000,0.030000000,511260.936919500,511260.966706000,0,sent:DEGRADE
27,511260.967270900,0.000221900,0.030000000,0.030000000,511260.967492800,511260.997270900,0,sent:DEGRADE
28,511260.998927200,0.000214500,0.030000000,0.030000000,511260.999141700,511261.028927200,0,sent:DEGRADE
29,511261.029549600,0.000235800,0.030000000,0.030000000,511261.029785400,511261.059549600,0,sent:DEGRADE
30,511261.060877500,0.000121700,0.030000000,0.030000000,511261.060999200,511261.090877500,0,sent:HOLD
31,511261.091927200,0.000111500,0.030000000,0.030000000,511261.092038700,511261.121927200,0,
32,511261.108224700,0.000085700,0.030000000,0.030000000,511261.108310400,511261.138224700,0,sent:HOLD
33,511261.137572300,0.000060400,0.030000000,0.030000000,511261.137632700,511261.167572300,0,
34,511261.168590600,0.000110400,0.030000000,0.030000000,511261.168701000,511261.198590600,0,sent:HOLD
35,511261.199700100,0.000062000,0.030000000,0.030000000,511261.199762100,511261.229700100,0,sent:HOLD
36,511261.230372800,0.000085800,0.030000000,0.030000000,511261.230458600,511261.260372800,0,
37,511261.260766500,0.000091400,0.030000000,0.030000000,511261.260857900,511261.290766500,0,sent:HOLD
38,511261.292463700,0.000128200,0.030000000,0.030000000,511261.292591900,511261.322463700,0,
39,511261.323125000,0.000091900,0.030000000,0.030000000,511261.323216900,511261.353125000,0,sent:HOLD
40,511261.354610900,0.000041200,0.030000000,0.030000000,511261.354652100,511261.384610900,0,
41,511261.385332600,0.000073000,0.030000000,0.030000000,511261.385405600,511261.415332600,0,sent:HOLD
42,511261.416063000,0.000070000,0.030000000,0.030000000,511261.416133000,511261.446063000,0,sent:HOLD
43,511261.446627700,0.000068600,0.030000000,0.030000000,511261.446696300,511261.476627700,0,
44,511261.477414100,0.000078200,0.030000000,0.030000000,511261.477492300,511261.507414100,0,sent:HOLD
45,511261.506938600,0.000141500,0.030000000,0.030000000,511261.507080100,511261.536938600,0,
46,511261.537967500,0.000069700,0.030000000,0.030000000,511261.538037200,511261.567967500,0,sent:HOLD
47,511261.570746600,0.000121400,0.030000000,0.030000000,511261.570868000,511261.600746600,0,sent:HOLD
48,511261.600405800,0.000060100,0.030000000,0.030000000,511261.600465900,511261.630405800,0,
49,511261.630976900,0.000127100,0.030000000,0.030000000,511261.631104000,511261.660976900,0,sent:HOLD
50,511261.662173500,0.000087300,0.030000000,0.030000000,511261.662260800,511261.692173500,0,sent:HOLD
51,511261.677525200,0.000032800,0.030000000,0.030000000,511261.677558000,511261.707525200,0,
52,511261.710000100,0.000099600,0.030000000,0.030000000,511261.710099700,511261.740000100,0,
53,511261.740989700,0.000082100,0.030000000,0.030000000,511261.741071800,511261.770989700,0,sent:HOLD
54,511261.772463000,0.000040600,0.030000000,0.030000000,511261.772503600,511261.802463000,0,sent:HOLD
55,511261.804127900,0.000286600,0.030000000,0.030000000,511261.804414500,511261.834127900,0,
56,511261.834576000,0.000298900,0.030000000,0.030000000,511261.834874900,511261.864576000,0,sent:HOLD
57,511261.864637500,0.000358300,0.030000000,0.030000000,511261.864995800,511261.894637500,0,sent:HOLD
58,511261.896509800,0.000275200,0.030000000,0.030000000,511261.896785000,511261.926509800,0,
59,511261.926934500,0.000171800,0.030000000,0.030000000,511261.927106300,511261.956934500,0,sent:HOLD
60,511261.957572100,0.000194200,0.030000000,0.030000000,511261.957766300,511261.987572100,0,sent:HOLD
61,511261.988493400,0.000280400,0.030000000,0.030000000,511261.988773800,511262.018493400,0,
62,511262.020284300,0.000234200,0.030000000,0.030000000,511262.020518500,511262.050284300,0,sent:HOLD
63,511262.051913900,0.000624200,0.030000000,0.030000000,511262.052538100,511262.081913900,0,
64,511262.067180400,0.000527800,0.030000000,0.030000000,511262.067708200,511262.097180400,0,sent:HOLD
65,511262.098544400,0.000137100,0.030000000,0.030000000,511262.098681500,511262.128544400,0,sent:HOLD
66,511262.129455100,0.000128700,0.030000000,0.030000000,511262.129583800,511262.159455100,0,
67,511262.159327200,0.000246600,0.030000000,0.030000000,511262.159573800,511262.189327200,0,sent:HOLD
68,511262.189944500,0.000448100,0.030000000,0.030000000,511262.190392600,511262.219944500,0,
69,511262.220731700,0.000309100,0.030000000,0.030000000,511262.221040800,511262.250731700,0,sent:HOLD
70,511262.252863200,0.000320900,0.030000000,0.030000000,511262.253184100,511262.282863200,0,sent:HOLD
71,511262.282394800,0.000230900,0.030000000,0.030000000,511262.282625700,511262.312394800,0,
72,511262.314379700,0.000185400,0.030000000,0.030000000,511262.314565100,511262.344379700,0,sent:HOLD
73,511262.345952400,0.000781100,0.030000000,0.030000000,511262.346733500,511262.375952400,0,
74,511262.377534300,0.000366700,0.030000000,0.030000000,511262.377901000,511262.407534300,0,sent:HOLD
75,511262.409532800,0.000161500,0.030000000,0.030000000,511262.409694300,511262.439532800,0,sent:HOLD
76,511262.439288300,0.000187300,0.030000000,0.030000000,511262.439475600,511262.469288300,0,
77,511262.470458900,0.000385400,0.030000000,0.030000000,511262.470844300,511262.500458900,0,sent:HOLD
78,511262.501410800,0.000369200,0.030000000,0.030000000,511262.501780000,511262.531410800,0,
79,511262.517578800,0.000365100,0.030000000,0.030000000,511262.517943900,511262.547578800,0,sent:HOLD
80,511262.549470200,0.000246000,0.030000000,0.030000000,511262.549716200,511262.579470200,0,
81,511262.580893700,0.000342600,0.030000000,0.030000000,511262.581236300,511262.610893700,0,sent:HOLD
82,511262.611888000,0.000284100,0.030000000,0.030000000,511262.612172100,511262.641888000,0,
83,511262.642871900,0.000250700,0.030000000,0.030000000,511262.643122600,511262.672871900,0,sent:HOLD
84,511262.674426300,0.000326800,0.030000000,0.030000000,511262.674753100,511262.704426300,0,sent:HOLD
85,511262.705243200,0.000146700,0.030000000,0.030000000,511262.705389900,511262.735243200,0,sent:HOLD
86,511262.736407900,0.000785200,0.030000000,0.030000000,511262.737193100,511262.766407900,0,
87,511262.768492400,0.000341200,0.030000000,0.030000000,511262.768833600,511262.798492400,0,sent:HOLD
88,511262.799633900,0.000322000,0.030000000,0.030000000,511262.799955900,511262.829633900,0,
89,511262.830924400,0.000315700,0.030000000,0.030000000,511262.831240100,511262.860924400,0,sent:HOLD
90,511262.861140600,0.000323500,0.030000000,0.030000000,511262.861464100,511262.891140600,0,sent:HOLD
91,511262.892926600,0.000226300,0.030000000,0.030000000,511262.893152900,511262.922926600,0,
92,511262.908223500,0.000301600,0.030000000,0.030000000,511262.908525100,511262.938223500,0,sent:HOLD
93,511262.939255700,0.000302200,0.030000000,0.030000000,511262.939557900,511262.969255700,0,
94,511262.969563400,0.000285200,0.030000000,0.030000000,511262.969848600,511262.999563400,0,sent:HOLD
95,511263.000749800,0.000264900,0.030000000,0.030000000,511263.001014700,511263.030749800,0,sent:HOLD
96,511263.032101200,0.000194600,0.030000000,0.030000000,511263.032295800,511263.062101200,0,
97,511263.063006500,0.000404700,0.030000000,0.030000000,511263.063411200,511263.093006500,0,sent:HOLD
98,511263.092617300,0.000285000,0.030000000,0.030000000,511263.092902300,511263.122617300,0,
99,511263.124349200,0.000390600,0.030000000,0.030000000,511263.124739800,511263.154349200,0,sent:HOLD
100,511263.155230700,0.000340300,0.030000000,0.030000000,511263.155571000,511263.185230700,0,sent:HOLD
101,511263.185756600,0.000275200,0.030000000,0.030000000,511263.186031800,511263.215756600,0,
102,511263.215893000,0.000479400,0.030000000,0.030000000,511263.216372400,511263.245893000,0,sent:HOLD
103,511263.246470500,0.000745900,0.030000000,0.030000000,511263.247216400,511263.276470500,0,
104,511263.279357200,0.000372600,0.030000000,0.030000000,511263.279729800,511263.309357200,0,sent:HOLD
105,511263.316795200,0.001107700,0.030000000,0.030000000,511263.317902900,511263.346795200,0,
106,511263.340572100,0.000326800,0.030000000,0.030000000,511263.340898900,511263.370572100,0,sent:HOLD
107,511263.371994500,0.000552000,0.030000000,0.030000000,511263.372546500,511263.401994500,0,sent:HOLD
108,511263.403017800,0.000394800,0.030000000,0.030000000,511263.403412600,511263.433017800,0,
109,511263.418573300,0.000315900,0.030000000,0.030000000,511263.418889200,511263.448573300,0,sent:HOLD
110,511263.449693800,0.000415800,0.030000000,0.030000000,511263.450109600,511263.479693800,0,
111,511263.480351600,0.000196100,0.030000000,0.030000000,511263.480547700,511263.510351600,0,sent:HOLD
112,511263.512053200,0.000499700,0.030000000,0.030000000,511263.512552900,511263.542053200,0,sent:HOLD
113,511263.543981100,0.000220900,0.030000000,0.030000000,511263.544202000,511263.573981100,0,
114,511263.576204500,0.000557400,0.030000000,0.030000000,511263.576761900,511263.606204500,0,sent:HOLD
115,511263.606362400,0.000439700,0.030000000,0.030000000,511263.606802100,511263.636362400,0,
116,511263.637413400,0.000400000,0.030000000,0.030000000,511263.637813400,511263.667413400,0,sent:HOLD
117,511263.669335400,0.000170300,0.030000000,0.030000000,511263.669505700,511263.699335400,0,sent:HOLD
118,511263.699301100,0.000480900,0.030000000,0.030000000,511263.699782000,511263.729301100,0,
119,511263.730595300,0.000409200,0.030000000,0.030000000,511263.731004500,511263.760595300,0,sent:HOLD
120,511263.761706200,0.000383000,0.030000000,0.030000000,511263.762089200,511263.791706200,0,sent:HOLD
121,511263.778071100,0.000630400,0.030000000,0.030000000,511263.778701500,511263.808071100,0,
122,511263.810012900,0.000286200,0.030000000,0.030000000,511263.810299100,511263.840012900,0,
123,511263.839297600,0.000198000,0.030000000,0.030000000,511263.839495600,511263.869297600,0,sent:HOLD
124,511263.871726300,0.000328900,0.030000000,0.030000000,511263.872055200,511263.901726300,0,sent:HOLD
125,511263.901762100,0.000210300,0.030000000,0.030000000,511263.901972400,511263.931762100,0,sent:HOLD
126,511263.933517200,0.000168600,0.030000000,0.030000000,511263.933685800,511263.963517200,0,
127,511263.964984600,0.000226300,0.030000000,0.030000000,511263.965210900,511263.994984600,0,sent:HOLD
128,511263.995996300,0.000209200,0.030000000,0.030000000,511263.996205500,511264.025996300,0,
129,511264.026062100,0.000219200,0.030000000,0.030000000,511264.026281300,511264.056062100,0,sent:HOLD
130,511264.058384300,0.000201100,0.030000000,0.030000000,511264.058585400,511264.088384300,0,
131,511264.088262100,0.000366800,0.030000000,0.030000000,511264.088628900,511264.118262100,0,sent:HOLD
132,511264.120298200,0.000609600,0.030000000,0.030000000,511264.120907800,511264.150298200,0,sent:HOLD
133,511264.150043100,0.000716500,0.030000000,0.030000000,511264.150759600,511264.180043100,0,
134,511264.166229500,0.000335900,0.030000000,0.030000000,511264.166565400,511264.196229500,0,sent:HOLD
135,511264.212121000,0.000145600,0.030000000,0.030000000,511264.212266600,511264.242121000,0,sent:HOLD
136,511264.227944200,0.000350700,0.030000000,0.030000000,511264.228294900,511264.257944200,0,
137,511264.260123900,0.000127500,0.030000000,0.030000000,511264.260251400,511264.290123900,0,sent:HOLD
138,511264.291656700,0.000196400,0.030000000,0.030000000,511264.291853100,511264.321656700,0,
139,511264.323636000,0.000514500,0.030000000,0.030000000,511264.324150500,511264.353636000,0,sent:HOLD
140,511264.356443300,0.000253500,0.030000000,0.030000000,511264.356696800,511264.386443300,0,sent:HOLD
141,511264.385950300,0.000341200,0.030000000,0.030000000,511264.386291500,511264.415950300,0,
142,511264.417618100,0.000441200,0.030000000,0.030000000,511264.418059300,511264.447618100,0,sent:HOLD
143,511264.449142100,0.000438000,0.030000000,0.030000000,511264.449580100,511264.479142100,0,
144,511264.479566000,0.000254100,0.030000000,0.030000000,511264.479820100,511264.509566000,0,sent:HOLD
145,511264.511770000,0.000434700,0.030000000,0.030000000,511264.512204700,511264.541770000,0,sent:HOLD
146,511264.527783200,0.000274900,0.030000000,0.030000000,511264.528058100,511264.557783200,0,
147,511264.558598800,0.000417100,0.030000000,0.030000000,511264.559015900,511264.588598800,0,
148,511264.589672500,0.000720600,0.030000000,0.030000000,511264.590393100,511264.619672500,0,sent:HOLD
149,511264.620761600,0.000355000,0.030000000,0.030000000,511264.621116600,511264.650761600,0,sent:HOLD
150,511264.652209300,0.000249600,0.030000000,0.030000000,511264.652458900,511264.682209300,0,sent:HOLD
151,511264.681763800,0.000171300,0.030000000,0.030000000,511264.681935100,511264.711763800,0,
152,511264.712272700,0.000342600,0.030000000,0.030000000,511264.712615300,511264.742272700,0,sent:HOLD
153,511264.743295100,0.000437300,0.030000000,0.030000000,511264.743732400,511264.773295100,0,
154,511264.774707900,0.000241700,0.030000000,0.030000000,511264.774949600,511264.804707900,0,sent:HOLD
155,511264.806488900,0.000153500,0.030000000,0.030000000,511264.806642400,511264.836488900,0,sent:HOLD
156,511264.837492400,0.000203400,0.030000000,0.030000000,511264.837695800,511264.867492400,0,
157,511264.867558900,0.000268100,0.030000000,0.030000000,511264.867827000,511264.897558900,0,sent:HOLD
158,511264.899154000,0.000263800,0.030000000,0.030000000,511264.899417800,511264.929154000,0,
159,511264.929922400,0.000243000,0.030000000,0.030000000,511264.930165400,511264.959922400,0,sent:HOLD
160,511264.960410400,0.000441100,0.030000000,0.030000000,511264.960851500,511264.990410400,0,
161,511264.991313900,0.000271200,0.030000000,0.030000000,511264.991585100,511265.021313900,0,sent:HOLD
162,511265.022712400,0.000445400,0.030000000,0.030000000,511265.023157800,511265.052712400,0,sent:MOVE_LEFT
163,511265.038413700,0.000176200,0.030000000,0.030000000,511265.038589900,511265.068413700,0,
164,511265.069980000,0.000308100,0.030000000,0.030000000,511265.070288100,511265.099980000,0,sent:MOVE_LEFT
165,511265.100864600,0.000519000,0.030000000,0.030000000,511265.101383600,511265.130864600,0,sent:MOVE_LEFT
166,511265.131413900,0.000316900,0.030000000,0.030000000,511265.131730800,511265.161413900,0,
167,511265.162148100,0.000282600,0.030000000,0.030000000,511265.162430700,511265.192148100,0,sent:MOVE_LEFT
168,511265.193729300,0.000217400,0.030000000,0.030000000,511265.193946700,511265.223729300,0,
169,511265.224839400,0.000440800,0.030000000,0.030000000,511265.225280200,511265.254839400,0,sent:HOLD
170,511265.256317200,0.000273800,0.030000000,0.030000000,511265.256591000,511265.286317200,0,
171,511265.287195800,0.000287400,0.030000000,0.030000000,511265.287483200,511265.317195800,0,sent:HOLD
172,511265.317571300,0.000198200,0.030000000,0.030000000,511265.317769500,511265.347571300,0,sent:HOLD
173,511265.349472300,0.000591500,0.030000000,0.030000000,511265.350063800,511265.379472300,0,
174,511265.380510400,0.000257200,0.030000000,0.030000000,511265.380767600,511265.410510400,0,sent:HOLD
175,511265.411240800,0.000333200,0.030000000,0.030000000,511265.411574000,511265.441240800,0,sent:HOLD
176,511265.427494600,0.000259100,0.030000000,0.030000000,511265.427753700,511265.457494600,0,
177,511265.459710200,0.000203100,0.030000000,0.030000000,511265.459913300,511265.489710200,0,sent:HOLD
178,511265.490776100,0.000192900,0.030000000,0.030000000,511265.490969000,511265.520776100,0,
179,511265.521659900,0.000218100,0.030000000,0.030000000,511265.521878000,511265.551659900,0,sent:HOLD
180,511265.552992100,0.000536600,0.030000000,0.030000000,511265.553528700,511265.582992100,0,sent:HOLD
181,511265.582302500,0.000259800,0.030000000,0.030000000,511265.582562300,511265.612302500,0,
182,511265.613642600,0.000801100,0.030000000,0.030000000,511265.614443700,511265.643642600,0,sent:MOVE_LEFT
183,511265.645349500,0.000207200,0.030000000,0.030000000,511265.645556700,511265.675349500,0,
184,511265.676221200,0.000395900,0.030000000,0.030000000,511265.676617100,511265.706221200,0,sent:SLOW_DOWN
185,511265.708103600,0.000155300,0.030000000,0.030000000,511265.708258900,511265.738103600,0,sent:HOLD
186,511265.739721100,0.000169100,0.030000000,0.030000000,511265.739890200,511265.769721100,0,
187,511265.771679900,0.000227700,0.030000000,0.030000000,511265.771907600,511265.801679900,0,sent:HOLD
188,511265.787081200,0.000145500,0.030000000,0.030000000,511265.787226700,511265.817081200,0,
189,511265.818571700,0.000230600,0.030000000,0.030000000,511265.818802300,511265.848571700,0,sent:HOLD
190,511265.849826000,0.000430300,0.030000000,0.030000000,511265.850256300,511265.879826000,0,
191,511265.880866000,0.000389300,0.030000000,0.030000000,511265.881255300,511265.910866000,0,sent:HOLD
192,511265.912165400,0.000430000,0.030000000,0.030000000,511265.912595400,511265.942165400,0,sent:HOLD
193,511265.942285500,0.000223800,0.030000000,0.030000000,511265.942509300,511265.972285500,0,
194,511265.973410500,0.000469600,0.030000000,0.030000000,511265.973880100,511266.003410500,0,sent:HOLD
195,511266.003431900,0.000518200,0.030000000,0.030000000,511266.003950100,511266.033431900,0,
196,511266.034876200,0.000374600,0.030000000,0.030000000,511266.035250800,511266.064876200,0,sent:HOLD
197,511266.065405900,0.000243800,0.030000000,0.030000000,511266.065649700,511266.095405900,0,sent:HOLD
198,511266.098517000,0.000349200,0.030000000,0.030000000,511266.098866200,511266.128517000,0,sent:HOLD
199,511266.127684500,0.000346700,0.030000000,0.030000000,511266.128031200,511266.157684500,0,
200,511266.159689900,0.000199500,0.030000000,0.030000000,511266.159889400,511266.189689900,0,sent:HOLD
201,511266.190431300,0.000273200,0.030000000,0.030000000,511266.190704500,511266.220431300,0,
202,511266.221447600,0.000206300,0.030000000,0.030000000,511266.221653900,511266.251447600,0,sent:HOLD
203,511266.236890300,0.000161300,0.030000000,0.030000000,511266.237051600,511266.266890300,0,
204,511266.268338500,0.000262100,0.030000000,0.030000000,511266.268600600,511266.298338500,0,sent:HOLD
205,511266.298745600,0.000438700,0.030000000,0.030000000,511266.299184300,511266.328745600,0,sent:HOLD
206,511266.329682800,0.000225800,0.030000000,0.030000000,511266.329908600,511266.359682800,0,
207,511266.360442500,0.000199900,0.030000000,0.030000000,511266.360642400,511266.390442500,0,sent:HOLD
208,511266.392097300,0.000215600,0.030000000,0.030000000,511266.392312900,511266.422097300,0,
209,511266.422568900,0.000244900,0.030000000,0.030000000,511266.422813800,511266.452568900,0,sent:HOLD
210,511266.454434400,0.000265200,0.030000000,0.030000000,511266.454699600,511266.484434400,0,
211,511266.485435300,0.000243900,0.030000000,0.030000000,511266.485679200,511266.515435300,0,sent:HOLD
212,511266.516223300,0.000488000,0.030000000,0.030000000,511266.516711300,511266.546223300,0,sent:HOLD
213,511266.546474000,0.000841900,0.030000000,0.030000000,511266.547315900,511266.576474000,0,
214,511266.578528600,0.000225500,0.030000000,0.030000000,511266.578754100,511266.608528600,0,sent:HOLD
215,511266.610039100,0.000197000,0.030000000,0.030000000,511266.610236100,511266.640039100,0,sent:HOLD
216,511266.640152000,0.000237700,0.030000000,0.030000000,511266.640389700,511266.670152000,0,
217,511266.670919000,0.000175100,0.030000000,0.030000000,511266.671094100,511266.700919000,0,sent:HOLD
218,511266.701950300,0.000226300,0.030000000,0.030000000,511266.702176600,511266.731950300,0,sent:DEGRADE
219,511266.718285800,0.000197500,0.030000000,0.030000000,511266.718483300,511266.748285800,0,sent:HOLD
220,511266.749373700,0.000192300,0.030000000,0.030000000,511266.749566000,511266.779373700,0,sent:HOLD
221,511266.779445400,0.000435800,0.030000000,0.030000000,511266.779881200,511266.809445400,0,
222,511266.809840000,0.000354500,0.030000000,0.030000000,511266.810194500,511266.839840000,0,sent:HOLD
223,511266.840568100,0.000236600,0.030000000,0.030000000,511266.840804700,511266.870568100,0,
224,511266.871953000,0.000163400,0.030000000,0.030000000,511266.872116400,511266.901953000,0,sent:HOLD
225,511266.903135700,0.000344500,0.030000000,0.030000000,511266.903480200,511266.933135700,0,sent:HOLD
226,511266.935202800,0.000302800,0.030000000,0.030000000,511266.935505600,511266.965202800,0,
227,511266.965854100,0.000261500,0.030000000,0.030000000,511266.966115600,511266.995854100,0,sent:HOLD
228,511266.996467600,0.000481300,0.030000000,0.030000000,511266.996948900,511267.026467600,0,
229,511267.027816200,0.000405400,0.030000000,0.030000000,511267.028221600,511267.057816200,0,sent:MOVE_RIGHT
230,511267.059597800,0.000413400,0.030000000,0.030000000,511267.060011200,511267.089597800,0,
231,511267.090447100,0.000314500,0.030000000,0.030000000,511267.090761600,511267.120447100,0,sent:HOLD
232,511267.121867400,0.000255200,0.030000000,0.030000000,511267.122122600,511267.151867400,0,sent:HOLD
233,511267.137543600,0.000191400,0.030000000,0.030000000,511267.137735000,511267.167543600,0,
234,511267.169567200,0.000399600,0.030000000,0.030000000,511267.169966800,511267.199567200,0,sent:HOLD
235,511267.200030700,0.000475800,0.030000000,0.030000000,511267.200506500,511267.230030700,0,
236,511267.230536400,0.000208900,0.030000000,0.030000000,511267.230745300,511267.260536400,0,sent:HOLD
237,511267.261881300,0.000248800,0.030000000,0.030000000,511267.262130100,511267.291881300,0,sent:HOLD
238,511267.293711700,0.000215100,0.030000000,0.030000000,511267.293926800,511267.323711700,0,
239,511267.324788400,0.000476600,0.030000000,0.030000000,511267.325265000,511267.354788400,0,sent:HOLD
240,511267.356146500,0.000519300,0.030000000,0.030000000,511267.356665800,511267.386146500,0,
241,511267.386740300,0.000375500,0.030000000,0.030000000,511267.387115800,511267.416740300,0,sent:SLOW_DOWN
242,511267.417382700,0.000220700,0.030000000,0.030000000,511267.417603400,511267.447382700,0,sent:SLOW_DOWN
243,511267.448616800,0.000423300,0.030000000,0.030000000,511267.449040100,511267.478616800,0,
244,511267.478793900,0.000378200,0.030000000,0.030000000,511267.479172100,511267.508793900,0,sent:HOLD
245,511267.510827400,0.000187000,0.030000000,0.030000000,511267.511014400,511267.540827400,0,sent:HOLD
246,511267.541005100,0.000179100,0.030000000,0.030000000,511267.541184200,511267.571005100,0,
247,511267.572177800,0.000448700,0.030000000,0.030000000,511267.572626500,511267.602177800,0,sent:HOLD
248,511267.587700100,0.000184200,0.030000000,0.030000000,511267.587884300,511267.617700100,0,
249,511267.618657200,0.000132400,0.030000000,0.030000000,511267.618789600,511267.648657200,0,sent:HOLD
250,511267.649366900,0.000515200,0.030000000,0.030000000,511267.649882100,511267.679366900,0,
251,511267.679742000,0.000271800,0.030000000,0.030000000,511267.680013800,511267.709742000,0,sent:HOLD
252,511267.711135700,0.000265200,0.030000000,0.030000000,511267.711400900,511267.741135700,0,sent:HOLD
253,511267.741556100,0.000394900,0.030000000,0.030000000,511267.741951000,511267.771556100,0,
254,511267.772300900,0.000289500,0.030000000,0.030000000,511267.772590400,511267.802300900,0,sent:HOLD
255,511267.804201400,0.000409000,0.030000000,0.030000000,511267.804610400,511267.834201400,0,sent:HOLD
256,511267.834269300,0.000264600,0.030000000,0.030000000,511267.834533900,511267.864269300,0,
257,511267.864524000,0.000414200,0.030000000,0.030000000,511267.864938200,511267.894524000,0,sent:HOLD
258,511267.896692500,0.000154000,0.030000000,0.030000000,511267.896846500,511267.926692500,0,
259,511267.927227000,0.000404400,0.030000000,0.030000000,511267.927631400,511267.957227000,0,sent:HOLD
260,511267.958365200,0.000349000,0.030000000,0.030000000,511267.958714200,511267.988365200,0,
261,511267.989031000,0.000214700,0.030000000,0.030000000,511267.989245700,511268.019031000,0,sent:HOLD
262,511268.019314200,0.000194900,0.030000000,0.030000000,511268.019509100,511268.049314200,0,sent:HOLD
263,511268.050292900,0.000400100,0.030000000,0.030000000,511268.050693000,511268.080292900,0,
264,511268.081219700,0.000246100,0.030000000,0.030000000,511268.081465800,511268.111219700,0,sent:HOLD
265,511268.112902700,0.000145000,0.030000000,0.030000000,511268.113047700,511268.142902700,0,sent:HOLD
266,511268.128750400,0.000206500,0.030000000,0.030000000,511268.128956900,511268.158750400,0,
267,511268.159910200,0.000220400,0.030000000,0.030000000,511268.160130600,511268.189910200,0,sent:HOLD
268,511268.190713500,0.000157400,0.030000000,0.030000000,511268.190870900,511268.220713500,0,
269,511268.221547500,0.000228200,0.030000000,0.030000000,511268.221775700,511268.251547500,0,sent:HOLD
270,511268.252682800,0.000446200,0.030000000,0.030000000,511268.253129000,511268.282682800,0,
271,511268.284680400,0.000236600,0.030000000,0.030000000,511268.284917000,511268.314680400,0,sent:HOLD
272,511268.315046600,0.000360900,0.030000000,0.030000000,511268.315407500,511268.345046600,0,sent:HOLD
273,511268.346084000,0.000456700,0.030000000,0.030000000,511268.346540700,511268.376084000,0,
274,511268.377635800,0.000287400,0.030000000,0.030000000,511268.377923200,511268.407635800,0,sent:HOLD
275,511268.409784700,0.000340100,0.030000000,0.030000000,511268.410124800,511268.439784700,0,sent:HOLD
276,511268.440018100,0.000206700,0.030000000,0.030000000,511268.440224800,511268.470018100,0,
277,511268.471564100,0.000223200,0.030000000,0.030000000,511268.471787300,511268.501564100,0,sent:HOLD
278,511268.487381600,0.000206100,0.030000000,0.030000000,511268.487587700,511268.517381600,0,
279,511268.518678500,0.000198400,0.030000000,0.030000000,511268.518876900,511268.548678500,0,sent:HOLD
280,511268.548906700,0.000326200,0.030000000,0.030000000,511268.549232900,511268.578906700,0,sent:HOLD
281,511268.579626900,0.000183900,0.030000000,0.030000000,511268.579810800,511268.609626900,0,
282,511268.610823400,0.000208700,0.030000000,0.030000000,511268.611032100,511268.640823400,0,sent:HOLD
283,511268.641377700,0.000206400,0.030000000,0.030000000,511268.641584100,511268.671377700,0,
284,511268.673635600,0.000166100,0.030000000,0.030000000,511268.673801700,511268.703635600,0,sent:HOLD
285,511268.705334800,0.000164800,0.030000000,0.030000000,511268.705499600,511268.735334800,0,sent:HOLD
286,511268.736433000,0.000239000,0.030000000,0.030000000,511268.736672000,511268.766433000,0,
287,511268.767737300,0.000721800,0.030000000,0.030000000,511268.768459100,511268.797737300,0,sent:HOLD
288,511268.799331600,0.000498200,0.030000000,0.030000000,511268.799829800,511268.829331600,0,
289,511268.829457300,0.000235800,0.030000000,0.030000000,511268.829693100,511268.859457300,0,sent:HOLD
290,511268.861128200,0.000202000,0.030000000,0.030000000,511268.861330200,511268.891128200,0,sent:HOLD
291,511268.877184500,0.000173600,0.030000000,0.030000000,511268.877358100,511268.907184500,0,
292,511268.908377200,0.000403000,0.030000000,0.030000000,511268.908780200,511268.938377200,0,sent:HOLD
293,511268.939434200,0.000146300,0.030000000,0.030000000,511268.939580500,511268.969434200,0,
294,511268.971438600,0.000185600,0.030000000,0.030000000,511268.971624200,511269.001438600,0,sent:HOLD
295,511269.002353500,0.000157600,0.030000000,0.030000000,511269.002511100,511269.032353500,0,sent:HOLD
296,511269.033721600,0.000204900,0.030000000,0.030000000,511269.033926500,511269.063721600,0,
297,511269.064719000,0.000175600,0.030000000,0.030000000,511269.064894600,511269.094719000,0,sent:HOLD
298,511269.095118300,0.000376400,0.030000000,0.030000000,511269.095494700,511269.125118300,0,
299,511269.126139500,0.000147200,0.030000000,0.030000000,511269.126286700,511269.156139500,0,sent:HOLD
300,511269.157140300,0.000147300,0.030000000,0.030000000,511269.157287600,511269.187140300,0,sent:HOLD
301,511269.188169300,0.000166500,0.030000000,0.030000000,511269.188335800,511269.218169300,0,
302,511269.219406200,0.000160200,0.030000000,0.030000000,511269.219566400,511269.249406200,0,sent:HOLD
303,511269.250727900,0.000204900,0.030000000,0.030000000,511269.250932800,511269.280727900,0,sent:HOLD
304,511269.281431900,0.000183800,0.030000000,0.030000000,511269.281615700,511269.311431900,0,
305,511269.311659800,0.000207600,0.030000000,0.030000000,511269.311867400,511269.341659800,0,sent:HOLD
306,511269.326897300,0.000500500,0.030000000,0.030000000,511269.327397800,511269.356897300,0,
307,511269.357935000,0.000167800,0.030000000,0.030000000,511269.358102800,511269.387935000,0,sent:HOLD
308,511269.389457600,0.000124000,0.030000000,0.030000000,511269.389581600,511269.419457600,0,
309,511269.419392600,0.000203900,0.030000000,0.030000000,511269.419596500,511269.449392600,0,sent:HOLD
310,511269.450721900,0.000161700,0.030000000,0.030000000,511269.450883600,511269.480721900,0,
311,511269.481549600,0.000280100,0.030000000,0.030000000,511269.481829700,511269.511549600,0,sent:HOLD
312,511269.512519200,0.000385600,0.030000000,0.030000000,511269.512904800,511269.542519200,0,sent:HOLD
313,511269.542733300,0.000236200,0.030000000,0.030000000,511269.542969500,511269.572733300,0,
314,511269.574842200,0.000251000,0.030000000,0.030000000,511269.575093200,511269.604842200,0,sent:HOLD
315,511269.606793900,0.000186300,0.030000000,0.030000000,511269.606980200,511269.636793900,0,sent:HOLD
316,511269.637515000,0.000245000,0.030000000,0.030000000,511269.637760000,511269.667515000,0,
317,511269.669312200,0.000369000,0.030000000,0.030000000,511269.669681200,511269.699312200,0,sent:HOLD
318,511269.701281600,0.000406200,0.030000000,0.030000000,511269.701687800,511269.731281600,0,
319,511269.716749900,0.000203200,0.030000000,0.030000000,511269.716953100,511269.746749900,0,sent:HOLD
320,511269.747398000,0.000359300,0.030000000,0.030000000,511269.747757300,511269.777398000,0,
321,511269.780012000,0.000284700,0.030000000,0.030000000,511269.780296700,511269.810012000,0,sent:HOLD
322,511269.811809800,0.000207900,0.030000000,0.030000000,511269.812017700,511269.841809800,0,sent:HOLD
323,511269.841763600,0.000288900,0.030000000,0.030000000,511269.842052500,511269.871763600,0,
324,511269.872304000,0.000767100,0.030000000,0.030000000,511269.873071100,511269.902304000,0,sent:HOLD
325,511269.902750100,0.000197200,0.030000000,0.030000000,511269.902947300,511269.932750100,0,sent:HOLD
326,511269.933383800,0.000348700,0.030000000,0.030000000,511269.933732500,511269.963383800,0,
327,511269.964621200,0.000250400,0.030000000,0.030000000,511269.964871600,511269.994621200,0,sent:HOLD
328,511269.995674200,0.000310200,0.030000000,0.030000000,511269.995984400,511270.025674200,0,
329,511270.026762900,0.000374300,0.030000000,0.030000000,511270.027137200,511270.056762900,0,sent:HOLD
330,511270.058109200,0.000146400,0.030000000,0.030000000,511270.058255600,511270.088109200,0,sent:HOLD
331,511270.089258100,0.000385000,0.030000000,0.030000000,511270.089643100,511270.119258100,0,
332,511270.120030700,0.000366500,0.030000000,0.030000000,511270.120397200,511270.150030700,0,sent:HOLD
333,511270.150134800,0.001660600,0.030000000,0.030000000,511270.151795400,511270.180134800,0,
334,511270.166279500,0.000459600,0.030000000,0.030000000,511270.166739100,511270.196279500,0,sent:HOLD
335,511270.196954600,0.000482100,0.030000000,0.030000000,511270.197436700,511270.226954600,0,
336,511270.228184200,0.000203400,0.030000000,0.030000000,511270.228387600,511270.258184200,0,sent:HOLD
337,511270.259634800,0.000217900,0.030000000,0.030000000,511270.259852700,511270.289634800,0,sent:HOLD
338,511270.290111500,0.000720800,0.030000000,0.030000000,511270.290832300,511270.320111500,0,
339,511270.320750200,0.000253200,0.030000000,0.030000000,511270.321003400,511270.350750200,0,sent:HOLD
340,511270.352282700,0.000229500,0.030000000,0.030000000,511270.352512200,511270.382282700,0,sent:HOLD
341,511270.382600600,0.000319100,0.030000000,0.030000000,511270.382919700,511270.412600600,0,
342,511270.414931800,0.000231800,0.030000000,0.030000000,511270.415163600,511270.444931800,0,sent:HOLD
343,511270.445902700,0.000217200,0.030000000,0.030000000,511270.446119900,511270.475902700,0,
344,511270.477726000,0.000191500,0.030000000,0.030000000,511270.477917500,511270.507726000,0,sent:HOLD
345,511270.508935200,0.000510200,0.030000000,0.030000000,511270.509445400,511270.538935200,0,sent:HOLD
346,511270.540349300,0.000438300,0.030000000,0.030000000,511270.540787600,511270.570349300,0,
347,511270.571566900,0.000279700,0.030000000,0.030000000,511270.571846600,511270.601566900,0,sent:HOLD
348,511270.587212200,0.000422400,0.030000000,0.030000000,511270.587634600,511270.617212200,0,
349,511270.617815100,0.000200300,0.030000000,0.030000000,511270.618015400,511270.647815100,0,sent:HOLD
350,511270.648285000,0.000294300,0.030000000,0.030000000,511270.648579300,511270.678285000,0,
351,511270.679919200,0.000380700,0.030000000,0.030000000,511270.680299900,511270.709919200,0,sent:HOLD
352,511270.710927300,0.000190900,0.030000000,0.030000000,511270.711118200,511270.740927300,0,sent:HOLD
353,511270.741769300,0.000397500,0.030000000,0.030000000,511270.742166800,511270.771769300,0,
354,511270.773479200,0.000688400,0.030000000,0.030000000,511270.774167600,511270.803479200,0,sent:HOLD
355,511270.805016000,0.000339300,0.030000000,0.030000000,511270.805355300,511270.835016000,0,
356,511270.836257800,0.000239100,0.030000000,0.030000000,511270.836496900,511270.866257800,0,sent:HOLD
357,511270.866780900,0.002260800,0.030000000,0.030000000,511270.869041700,511270.896780900,0,sent:HOLD
358,511270.897910400,0.001038000,0.030000000,0.030000000,511270.898948400,511270.927910400,0,
359,511270.929410100,0.000549000,0.030000000,0.030000000,511270.929959100,511270.959410100,0,sent:HOLD
360,511270.960459500,0.000456100,0.030000000,0.030000000,511270.960915600,511270.990459500,0,sent:HOLD
361,511270.991890900,0.000433000,0.030000000,0.030000000,511270.992323900,511271.021890900,0,
362,511271.021665600,0.000429500,0.030000000,0.030000000,511271.022095100,511271.051665600,0,sent:HOLD
363,511271.037615300,0.000292600,0.030000000,0.030000000,511271.037907900,511271.067615300,0,
364,511271.070131500,0.000452400,0.030000000,0.030000000,511271.070583900,511271.100131500,0,sent:HOLD
365,511271.101035700,0.000375100,0.030000000,0.030000000,511271.101410800,511271.131035700,0,
366,511271.131868900,0.000535800,0.030000000,0.030000000,511271.132404700,511271.161868900,0,sent:HOLD
367,511271.162353600,0.000446100,0.030000000,0.030000000,511271.162799700,511271.192353600,0,sent:HOLD
368,511271.194875600,0.000392500,0.030000000,0.030000000,511271.195268100,511271.224875600,0,
369,511271.225221400,0.000341500,0.030000000,0.030000000,511271.225562900,511271.255221400,0,sent:HOLD
370,511271.256320600,0.000664500,0.030000000,0.030000000,511271.256985100,511271.286320600,0,
371,511271.286200300,0.000756400,0.030000000,0.030000000,511271.286956700,511271.316200300,0,sent:HOLD
372,511271.318164000,0.000361300,0.030000000,0.030000000,511271.318525300,511271.348164000,0,sent:HOLD
373,511271.349538800,0.000841500,0.030000000,0.030000000,511271.350380300,511271.379538800,0,
374,511271.381104300,0.000392800,0.030000000,0.030000000,511271.381497100,511271.411104300,0,sent:HOLD
375,511271.411597400,0.000499200,0.030000000,0.030000000,511271.412096600,511271.441597400,0,sent:HOLD
376,511271.427280700,0.000365800,0.030000000,0.030000000,511271.427646500,511271.457280700,0,
377,511271.459304400,0.000356300,0.030000000,0.030000000,511271.459660700,511271.489304400,0,sent:HOLD
378,511271.491118600,0.000367600,0.030000000,0.030000000,511271.491486200,511271.521118600,0,
379,511271.521107600,0.000364200,0.030000000,0.030000000,511271.521471800,511271.551107600,0,sent:HOLD
380,511271.553259100,0.000387600,0.030000000,0.030000000,511271.553646700,511271.583259100,0,sent:HOLD
381,511271.583471800,0.000339200,0.030000000,0.030000000,511271.583811000,511271.613471800,0,
382,511271.614252000,0.000725900,0.030000000,0.030000000,511271.614977900,511271.644252000,0,sent:HOLD
383,511271.644798100,0.000491200,0.030000000,0.030000000,511271.645289300,511271.674798100,0,
384,511271.675607100,0.000366800,0.030000000,0.030000000,511271.675973900,511271.705607100,0,sent:HOLD
385,511271.706260700,0.000312600,0.030000000,0.030000000,511271.706573300,511271.736260700,0,sent:HOLD
386,511271.737217900,0.000225200,0.030000000,0.030000000,511271.737443100,511271.767217900,0,
387,511271.768520200,0.000210300,0.030000000,0.030000000,511271.768730500,511271.798520200,0,sent:HOLD
388,511271.800285500,0.000612500,0.030000000,0.030000000,511271.800898000,511271.830285500,0,
389,511271.831454500,0.000469600,0.030000000,0.030000000,511271.831924100,511271.861454500,0,sent:HOLD
390,511271.847315800,0.000663400,0.030000000,0.030000000,511271.847979200,511271.877315800,0,
391,511271.879082200,0.000437700,0.030000000,0.030000000,511271.879519900,511271.909082200,0,sent:HOLD
392,511271.909808700,0.000709400,0.030000000,0.030000000,511271.910518100,511271.939808700,0,
393,511271.940557300,0.000305600,0.030000000,0.030000000,511271.940862900,511271.970557300,0,sent:HOLD
394,511271.971721000,0.000329700,0.030000000,0.030000000,511271.972050700,511272.001721000,0,sent:HOLD
395,511272.002214900,0.000273500,0.030000000,0.030000000,511272.002488400,511272.032214900,0,
396,511272.033931500,0.000248500,0.030000000,0.030000000,511272.034180000,511272.063931500,0,sent:HOLD
397,511272.064860500,0.000242100,0.030000000,0.030000000,511272.065102600,511272.094860500,0,sent:HOLD
398,511272.095683300,0.000226800,0.030000000,0.030000000,511272.095910100,511272.125683300,0,
399,511272.126608200,0.000502300,0.030000000,0.030000000,511272.127110500,511272.156608200,0,sent:HOLD
400,511272.158364300,0.000281200,0.030000000,0.030000000,511272.158645500,511272.188364300,0,sent:HOLD
401,511272.189806200,0.000213500,0.030000000,0.030000000,511272.190019700,511272.219806200,0,
402,511272.220441200,0.000443000,0.030000000,0.030000000,511272.220884200,511272.250441200,0,sent:HOLD
403,511272.252446100,0.000202400,0.030000000,0.030000000,511272.252648500,511272.282446100,0,
404,511272.268219300,0.000234500,0.030000000,0.030000000,511272.268453800,511272.298219300,0,sent:HOLD
405,511272.299689800,0.000404600,0.030000000,0.030000000,511272.300094400,511272.329689800,0,
406,511272.331053200,0.000361000,0.030000000,0.030000000,511272.331414200,511272.361053200,0,sent:HOLD
407,511272.361723300,0.000241600,0.030000000,0.030000000,511272.361964900,511272.391723300,0,sent:HOLD
408,511272.391948200,0.000307800,0.030000000,0.030000000,511272.392256000,511272.421948200,0,
409,511272.422594600,0.000271100,0.030000000,0.030000000,511272.422865700,511272.452594600,0,sent:HOLD
410,511272.454065300,0.000353000,0.030000000,0.030000000,511272.454418300,511272.484065300,0,
411,511272.485796400,0.000263800,0.030000000,0.030000000,511272.486060200,511272.515796400,0,sent:HOLD
412,511272.516736800,0.000254100,0.030000000,0.030000000,511272.516990900,511272.546736800,0,sent:HOLD
413,511272.547679000,0.000503100,0.030000000,0.030000000,511272.548182100,511272.577679000,0,
414,511272.579605500,0.000221200,0.030000000,0.030000000,511272.579826700,511272.609605500,0,sent:HOLD
415,511272.611090800,0.000187600,0.030000000,0.030000000,511272.611278400,511272.641090800,0,sent:HOLD
416,511272.627150800,0.000173400,0.030000000,0.030000000,511272.627324200,511272.657150800,0,
417,511272.657120700,0.000235900,0.030000000,0.030000000,511272.657356600,511272.687120700,0,sent:HOLD
418,511272.688031900,0.000234300,0.030000000,0.030000000,511272.688266200,511272.718031900,0,
419,511272.719924100,0.000352000,0.030000000,0.030000000,511272.720276100,511272.749924100,0,sent:HOLD
420,511272.749993900,0.000715900,0.030000000,0.030000000,511272.750709800,511272.779993900,0,
421,511272.781068000,0.000233200,0.030000000,0.030000000,511272.781301200,511272.811068000,0,sent:HOLD
422,511272.812449400,0.000201500,0.030000000,0.030000000,511272.812650900,511272.842449400,0,sent:HOLD
423,511272.843217000,0.000298000,0.030000000,0.030000000,511272.843515000,511272.873217000,0,
424,511272.874458300,0.000380300,0.030000000,0.030000000,511272.874838600,511272.904458300,0,sent:HOLD
425,511272.906914200,0.000459500,0.030000000,0.030000000,511272.907373700,511272.936914200,0,sent:HOLD
426,511272.937008500,0.000201000,0.030000000,0.030000000,511272.937209500,511272.967008500,0,
427,511272.968516400,0.000184300,0.030000000,0.030000000,511272.968700700,511272.998516400,0,sent:HOLD
428,511272.999437400,0.000694800,0.030000000,0.030000000,511273.000132200,511273.029437400,0,
429,511273.030732100,0.000358400,0.030000000,0.030000000,511273.031090500,511273.060732100,0,sent:HOLD
430,511273.061838600,0.000381200,0.030000000,0.030000000,511273.062219800,511273.091838600,0,sent:HOLD
431,511273.078168100,0.000158300,0.030000000,0.030000000,511273.078326400,511273.108168100,0,
432,511273.109841100,0.000201700,0.030000000,0.030000000,511273.110042800,511273.139841100,0,sent:HOLD
433,511273.141696100,0.000204900,0.030000000,0.030000000,511273.141901000,511273.171696100,0,
434,511273.173535300,0.000188200,0.030000000,0.030000000,511273.173723500,511273.203535300,0,sent:HOLD
435,511273.204455000,0.000189600,0.030000000,0.030000000,511273.204644600,511273.234455000,0,sent:HOLD
436,511273.234681400,0.000195300,0.030000000,0.030000000,511273.234876700,511273.264681400,0,
437,511273.264821600,0.000233600,0.030000000,0.030000000,511273.265055200,511273.294821600,0,sent:HOLD
438,511273.295775100,0.000581700,0.030000000,0.030000000,511273.296356800,511273.325775100,0,
439,511273.325753200,0.000363700,0.030000000,0.030000000,511273.326116900,511273.355753200,0,sent:HOLD
440,511273.355939500,0.000463300,0.030000000,0.030000000,511273.356402800,511273.385939500,0,
441,511273.386715400,0.000243400,0.030000000,0.030000000,511273.386958800,511273.416715400,0,sent:HOLD
442,511273.418210900,0.000245700,0.030000000,0.030000000,511273.418456600,511273.448210900,0,sent:HOLD
443,511273.449187700,0.000451500,0.030000000,0.030000000,511273.449639200,511273.479187700,0,
444,511273.479745900,0.000451200,0.030000000,0.030000000,511273.480197100,511273.509745900,0,sent:HOLD
445,511273.511019100,0.000169400,0.030000000,0.030000000,511273.511188500,511273.541019100,0,sent:HOLD
446,511273.541324600,0.000215800,0.030000000,0.030000000,511273.541540400,511273.571324600,0,
447,511273.572707000,0.000215500,0.030000000,0.030000000,511273.572922500,511273.602707000,0,sent:HOLD
448,511273.588081300,0.000333000,0.030000000,0.030000000,511273.588414300,511273.618081300,0,
449,511273.619448400,0.000179400,0.030000000,0.030000000,511273.619627800,511273.649448400,0,sent:HOLD
450,511273.649690000,0.000215700,0.030000000,0.030000000,511273.649905700,511273.679690000,0,sent:HOLD
451,511273.680808400,0.000140600,0.030000000,0.030000000,511273.680949000,511273.710808400,0,
452,511273.712059500,0.000155400,0.030000000,0.030000000,511273.712214900,511273.742059500,0,sent:HOLD
453,511273.743637100,0.000185700,0.030000000,0.030000000,511273.743822800,511273.773637100,0,
454,511273.775702700,0.000421800,0.030000000,0.030000000,511273.776124500,511273.805702700,0,sent:HOLD
455,511273.806628800,0.000190700,0.030000000,0.030000000,511273.806819500,511273.836628800,0,sent:HOLD
456,511273.836772000,0.000180000,0.030000000,0.030000000,511273.836952000,511273.866772000,0,
457,511273.867419700,0.000429200,0.030000000,0.030000000,511273.867848900,511273.897419700,0,sent:HOLD
458,511273.898416300,0.000430700,0.030000000,0.030000000,511273.898847000,511273.928416300,0,
459,511273.929860500,0.000184600,0.030000000,0.030000000,511273.930045100,511273.959860500,0,sent:HOLD
460,511273.961090800,0.000386900,0.030000000,0.030000000,511273.961477700,511273.991090800,0,sent:HOLD
461,511273.977031700,0.000157000,0.030000000,0.030000000,511273.977188700,511274.007031700,0,
462,511274.008287500,0.000275800,0.030000000,0.030000000,511274.008563300,511274.038287500,0,sent:HOLD
463,511274.039793500,0.000201000,0.030000000,0.030000000,511274.039994500,511274.069793500,0,
464,511274.070753400,0.000217400,0.030000000,0.030000000,511274.070970800,511274.100753400,0,sent:HOLD
465,511274.101652400,0.000220300,0.030000000,0.030000000,511274.101872700,511274.131652400,0,sent:HOLD
466,511274.131511700,0.000234800,0.030000000,0.030000000,511274.131746500,511274.161511700,0,
467,511274.162916400,0.000209100,0.030000000,0.030000000,511274.163125500,511274.192916400,0,sent:HOLD
468,511274.195071800,0.000258700,0.030000000,0.030000000,511274.195330500,511274.225071800,0,
469,511274.226574500,0.000574700,0.030000000,0.030000000,511274.227149200,511274.256574500,0,sent:HOLD
470,511274.256734800,0.000592500,0.030000000,0.030000000,511274.257327300,511274.286734800,0,
471,511274.287984000,0.000523800,0.030000000,0.030000000,511274.288507800,511274.317984000,0,sent:HOLD
472,511274.319097100,0.000381400,0.030000000,0.030000000,511274.319478500,511274.349097100,0,sent:HOLD
473,511274.349675400,0.000225800,0.030000000,0.030000000,511274.349901200,511274.379675400,0,
474,511274.380679800,0.000213300,0.030000000,0.030000000,511274.380893100,511274.410679800,0,sent:HOLD
475,511274.411722800,0.000263200,0.030000000,0.030000000,511274.411986000,511274.441722800,0,sent:HOLD
476,511274.427648600,0.000156300,0.030000000,0.030000000,511274.427804900,511274.457648600,0,
477,511274.459934800,0.000161600,0.030000000,0.030000000,511274.460096400,511274.489934800,0,sent:HOLD
478,511274.491311800,0.000234800,0.030000000,0.030000000,511274.491546600,511274.521311800,0,
479,511274.522194600,0.000228700,0.030000000,0.030000000,511274.522423300,511274.552194600,0,sent:HOLD
480,511274.553262700,0.000232400,0.030000000,0.030000000,511274.553495100,511274.583262700,0,sent:HOLD
481,511274.584140000,0.000267400,0.030000000,0.030000000,511274.584407400,511274.614140000,0,
482,511274.616094200,0.000294900,0.030000000,0.030000000,511274.616389100,511274.646094200,0,sent:HOLD
483,511274.646857400,0.000508700,0.030000000,0.030000000,511274.647366100,511274.676857400,0,
484,511274.676741700,0.000280300,0.030000000,0.030000000,511274.677022000,511274.706741700,0,sent:HOLD
485,511274.706972200,0.000651700,0.030000000,0.030000000,511274.707623900,511274.736972200,0,
486,511274.738669700,0.000307800,0.030000000,0.030000000,511274.738977500,511274.768669700,0,sent:HOLD
487,511274.769644400,0.000503000,0.030000000,0.030000000,511274.770147400,511274.799644400,0,sent:HOLD
488,511274.800642200,0.000313300,0.030000000,0.030000000,511274.800955500,511274.830642200,0,
489,511274.832224400,0.000325900,0.030000000,0.030000000,511274.832550300,511274.862224400,0,sent:HOLD
490,511274.862205000,0.000330800,0.030000000,0.030000000,511274.862535800,511274.892205000,0,sent:HOLD
491,511274.878504700,0.000202400,0.030000000,0.030000000,511274.878707100,511274.908504700,0,
492,511274.910496500,0.000331600,0.030000000,0.030000000,511274.910828100,511274.940496500,0,sent:HOLD
493,511274.941017700,0.000258100,0.030000000,0.030000000,511274.941275800,511274.971017700,0,
494,511274.971748000,0.000286500,0.030000000,0.030000000,511274.972034500,511275.001748000,0,sent:HOLD
495,511275.002854800,0.000321700,0.030000000,0.030000000,511275.003176500,511275.032854800,0,
496,511275.034957500,0.000268600,0.030000000,0.030000000,511275.035226100,511275.064957500,0,sent:HOLD
497,511275.065790100,0.000293400,0.030000000,0.030000000,511275.066083500,511275.095790100,0,sent:HOLD
498,511275.096718500,0.000385700,0.030000000,0.030000000,511275.097104200,511275.126718500,0,
499,511275.127358500,0.000311000,0.030000000,0.030000000,511275.127669500,511275.157358500,0,sent:HOLD
500,511275.159896800,0.000458000,0.030000000,0.030000000,511275.160354800,511275.189896800,0,
501,511275.190444000,0.000683800,0.030000000,0.030000000,511275.191127800,511275.220444000,0,sent:HOLD
502,511275.220981000,0.000389900,0.030000000,0.030000000,511275.221370900,511275.250981000,0,sent:HOLD
503,511275.252095900,0.000787000,0.030000000,0.030000000,511275.252882900,511275.282095900,0,
504,511275.268643800,0.000443400,0.030000000,0.030000000,511275.269087200,511275.298643800,0,sent:HOLD
505,511275.299983200,0.000952500,0.030000000,0.030000000,511275.300935700,511275.329983200,0,
506,511275.331672600,0.000655800,0.030000000,0.030000000,511275.332328400,511275.361672600,0,sent:HOLD
507,511275.361825200,0.000780800,0.030000000,0.030000000,511275.362606000,511275.391825200,0,sent:HOLD
508,511275.391530500,0.000700100,0.030000000,0.030000000,511275.392230600,511275.421530500,0,
509,511275.422090800,0.000635300,0.030000000,0.030000000,511275.422726100,511275.452090800,0,sent:HOLD
510,511275.452840600,0.000861000,0.030000000,0.030000000,511275.453701600,511275.482840600,0,
511,511275.483521100,0.000807100,0.030000000,0.030000000,511275.484328200,511275.513521100,0,sent:HOLD
512,511275.515406900,0.000510000,0.030000000,0.030000000,511275.515916900,511275.545406900,0,sent:HOLD
513,511275.546279200,0.000584200,0.030000000,0.030000000,511275.546863400,511275.576279200,0,
514,511275.577782700,0.000569200,0.030000000,0.030000000,511275.578351900,511275.607782700,0,sent:HOLD
515,511275.608100900,0.000817200,0.030000000,0.030000000,511275.608918100,511275.638100900,0,
516,511275.639791100,0.001104600,0.030000000,0.030000000,511275.640895700,511275.669791100,0,sent:HOLD
517,511275.671126100,0.000233100,0.030000000,0.030000000,511275.671359200,511275.701126100,0,sent:HOLD
518,511275.701271100,0.000427600,0.030000000,0.030000000,511275.701698700,511275.731271100,0,
519,511275.716551300,0.000213100,0.030000000,0.030000000,511275.716764400,511275.746551300,0,sent:HOLD
520,511275.747414700,0.000459400,0.030000000,0.030000000,511275.747874100,511275.777414700,0,
521,511275.779802300,0.000308300,0.030000000,0.030000000,511275.780110600,511275.809802300,0,sent:HOLD
522,511275.811508900,0.000358100,0.030000000,0.030000000,511275.811867000,511275.841508900,0,sent:HOLD
523,511275.840904600,0.000155900,0.030000000,0.030000000,511275.841060500,511275.870904600,0,
524,511275.872371400,0.000276900,0.030000000,0.030000000,511275.872648300,511275.902371400,0,sent:HOLD
525,511275.904100900,0.000435200,0.030000000,0.030000000,511275.904536100,511275.934100900,0,
526,511275.936794900,0.000356000,0.030000000,0.030000000,511275.937150900,511275.966794900,0,sent:HOLD
527,511275.967107400,0.000880700,0.030000000,0.030000000,511275.967988100,511275.997107400,0,sent:HOLD
528,511275.997419200,0.000805400,0.030000000,0.030000000,511275.998224600,511276.027419200,0,
529,511276.027960300,0.000556400,0.030000000,0.030000000,511276.028516700,511276.057960300,0,sent:HOLD
530,511276.059219900,0.000658200,0.030000000,0.030000000,511276.059878100,511276.089219900,0,
531,511276.090646200,0.000391200,0.030000000,0.030000000,511276.091037400,511276.120646200,0,sent:HOLD
532,511276.120597700,0.000611600,0.030000000,0.030000000,511276.121209300,511276.150597700,0,sent:HOLD
533,511276.151429000,0.000636600,0.030000000,0.030000000,511276.152065600,511276.181429000,0,
534,511276.167071100,0.000285100,0.030000000,0.030000000,511276.167356200,511276.197071100,0,sent:HOLD
535,511276.198212300,0.000229400,0.030000000,0.030000000,511276.198441700,511276.228212300,0,
536,511276.229786100,0.000271500,0.030000000,0.030000000,511276.230057600,511276.259786100,0,sent:HOLD
537,511276.260518700,0.000224500,0.030000000,0.030000000,511276.260743200,511276.290518700,0,sent:HOLD
538,511276.290461300,0.000195300,0.030000000,0.030000000,511276.290656600,511276.320461300,0,
539,511276.320105700,0.000286900,0.030000000,0.030000000,511276.320392600,511276.350105700,0,sent:HOLD
540,511276.351076400,0.000572700,0.030000000,0.030000000,511276.351649100,511276.381076400,0,
541,511276.382802800,0.000551300,0.030000000,0.030000000,511276.383354100,511276.412802800,0,sent:HOLD
542,511276.413275700,0.000369000,0.030000000,0.030000000,511276.413644700,511276.443275700,0,sent:HOLD
543,511276.444945400,0.000207600,0.030000000,0.030000000,511276.445153000,511276.474945400,0,
544,511276.475694800,0.000570200,0.030000000,0.030000000,511276.476265000,511276.505694800,0,sent:HOLD
545,511276.507025600,0.000429700,0.030000000,0.030000000,511276.507455300,511276.537025600,0,sent:HOLD
546,511276.539334700,0.000182000,0.030000000,0.030000000,511276.539516700,511276.569334700,0,
547,511276.570774200,0.000798600,0.030000000,0.030000000,511276.571572800,511276.600774200,0,sent:HOLD
548,511276.601522000,0.000310500,0.030000000,0.030000000,511276.601832500,511276.631522000,0,
549,511276.617199000,0.000479500,0.030000000,0.030000000,511276.617678500,511276.647199000,0,sent:HOLD
550,511276.647706000,0.000572600,0.030000000,0.030000000,511276.648278600,511276.677706000,0,
551,511276.679778200,0.000234600,0.030000000,0.030000000,511276.680012800,511276.709778200,0,sent:HOLD
552,511276.711098200,0.000401100,0.030000000,0.030000000,511276.711499300,511276.741098200,0,sent:HOLD
553,511276.741397300,0.000251900,0.030000000,0.030000000,511276.741649200,511276.771397300,0,
554,511276.773026800,0.000414700,0.030000000,0.030000000,511276.773441500,511276.803026800,0,sent:HOLD
555,511276.804195500,0.000348200,0.030000000,0.030000000,511276.804543700,511276.834195500,0,
556,511276.834887100,0.000247400,0.030000000,0.030000000,511276.835134500,511276.864887100,0,sent:HOLD
557,511276.866534800,0.000570900,0.030000000,0.030000000,511276.867105700,511276.896534800,0,sent:HOLD
558,511276.898469600,0.000216600,0.030000000,0.030000000,511276.898686200,511276.928469600,0,
559,511276.929433900,0.000382400,0.030000000,0.030000000,511276.929816300,511276.959433900,0,sent:HOLD
560,511276.960172900,0.000526200,0.030000000,0.030000000,511276.960699100,511276.990172900,0,
561,511276.991260400,0.000405400,0.030000000,0.030000000,511276.991665800,511277.021260400,0,sent:HOLD
562,511277.007240700,0.000378000,0.030000000,0.030000000,511277.007618700,511277.037240700,0,
563,511277.038100100,0.000435700,0.030000000,0.030000000,511277.038535800,511277.068100100,0,sent:HOLD
564,511277.069789700,0.000399200,0.030000000,0.030000000,511277.070188900,511277.099789700,0,sent:HOLD
565,511277.101378000,0.000403800,0.030000000,0.030000000,511277.101781800,511277.131378000,0,sent:HOLD
566,511277.132637600,0.000439800,0.030000000,0.030000000,511277.133077400,511277.162637600,0,
567,511277.163489700,0.000315300,0.030000000,0.030000000,511277.163805000,511277.193489700,0,sent:HOLD
568,511277.194223600,0.000421600,0.030000000,0.030000000,511277.194645200,511277.224223600,0,
569,511277.225908700,0.000471900,0.030000000,0.030000000,511277.226380600,511277.255908700,0,sent:HOLD
570,511277.257167200,0.001024300,0.030000000,0.030000000,511277.258191500,511277.287167200,0,
571,511277.288436800,0.000514500,0.030000000,0.030000000,511277.288951300,511277.318436800,0,sent:HOLD
572,511277.319301600,0.000878100,0.030000000,0.030000000,511277.320179700,511277.349301600,0,sent:HOLD
573,511277.350310500,0.000501900,0.030000000,0.030000000,511277.350812400,511277.380310500,0,
574,511277.381035800,0.000760400,0.030000000,0.030000000,511277.381796200,511277.411035800,0,sent:HOLD
575,511277.412263900,0.000928500,0.030000000,0.030000000,511277.413192400,511277.442263900,0,
576,511277.427766800,0.000304700,0.030000000,0.030000000,511277.428071500,511277.457766800,0,sent:HOLD
577,511277.460547500,0.000449000,0.030000000,0.030000000,511277.460996500,511277.490547500,0,sent:HOLD
578,511277.491039000,0.000226100,0.030000000,0.030000000,511277.491265100,511277.521039000,0,
579,511277.522509400,0.000453600,0.030000000,0.030000000,511277.522963000,511277.552509400,0,sent:HOLD
580,511277.554610100,0.000366200,0.030000000,0.030000000,511277.554976300,511277.584610100,0,sent:HOLD
581,511277.585139100,0.000357100,0.030000000,0.030000000,511277.585496200,511277.615139100,0,
582,511277.615779500,0.000562400,0.030000000,0.030000000,511277.616341900,511277.645779500,0,sent:HOLD
583,511277.646914800,0.000407500,0.030000000,0.030000000,511277.647322300,511277.676914800,0,
584,511277.679493500,0.000343800,0.030000000,0.030000000,511277.679837300,511277.709493500,0,sent:HOLD
585,511277.710048200,0.001161900,0.030000000,0.030000000,511277.711210100,511277.740048200,0,
586,511277.740863900,0.000282200,0.030000000,0.030000000,511277.741146100,511277.770863900,0,sent:HOLD
587,511277.757529900,0.000357600,0.030000000,0.030000000,511277.757887500,511277.787529900,0,sent:HOLD
588,511277.787574700,0.000378700,0.030000000,0.030000000,511277.787953400,511277.817574700,0,
589,511277.819784900,0.000392600,0.030000000,0.030000000,511277.820177500,511277.849784900,0,sent:HOLD
590,511277.851126400,0.000591500,0.030000000,0.030000000,511277.851717900,511277.881126400,0,
591,511277.881243200,0.000598000,0.030000000,0.030000000,511277.881841200,511277.911243200,0,sent:HOLD
592,511277.913138300,0.000449100,0.030000000,0.030000000,511277.913587400,511277.943138300,0,sent:HOLD
593,511277.942786700,0.000306500,0.030000000,0.030000000,511277.943093200,511277.972786700,0,
594,511277.974583300,0.000875200,0.030000000,0.030000000,511277.975458500,511278.004583300,0,sent:HOLD
595,511278.006356000,0.000974700,0.030000000,0.030000000,511278.007330700,511278.036356000,0,
596,511278.037802600,0.000464600,0.030000000,0.030000000,511278.038267200,511278.067802600,0,sent:HOLD
597,511278.069459600,0.000465600,0.030000000,0.030000000,511278.069925200,511278.099459600,0,sent:HOLD
598,511278.101051800,0.000931100,0.030000000,0.030000000,511278.101982900,511278.131051800,0,
599,511278.133297200,0.000495400,0.030000000,0.030000000,511278.133792600,511278.163297200,0,sent:HOLD
600,511278.149249300,0.000483100,0.030000000,0.030000000,511278.149732400,511278.179249300,0,sent:HOLD
601,511278.179668300,0.000320500,0.030000000,0.030000000,511278.179988800,511278.209668300,0,
602,511278.211688300,0.000463800,0.030000000,0.030000000,511278.212152100,511278.241688300,0,sent:HOLD
603,511278.242066500,0.000342300,0.030000000,0.030000000,511278.242408800,511278.272066500,0,
604,511278.273558900,0.000397900,0.030000000,0.030000000,511278.273956800,511278.303558900,0,sent:HOLD
605,511278.303781900,0.000411800,0.030000000,0.030000000,511278.304193700,511278.333781900,0,
606,511278.335223400,0.000487200,0.030000000,0.030000000,511278.335710600,511278.365223400,0,sent:HOLD
607,511278.366016800,0.000331900,0.030000000,0.030000000,511278.366348700,511278.396016800,0,sent:HOLD
608,511278.397014400,0.001311900,0.030000000,0.030000000,511278.398326300,511278.427014400,0,
609,511278.428252900,0.000580000,0.030000000,0.030000000,511278.428832900,511278.458252900,0,sent:HOLD
610,511278.460266200,0.000952600,0.030000000,0.030000000,511278.461218800,511278.490266200,0,
611,511278.490348500,0.000608400,0.030000000,0.030000000,511278.490956900,511278.520348500,0,sent:HOLD
612,511278.520944700,0.000501900,0.030000000,0.030000000,511278.521446600,511278.550944700,0,sent:HOLD
613,511278.552415300,0.000393900,0.030000000,0.030000000,511278.552809200,511278.582415300,0,
614,511278.567261200,0.000411600,0.030000000,0.030000000,511278.567672800,511278.597261200,0,sent:HOLD
615,511278.598999300,0.000633800,0.030000000,0.030000000,511278.599633100,511278.628999300,0,
616,511278.630051400,0.000310900,0.030000000,0.030000000,511278.630362300,511278.660051400,0,sent:HOLD
617,511278.661856700,0.000503800,0.030000000,0.030000000,511278.662360500,511278.691856700,0,sent:HOLD
618,511278.694077700,0.000274800,0.030000000,0.030000000,511278.694352500,511278.724077700,0,
619,511278.725007100,0.000416400,0.030000000,0.030000000,511278.725423500,511278.755007100,0,sent:HOLD
620,511278.757399300,0.000281300,0.030000000,0.030000000,511278.757680600,511278.787399300,0,sent:HOLD
621,511278.787867700,0.000453600,0.030000000,0.030000000,511278.788321300,511278.817867700,0,
622,511278.820176400,0.000476900,0.030000000,0.030000000,511278.820653300,511278.850176400,0,sent:HOLD
623,511278.850276100,0.001029400,0.030000000,0.030000000,511278.851305500,511278.880276100,0,
624,511278.881387700,0.000482700,0.030000000,0.030000000,511278.881870400,511278.911387700,0,sent:HOLD
625,511278.897910900,0.000862500,0.030000000,0.030000000,511278.898773400,511278.927910900,0,
626,511278.928029900,0.000490500,0.030000000,0.030000000,511278.928520400,511278.958029900,0,sent:HOLD
627,511278.958851800,0.000486300,0.030000000,0.030000000,511278.959338100,511278.988851800,0,sent:HOLD
628,511278.989861500,0.000344300,0.030000000,0.030000000,511278.990205800,511279.019861500,0,
629,511279.021103100,0.000443900,0.030000000,0.030000000,511279.021547000,511279.051103100,0,sent:HOLD
630,511279.052751300,0.000367800,0.030000000,0.030000000,511279.053119100,511279.082751300,0,sent:HOLD
631,511279.082988600,0.000367300,0.030000000,0.030000000,511279.083355900,511279.112988600,0,
632,511279.114326000,0.000697800,0.030000000,0.030000000,511279.115023800,511279.144326000,0,sent:HOLD
633,511279.144998300,0.000883500,0.030000000,0.030000000,511279.145881800,511279.174998300,0,
634,511279.176483300,0.000463100,0.030000000,0.030000000,511279.176946400,511279.206483300,0,sent:HOLD
635,511279.207295300,0.001297500,0.030000000,0.030000000,511279.208592800,511279.237295300,0,
636,511279.237647500,0.000588700,0.030000000,0.030000000,511279.238236200,511279.267647500,0,sent:HOLD
637,511279.269388900,0.000697000,0.030000000,0.030000000,511279.270085900,511279.299388900,0,sent:HOLD
638,511279.299508900,0.000902500,0.030000000,0.030000000,511279.300411400,511279.329508900,0,
639,511279.330617200,0.000567900,0.030000000,0.030000000,511279.331185100,511279.360617200,0,sent:HOLD
640,511279.361920000,0.000335200,0.030000000,0.030000000,511279.362255200,511279.391920000,0,sent:HOLD
641,511279.378039000,0.000386500,0.030000000,0.030000000,511279.378425500,511279.408039000,0,
642,511279.409736800,0.000943800,0.030000000,0.030000000,511279.410680600,511279.439736800,0,
643,511279.441636900,0.000285600,0.030000000,0.030000000,511279.441922500,511279.471636900,0,sent:HOLD
644,511279.471594400,0.000830100,0.030000000,0.030000000,511279.472424500,511279.501594400,0,sent:HOLD
645,511279.503081800,0.000284600,0.030000000,0.030000000,511279.503366400,511279.533081800,0,sent:HOLD
646,511279.534348800,0.000673300,0.030000000,0.030000000,511279.535022100,511279.564348800,0,
647,511279.564405100,0.000378900,0.030000000,0.030000000,511279.564784000,511279.594405100,0,sent:HOLD
648,511279.596039300,0.000326100,0.030000000,0.030000000,511279.596365400,511279.626039300,0,
649,511279.626890100,0.000857300,0.030000000,0.030000000,511279.627747400,511279.656890100,0,sent:HOLD
650,511279.658689300,0.000483900,0.030000000,0.030000000,511279.659173200,511279.688689300,0,sent:HOLD
651,511279.690241600,0.001281300,0.030000000,0.030000000,511279.691522900,511279.720241600,0,
652,511279.721163400,0.000637100,0.030000000,0.030000000,511279.721800500,511279.751163400,0,sent:HOLD
653,511279.752829200,0.000401300,0.030000000,0.030000000,511279.753230500,511279.782829200,0,sent:HOLD
654,511279.767947000,0.000941800,0.030000000,0.030000000,511279.768888800,511279.797947000,0,
655,511279.800709100,0.000427500,0.030000000,0.030000000,511279.801136600,511279.830709100,0,sent:HOLD
656,511279.831546900,0.000456100,0.030000000,0.030000000,511279.832003000,511279.861546900,0,
657,511279.861393400,0.000350100,0.030000000,0.030000000,511279.861743500,511279.891393400,0,sent:HOLD
658,511279.893478900,0.000748300,0.030000000,0.030000000,511279.894227200,511279.923478900,0,
659,511279.923924800,0.000439300,0.030000000,0.030000000,511279.924364100,511279.953924800,0,sent:HOLD
660,511279.956233200,0.000549800,0.030000000,0.030000000,511279.956783000,511279.986233200,0,
661,511279.986439700,0.000665400,0.030000000,0.030000000,511279.987105100,511280.016439700,0,sent:HOLD
662,511280.018754500,0.000381100,0.030000000,0.030000000,511280.019135600,511280.048754500,0,sent:HOLD
663,511280.049928200,0.000451400,0.030000000,0.030000000,511280.050379600,511280.079928200,0,
664,511280.081073900,0.000403600,0.030000000,0.030000000,511280.081477500,511280.111073900,0,sent:HOLD
665,511280.112033400,0.000797800,0.030000000,0.030000000,511280.112831200,511280.142033400,0,
666,511280.128213000,0.000328100,0.030000000,0.030000000,511280.128541100,511280.158213000,0,sent:HOLD
667,511280.160519400,0.000483100,0.030000000,0.030000000,511280.161002500,511280.190519400,0,sent:HOLD
668,511280.191841100,0.000419800,0.030000000,0.030000000,511280.192260900,511280.221841100,0,
669,511280.221837500,0.000505400,0.030000000,0.030000000,511280.222342900,511280.251837500,0,sent:HOLD
670,511280.252990000,0.000530000,0.030000000,0.030000000,511280.253520000,511280.282990000,0,sent:HOLD
671,511280.283176200,0.000380500,0.030000000,0.030000000,511280.283556700,511280.313176200,0,
672,511280.314723200,0.000338100,0.030000000,0.030000000,511280.315061300,511280.344723200,0,sent:HOLD
673,511280.345214000,0.001371100,0.030000000,0.030000000,511280.346585100,511280.375214000,0,
674,511280.376035500,0.001070600,0.030000000,0.030000000,511280.377106100,511280.406035500,0,sent:HOLD
675,511280.407427800,0.001224900,0.030000000,0.030000000,511280.408652700,511280.437427800,0,
676,511280.438354000,0.000497100,0.030000000,0.030000000,511280.438851100,511280.468354000,0,sent:HOLD
677,511280.470016000,0.000411200,0.030000000,0.030000000,511280.470427200,511280.500016000,0,sent:HOLD
678,511280.500382300,0.000652200,0.030000000,0.030000000,511280.501034500,511280.530382300,0,
679,511280.531237900,0.003329600,0.030000000,0.030000000,511280.534567500,511280.561237900,0,sent:HOLD
680,511280.547372500,0.000809500,0.030000000,0.030000000,511280.548182000,511280.577372500,0,
681,511280.594329100,0.000624900,0.030000000,0.030000000,511280.594954000,511280.624329100,0,sent:HOLD
682,511280.609531800,0.000790800,0.030000000,0.030000000,511280.610322600,511280.639531800,0,
683,511280.641543100,0.000483300,0.030000000,0.030000000,511280.642026400,511280.671543100,0,sent:HOLD
684,511280.671720600,0.000390700,0.030000000,0.030000000,511280.672111300,511280.701720600,0,sent:HOLD
685,511280.702390200,0.000513300,0.030000000,0.030000000,511280.702903500,511280.732390200,0,sent:HOLD
686,511280.733680000,0.000565100,0.030000000,0.030000000,511280.734245100,511280.763680000,0,
687,511280.764130600,0.000525500,0.030000000,0.030000000,511280.764656100,511280.794130600,0,sent:HOLD
688,511280.795224100,0.000974300,0.030000000,0.030000000,511280.796198400,511280.825224100,0,
689,511280.826899100,0.000794900,0.030000000,0.030000000,511280.827694000,511280.856899100,0,sent:HOLD
690,511280.858023400,0.001492500,0.030000000,0.030000000,511280.859515900,511280.888023400,0,
691,511280.889865400,0.000425500,0.030000000,0.030000000,511280.890290900,511280.919865400,0,sent:HOLD
692,511280.919921100,0.005470300,0.030000000,0.030000000,511280.925391400,511280.949921100,0,sent:HOLD
693,511280.951252700,0.001098500,0.030000000,0.030000000,511280.952351200,511280.981252700,0,
694,511280.982672900,0.002518200,0.030000000,0.030000000,511280.985191100,511281.012672900,0,sent:HOLD
695,511280.997824300,0.000880300,0.030000000,0.030000000,511280.998704600,511281.027824300,0,
696,511281.029121900,0.000514700,0.030000000,0.030000000,511281.029636600,511281.059121900,0,sent:HOLD
697,511281.061466300,0.000463300,0.030000000,0.030000000,511281.061929600,511281.091466300,0,sent:HOLD
698,511281.092661500,0.000460500,0.030000000,0.030000000,511281.093122000,511281.122661500,0,
699,511281.121997700,0.000699700,0.030000000,0.030000000,511281.122697400,511281.151997700,0,sent:HOLD
700,511281.152882600,0.000424200,0.030000000,0.030000000,511281.153306800,511281.182882600,0,
701,511281.184981600,0.001440300,0.030000000,0.030000000,511281.186421900,511281.214981600,0,sent:HOLD
702,511281.216324200,0.000496600,0.030000000,0.030000000,511281.216820800,511281.246324200,0,sent:HOLD
703,511281.247446000,0.001202800,0.030000000,0.030000000,511281.248648800,511281.277446000,0,
704,511281.280367400,0.000594800,0.030000000,0.030000000,511281.280962200,511281.310367400,0,sent:HOLD
705,511281.310438900,0.001461000,0.030000000,0.030000000,511281.311899900,511281.340438900,0,
706,511281.340850500,0.000370100,0.030000000,0.030000000,511281.341220600,511281.370850500,0,sent:HOLD
707,511281.370866000,0.000826800,0.030000000,0.030000000,511281.371692800,511281.400866000,0,sent:HOLD
708,511281.402112900,0.000579800,0.030000000,0.030000000,511281.402692700,511281.432112900,0,
709,511281.418761900,0.000411700,0.030000000,0.030000000,511281.419173600,511281.448761900,0,sent:HOLD
710,511281.450373000,0.000766800,0.030000000,0.030000000,511281.451139800,511281.480373000,0,
711,511281.481133400,0.000430200,0.030000000,0.030000000,511281.481563600,511281.511133400,0,sent:HOLD
712,511281.513201200,0.000416300,0.030000000,0.030000000,511281.513617500,511281.543201200,0,sent:HOLD
713,511281.544456200,0.000908500,0.030000000,0.030000000,511281.545364700,511281.574456200,0,
714,511281.575387700,0.000637400,0.030000000,0.030000000,511281.576025100,511281.605387700,0,sent:HOLD
715,511281.605799400,0.000663700,0.030000000,0.030000000,511281.606463100,511281.635799400,0,
716,511281.637223000,0.000526400,0.030000000,0.030000000,511281.637749400,511281.667223000,0,sent:HOLD
717,511281.667317100,0.000518100,0.030000000,0.030000000,511281.667835200,511281.697317100,0,sent:HOLD
718,511281.700238000,0.001161400,0.030000000,0.030000000,511281.701399400,511281.730238000,0,
719,511281.730397200,0.000761800,0.030000000,0.030000000,511281.731159000,511281.760397200,0,sent:HOLD
720,511281.762075800,0.000547600,0.030000000,0.030000000,511281.762623400,511281.792075800,0,
721,511281.778480000,0.000422100,0.030000000,0.030000000,511281.778902100,511281.808480000,0,sent:HOLD
722,511281.811409000,0.000428700,0.030000000,0.030000000,511281.811837700,511281.841409000,0,sent:HOLD
723,511281.840014400,0.001009800,0.030000000,0.030000000,511281.841024200,511281.870014400,0,
724,511281.871692900,0.000469100,0.030000000,0.030000000,511281.872162000,511281.901692900,0,sent:HOLD
725,511281.902324100,0.000495500,0.030000000,0.030000000,511281.902819600,511281.932324100,0,
726,511281.934124000,0.000474000,0.030000000,0.030000000,511281.934598000,511281.964124000,0,sent:HOLD
727,511281.964199800,0.000463400,0.030000000,0.030000000,511281.964663200,511281.994199800,0,sent:HOLD
728,511281.995673500,0.000403700,0.030000000,0.030000000,511281.996077200,511282.025673500,0,
729,511282.025997300,0.000676000,0.030000000,0.030000000,511282.026673300,511282.055997300,0,sent:HOLD
730,511282.057868200,0.000447100,0.030000000,0.030000000,511282.058315300,511282.087868200,0,sent:HOLD
731,511282.088857600,0.000953800,0.030000000,0.030000000,511282.089811400,511282.118857600,0,
732,511282.119245000,0.000884400,0.030000000,0.030000000,511282.120129400,511282.149245000,0,sent:HOLD
733,511282.149974500,0.001417800,0.030000000,0.030000000,511282.151392300,511282.179974500,0,
734,511282.180192800,0.000688000,0.030000000,0.030000000,511282.180880800,511282.210192800,0,sent:HOLD
735,511282.211779700,0.000635500,0.030000000,0.030000000,511282.212415200,511282.241779700,0,
736,511282.227611800,0.001211400,0.030000000,0.030000000,511282.228823200,511282.257611800,0,sent:HOLD
737,511282.259794600,0.000430200,0.030000000,0.030000000,511282.260224800,511282.289794600,0,sent:HOLD
738,511282.290233400,0.000389600,0.030000000,0.030000000,511282.290623000,511282.320233400,0,
739,511282.320878300,0.000323300,0.030000000,0.030000000,511282.321201600,511282.350878300,0,sent:HOLD
740,511282.351823100,0.000425100,0.030000000,0.030000000,511282.352248200,511282.381823100,0,
741,511282.382905400,0.000316900,0.030000000,0.030000000,511282.383222300,511282.412905400,0,sent:HOLD
742,511282.413499500,0.000606100,0.030000000,0.030000000,511282.414105600,511282.443499500,0,sent:HOLD
743,511282.444364500,0.000390400,0.030000000,0.030000000,511282.444754900,511282.474364500,0,
744,511282.476223000,0.000520700,0.030000000,0.030000000,511282.476743700,511282.506223000,0,sent:HOLD
745,511282.507078300,0.000394900,0.030000000,0.030000000,511282.507473200,511282.537078300,0,sent:HOLD
746,511282.537210300,0.000381600,0.030000000,0.030000000,511282.537591900,511282.567210300,0,
747,511282.567178700,0.000888800,0.030000000,0.030000000,511282.568067500,511282.597178700,0,sent:HOLD
748,511282.598018700,0.000961200,0.030000000,0.030000000,511282.598979900,511282.628018700,0,
749,511282.628026500,0.000786900,0.030000000,0.030000000,511282.628813400,511282.658026500,0,sent:HOLD
750,511282.659315300,0.001053100,0.030000000,0.030000000,511282.660368400,511282.689315300,0,
751,511282.690970600,0.000307000,0.030000000,0.030000000,511282.691277600,511282.720970600,0,sent:HOLD
752,511282.707464300,0.000287200,0.030000000,0.030000000,511282.707751500,511282.737464300,0,sent:HOLD
753,511282.738682700,0.000201700,0.030000000,0.030000000,511282.738884400,511282.768682700,0,
754,511282.770194100,0.000423300,0.030000000,0.030000000,511282.770617400,511282.800194100,0,sent:HOLD
755,511282.800640900,0.000379400,0.030000000,0.030000000,511282.801020300,511282.830640900,0,
756,511282.831392700,0.000369800,0.030000000,0.030000000,511282.831762500,511282.861392700,0,sent:HOLD
757,511282.862648600,0.000842000,0.030000000,0.030000000,511282.863490600,511282.892648600,0,sent:HOLD
758,511282.893156000,0.000541900,0.030000000,0.030000000,511282.893697900,511282.923156000,0,
759,511282.923772300,0.000445400,0.030000000,0.030000000,511282.924217700,511282.953772300,0,sent:HOLD
760,511282.954521900,0.001861600,0.030000000,0.030000000,511282.956383500,511282.984521900,0,
761,511282.985068300,0.000503300,0.030000000,0.030000000,511282.985571600,511283.015068300,0,sent:HOLD
762,511283.015205900,0.000651900,0.030000000,0.030000000,511283.015857800,511283.045205900,0,sent:HOLD
763,511283.046554700,0.000954100,0.030000000,0.030000000,511283.047508800,511283.076554700,0,
764,511283.079569400,0.000292800,0.030000000,0.030000000,511283.079862200,511283.109569400,0,sent:HOLD
765,511283.110050700,0.000786400,0.030000000,0.030000000,511283.110837100,511283.140050700,0,
766,511283.140592100,0.000260200,0.030000000,0.030000000,511283.140852300,511283.170592100,0,sent:HOLD
767,511283.157570300,0.000323300,0.030000000,0.030000000,511283.157893600,511283.187570300,0,sent:HOLD
768,511283.188231300,0.000292300,0.030000000,0.030000000,511283.188523600,511283.218231300,0,
769,511283.220415900,0.000497500,0.030000000,0.030000000,511283.220913400,511283.250415900,0,sent:HOLD
770,511283.251347600,0.000789400,0.030000000,0.030000000,511283.252137000,511283.281347600,0,
771,511283.281880200,0.000469300,0.030000000,0.030000000,511283.282349500,511283.311880200,0,sent:HOLD
772,511283.312894200,0.000641900,0.030000000,0.030000000,511283.313536100,511283.342894200,0,sent:HOLD
773,511283.343380100,0.000338100,0.030000000,0.030000000,511283.343718200,511283.373380100,0,
774,511283.375372300,0.000461200,0.030000000,0.030000000,511283.375833500,511283.405372300,0,sent:HOLD
775,511283.405051900,0.000362700,0.030000000,0.030000000,511283.405414600,511283.435051900,0,
776,511283.435624700,0.000788600,0.030000000,0.030000000,511283.436413300,511283.465624700,0,sent:HOLD
777,511283.465871300,0.000720500,0.030000000,0.030000000,511283.466591800,511283.495871300,0,sent:HOLD
778,511283.496891700,0.000652400,0.030000000,0.030000000,511283.497544100,511283.526891700,0,
779,511283.527656100,0.000701400,0.030000000,0.030000000,511283.528357500,511283.557656100,0,sent:HOLD
780,511283.559139700,0.000631200,0.030000000,0.030000000,511283.559770900,511283.589139700,0,
781,511283.589665100,0.000513200,0.030000000,0.030000000,511283.590178300,511283.619665100,0,sent:HOLD
782,511283.620489500,0.000303100,0.030000000,0.030000000,511283.620792600,511283.650489500,0,sent:HOLD
783,511283.651119000,0.000640000,0.030000000,0.030000000,511283.651759000,511283.681119000,0,
784,511283.667690000,0.000390500,0.030000000,0.030000000,511283.668080500,511283.697690000,0,sent:HOLD
785,511283.699068200,0.000436300,0.030000000,0.030000000,511283.699504500,511283.729068200,0,sent:HOLD
786,511283.728367800,0.000210300,0.030000000,0.030000000,511283.728578100,511283.758367800,0,
787,511283.759828300,0.000264600,0.030000000,0.030000000,511283.760092900,511283.789828300,0,sent:HOLD
788,511283.790556500,0.000214800,0.030000000,0.030000000,511283.790771300,511283.820556500,0,
789,511283.821404400,0.000292700,0.030000000,0.030000000,511283.821697100,511283.851404400,0,sent:HOLD
790,511283.853766200,0.000903600,0.030000000,0.030000000,511283.854669800,511283.883766200,0,
791,511283.885348500,0.000301700,0.030000000,0.030000000,511283.885650200,511283.915348500,0,sent:HOLD
792,511283.916251900,0.000438000,0.030000000,0.030000000,511283.916689900,511283.946251900,0,sent:HOLD
793,511283.946161800,0.001080000,0.030000000,0.030000000,511283.947241800,511283.976161800,0,
794,511283.976838800,0.000752200,0.030000000,0.030000000,511283.977591000,511284.006838800,0,sent:HOLD
795,511284.006407700,0.001086200,0.030000000,0.030000000,511284.007493900,511284.036407700,0,
796,511284.038125800,0.000288400,0.030000000,0.030000000,511284.038414200,511284.068125800,0,sent:HOLD
797,511284.069520100,0.000453600,0.030000000,0.030000000,511284.069973700,511284.099520100,0,sent:HOLD
798,511284.100954200,0.000320800,0.030000000,0.030000000,511284.101275000,511284.130954200,0,
799,511284.117257000,0.000267100,0.030000000,0.030000000,511284.117524100,511284.147257000,0,sent:HOLD
800,511284.148626700,0.000315400,0.030000000,0.030000000,511284.148942100,511284.178626700,0,sent:HOLD
801,511284.180531000,0.000403400,0.030000000,0.030000000,511284.180934400,511284.210531000,0,
802,511284.210934700,0.000266300,0.030000000,0.030000000,511284.211201000,511284.240934700,0,sent:HOLD
803,511284.241585100,0.000477800,0.030000000,0.030000000,511284.242062900,511284.271585100,0,
804,511284.272882600,0.000209800,0.030000000,0.030000000,511284.273092400,511284.302882600,0,sent:HOLD
805,511284.303705800,0.000353200,0.030000000,0.030000000,511284.304059000,511284.333705800,0,sent:HOLD
806,511284.334363500,0.000263400,0.030000000,0.030000000,511284.334626900,511284.364363500,0,
807,511284.366058100,0.000540000,0.030000000,0.030000000,511284.366598100,511284.396058100,0,sent:HOLD
808,511284.396940100,0.000526700,0.030000000,0.030000000,511284.397466800,511284.426940100,0,
809,511284.428296800,0.000298000,0.030000000,0.030000000,511284.428594800,511284.458296800,0,sent:HOLD
810,511284.459214500,0.000795100,0.030000000,0.030000000,511284.460009600,511284.489214500,0,
811,511284.490957100,0.000884000,0.030000000,0.030000000,511284.491841100,511284.520957100,0,sent:HOLD
812,511284.521767900,0.000489800,0.030000000,0.030000000,511284.522257700,511284.551767900,0,sent:HOLD
813,511284.537254800,0.000367600,0.030000000,0.030000000,511284.537622400,511284.567254800,0,
814,511284.568951000,0.000469700,0.030000000,0.030000000,511284.569420700,511284.598951000,0,sent:HOLD
815,511284.599404300,0.000276100,0.030000000,0.030000000,511284.599680400,511284.629404300,0,
816,511284.630747600,0.000285200,0.030000000,0.030000000,511284.631032800,511284.660747600,0,sent:HOLD
817,511284.661571500,0.000365300,0.030000000,0.030000000,511284.661936800,511284.691571500,0,
818,511284.692739100,0.000293600,0.030000000,0.030000000,511284.693032700,511284.722739100,0,sent:HOLD
819,511284.724736600,0.000308900,0.030000000,0.030000000,511284.725045500,511284.754736600,0,sent:HOLD
820,511284.754993100,0.001159300,0.030000000,0.030000000,511284.756152400,511284.784993100,0,
821,511284.786164400,0.000423600,0.030000000,0.030000000,511284.786588000,511284.816164400,0,sent:HOLD
822,511284.817382600,0.000291700,0.030000000,0.030000000,511284.817674300,511284.847382600,0,sent:HOLD
823,511284.849289800,0.000376200,0.030000000,0.030000000,511284.849666000,511284.879289800,0,
824,511284.880406600,0.000428800,0.030000000,0.030000000,511284.880835400,511284.910406600,0,sent:HOLD
825,511284.911002100,0.000355200,0.030000000,0.030000000,511284.911357300,511284.941002100,0,sent:HOLD
826,511284.927088000,0.000253600,0.030000000,0.030000000,511284.927341600,511284.957088000,0,
827,511284.957787700,0.000246800,0.030000000,0.030000000,511284.958034500,511284.987787700,0,sent:HOLD
828,511284.989497800,0.000381400,0.030000000,0.030000000,511284.989879200,511285.019497800,0,
829,511285.020947200,0.000379300,0.030000000,0.030000000,511285.021326500,511285.050947200,0,sent:HOLD
830,511285.052482100,0.000254100,0.030000000,0.030000000,511285.052736200,511285.082482100,0,sent:HOLD
831,511285.083759400,0.000318800,0.030000000,0.030000000,511285.084078200,511285.113759400,0,
832,511285.114782700,0.000376300,0.030000000,0.030000000,511285.115159000,511285.144782700,0,sent:HOLD
833,511285.146320800,0.000537500,0.030000000,0.030000000,511285.146858300,511285.176320800,0,
834,511285.177873300,0.000562700,0.030000000,0.030000000,511285.178436000,511285.207873300,0,sent:HOLD
835,511285.210139400,0.000256300,0.030000000,0.030000000,511285.210395700,511285.240139400,0,sent:HOLD
836,511285.241291100,0.000436600,0.030000000,0.030000000,511285.241727700,511285.271291100,0,
837,511285.257193500,0.000285100,0.030000000,0.030000000,511285.257478600,511285.287193500,0,sent:HOLD
838,511285.288133500,0.000257200,0.030000000,0.030000000,511285.288390700,511285.318133500,0,
839,511285.318486400,0.000361400,0.030000000,0.030000000,511285.318847800,511285.348486400,0,sent:HOLD
840,511285.350016900,0.000625400,0.030000000,0.030000000,511285.350642300,511285.380016900,0,
841,511285.381549500,0.000419900,0.030000000,0.030000000,511285.381969400,511285.411549500,0,sent:HOLD
842,511285.412354200,0.000263700,0.030000000,0.030000000,511285.412617900,511285.442354200,0,sent:HOLD
843,511285.442834500,0.000309200,0.030000000,0.030000000,511285.443143700,511285.472834500,0,
844,511285.475180700,0.000309500,0.030000000,0.030000000,511285.475490200,511285.505180700,0,sent:HOLD
845,511285.505052300,0.000324000,0.030000000,0.030000000,511285.505376300,511285.535052300,0,
846,511285.536152300,0.000307900,0.030000000,0.030000000,511285.536460200,511285.566152300,0,sent:HOLD
847,511285.567206100,0.000399500,0.030000000,0.030000000,511285.567605600,511285.597206100,0,sent:HOLD
848,511285.599845000,0.000303200,0.030000000,0.030000000,511285.600148200,511285.629845000,0,sent:HOLD
849,511285.630442400,0.000332600,0.030000000,0.030000000,511285.630775000,511285.660442400,0,
850,511285.660685100,0.000399700,0.030000000,0.030000000,511285.661084800,511285.690685100,0,
851,511285.691760400,0.000594000,0.030000000,0.030000000,511285.692354400,511285.721760400,0,sent:HOLD
852,511285.708134000,0.000467800,0.030000000,0.030000000,511285.708601800,511285.738134000,0,sent:HOLD
853,511285.738081100,0.000282200,0.030000000,0.030000000,511285.738363300,511285.768081100,0,
854,511285.769663100,0.000611100,0.030000000,0.030000000,511285.770274200,511285.799663100,0,sent:HOLD
855,511285.801078900,0.000404300,0.030000000,0.030000000,511285.801483200,511285.831078900,0,
856,511285.831599900,0.000330600,0.030000000,0.030000000,511285.831930500,511285.861599900,0,sent:HOLD
857,511285.862487400,0.000327400,0.030000000,0.030000000,511285.862814800,511285.892487400,0,sent:HOLD
858,511285.893536000,0.000557000,0.030000000,0.030000000,511285.894093000,511285.923536000,0,
859,511285.925488400,0.000463000,0.030000000,0.030000000,511285.925951400,511285.955488400,0,sent:HOLD
860,511285.957574900,0.000366300,0.030000000,0.030000000,511285.957941200,511285.987574900,0,sent:HOLD
861,511285.988057600,0.000627800,0.030000000,0.030000000,511285.988685400,511286.018057600,0,
862,511286.019894700,0.000476800,0.030000000,0.030000000,511286.020371500,511286.049894700,0,sent:HOLD
863,511286.050102600,0.001021200,0.030000000,0.030000000,511286.051123800,511286.080102600,0,
864,511286.081014500,0.000561800,0.030000000,0.030000000,511286.081576300,511286.111014500,0,sent:HOLD
865,511286.097925100,0.000521500,0.030000000,0.030000000,511286.098446600,511286.127925100,0,sent:HOLD
866,511286.142213200,0.000332200,0.030000000,0.030000000,511286.142545400,511286.172213200,0,
867,511286.159390900,0.000338300,0.030000000,0.030000000,511286.159729200,511286.189390900,0,sent:HOLD
868,511286.190956700,0.000245900,0.030000000,0.030000000,511286.191202600,511286.220956700,0,
869,511286.221631700,0.000508000,0.030000000,0.030000000,511286.222139700,511286.251631700,0,sent:HOLD
870,511286.252898300,0.000336100,0.030000000,0.030000000,511286.253234400,511286.282898300,0,sent:HOLD
871,511286.282338300,0.000305100,0.030000000,0.030000000,511286.282643400,511286.312338300,0,
872,511286.312643800,0.000567100,0.030000000,0.030000000,511286.313210900,511286.342643800,0,sent:HOLD
873,511286.344203500,0.000363100,0.030000000,0.030000000,511286.344566600,511286.374203500,0,
874,511286.375045100,0.000263600,0.030000000,0.030000000,511286.375308700,511286.405045100,0,sent:HOLD
875,511286.406084600,0.000776400,0.030000000,0.030000000,511286.406861000,511286.436084600,0,
876,511286.437362700,0.000632000,0.030000000,0.030000000,511286.437994700,511286.467362700,0,sent:HOLD
877,511286.469513300,0.000354700,0.030000000,0.030000000,511286.469868000,511286.499513300,0,sent:HOLD
878,511286.500126700,0.000568600,0.030000000,0.030000000,511286.500695300,511286.530126700,0,
879,511286.531800900,0.000287200,0.030000000,0.030000000,511286.532088100,511286.561800900,0,sent:HOLD
880,511286.548329200,0.000269600,0.030000000,0.030000000,511286.548598800,511286.578329200,0,sent:HOLD
881,511286.579613700,0.000218200,0.030000000,0.030000000,511286.579831900,511286.609613700,0,
882,511286.610805400,0.000284600,0.030000000,0.030000000,511286.611090000,511286.640805400,0,sent:HOLD
883,511286.641600000,0.000254600,0.030000000,0.030000000,511286.641854600,511286.671600000,0,
884,511286.673462700,0.000241700,0.030000000,0.030000000,511286.673704400,511286.703462700,0,sent:HOLD
885,511286.705708100,0.000247300,0.030000000,0.030000000,511286.705955400,511286.735708100,0,sent:HOLD
886,511286.736162800,0.000272200,0.030000000,0.030000000,511286.736435000,511286.766162800,0,
887,511286.766184300,0.000529700,0.030000000,0.030000000,511286.766714000,511286.796184300,0,sent:HOLD
888,511286.796862500,0.000735200,0.030000000,0.030000000,511286.797597700,511286.826862500,0,
889,511286.828165500,0.000615200,0.030000000,0.030000000,511286.828780700,511286.858165500,0,sent:HOLD
890,511286.860260900,0.000729700,0.030000000,0.030000000,511286.860990600,511286.890260900,0,
891,511286.892160600,0.000386900,0.030000000,0.030000000,511286.892547500,511286.922160600,0,sent:HOLD
892,511286.908097900,0.000615500,0.030000000,0.030000000,511286.908713400,511286.938097900,0,
893,511286.940554700,0.000244900,0.030000000,0.030000000,511286.940799600,511286.970554700,0,sent:HOLD
894,511286.971924200,0.000490900,0.030000000,0.030000000,511286.972415100,511287.001924200,0,sent:HOLD
895,511287.003304700,0.000258600,0.030000000,0.030000000,511287.003563300,511287.033304700,0,sent:HOLD
896,511287.033362500,0.000283700,0.030000000,0.030000000,511287.033646200,511287.063362500,0,
897,511287.064804000,0.000463100,0.030000000,0.030000000,511287.065267100,511287.094804000,0,sent:HOLD
898,511287.096013200,0.000554800,0.030000000,0.030000000,511287.096568000,511287.126013200,0,
899,511287.127661000,0.000760800,0.030000000,0.030000000,511287.128421800,511287.157661000,0,sent:HOLD
900,511287.158944100,0.000319800,0.030000000,0.030000000,511287.159263900,511287.188944100,0,sent:HOLD
901,511287.191006800,0.000357400,0.030000000,0.030000000,511287.191364200,511287.221006800,0,
902,511287.221567500,0.000320500,0.030000000,0.030000000,511287.221888000,511287.251567500,0,sent:HOLD
903,511287.238589500,0.000473300,0.030000000,0.030000000,511287.239062800,511287.268589500,0,
904,511287.269527500,0.000421200,0.030000000,0.030000000,511287.269948700,511287.299527500,0,sent:HOLD
905,511287.300047100,0.000538000,0.030000000,0.030000000,511287.300585100,511287.330047100,0,
906,511287.331481800,0.000288300,0.030000000,0.030000000,511287.331770100,511287.361481800,0,sent:HOLD
907,511287.362343900,0.000292300,0.030000000,0.030000000,511287.362636200,511287.392343900,0,sent:HOLD
908,511287.392464400,0.000483000,0.030000000,0.030000000,511287.392947400,511287.422464400,0,
909,511287.423562300,0.000309400,0.030000000,0.030000000,511287.423871700,511287.453562300,0,sent:HOLD
910,511287.455930300,0.000237400,0.030000000,0.030000000,511287.456167700,511287.485930300,0,
911,511287.486675000,0.000324100,0.030000000,0.030000000,511287.486999100,511287.516675000,0,sent:HOLD
912,511287.518630600,0.000289400,0.030000000,0.030000000,511287.518920000,511287.548630600,0,sent:HOLD
913,511287.549901400,0.000649000,0.030000000,0.030000000,511287.550550400,511287.579901400,0,
914,511287.581017900,0.000318300,0.030000000,0.030000000,511287.581336200,511287.611017900,0,sent:HOLD
915,511287.612319900,0.000332000,0.030000000,0.030000000,511287.612651900,511287.642319900,0,sent:HOLD
916,511287.627604700,0.000257200,0.030000000,0.030000000,511287.627861900,511287.657604700,0,
917,511287.658915600,0.000228900,0.030000000,0.030000000,511287.659144500,511287.688915600,0,sent:HOLD
918,511287.689693100,0.000214600,0.030000000,0.030000000,511287.689907700,511287.719693100,0,
919,511287.721247900,0.000190700,0.030000000,0.030000000,511287.721438600,511287.751247900,0,sent:HOLD
920,511287.752469200,0.000218600,0.030000000,0.030000000,511287.752687800,511287.782469200,0,sent:HOLD
921,511287.783019600,0.000273800,0.030000000,0.030000000,511287.783293400,511287.813019600,0,
922,511287.813975000,0.000250300,0.030000000,0.030000000,511287.814225300,511287.843975000,0,sent:HOLD
923,511287.845381400,0.000469100,0.030000000,0.030000000,511287.845850500,511287.875381400,0,
924,511287.876278800,0.000413300,0.030000000,0.030000000,511287.876692100,511287.906278800,0,sent:HOLD
925,511287.907282000,0.000304900,0.030000000,0.030000000,511287.907586900,511287.937282000,0,sent:HOLD
926,511287.937947600,0.000561200,0.030000000,0.030000000,511287.938508800,511287.967947600,0,
927,511287.968143700,0.000495500,0.030000000,0.030000000,511287.968639200,511287.998143700,0,sent:HOLD
928,511287.999951300,0.000510400,0.030000000,0.030000000,511288.000461700,511288.029951300,0,
929,511288.029663100,0.000354200,0.030000000,0.030000000,511288.030017300,511288.059663100,0,sent:HOLD
930,511288.061380800,0.000305400,0.030000000,0.030000000,511288.061686200,511288.091380800,0,sent:HOLD
931,511288.077833900,0.000309300,0.030000000,0.030000000,511288.078143200,511288.107833900,0,
932,511288.110264300,0.000281300,0.030000000,0.030000000,511288.110545600,511288.140264300,0,sent:HOLD
933,511288.140717300,0.000616400,0.030000000,0.030000000,511288.141333700,511288.170717300,0,
934,511288.172681400,0.000358600,0.030000000,0.030000000,511288.173040000,511288.202681400,0,sent:HOLD
935,511288.202944500,0.000348700,0.030000000,0.030000000,511288.203293200,511288.232944500,0,
936,511288.235556800,0.000328600,0.030000000,0.030000000,511288.235885400,511288.265556800,0,sent:HOLD
937,511288.265938300,0.000482800,0.030000000,0.030000000,511288.266421100,511288.295938300,0,sent:HOLD
938,511288.297021300,0.000341400,0.030000000,0.030000000,511288.297362700,511288.327021300,0,
939,511288.328057200,0.000765700,0.030000000,0.030000000,511288.328822900,511288.358057200,0,sent:HOLD
940,511288.359216200,0.000789500,0.030000000,0.030000000,511288.360005700,511288.389216200,0,
941,511288.391354200,0.000315700,0.030000000,0.030000000,511288.391669900,511288.421354200,0,sent:HOLD
942,511288.407259000,0.000631700,0.030000000,0.030000000,511288.407890700,511288.437259000,0,sent:HOLD
943,511288.438870100,0.000214500,0.030000000,0.030000000,511288.439084600,511288.468870100,0,
944,511288.469617800,0.000318300,0.030000000,0.030000000,511288.469936100,511288.499617800,0,sent:HOLD
945,511288.500355400,0.000333100,0.030000000,0.030000000,511288.500688500,511288.530355400,0,
946,511288.532276000,0.000416500,0.030000000,0.030000000,511288.532692500,511288.562276000,0,sent:HOLD
947,511288.562856000,0.000352100,0.030000000,0.030000000,511288.563208100,511288.592856000,0,sent:HOLD
948,511288.595420300,0.000282700,0.030000000,0.030000000,511288.595703000,511288.625420300,0,
949,511288.626661900,0.000552900,0.030000000,0.030000000,511288.627214800,511288.656661900,0,sent:HOLD
950,511288.657979200,0.000782100,0.030000000,0.030000000,511288.658761300,511288.687979200,0,
951,511288.689597400,0.000362900,0.030000000,0.030000000,511288.689960300,511288.719597400,0,sent:HOLD
952,511288.720922600,0.000264500,0.030000000,0.030000000,511288.721187100,511288.750922600,0,sent:HOLD
953,511288.751319400,0.000356900,0.030000000,0.030000000,511288.751676300,511288.781319400,0,
954,511288.781663300,0.000306500,0.030000000,0.030000000,511288.781969800,511288.811663300,0,sent:HOLD
955,511288.797237000,0.000594100,0.030000000,0.030000000,511288.797831100,511288.827237000,0,
956,511288.827577600,0.000307700,0.030000000,0.030000000,511288.827885300,511288.857577600,0,sent:HOLD
957,511288.859870600,0.000556600,0.030000000,0.030000000,511288.860427200,511288.889870600,0,sent:HOLD
958,511288.891448800,0.000250000,0.030000000,0.030000000,511288.891698800,511288.921448800,0,
959,511288.923244200,0.000365400,0.030000000,0.030000000,511288.923609600,511288.953244200,0,sent:HOLD
960,511288.954178900,0.000283500,0.030000000,0.030000000,511288.954462400,511288.984178900,0,sent:HOLD
961,511288.984768900,0.000307000,0.030000000,0.030000000,511288.985075900,511289.014768900,0,
962,511289.015661400,0.000271400,0.030000000,0.030000000,511289.015932800,511289.045661400,0,sent:HOLD
963,511289.046679800,0.000772700,0.030000000,0.030000000,511289.047452500,511289.076679800,0,
964,511289.078609100,0.000347100,0.030000000,0.030000000,511289.078956200,511289.108609100,0,sent:HOLD
965,511289.108438300,0.000843100,0.030000000,0.030000000,511289.109281400,511289.138438300,0,
966,511289.140981700,0.000412200,0.030000000,0.030000000,511289.141393900,511289.170981700,0,sent:HOLD
967,511289.172493500,0.000336000,0.030000000,0.030000000,511289.172829500,511289.202493500,0,sent:HOLD
968,511289.187585600,0.000534400,0.030000000,0.030000000,511289.188120000,511289.217585600,0,
969,511289.219744100,0.000337800,0.030000000,0.030000000,511289.220081900,511289.249744100,0,sent:HOLD
970,511289.250774600,0.000354600,0.030000000,0.030000000,511289.251129200,511289.280774600,0,
971,511289.280975900,0.000293000,0.030000000,0.030000000,511289.281268900,511289.310975900,0,sent:HOLD
972,511289.312561300,0.000325100,0.030000000,0.030000000,511289.312886400,511289.342561300,0,sent:HOLD
973,511289.342250000,0.000345700,0.030000000,0.030000000,511289.342595700,511289.372250000,0,
974,511289.374416700,0.000369000,0.030000000,0.030000000,511289.374785700,511289.404416700,0,sent:HOLD
975,511289.405595300,0.000251000,0.030000000,0.030000000,511289.405846300,511289.435595300,0,sent:HOLD
976,511289.436664600,0.000255600,0.030000000,0.030000000,511289.436920200,511289.466664600,0,
977,511289.467778500,0.000354200,0.030000000,0.030000000,511289.468132700,511289.497778500,0,sent:HOLD
978,511289.499444000,0.000671500,0.030000000,0.030000000,511289.500115500,511289.529444000,0,
979,511289.530600600,0.000641200,0.030000000,0.030000000,511289.531241800,511289.560600600,0,sent:HOLD
980,511289.561670000,0.000351900,0.030000000,0.030000000,511289.562021900,511289.591670000,0,sent:HOLD
981,511289.576795300,0.000360100,0.030000000,0.030000000,511289.577155400,511289.606795300,0,
982,511289.608501300,0.000487300,0.030000000,0.030000000,511289.608988600,511289.638501300,0,sent:HOLD
983,511289.639627400,0.000224300,0.030000000,0.030000000,511289.639851700,511289.669627400,0,
984,511289.669433800,0.000271100,0.030000000,0.030000000,511289.669704900,511289.699433800,0,sent:HOLD
985,511289.701052300,0.000309500,0.030000000,0.030000000,511289.701361800,511289.731052300,0,
986,511289.733166900,0.000263600,0.030000000,0.030000000,511289.733430500,511289.763166900,0,sent:HOLD
987,511289.763664200,0.000332500,0.030000000,0.030000000,511289.763996700,511289.793664200,0,sent:HOLD
988,511289.794922600,0.000231500,0.030000000,0.030000000,511289.795154100,511289.824922600,0,
989,511289.825700000,0.000522700,0.030000000,0.030000000,511289.826222700,511289.855700000,0,sent:HOLD
990,511289.856945000,0.000308000,0.030000000,0.030000000,511289.857253000,511289.886945000,0,
991,511289.887994900,0.000587400,0.030000000,0.030000000,511289.888582300,511289.917994900,0,sent:HOLD
992,511289.919662000,0.000439200,0.030000000,0.030000000,511289.920101200,511289.949662000,0,sent:HOLD
993,511289.950776000,0.000277100,0.030000000,0.030000000,511289.951053100,511289.980776000,0,
994,511289.966926800,0.000512900,0.030000000,0.030000000,511289.967439700,511289.996926800,0,sent:HOLD
995,511289.997754900,0.000462900,0.030000000,0.030000000,511289.998217800,511290.027754900,0,
996,511290.028888200,0.000406700,0.030000000,0.030000000,511290.029294900,511290.058888200,0,sent:HOLD
997,511290.059217000,0.000496000,0.030000000,0.030000000,511290.059713000,511290.089217000,0,sent:HOLD
998,511290.090800400,0.000415300,0.030000000,0.030000000,511290.091215700,511290.120800400,0,
999,511290.121402500,0.000402100,0.030000000,0.030000000,511290.121804600,511290.151402500,0,sent:HOLD
1000,511290.152377000,0.000409800,0.030000000,0.030000000,511290.152786800,511290.182377000,0,
1001,511290.184070000,0.000309300,0.030000000,0.030000000,511290.184379300,511290.214070000,0,sent:HOLD
1002,511290.215847700,0.000410500,0.030000000,0.030000000,511290.216258200,511290.245847700,0,sent:HOLD
1003,511290.246197600,0.000699300,0.030000000,0.030000000,511290.246896900,511290.276197600,0,
1004,511290.278220700,0.000272800,0.030000000,0.030000000,511290.278493500,511290.308220700,0,sent:HOLD
1005,511290.309893000,0.000556800,0.030000000,0.030000000,511290.310449800,511290.339893000,0,sent:HOLD
1006,511290.341811800,0.000355400,0.030000000,0.030000000,511290.342167200,511290.371811800,0,
1007,511290.358517200,0.000526900,0.030000000,0.030000000,511290.359044100,511290.388517200,0,sent:HOLD
1008,511290.388100800,0.000429000,0.030000000,0.030000000,511290.388529800,511290.418100800,0,
1009,511290.419994000,0.000455800,0.030000000,0.030000000,511290.420449800,511290.449994000,0,sent:HOLD
1010,511290.450907900,0.000486300,0.030000000,0.030000000,511290.451394200,511290.480907900,0,
1011,511290.481837400,0.000329200,0.030000000,0.030000000,511290.482166600,511290.511837400,0,sent:HOLD
1012,511290.513085300,0.000347600,0.030000000,0.030000000,511290.513432900,511290.543085300,0,sent:HOLD
1013,511290.545145900,0.000272900,0.030000000,0.030000000,511290.545418800,511290.575145900,0,
1014,511290.575749100,0.000367100,0.030000000,0.030000000,511290.576116200,511290.605749100,0,sent:HOLD
1015,511290.605842300,0.000670600,0.030000000,0.030000000,511290.606512900,511290.635842300,0,
1016,511290.637469800,0.000305100,0.030000000,0.030000000,511290.637774900,511290.667469800,0,sent:HOLD
1017,511290.668205100,0.000368000,0.030000000,0.030000000,511290.668573100,511290.698205100,0,sent:HOLD
1018,511290.700052000,0.000305300,0.030000000,0.030000000,511290.700357300,511290.730052000,0,sent:HOLD
1019,511290.730333100,0.000534300,0.030000000,0.030000000,511290.730867400,511290.760333100,0,
1020,511290.761491500,0.000374000,0.030000000,0.030000000,511290.761865500,511290.791491500,0,sent:HOLD
1021,511290.778007100,0.000254700,0.030000000,0.030000000,511290.778261800,511290.808007100,0,
1022,511290.810188500,0.000275700,0.030000000,0.030000000,511290.810464200,511290.840188500,0,sent:HOLD
1023,511290.841036900,0.000268800,0.030000000,0.030000000,511290.841305700,511290.871036900,0,
1024,511290.872332100,0.000634200,0.030000000,0.030000000,511290.872966300,511290.902332100,0,sent:HOLD
1025,511290.903179500,0.000422200,0.030000000,0.030000000,511290.903601700,511290.933179500,0,
1026,511290.935422000,0.000708000,0.030000000,0.030000000,511290.936130000,511290.965422000,0,sent:HOLD
1027,511290.965815500,0.000701200,0.030000000,0.030000000,511290.966516700,511290.995815500,0,sent:HOLD
1028,511290.996698100,0.000267000,0.030000000,0.030000000,511290.996965100,511291.026698100,0,
1029,511291.027225000,0.000492200,0.030000000,0.030000000,511291.027717200,511291.057225000,0,sent:HOLD
1030,511291.058538100,0.000679500,0.030000000,0.030000000,511291.059217600,511291.088538100,0,
1031,511291.090269300,0.000613500,0.030000000,0.030000000,511291.090882800,511291.120269300,0,sent:HOLD
1032,511291.120970400,0.000411400,0.030000000,0.030000000,511291.121381800,511291.150970400,0,sent:HOLD
1033,511291.151624200,0.000914800,0.030000000,0.030000000,511291.152539000,511291.181624200,0,
1034,511291.182002300,0.000344700,0.030000000,0.030000000,511291.182347000,511291.212002300,0,sent:HOLD
1035,511291.197829700,0.000505500,0.030000000,0.030000000,511291.198335200,511291.227829700,0,
1036,511291.229660400,0.000307900,0.030000000,0.030000000,511291.229968300,511291.259660400,0,sent:HOLD
1037,511291.260725300,0.000256400,0.030000000,0.030000000,511291.260981700,511291.290725300,0,sent:HOLD
1038,511291.292395500,0.000422000,0.030000000,0.030000000,511291.292817500,511291.322395500,0,
1039,511291.324105400,0.000314800,0.030000000,0.030000000,511291.324420200,511291.354105400,0,sent:HOLD
1040,511291.356751400,0.000240100,0.030000000,0.030000000,511291.356991500,511291.386751400,0,sent:HOLD
1041,511291.387462400,0.000568200,0.030000000,0.030000000,511291.388030600,511291.417462400,0,
1042,511291.419478100,0.000246300,0.030000000,0.030000000,511291.419724400,511291.449478100,0,sent:HOLD
1043,511291.451580200,0.000313800,0.030000000,0.030000000,511291.451894000,511291.481580200,0,sent:HOLD
1044,511291.466852000,0.000505500,0.030000000,0.030000000,511291.467357500,511291.496852000,0,
1045,511291.498126100,0.000433500,0.030000000,0.030000000,511291.498559600,511291.528126100,0,
1046,511291.529167000,0.000462900,0.030000000,0.030000000,511291.529629900,511291.559167000,0,sent:HOLD
1047,511291.560778300,0.000234500,0.030000000,0.030000000,511291.561012800,511291.590778300,0,sent:HOLD
1048,511291.591137800,0.000282700,0.030000000,0.030000000,511291.591420500,511291.621137800,0,
1049,511291.621283500,0.000350800,0.030000000,0.030000000,511291.621634300,511291.651283500,0,sent:HOLD
1050,511291.652107100,0.000488300,0.030000000,0.030000000,511291.652595400,511291.682107100,0,
1051,511291.682039900,0.000380000,0.030000000,0.030000000,511291.682419900,511291.712039900,0,sent:HOLD
1052,511291.713127900,0.000511500,0.030000000,0.030000000,511291.713639400,511291.743127900,0,sent:HOLD
1053,511291.743366100,0.000271800,0.030000000,0.030000000,511291.743637900,511291.773366100,0,
1054,511291.774983700,0.000306100,0.030000000,0.030000000,511291.775289800,511291.804983700,0,sent:HOLD
1055,511291.806121900,0.000278100,0.030000000,0.030000000,511291.806400000,511291.836121900,0,
1056,511291.837351300,0.000502500,0.030000000,0.030000000,511291.837853800,511291.867351300,0,sent:HOLD
1057,511291.868326700,0.000400400,0.030000000,0.030000000,511291.868727100,511291.898326700,0,sent:HOLD
1058,511291.900278100,0.000323300,0.030000000,0.030000000,511291.900601400,511291.930278100,0,
1059,511291.931283500,0.000378900,0.030000000,0.030000000,511291.931662400,511291.961283500,0,sent:HOLD
1060,511291.946189000,0.000516400,0.030000000,0.030000000,511291.946705400,511291.976189000,0,
1061,511291.978340600,0.000331900,0.030000000,0.030000000,511291.978672500,511292.008340600,0,sent:HOLD
1062,511292.009449600,0.000258500,0.030000000,0.030000000,511292.009708100,511292.039449600,0,sent:HOLD
1063,511292.040296300,0.000318200,0.030000000,0.030000000,511292.040614500,511292.070296300,0,
1064,511292.071388400,0.000247800,0.030000000,0.030000000,511292.071636200,511292.101388400,0,sent:HOLD
1065,511292.102144000,0.000407000,0.030000000,0.030000000,511292.102551000,511292.132144000,0,
1066,511292.134158500,0.000576800,0.030000000,0.030000000,511292.134735300,511292.164158500,0,sent:HOLD
1067,511292.165880700,0.000330700,0.030000000,0.030000000,511292.166211400,511292.195880700,0,sent:HOLD
1068,511292.196738500,0.000282400,0.030000000,0.030000000,511292.197020900,511292.226738500,0,
1069,511292.227846700,0.000320700,0.030000000,0.030000000,511292.228167400,511292.257846700,0,sent:HOLD
1070,511292.258758900,0.000306200,0.030000000,0.030000000,511292.259065100,511292.288758900,0,
1071,511292.290560300,0.000628600,0.030000000,0.030000000,511292.291188900,511292.320560300,0,sent:HOLD
1072,511292.307120600,0.000358100,0.030000000,0.030000000,511292.307478700,511292.337120600,0,sent:HOLD
1073,511292.338612500,0.000235800,0.030000000,0.030000000,511292.338848300,511292.368612500,0,
1074,511292.370334700,0.000252100,0.030000000,0.030000000,511292.370586800,511292.400334700,0,sent:HOLD
1075,511292.401330200,0.000378500,0.030000000,0.030000000,511292.401708700,511292.431330200,0,
1076,511292.432187900,0.000644500,0.030000000,0.030000000,511292.432832400,511292.462187900,0,sent:HOLD
1077,511292.463911300,0.000397800,0.030000000,0.030000000,511292.464309100,511292.493911300,0,sent:HOLD
1078,511292.495445200,0.000273600,0.030000000,0.030000000,511292.495718800,511292.525445200,0,
1079,511292.526709700,0.000483200,0.030000000,0.030000000,511292.527192900,511292.556709700,0,sent:HOLD
1080,511292.558211800,0.000293200,0.030000000,0.030000000,511292.558505000,511292.588211800,0,sent:HOLD
1081,511292.589261800,0.000495600,0.030000000,0.030000000,511292.589757400,511292.619261800,0,
1082,511292.621121400,0.000396200,0.030000000,0.030000000,511292.621517600,511292.651121400,0,sent:HOLD
1083,511292.652884000,0.000399200,0.030000000,0.030000000,511292.653283200,511292.682884000,0,sent:HOLD
1084,511292.668878600,0.000402600,0.030000000,0.030000000,511292.669281200,511292.698878600,0,
1085,511292.700423100,0.000449400,0.030000000,0.030000000,511292.700872500,511292.730423100,0,sent:HOLD
1086,511292.732178700,0.000418200,0.030000000,0.030000000,511292.732596900,511292.762178700,0,
1087,511292.763045000,0.000593700,0.030000000,0.030000000,511292.763638700,511292.793045000,0,sent:HOLD
1088,511292.794124000,0.000570800,0.030000000,0.030000000,511292.794694800,511292.824124000,0,
1089,511292.825485300,0.000512100,0.030000000,0.030000000,511292.825997400,511292.855485300,0,sent:HOLD
1090,511292.858326400,0.000388800,0.030000000,0.030000000,511292.858715200,511292.888326400,0,sent:HOLD
1091,511292.889849400,0.001006900,0.030000000,0.030000000,511292.890856300,511292.919849400,0,
1092,511292.920857200,0.000651500,0.030000000,0.030000000,511292.921508700,511292.950857200,0,sent:HOLD
1093,511292.952087700,0.000799800,0.030000000,0.030000000,511292.952887500,511292.982087700,0,
1094,511292.967812400,0.000349900,0.030000000,0.030000000,511292.968162300,511292.997812400,0,sent:HOLD
1095,511292.998353300,0.000412300,0.030000000,0.030000000,511292.998765600,511293.028353300,0,
1096,511293.029091800,0.000325700,0.030000000,0.030000000,511293.029417500,511293.059091800,0,sent:HOLD
1097,511293.060831100,0.000312900,0.030000000,0.030000000,511293.061144000,511293.090831100,0,sent:HOLD
1098,511293.091799700,0.000274300,0.030000000,0.030000000,511293.092074000,511293.121799700,0,
1099,511293.122527400,0.000415000,0.030000000,0.030000000,511293.122942400,511293.152527400,0,sent:HOLD
1100,511293.154041600,0.000903000,0.030000000,0.030000000,511293.154944600,511293.184041600,0,
1101,511293.184933800,0.000700500,0.030000000,0.030000000,511293.185634300,511293.214933800,0,sent:HOLD
1102,511293.216118700,0.000792300,0.030000000,0.030000000,511293.216911000,511293.246118700,0,sent:HOLD
1103,511293.247556800,0.000557500,0.030000000,0.030000000,511293.248114300,511293.277556800,0,
1104,511293.279171700,0.000453600,0.030000000,0.030000000,511293.279625300,511293.309171700,0,sent:HOLD
1105,511293.310641300,0.000503100,0.030000000,0.030000000,511293.311144400,511293.340641300,0,sent:HOLD
1106,511293.342484400,0.000190200,0.030000000,0.030000000,511293.342674600,511293.372484400,0,
1107,511293.358595900,0.000398400,0.030000000,0.030000000,511293.358994300,511293.388595900,0,
1108,511293.389494900,0.000481900,0.030000000,0.030000000,511293.389976800,511293.419494900,0,sent:HOLD
1109,511293.419681200,0.000276800,0.030000000,0.030000000,511293.419958000,511293.449681200,0,sent:HOLD
1110,511293.450414700,0.000526500,0.030000000,0.030000000,511293.450941200,511293.480414700,0,
1111,511293.481355200,0.000243500,0.030000000,0.030000000,511293.481598700,511293.511355200,0,sent:HOLD
1112,511293.512179700,0.000294800,0.030000000,0.030000000,511293.512474500,511293.542179700,0,sent:HOLD
1113,511293.541940300,0.000415300,0.030000000,0.030000000,511293.542355600,511293.571940300,0,
1114,511293.572476500,0.000281800,0.030000000,0.030000000,511293.572758300,511293.602476500,0,sent:HOLD
1115,511293.603988800,0.000373500,0.030000000,0.030000000,511293.604362300,511293.633988800,0,
1116,511293.635216300,0.000223800,0.030000000,0.030000000,511293.635440100,511293.665216300,0,sent:HOLD
1117,511293.667029900,0.000375500,0.030000000,0.030000000,511293.667405400,511293.697029900,0,sent:HOLD
1118,511293.697893300,0.000616200,0.030000000,0.030000000,511293.698509500,511293.727893300,0,
1119,511293.729236800,0.000315200,0.030000000,0.030000000,511293.729552000,511293.759236800,0,sent:HOLD
1120,511293.760006600,0.000381900,0.030000000,0.030000000,511293.760388500,511293.790006600,0,sent:HOLD
1121,511293.790619800,0.000272000,0.030000000,0.030000000,511293.790891800,511293.820619800,0,
1122,511293.821289400,0.000419000,0.030000000,0.030000000,511293.821708400,511293.851289400,0,sent:HOLD
1123,511293.837196700,0.000330000,0.030000000,0.030000000,511293.837526700,511293.867196700,0,
1124,511293.868667800,0.000294500,0.030000000,0.030000000,511293.868962300,511293.898667800,0,sent:HOLD
1125,511293.899906600,0.000422300,0.030000000,0.030000000,511293.900328900,511293.929906600,0,
1126,511293.929972400,0.000361100,0.030000000,0.030000000,511293.930333500,511293.959972400,0,sent:HOLD
1127,511293.961934800,0.000291800,0.030000000,0.030000000,511293.962226600,511293.991934800,0,sent:HOLD
1128,511293.993166300,0.000588500,0.030000000,0.030000000,511293.993754800,511294.023166300,0,
1129,511294.024823600,0.000341200,0.030000000,0.030000000,511294.025164800,511294.054823600,0,sent:HOLD
1130,511294.054891400,0.000837500,0.030000000,0.030000000,511294.055728900,511294.084891400,0,
1131,511294.086451800,0.000645900,0.030000000,0.030000000,511294.087097700,511294.116451800,0,sent:HOLD
1132,511294.117228000,0.000631200,0.030000000,0.030000000,511294.117859200,511294.147228000,0,sent:HOLD
1133,511294.149285200,0.000306000,0.030000000,0.030000000,511294.149591200,511294.179285200,0,
1134,511294.181038900,0.000432300,0.030000000,0.030000000,511294.181471200,511294.211038900,0,sent:HOLD
1135,511294.197429200,0.000256800,0.030000000,0.030000000,511294.197686000,511294.227429200,0,
1136,511294.228325800,0.000324500,0.030000000,0.030000000,511294.228650300,511294.258325800,0,sent:HOLD
1137,511294.259891200,0.000349900,0.030000000,0.030000000,511294.260241100,511294.289891200,0,sent:HOLD
1138,511294.291260500,0.000308100,0.030000000,0.030000000,511294.291568600,511294.321260500,0,
1139,511294.323501000,0.000276500,0.030000000,0.030000000,511294.323777500,511294.353501000,0,sent:HOLD
1140,511294.355877000,0.000242500,0.030000000,0.030000000,511294.356119500,511294.385877000,0,sent:HOLD
1141,511294.386657800,0.000329900,0.030000000,0.030000000,511294.386987700,511294.416657800,0,
1142,511294.416903100,0.000361900,0.030000000,0.030000000,511294.417265000,511294.446903100,0,sent:HOLD
1143,511294.449061500,0.000220900,0.030000000,0.030000000,511294.449282400,511294.479061500,0,sent:HOLD
1144,511294.478510800,0.001235100,0.030000000,0.030000000,511294.479745900,511294.508510800,0,
1145,511294.509223300,0.000631000,0.030000000,0.030000000,511294.509854300,511294.539223300,0,
1146,511294.540186300,0.000353400,0.030000000,0.030000000,511294.540539700,511294.570186300,0,sent:HOLD
1147,511294.570503000,0.000527200,0.030000000,0.030000000,511294.571030200,511294.600503000,0,sent:HOLD
1148,511294.601204500,0.000992300,0.030000000,0.030000000,511294.602196800,511294.631204500,0,
1149,511294.631706000,0.000290600,0.030000000,0.030000000,511294.631996600,511294.661706000,0,sent:HOLD
1150,511294.662746200,0.000322600,0.030000000,0.030000000,511294.663068800,511294.692746200,0,sent:HOLD
1151,511294.678856300,0.000260100,0.030000000,0.030000000,511294.679116400,511294.708856300,0,
1152,511294.710301600,0.000257200,0.030000000,0.030000000,511294.710558800,511294.740301600,0,sent:HOLD
1153,511294.742106800,0.000324900,0.030000000,0.030000000,511294.742431700,511294.772106800,0,
1154,511294.773623100,0.000316800,0.030000000,0.030000000,511294.773939900,511294.803623100,0,sent:HOLD
1155,511294.805116900,0.000550400,0.030000000,0.030000000,511294.805667300,511294.835116900,0,
1156,511294.836465000,0.000391400,0.030000000,0.030000000,511294.836856400,511294.866465000,0,sent:HOLD
1157,511294.867269100,0.000389600,0.030000000,0.030000000,511294.867658700,511294.897269100,0,sent:HOLD
1158,511294.898534400,0.000290500,0.030000000,0.030000000,511294.898824900,511294.928534400,0,
1159,511294.929944200,0.000496100,0.030000000,0.030000000,511294.930440300,511294.959944200,0,sent:HOLD
1160,511294.961579000,0.000437500,0.030000000,0.030000000,511294.962016500,511294.991579000,0,sent:HOLD
1161,511294.977764000,0.000281800,0.030000000,0.030000000,511294.978045800,511295.007764000,0,
1162,511295.008863500,0.000249800,0.030000000,0.030000000,511295.009113300,511295.038863500,0,sent:HOLD
1163,511295.040828300,0.000227000,0.030000000,0.030000000,511295.041055300,511295.070828300,0,
1164,511295.071936600,0.000525100,0.030000000,0.030000000,511295.072461700,511295.101936600,0,sent:HOLD
1165,511295.103761100,0.000382500,0.030000000,0.030000000,511295.104143600,511295.133761100,0,sent:HOLD
1166,511295.135677400,0.000279500,0.030000000,0.030000000,511295.135956900,511295.165677400,0,
1167,511295.166887100,0.000377100,0.030000000,0.030000000,511295.167264200,511295.196887100,0,sent:HOLD
1168,511295.199509200,0.000676100,0.030000000,0.030000000,511295.200185300,511295.229509200,0,
1169,511295.230463000,0.000353000,0.030000000,0.030000000,511295.230816000,511295.260463000,0,sent:HOLD
1170,511295.261997800,0.000293700,0.030000000,0.030000000,511295.262291500,511295.291997800,0,sent:HOLD
1171,511295.276945300,0.000256900,0.030000000,0.030000000,511295.277202200,511295.306945300,0,
1172,511295.308658900,0.000412700,0.030000000,0.030000000,511295.309071600,511295.338658900,0,sent:HOLD
1173,511295.340158500,0.000266400,0.030000000,0.030000000,511295.340424900,511295.370158500,0,
1174,511295.372081900,0.000608700,0.030000000,0.030000000,511295.372690600,511295.402081900,0,sent:HOLD
1175,511295.402557800,0.000375700,0.030000000,0.030000000,511295.402933500,511295.432557800,0,
1176,511295.432138900,0.000487300,0.030000000,0.030000000,511295.432626200,511295.462138900,0,sent:HOLD
1177,511295.463600500,0.001004200,0.030000000,0.030000000,511295.464604700,511295.493600500,0,sent:HOLD
1178,511295.494811600,0.000287700,0.030000000,0.030000000,511295.495099300,511295.524811600,0,
1179,511295.524701600,0.000357500,0.030000000,0.030000000,511295.525059100,511295.554701600,0,sent:HOLD
1180,511295.556664700,0.000519500,0.030000000,0.030000000,511295.557184200,511295.586664700,0,
1181,511295.587256400,0.000357200,0.030000000,0.030000000,511295.587613600,511295.617256400,0,sent:HOLD
1182,511295.618404200,0.000326700,0.030000000,0.030000000,511295.618730900,511295.648404200,0,sent:HOLD
1183,511295.650149000,0.000389100,0.030000000,0.030000000,511295.650538100,511295.680149000,0,
1184,511295.681159800,0.000304100,0.030000000,0.030000000,511295.681463900,511295.711159800,0,sent:HOLD
1185,511295.712362300,0.000576900,0.030000000,0.030000000,511295.712939200,511295.742362300,0,sent:HOLD
1186,511295.727692300,0.000190000,0.030000000,0.030000000,511295.727882300,511295.757692300,0,
1187,511295.760167300,0.000281100,0.030000000,0.030000000,511295.760448400,511295.790167300,0,sent:HOLD
1188,511295.791183200,0.000237100,0.030000000,0.030000000,511295.791420300,511295.821183200,0,
1189,511295.821840400,0.000436500,0.030000000,0.030000000,511295.822276900,511295.851840400,0,sent:HOLD
1190,511295.852877400,0.000396700,0.030000000,0.030000000,511295.853274100,511295.882877400,0,sent:HOLD
1191,511295.882350400,0.000300200,0.030000000,0.030000000,511295.882650600,511295.912350400,0,
1192,511295.913338100,0.000932400,0.030000000,0.030000000,511295.914270500,511295.943338100,0,sent:HOLD
1193,511295.944432300,0.000368800,0.030000000,0.030000000,511295.944801100,511295.974432300,0,
1194,511295.976284500,0.000327400,0.030000000,0.030000000,511295.976611900,511296.006284500,0,sent:HOLD
1195,511296.007048800,0.000463600,0.030000000,0.030000000,511296.007512400,511296.037048800,0,
1196,511296.037803100,0.000550600,0.030000000,0.030000000,511296.038353700,511296.067803100,0,sent:HOLD
1197,511296.069241900,0.000453600,0.030000000,0.030000000,511296.069695500,511296.099241900,0,sent:HOLD
1198,511296.100893800,0.000667700,0.030000000,0.030000000,511296.101561500,511296.130893800,0,
1199,511296.117423800,0.000325900,0.030000000,0.030000000,511296.117749700,511296.147423800,0,sent:HOLD
1200,511296.149392100,0.000568900,0.030000000,0.030000000,511296.149961000,511296.179392100,0,
1201,511296.181060500,0.000365400,0.030000000,0.030000000,511296.181425900,511296.211060500,0,sent:HOLD
1202,511296.212411200,0.000303500,0.030000000,0.030000000,511296.212714700,511296.242411200,0,sent:HOLD
1203,511296.243302200,0.000414100,0.030000000,0.030000000,511296.243716300,511296.273302200,0,
1204,511296.275221700,0.000337500,0.030000000,0.030000000,511296.275559200,511296.305221700,0,sent:HOLD
1205,511296.306068800,0.000469500,0.030000000,0.030000000,511296.306538300,511296.336068800,0,sent:HOLD
1206,511296.336992300,0.000763700,0.030000000,0.030000000,511296.337756000,511296.366992300,0,
1207,511296.368345300,0.000562300,0.030000000,0.030000000,511296.368907600,511296.398345300,0,sent:HOLD
1208,511296.400288800,0.000368700,0.030000000,0.030000000,511296.400657500,511296.430288800,0,
1209,511296.430913200,0.000440200,0.030000000,0.030000000,511296.431353400,511296.460913200,0,sent:HOLD
1210,511296.461903800,0.000346100,0.030000000,0.030000000,511296.462249900,511296.491903800,0,sent:HOLD
1211,511296.478305600,0.000235600,0.030000000,0.030000000,511296.478541200,511296.508305600,0,
1212,511296.510113800,0.000306200,0.030000000,0.030000000,511296.510420000,511296.540113800,0,sent:HOLD
1213,511296.540100300,0.000248200,0.030000000,0.030000000,511296.540348500,511296.570100300,0,
1214,511296.571747100,0.000264300,0.030000000,0.030000000,511296.572011400,511296.601747100,0,sent:HOLD
1215,511296.602604700,0.000342800,0.030000000,0.030000000,511296.602947500,511296.632604700,0,
1216,511296.634346800,0.000224000,0.030000000,0.030000000,511296.634570800,511296.664346800,0,sent:HOLD
1217,511296.665036400,0.000379500,0.030000000,0.030000000,511296.665415900,511296.695036400,0,sent:HOLD
1218,511296.696403000,0.000387600,0.030000000,0.030000000,511296.696790600,511296.726403000,0,
1219,511296.728101100,0.000283400,0.030000000,0.030000000,511296.728384500,511296.758101100,0,sent:HOLD
1220,511296.760110800,0.000301000,0.030000000,0.030000000,511296.760411800,511296.790110800,0,sent:HOLD
1221,511296.790125100,0.000734500,0.030000000,0.030000000,511296.790859600,511296.820125100,0,
1222,511296.820846500,0.000264500,0.030000000,0.030000000,511296.821111000,511296.850846500,0,sent:HOLD
1223,511296.851548400,0.000574200,0.030000000,0.030000000,511296.852122600,511296.881548400,0,
1224,511296.882317500,0.000280600,0.030000000,0.030000000,511296.882598100,511296.912317500,0,sent:HOLD
1225,511296.897934000,0.000754600,0.030000000,0.030000000,511296.898688600,511296.927934000,0,
1226,511296.928372600,0.000290800,0.030000000,0.030000000,511296.928663400,511296.958372600,0,sent:HOLD
1227,511296.960000800,0.000358700,0.030000000,0.030000000,511296.960359500,511296.990000800,0,sent:HOLD
1228,511296.991568800,0.000353600,0.030000000,0.030000000,511296.991922400,511297.021568800,0,
1229,511297.021566900,0.000587000,0.030000000,0.030000000,511297.022153900,511297.051566900,0,sent:HOLD
1230,511297.052845300,0.000289700,0.030000000,0.030000000,511297.053135000,511297.082845300,0,sent:HOLD
1231,511297.084069400,0.000439100,0.030000000,0.030000000,511297.084508500,511297.114069400,0,
1232,511297.115083000,0.000782500,0.030000000,0.030000000,511297.115865500,511297.145083000,0,sent:HOLD
1233,511297.145606000,0.000383200,0.030000000,0.030000000,511297.145989200,511297.175606000,0,
1234,511297.177219600,0.000462000,0.030000000,0.030000000,511297.177681600,511297.207219600,0,sent:HOLD
1235,511297.209450800,0.000615200,0.030000000,0.030000000,511297.210066000,511297.239450800,0,
1236,511297.241340000,0.000321900,0.030000000,0.030000000,511297.241661900,511297.271340000,0,sent:HOLD
1237,511297.257003500,0.000296700,0.030000000,0.030000000,511297.257300200,511297.287003500,0,
1238,511297.287976800,0.000271100,0.030000000,0.030000000,511297.288247900,511297.317976800,0,sent:HOLD
1239,511297.318397700,0.000331900,0.030000000,0.030000000,511297.318729600,511297.348397700,0,sent:HOLD
1240,511297.349572100,0.000300600,0.030000000,0.030000000,511297.349872700,511297.379572100,0,
1241,511297.380926700,0.000388900,0.030000000,0.030000000,511297.381315600,511297.410926700,0,sent:HOLD
1242,511297.412632700,0.000482200,0.030000000,0.030000000,511297.413114900,511297.442632700,0,sent:HOLD
1243,511297.442975300,0.000274700,0.030000000,0.030000000,511297.443250000,511297.472975300,0,
1244,511297.474251300,0.000942400,0.030000000,0.030000000,511297.475193700,511297.504251300,0,sent:HOLD
1245,511297.506001300,0.000479600,0.030000000,0.030000000,511297.506480900,511297.536001300,0,sent:HOLD
1246,511297.536615900,0.001118800,0.030000000,0.030000000,511297.537734700,511297.566615900,0,
1247,511297.567668300,0.001007000,0.030000000,0.030000000,511297.568675300,511297.597668300,0,sent:HOLD
1248,511297.598640900,0.001699000,0.030000000,0.030000000,511297.600339900,511297.628640900,0,
1249,511297.629326200,0.001162800,0.030000000,0.030000000,511297.630489000,511297.659326200,0,sent:HOLD
1250,511297.660604900,0.000991100,0.030000000,0.030000000,511297.661596000,511297.690604900,0,
1251,511297.691254000,0.000405600,0.030000000,0.030000000,511297.691659600,511297.721254000,0,sent:HOLD
1252,511297.707566000,0.000255200,0.030000000,0.030000000,511297.707821200,511297.737566000,0,sent:HOLD
1253,511297.739562500,0.000319200,0.030000000,0.030000000,511297.739881700,511297.769562500,0,
1254,511297.770800500,0.000375500,0.030000000,0.030000000,511297.771176000,511297.800800500,0,sent:HOLD
1255,511297.801741600,0.000328000,0.030000000,0.030000000,511297.802069600,511297.831741600,0,sent:HOLD
1256,511297.833218100,0.000240200,0.030000000,0.030000000,511297.833458300,511297.863218100,0,
1257,511297.863958800,0.000425400,0.030000000,0.030000000,511297.864384200,511297.893958800,0,sent:HOLD
1258,511297.894275900,0.000385000,0.030000000,0.030000000,511297.894660900,511297.924275900,0,
1259,511297.925456300,0.000373900,0.030000000,0.030000000,511297.925830200,511297.955456300,0,sent:HOLD
1260,511297.956487900,0.000521700,0.030000000,0.030000000,511297.957009600,511297.986487900,0,
1261,511297.987090600,0.000679100,0.030000000,0.030000000,511297.987769700,511298.017090600,0,sent:HOLD
1262,511298.019398500,0.000640400,0.030000000,0.030000000,511298.020038900,511298.049398500,0,sent:HOLD
1263,511298.049642000,0.000818300,0.030000000,0.030000000,511298.050460300,511298.079642000,0,
1264,511298.081308900,0.000375900,0.030000000,0.030000000,511298.081684800,511298.111308900,0,sent:HOLD
1265,511298.097554600,0.000267000,0.030000000,0.030000000,511298.097821600,511298.127554600,0,sent:HOLD
1266,511298.128943500,0.000283800,0.030000000,0.030000000,511298.129227300,511298.158943500,0,
1267,511298.159850300,0.000273700,0.030000000,0.030000000,511298.160124000,511298.189850300,0,sent:HOLD
1268,511298.190553300,0.000227900,0.030000000,0.030000000,511298.190781200,511298.220553300,0,
1269,511298.221282400,0.000437300,0.030000000,0.030000000,511298.221719700,511298.251282400,0,sent:HOLD
1270,511298.252215600,0.000604900,0.030000000,0.030000000,511298.252820500,511298.282215600,0,
1271,511298.283751100,0.000331900,0.030000000,0.030000000,511298.284083000,511298.313751100,0,sent:HOLD
1272,511298.314181200,0.000526800,0.030000000,0.030000000,511298.314708000,511298.344181200,0,sent:HOLD
1273,511298.345321300,0.000276000,0.030000000,0.030000000,511298.345597300,511298.375321300,0,
1274,511298.377521800,0.000295100,0.030000000,0.030000000,511298.377816900,511298.407521800,0,sent:HOLD
1275,511298.409256600,0.000466100,0.030000000,0.030000000,511298.409722700,511298.439256600,0,
1276,511298.440694100,0.000667300,0.030000000,0.030000000,511298.441361400,511298.470694100,0,sent:HOLD
1277,511298.472357900,0.000412200,0.030000000,0.030000000,511298.472770100,511298.502357900,0,sent:HOLD
1278,511298.487997200,0.000282600,0.030000000,0.030000000,511298.488279800,511298.517997200,0,
1279,511298.518397300,0.000277400,0.030000000,0.030000000,511298.518674700,511298.548397300,0,sent:HOLD
1280,511298.549743400,0.000399300,0.030000000,0.030000000,511298.550142700,511298.579743400,0,sent:HOLD
1281,511298.579760800,0.000284700,0.030000000,0.030000000,511298.580045500,511298.609760800,0,
1282,511298.611094900,0.000802500,0.030000000,0.030000000,511298.611897400,511298.641094900,0,
1283,511298.640817800,0.000375400,0.030000000,0.030000000,511298.641193200,511298.670817800,0,sent:HOLD
1284,511298.671590900,0.000379400,0.030000000,0.030000000,511298.671970300,511298.701590900,0,sent:HOLD
1285,511298.702895900,0.000328100,0.030000000,0.030000000,511298.703224000,511298.732895900,0,sent:HOLD
1286,511298.733177500,0.000326600,0.030000000,0.030000000,511298.733504100,511298.763177500,0,
1287,511298.764140400,0.000350200,0.030000000,0.030000000,511298.764490600,511298.794140400,0,sent:HOLD
1288,511298.795608200,0.000535700,0.030000000,0.030000000,511298.796143900,511298.825608200,0,
1289,511298.827030300,0.000383200,0.030000000,0.030000000,511298.827413500,511298.857030300,0,sent:HOLD
1290,511298.859577800,0.000686400,0.030000000,0.030000000,511298.860264200,511298.889577800,0,
1291,511298.891192600,0.000327100,0.030000000,0.030000000,511298.891519700,511298.921192600,0,sent:HOLD
1292,511298.921762700,0.000325900,0.030000000,0.030000000,511298.922088600,511298.951762700,0,sent:HOLD
1293,511298.937113600,0.000372600,0.030000000,0.030000000,511298.937486200,511298.967113600,0,
1294,511298.969596100,0.000612200,0.030000000,0.030000000,511298.970208300,511298.999596100,0,sent:HOLD
1295,511298.999763100,0.000419600,0.030000000,0.030000000,511299.000182700,511299.029763100,0,
1296,511299.030774300,0.000343900,0.030000000,0.030000000,511299.031118200,511299.060774300,0,sent:HOLD
1297,511299.062040700,0.000252200,0.030000000,0.030000000,511299.062292900,511299.092040700,0,sent:HOLD
1298,511299.093658600,0.000845000,0.030000000,0.030000000,511299.094503600,511299.123658600,0,
1299,511299.124934800,0.000428100,0.030000000,0.030000000,511299.125362900,511299.154934800,0,sent:HOLD
1300,511299.157496900,0.000382700,0.030000000,0.030000000,511299.157879600,511299.187496900,0,sent:HOLD
1301,511299.188267900,0.000294100,0.030000000,0.030000000,511299.188562000,511299.218267900,0,
1302,511299.218494700,0.000241700,0.030000000,0.030000000,511299.218736400,511299.248494700,0,sent:HOLD
1303,511299.249388500,0.000684700,0.030000000,0.030000000,511299.250073200,511299.279388500,0,
1304,511299.280599700,0.000588400,0.030000000,0.030000000,511299.281188100,511299.310599700,0,sent:HOLD
1305,511299.311890800,0.000345300,0.030000000,0.030000000,511299.312236100,511299.341890800,0,sent:HOLD
1306,511299.341860700,0.000419500,0.030000000,0.030000000,511299.342280200,511299.371860700,0,
1307,511299.357175200,0.000331400,0.030000000,0.030000000,511299.357506600,511299.387175200,0,sent:HOLD
1308,511299.403586500,0.000296400,0.030000000,0.030000000,511299.403882900,511299.433586500,0,sent:HOLD
1309,511299.419990900,0.000314100,0.030000000,0.030000000,511299.420305000,511299.449990900,0,
1310,511299.451299100,0.000303600,0.030000000,0.030000000,511299.451602700,511299.481299100,0,sent:HOLD
1311,511299.482968000,0.000287300,0.030000000,0.030000000,511299.483255300,511299.512968000,0,
1312,511299.514408900,0.000304900,0.030000000,0.030000000,511299.514713800,511299.544408900,0,sent:HOLD
1313,511299.544925600,0.000430300,0.030000000,0.030000000,511299.545355900,511299.574925600,0,
1314,511299.576205600,0.000846900,0.030000000,0.030000000,511299.577052500,511299.606205600,0,sent:HOLD
1315,511299.606348500,0.000617200,0.030000000,0.030000000,511299.606965700,511299.636348500,0,
1316,511299.637485000,0.000306500,0.030000000,0.030000000,511299.637791500,511299.667485000,0,sent:HOLD
1317,511299.669233600,0.000470100,0.030000000,0.030000000,511299.669703700,511299.699233600,0,sent:HOLD
1318,511299.700247400,0.000431300,0.030000000,0.030000000,511299.700678700,511299.730247400,0,
1319,511299.730421100,0.000229900,0.030000000,0.030000000,511299.730651000,511299.760421100,0,sent:HOLD
1320,511299.761725400,0.000215900,0.030000000,0.030000000,511299.761941300,511299.791725400,0,sent:HOLD
1321,511299.777678000,0.000208100,0.030000000,0.030000000,511299.777886100,511299.807678000,0,
1322,511299.809920900,0.000388200,0.030000000,0.030000000,511299.810309100,511299.839920900,0,sent:HOLD
1323,511299.841315100,0.000351200,0.030000000,0.030000000,511299.841666300,511299.871315100,0,
1324,511299.871842000,0.000603300,0.030000000,0.030000000,511299.872445300,511299.901842000,0,sent:HOLD
1325,511299.903430000,0.000272700,0.030000000,0.030000000,511299.903702700,511299.933430000,0,sent:HOLD
1326,511299.934643500,0.000669500,0.030000000,0.030000000,511299.935313000,511299.964643500,0,
1327,511299.966027400,0.000308400,0.030000000,0.030000000,511299.966335800,511299.996027400,0,sent:HOLD
1328,511299.996733800,0.000527300,0.030000000,0.030000000,511299.997261100,511300.026733800,0,
1329,511300.028354700,0.000456300,0.030000000,0.030000000,511300.028811000,511300.058354700,0,sent:HOLD
1330,511300.060768100,0.000260500,0.030000000,0.030000000,511300.061028600,511300.090768100,0,
1331,511300.091349200,0.000347100,0.030000000,0.030000000,511300.091696300,511300.121349200,0,sent:HOLD
1332,511300.108039700,0.000482700,0.030000000,0.030000000,511300.108522400,511300.138039700,0,sent:HOLD
1333,511300.138211500,0.000310000,0.030000000,0.030000000,511300.138521500,511300.168211500,0,
1334,511300.170159700,0.000327300,0.030000000,0.030000000,511300.170487000,511300.200159700,0,sent:HOLD
1335,511300.201412200,0.000426700,0.030000000,0.030000000,511300.201838900,511300.231412200,0,
1336,511300.232910800,0.000376000,0.030000000,0.030000000,511300.233286800,511300.262910800,0,sent:HOLD
1337,511300.264082200,0.000331500,0.030000000,0.030000000,511300.264413700,511300.294082200,0,sent:HOLD
1338,511300.295607000,0.000291700,0.030000000,0.030000000,511300.295898700,511300.325607000,0,
1339,511300.325790000,0.000673700,0.030000000,0.030000000,511300.326463700,511300.355790000,0,sent:HOLD
1340,511300.356319700,0.000552000,0.030000000,0.030000000,511300.356871700,511300.386319700,0,sent:HOLD
1341,511300.387153100,0.000296000,0.030000000,0.030000000,511300.387449100,511300.417153100,0,
1342,511300.417597100,0.000595400,0.030000000,0.030000000,511300.418192500,511300.447597100,0,sent:HOLD
1343,511300.449122800,0.000725200,0.030000000,0.030000000,511300.449848000,511300.479122800,0,
1344,511300.481627300,0.000388700,0.030000000,0.030000000,511300.482016000,511300.511627300,0,sent:HOLD
1345,511300.511118900,0.000243500,0.030000000,0.030000000,511300.511362400,511300.541118900,0,sent:HOLD
1346,511300.542762100,0.000284900,0.030000000,0.030000000,511300.543047000,511300.572762100,0,
1347,511300.559182900,0.000268300,0.030000000,0.030000000,511300.559451200,511300.589182900,0,sent:HOLD
1348,511300.589905700,0.000298400,0.030000000,0.030000000,511300.590204100,511300.619905700,0,
1349,511300.619822000,0.000328800,0.030000000,0.030000000,511300.620150800,511300.649822000,0,sent:HOLD
1350,511300.650100900,0.000793300,0.030000000,0.030000000,511300.650894200,511300.680100900,0,
1351,511300.681467100,0.000328700,0.030000000,0.030000000,511300.681795800,511300.711467100,0,sent:HOLD
1352,511300.713132100,0.000263900,0.030000000,0.030000000,511300.713396000,511300.743132100,0,sent:HOLD
1353,511300.742861900,0.000269500,0.030000000,0.030000000,511300.743131400,511300.772861900,0,
1354,511300.775302700,0.000271700,0.030000000,0.030000000,511300.775574400,511300.805302700,0,sent:HOLD
1355,511300.807563000,0.000259000,0.030000000,0.030000000,511300.807822000,511300.837563000,0,sent:HOLD
1356,511300.837843900,0.000490200,0.030000000,0.030000000,511300.838334100,511300.867843900,0,
1357,511300.869128700,0.000467200,0.030000000,0.030000000,511300.869595900,511300.899128700,0,sent:HOLD
1358,511300.900510800,0.000602700,0.030000000,0.030000000,511300.901113500,511300.930510800,0,
1359,511300.932279000,0.000260900,0.030000000,0.030000000,511300.932539900,511300.962279000,0,sent:HOLD
1360,511300.947541400,0.000654400,0.030000000,0.030000000,511300.948195800,511300.977541400,0,
1361,511300.979533000,0.000307000,0.030000000,0.030000000,511300.979840000,511301.009533000,0,sent:HOLD
1362,511301.011424900,0.000397000,0.030000000,0.030000000,511301.011821900,511301.041424900,0,sent:HOLD
1363,511301.042619000,0.000306400,0.030000000,0.030000000,511301.042925400,511301.072619000,0,
1364,511301.072802200,0.000347800,0.030000000,0.030000000,511301.073150000,511301.102802200,0,sent:HOLD
1365,511301.104422300,0.000302800,0.030000000,0.030000000,511301.104725100,511301.134422300,0,sent:HOLD
1366,511301.135619400,0.000309400,0.030000000,0.030000000,511301.135928800,511301.165619400,0,
1367,511301.167164900,0.000542300,0.030000000,0.030000000,511301.167707200,511301.197164900,0,sent:HOLD
1368,511301.199303300,0.000713800,0.030000000,0.030000000,511301.200017100,511301.229303300,0,
1369,511301.230543000,0.000536600,0.030000000,0.030000000,511301.231079600,511301.260543000,0,sent:HOLD
1370,511301.262241600,0.000317400,0.030000000,0.030000000,511301.262559000,511301.292241600,0,sent:HOLD
1371,511301.291744400,0.000288200,0.030000000,0.030000000,511301.292032600,511301.321744400,0,
1372,511301.307727600,0.000220500,0.030000000,0.030000000,511301.307948100,511301.337727600,0,sent:HOLD
1373,511301.339636200,0.000230200,0.030000000,0.030000000,511301.339866400,511301.369636200,0,
1374,511301.371394700,0.000365400,0.030000000,0.030000000,511301.371760100,511301.401394700,0,sent:HOLD
1375,511301.402290000,0.000230400,0.030000000,0.030000000,511301.402520400,511301.432290000,0,sent:HOLD
1376,511301.432972200,0.000358200,0.030000000,0.030000000,511301.433330400,511301.462972200,0,
1377,511301.463665900,0.000287900,0.030000000,0.030000000,511301.463953800,511301.493665900,0,sent:HOLD
1378,511301.494947600,0.000296400,0.030000000,0.030000000,511301.495244000,511301.524947600,0,
1379,511301.526138300,0.000344800,0.030000000,0.030000000,511301.526483100,511301.556138300,0,sent:HOLD
1380,511301.556527900,0.000303800,0.030000000,0.030000000,511301.556831700,511301.586527900,0,sent:HOLD
1381,511301.586818300,0.000428700,0.030000000,0.030000000,511301.587247000,511301.616818300,0,
1382,511301.617281300,0.000367200,0.030000000,0.030000000,511301.617648500,511301.647281300,0,sent:HOLD
1383,511301.649222400,0.000640500,0.030000000,0.030000000,511301.649862900,511301.679222400,0,
1384,511301.680419800,0.000416500,0.030000000,0.030000000,511301.680836300,511301.710419800,0,sent:HOLD
1385,511301.712254200,0.000311700,0.030000000,0.030000000,511301.712565900,511301.742254200,0,sent:HOLD
1386,511301.742653300,0.000591500,0.030000000,0.030000000,511301.743244800,511301.772653300,0,
1387,511301.758403200,0.000329000,0.030000000,0.030000000,511301.758732200,511301.788403200,0,sent:HOLD
1388,511301.789675100,0.000289900,0.030000000,0.030000000,511301.789965000,511301.819675100,0,
1389,511301.820806100,0.000354800,0.030000000,0.030000000,511301.821160900,511301.850806100,0,sent:HOLD
1390,511301.852218200,0.000358900,0.030000000,0.030000000,511301.852577100,511301.882218200,0,
1391,511301.882131600,0.000300800,0.030000000,0.030000000,511301.882432400,511301.912131600,0,sent:HOLD
1392,511301.912914600,0.000341400,0.030000000,0.030000000,511301.913256000,511301.942914600,0,sent:HOLD
1393,511301.945053000,0.000331500,0.030000000,0.030000000,511301.945384500,511301.975053000,0,
1394,511301.976719800,0.000610400,0.030000000,0.030000000,511301.977330200,511302.006719800,0,sent:HOLD
1395,511302.008218500,0.000356300,0.030000000,0.030000000,511302.008574800,511302.038218500,0,
1396,511302.039764500,0.000429100,0.030000000,0.030000000,511302.040193600,511302.069764500,0,sent:HOLD
1397,511302.070597500,0.000281900,0.030000000,0.030000000,511302.070879400,511302.100597500,0,sent:HOLD
1398,511302.101670800,0.000556300,0.030000000,0.030000000,511302.102227100,511302.131670800,0,
1399,511302.118093400,0.000273600,0.030000000,0.030000000,511302.118367000,511302.148093400,0,sent:HOLD
1400,511302.149914800,0.000272200,0.030000000,0.030000000,511302.150187000,511302.179914800,0,
1401,511302.179765300,0.000285100,0.030000000,0.030000000,511302.180050400,511302.209765300,0,sent:HOLD
1402,511302.210902900,0.000234300,0.030000000,0.030000000,511302.211137200,511302.240902900,0,sent:HOLD
1403,511302.242771700,0.000282800,0.030000000,0.030000000,511302.243054500,511302.272771700,0,
1404,511302.274569600,0.000393600,0.030000000,0.030000000,511302.274963200,511302.304569600,0,sent:HOLD
1405,511302.306236800,0.000516700,0.030000000,0.030000000,511302.306753500,511302.336236800,0,
1406,511302.338017600,0.000300600,0.030000000,0.030000000,511302.338318200,511302.368017600,0,sent:HOLD
1407,511302.368205800,0.000593200,0.030000000,0.030000000,511302.368799000,511302.398205800,0,sent:HOLD
1408,511302.399945000,0.000715800,0.030000000,0.030000000,511302.400660800,511302.429945000,0,
1409,511302.431236900,0.000784400,0.030000000,0.030000000,511302.432021300,511302.461236900,0,sent:HOLD
1410,511302.463588800,0.000516100,0.030000000,0.030000000,511302.464104900,511302.493588800,0,sent:HOLD
1411,511302.478450100,0.000391200,0.030000000,0.030000000,511302.478841300,511302.508450100,0,
1412,511302.510122700,0.000625600,0.030000000,0.030000000,511302.510748300,511302.540122700,0,
1413,511302.541811300,0.000444700,0.030000000,0.030000000,511302.542256000,511302.571811300,0,sent:HOLD
1414,511302.571266500,0.000513500,0.030000000,0.030000000,511302.571780000,511302.601266500,0,sent:HOLD
1415,511302.602590400,0.000566600,0.030000000,0.030000000,511302.603157000,511302.632590400,0,
1416,511302.634454200,0.000498400,0.030000000,0.030000000,511302.634952600,511302.664454200,0,sent:HOLD
1417,511302.665242500,0.000504600,0.030000000,0.030000000,511302.665747100,511302.695242500,0,sent:HOLD
1418,511302.697983400,0.001286300,0.030000000,0.030000000,511302.699269700,511302.727983400,0,
1419,511302.726405400,0.000495400,0.030000000,0.030000000,511302.726900800,511302.756405400,0,sent:HOLD
1420,511302.758018200,0.000480300,0.030000000,0.030000000,511302.758498500,511302.788018200,0,
1421,511302.787688000,0.000674400,0.030000000,0.030000000,511302.788362400,511302.817688000,0,sent:HOLD
1422,511302.819914600,0.000445900,0.030000000,0.030000000,511302.820360500,511302.849914600,0,sent:HOLD
1423,511302.850934300,0.000492700,0.030000000,0.030000000,511302.851427000,511302.880934300,0,
1424,511302.881639500,0.000581200,0.030000000,0.030000000,511302.882220700,511302.911639500,0,sent:HOLD
1425,511302.912315100,0.000441500,0.030000000,0.030000000,511302.912756600,511302.942315100,0,sent:HOLD
1426,511302.927139400,0.000493700,0.030000000,0.030000000,511302.927633100,511302.957139400,0,
1427,511302.958602700,0.000294700,0.030000000,0.030000000,511302.958897400,511302.988602700,0,sent:HOLD
1428,511302.990156100,0.000296800,0.030000000,0.030000000,511302.990452900,511303.020156100,0,
1429,511303.021217400,0.000279600,0.030000000,0.030000000,511303.021497000,511303.051217400,0,sent:HOLD
1430,511303.052259400,0.000679700,0.030000000,0.030000000,511303.052939100,511303.082259400,0,
1431,511303.083301000,0.000423700,0.030000000,0.030000000,511303.083724700,511303.113301000,0,sent:HOLD
1432,511303.115436200,0.000231600,0.030000000,0.030000000,511303.115667800,511303.145436200,0,sent:HOLD
1433,511303.146090900,0.000340900,0.030000000,0.030000000,511303.146431800,511303.176090900,0,
1434,511303.177526700,0.000572300,0.030000000,0.030000000,511303.178099000,511303.207526700,0,sent:HOLD
1435,511303.209768900,0.000693200,0.030000000,0.030000000,511303.210462100,511303.239768900,0,sent:HOLD
1436,511303.239931500,0.000440400,0.030000000,0.030000000,511303.240371900,511303.269931500,0,
1437,511303.271022700,0.000346800,0.030000000,0.030000000,511303.271369500,511303.301022700,0,sent:HOLD
1438,511303.302743300,0.000260400,0.030000000,0.030000000,511303.303003700,511303.332743300,0,sent:HOLD
1439,511303.318514000,0.000259700,0.030000000,0.030000000,511303.318773700,511303.348514000,0,
1440,511303.351309700,0.000333400,0.030000000,0.030000000,511303.351643100,511303.381309700,0,sent:HOLD
1441,511303.381677600,0.000465800,0.030000000,0.030000000,511303.382143400,511303.411677600,0,
1442,511303.412300300,0.000341400,0.030000000,0.030000000,511303.412641700,511303.442300300,0,sent:HOLD
1443,511303.443222500,0.000533100,0.030000000,0.030000000,511303.443755600,511303.473222500,0,
1444,511303.475626200,0.000283400,0.030000000,0.030000000,511303.475909600,511303.505626200,0,sent:HOLD
1445,511303.506701000,0.000398100,0.030000000,0.030000000,511303.507099100,511303.536701000,0,
1446,511303.538095600,0.000252500,0.030000000,0.030000000,511303.538348100,511303.568095600,0,sent:HOLD
1447,511303.569569900,0.000537700,0.030000000,0.030000000,511303.570107600,511303.599569900,0,sent:HOLD
1448,511303.600139500,0.000735100,0.030000000,0.030000000,511303.600874600,511303.630139500,0,
1449,511303.631701900,0.000293000,0.030000000,0.030000000,511303.631994900,511303.661701900,0,sent:HOLD
1450,511303.662829100,0.000317600,0.030000000,0.030000000,511303.663146700,511303.692829100,0,sent:HOLD
1451,511303.679600600,0.000292100,0.030000000,0.030000000,511303.679892700,511303.709600600,0,
1452,511303.710369600,0.000273500,0.030000000,0.030000000,511303.710643100,511303.740369600,0,sent:HOLD
1453,511303.740842300,0.000505300,0.030000000,0.030000000,511303.741347600,511303.770842300,0,
1454,511303.772935100,0.000418000,0.030000000,0.030000000,511303.773353100,511303.802935100,0,sent:HOLD
1455,511303.803424700,0.000316100,0.030000000,0.030000000,511303.803740800,511303.833424700,0,sent:HOLD
1456,511303.833522800,0.000424700,0.030000000,0.030000000,511303.833947500,511303.863522800,0,
1457,511303.864321100,0.000361300,0.030000000,0.030000000,511303.864682400,511303.894321100,0,sent:HOLD
1458,511303.896225400,0.000418600,0.030000000,0.030000000,511303.896644000,511303.926225400,0,
1459,511303.926207200,0.000436700,0.030000000,0.030000000,511303.926643900,511303.956207200,0,sent:HOLD
1460,511303.956870900,0.000765900,0.030000000,0.030000000,511303.957636800,511303.986870900,0,sent:HOLD
1461,511303.987533300,0.000315600,0.030000000,0.030000000,511303.987848900,511304.017533300,0,
1462,511304.018257600,0.000326400,0.030000000,0.030000000,511304.018584000,511304.048257600,0,sent:HOLD
1463,511304.049475400,0.000314200,0.030000000,0.030000000,511304.049789600,511304.079475400,0,
1464,511304.081465900,0.000312800,0.030000000,0.030000000,511304.081778700,511304.111465900,0,sent:HOLD
1465,511304.097140600,0.000272600,0.030000000,0.030000000,511304.097413200,511304.127140600,0,
1466,511304.127953600,0.000284400,0.030000000,0.030000000,511304.128238000,511304.157953600,0,sent:HOLD
1467,511304.159687200,0.000254800,0.030000000,0.030000000,511304.159942000,511304.189687200,0,sent:HOLD
1468,511304.191936000,0.000255000,0.030000000,0.030000000,511304.192191000,511304.221936000,0,
1469,511304.222913800,0.000451000,0.030000000,0.030000000,511304.223364800,511304.252913800,0,sent:HOLD
1470,511304.254217000,0.000897800,0.030000000,0.030000000,511304.255114800,511304.284217000,0,
1471,511304.285101000,0.000408500,0.030000000,0.030000000,511304.285509500,511304.315101000,0,sent:HOLD
1472,511304.316571800,0.000476800,0.030000000,0.030000000,511304.317048600,511304.346571800,0,sent:HOLD
1473,511304.346640100,0.000369800,0.030000000,0.030000000,511304.347009900,511304.376640100,0,sent:HOLD
1474,511304.376658400,0.000324800,0.030000000,0.030000000,511304.376983200,511304.406658400,0,
1475,511304.407831100,0.000770000,0.030000000,0.030000000,511304.408601100,511304.437831100,0,
1476,511304.439970000,0.000487900,0.030000000,0.030000000,511304.440457900,511304.469970000,0,sent:HOLD
1477,511304.471228500,0.000432100,0.030000000,0.030000000,511304.471660600,511304.501228500,0,sent:HOLD
1478,511304.502625800,0.000536600,0.030000000,0.030000000,511304.503162400,511304.532625800,0,sent:HOLD
1479,511304.532468800,0.000409100,0.030000000,0.030000000,511304.532877900,511304.562468800,0,
1480,511304.547701300,0.000466000,0.030000000,0.030000000,511304.548167300,511304.577701300,0,
1481,511304.579376400,0.000923700,0.030000000,0.030000000,511304.580300100,511304.609376400,0,sent:HOLD
1482,511304.611505800,0.000427900,0.030000000,0.030000000,511304.611933700,511304.641505800,0,sent:HOLD
1483,511304.642689300,0.000355400,0.030000000,0.030000000,511304.643044700,511304.672689300,0,
1484,511304.672568500,0.000409200,0.030000000,0.030000000,511304.672977700,511304.702568500,0,sent:HOLD
1485,511304.702903000,0.000585800,0.030000000,0.030000000,511304.703488800,511304.732903000,0,
1486,511304.734058500,0.000369300,0.030000000,0.030000000,511304.734427800,511304.764058500,0,sent:HOLD
1487,511304.764325200,0.000698000,0.030000000,0.030000000,511304.765023200,511304.794325200,0,sent:HOLD
1488,511304.795343500,0.000326700,0.030000000,0.030000000,511304.795670200,511304.825343500,0,
1489,511304.827154300,0.000546000,0.030000000,0.030000000,511304.827700300,511304.857154300,0,sent:HOLD
1490,511304.857364500,0.000854200,0.030000000,0.030000000,511304.858218700,511304.887364500,0,
1491,511304.888097700,0.000646600,0.030000000,0.030000000,511304.888744300,511304.918097700,0,sent:HOLD
1492,511304.919940000,0.000568200,0.030000000,0.030000000,511304.920508200,511304.949940000,0,sent:HOLD
1493,511304.950267800,0.000644100,0.030000000,0.030000000,511304.950911900,511304.980267800,0,
1494,511304.980815900,0.001742100,0.030000000,0.030000000,511304.982558000,511305.010815900,0,sent:HOLD
1495,511305.012913000,0.000314900,0.030000000,0.030000000,511305.013227900,511305.042913000,0,sent:HOLD
1496,511305.028673500,0.000253000,0.030000000,0.030000000,511305.028926500,511305.058673500,0,
1497,511305.059522800,0.000544000,0.030000000,0.030000000,511305.060066800,511305.089522800,0,
1498,511305.091371000,0.000392000,0.030000000,0.030000000,511305.091763000,511305.121371000,0,sent:HOLD
1499,511305.122277100,0.000342700,0.030000000,0.030000000,511305.122619800,511305.152277100,0,sent:HOLD
1500,511305.153137100,0.000787100,0.030000000,0.030000000,511305.153924200,511305.183137100,0,
1501,511305.185311000,0.000380500,0.030000000,0.030000000,511305.185691500,511305.215311000,0,sent:HOLD
1502,511305.217081000,0.000371500,0.030000000,0.030000000,511305.217452500,511305.247081000,0,sent:HOLD
1503,511305.247388300,0.000567400,0.030000000,0.030000000,511305.247955700,511305.277388300,0,
1504,511305.279974500,0.000396300,0.030000000,0.030000000,511305.280370800,511305.309974500,0,sent:HOLD
1505,511305.310300900,0.000351200,0.030000000,0.030000000,511305.310652100,511305.340300900,0,
1506,511305.342162800,0.000308900,0.030000000,0.030000000,511305.342471700,511305.372162800,0,sent:HOLD
1507,511305.372182100,0.000306600,0.030000000,0.030000000,511305.372488700,511305.402182100,0,sent:HOLD
1508,511305.387422300,0.000946700,0.030000000,0.030000000,511305.388369000,511305.417422300,0,
1509,511305.419898800,0.000322400,0.030000000,0.030000000,511305.420221200,511305.449898800,0,sent:HOLD
1510,511305.451504300,0.000449000,0.030000000,0.030000000,511305.451953300,511305.481504300,0,
1511,511305.482919200,0.000697500,0.030000000,0.030000000,511305.483616700,511305.512919200,0,sent:HOLD
1512,511305.515096300,0.000457300,0.030000000,0.030000000,511305.515553600,511305.545096300,0,sent:HOLD
1513,511305.546334100,0.001105400,0.030000000,0.030000000,511305.547439500,511305.576334100,0,
1514,511305.577068300,0.000337600,0.030000000,0.030000000,511305.577405900,511305.607068300,0,sent:HOLD
1515,511305.608688100,0.000805000,0.030000000,0.030000000,511305.609493100,511305.638688100,0,
1516,511305.639259300,0.000623900,0.030000000,0.030000000,511305.639883200,511305.669259300,0,sent:HOLD
1517,511305.670642500,0.000714200,0.030000000,0.030000000,511305.671356700,511305.700642500,0,sent:HOLD
1518,511305.702069000,0.000404900,0.030000000,0.030000000,511305.702473900,511305.732069000,0,
1519,511305.718449700,0.000286000,0.030000000,0.030000000,511305.718735700,511305.748449700,0,sent:HOLD
1520,511305.750015700,0.000358700,0.030000000,0.030000000,511305.750374400,511305.780015700,0,
1521,511305.781081200,0.000301500,0.030000000,0.030000000,511305.781382700,511305.811081200,0,sent:HOLD
1522,511305.812487600,0.000470700,0.030000000,0.030000000,511305.812958300,511305.842487600,0,sent:HOLD
1523,511305.843437400,0.000496400,0.030000000,0.030000000,511305.843933800,511305.873437400,0,
1524,511305.876205000,0.000453300,0.030000000,0.030000000,511305.876658300,511305.906205000,0,sent:HOLD
1525,511305.906042700,0.001004900,0.030000000,0.030000000,511305.907047600,511305.936042700,0,
1526,511305.937739200,0.000251400,0.030000000,0.030000000,511305.937990600,511305.967739200,0,sent:HOLD
1527,511305.969351700,0.000659000,0.030000000,0.030000000,511305.970010700,511305.999351700,0,sent:HOLD
1528,511306.000722100,0.000304200,0.030000000,0.030000000,511306.001026300,511306.030722100,0,
1529,511306.031221500,0.000656100,0.030000000,0.030000000,511306.031877600,511306.061221500,0,sent:HOLD
1530,511306.047041300,0.000430600,0.030000000,0.030000000,511306.047471900,511306.077041300,0,
1531,511306.078849700,0.000340500,0.030000000,0.030000000,511306.079190200,511306.108849700,0,sent:HOLD
1532,511306.110581300,0.000259000,0.030000000,0.030000000,511306.110840300,511306.140581300,0,sent:HOLD
1533,511306.142450900,0.000288700,0.030000000,0.030000000,511306.142739600,511306.172450900,0,
1534,511306.174351600,0.000336200,0.030000000,0.030000000,511306.174687800,511306.204351600,0,sent:HOLD
1535,511306.206733900,0.000277900,0.030000000,0.030000000,511306.207011800,511306.236733900,0,sent:HOLD
1536,511306.237972300,0.000233500,0.030000000,0.030000000,511306.238205800,511306.267972300,0,
1537,511306.268355200,0.000502900,0.030000000,0.030000000,511306.268858100,511306.298355200,0,sent:HOLD
1538,511306.300135800,0.000667600,0.030000000,0.030000000,511306.300803400,511306.330135800,0,
1539,511306.330707000,0.000341400,0.030000000,0.030000000,511306.331048400,511306.360707000,0,sent:HOLD
1540,511306.361905300,0.000348400,0.030000000,0.030000000,511306.362253700,511306.391905300,0,sent:HOLD
1541,511306.378238800,0.000194400,0.030000000,0.030000000,511306.378433200,511306.408238800,0,
1542,511306.409163400,0.000251600,0.030000000,0.030000000,511306.409415000,511306.439163400,0,sent:HOLD
1543,511306.441216400,0.000232100,0.030000000,0.030000000,511306.441448500,511306.471216400,0,
1544,511306.471866800,0.000416000,0.030000000,0.030000000,511306.472282800,511306.501866800,0,sent:HOLD
1545,511306.502747100,0.000481800,0.030000000,0.030000000,511306.503228900,511306.532747100,0,
1546,511306.533452000,0.000525900,0.030000000,0.030000000,511306.533977900,511306.563452000,0,sent:HOLD
1547,511306.565379500,0.000389300,0.030000000,0.030000000,511306.565768800,511306.595379500,0,sent:HOLD
1548,511306.596117300,0.000403600,0.030000000,0.030000000,511306.596520900,511306.626117300,0,
1549,511306.627158200,0.000336200,0.030000000,0.030000000,511306.627494400,511306.657158200,0,sent:HOLD
1550,511306.657461100,0.000334400,0.030000000,0.030000000,511306.657795500,511306.687461100,0,sent:HOLD
1551,511306.689415300,0.000508900,0.030000000,0.030000000,511306.689924200,511306.719415300,0,
1552,511306.721047200,0.000299500,0.030000000,0.030000000,511306.721346700,511306.751047200,0,sent:HOLD
1553,511306.752142600,0.000247700,0.030000000,0.030000000,511306.752390300,511306.782142600,0,
1554,511306.768303200,0.000251700,0.030000000,0.030000000,511306.768554900,511306.798303200,0,sent:HOLD
1555,511306.800164600,0.000264300,0.030000000,0.030000000,511306.800428900,511306.830164600,0,sent:HOLD
1556,511306.831163100,0.000270500,0.030000000,0.030000000,511306.831433600,511306.861163100,0,
1557,511306.862496300,0.000326400,0.030000000,0.030000000,511306.862822700,511306.892496300,0,sent:HOLD
1558,511306.894608900,0.000591600,0.030000000,0.030000000,511306.895200500,511306.924608900,0,
1559,511306.925537900,0.000650500,0.030000000,0.030000000,511306.926188400,511306.955537900,0,sent:HOLD
1560,511306.956590500,0.000301000,0.030000000,0.030000000,511306.956891500,511306.986590500,0,sent:HOLD
1561,511306.986428100,0.000388700,0.030000000,0.030000000,511306.986816800,511307.016428100,0,
1562,511307.017196400,0.001199100,0.030000000,0.030000000,511307.018395500,511307.047196400,0,sent:HOLD
1563,511307.047789200,0.000986100,0.030000000,0.030000000,511307.048775300,511307.077789200,0,
1564,511307.079806200,0.000292200,0.030000000,0.030000000,511307.080098400,511307.109806200,0,sent:HOLD
1565,511307.110008700,0.000558200,0.030000000,0.030000000,511307.110566900,511307.140008700,0,sent:HOLD
1566,511307.141236600,0.000241700,0.030000000,0.030000000,511307.141478300,511307.171236600,0,
1567,511307.171989400,0.000316800,0.030000000,0.030000000,511307.172306200,511307.201989400,0,sent:HOLD
1568,511307.202900600,0.000366800,0.030000000,0.030000000,511307.203267400,511307.232900600,0,sent:HOLD
1569,511307.218006500,0.000446300,0.030000000,0.030000000,511307.218452800,511307.248006500,0,
1570,511307.248825500,0.000281600,0.030000000,0.030000000,511307.249107100,511307.278825500,0,sent:HOLD
1571,511307.279841300,0.000461000,0.030000000,0.030000000,511307.280302300,511307.309841300,0,
1572,511307.310611900,0.000368700,0.030000000,0.030000000,511307.310980600,511307.340611900,0,sent:HOLD
1573,511307.341298100,0.000382800,0.030000000,0.030000000,511307.341680900,511307.371298100,0,
1574,511307.371955100,0.000404100,0.030000000,0.030000000,511307.372359200,511307.401955100,0,sent:HOLD
1575,511307.402926500,0.000440400,0.030000000,0.030000000,511307.403366900,511307.432926500,0,sent:HOLD
1576,511307.432954900,0.000286000,0.030000000,0.030000000,511307.433240900,511307.462954900,0,
1577,511307.463318700,0.000533600,0.030000000,0.030000000,511307.463852300,511307.493318700,0,sent:HOLD
1578,511307.494157100,0.000497200,0.030000000,0.030000000,511307.494654300,511307.524157100,0,
1579,511307.523788200,0.000365300,0.030000000,0.030000000,511307.524153500,511307.553788200,0,sent:HOLD
1580,511307.554641300,0.001189200,0.030000000,0.030000000,511307.555830500,511307.584641300,0,
1581,511307.584775000,0.000281800,0.030000000,0.030000000,511307.585056800,511307.614775000,0,sent:HOLD
1582,511307.615507500,0.000280700,0.030000000,0.030000000,511307.615788200,511307.645507500,0,sent:HOLD
1583,511307.646528400,0.000246700,0.030000000,0.030000000,511307.646775100,511307.676528400,0,
1584,511307.676470500,0.000261900,0.030000000,0.030000000,511307.676732400,511307.706470500,0,sent:HOLD
1585,511307.707345300,0.000211500,0.030000000,0.030000000,511307.707556800,511307.737345300,0,sent:HOLD
1586,511307.738393000,0.000202900,0.030000000,0.030000000,511307.738595900,511307.768393000,0,
1587,511307.769057900,0.000295800,0.030000000,0.030000000,511307.769353700,511307.799057900,0,sent:HOLD
1588,511307.799738400,0.000443300,0.030000000,0.030000000,511307.800181700,511307.829738400,0,
1589,511307.830101900,0.000229700,0.030000000,0.030000000,511307.830331600,511307.860101900,0,sent:HOLD
1590,511307.861120800,0.001167600,0.030000000,0.030000000,511307.862288400,511307.891120800,0,
1591,511307.892031700,0.000509800,0.030000000,0.030000000,511307.892541500,511307.922031700,0,sent:HOLD
1592,511307.907700200,0.000216500,0.030000000,0.030000000,511307.907916700,511307.937700200,0,sent:HOLD
1593,511307.937821200,0.000222300,0.030000000,0.030000000,511307.938043500,511307.967821200,0,
1594,511307.968434900,0.000327100,0.030000000,0.030000000,511307.968762000,511307.998434900,0,sent:HOLD
=======
0,1034289.458106000,0.000088200,0.030000000,0.030000000,1034289.458194200,1034289.488106000,0,
1,1034289.498965500,0.000342200,0.030000000,0.030000000,1034289.499307700,1034289.528965500,0,sent:DEGRADE
2,1034289.531409400,0.000292100,0.030000000,0.030000000,1034289.531701500,1034289.561409400,0,sent:DEGRADE
3,1034289.560327000,0.000153400,0.030000000,0.030000000,1034289.560480400,1034289.590327000,0,sent:DEGRADE
4,1034289.591990700,0.000266900,0.030000000,0.030000000,1034289.592257600,1034289.621990700,0,sent:HOLD
5,1034289.628132400,0.000197800,0.030000000,0.030000000,1034289.628330200,1034289.658132400,0,sent:HOLD
6,1034289.639474200,0.000070200,0.030000000,0.030000000,1034289.639544400,1034289.669474200,0,sent:DEGRADE
7,1034289.670958500,0.000095200,0.030000000,0.030000000,1034289.671053700,1034289.700958500,0,
8,1034289.719429100,0.000103600,0.030000000,0.030000000,1034289.719532700,1034289.749429100,0,sent:HOLD
9,1034289.734490600,0.000107300,0.030000000,0.030000000,1034289.734597900,1034289.764490600,0,sent:DEGRADE
10,1034289.766887300,0.000067500,0.030000000,0.030000000,1034289.766954800,1034289.796887300,0,sent:HOLD
11,1034289.798372500,0.000085500,0.030000000,0.030000000,1034289.798458000,1034289.828372500,0,sent:DEGRADE
12,1034289.829482800,0.000137200,0.030000000,0.030000000,1034289.829620000,1034289.859482800,0,sent:DEGRADE
13,1034289.860109600,0.000167100,0.030000000,0.030000000,1034289.860276700,1034289.890109600,0,sent:DEGRADE
14,1034289.891510900,0.000122800,0.030000000,0.030000000,1034289.891633700,1034289.921510900,0,sent:HOLD
15,1034289.922797100,0.000283700,0.030000000,0.030000000,1034289.923080800,1034289.952797100,0,sent:HOLD
16,1034289.969070900,0.000136300,0.030000000,0.030000000,1034289.969207200,1034289.999070900,0,sent:DEGRADE
17,1034289.969287800,0.000035300,0.030000000,0.030000000,1034289.969323100,1034289.999287800,0,
18,1034290.001110800,0.000149800,0.030000000,0.030000000,1034290.001260600,1034290.031110800,0,sent:DEGRADE
19,1034290.031382700,0.000162200,0.030000000,0.030000000,1034290.031544900,1034290.061382700,0,sent:HOLD
20,1034290.063980900,0.000111200,0.030000000,0.030000000,1034290.064092100,1034290.093980900,0,sent:DEGRADE
21,1034290.094086700,0.000127900,0.030000000,0.030000000,1034290.094214600,1034290.124086700,0,sent:DEGRADE
22,1034290.125196900,0.000185500,0.030000000,0.030000000,1034290.125382400,1034290.155196900,0,sent:HOLD
23,1034290.157416200,0.000129200,0.030000000,0.030000000,1034290.157545400,1034290.187416200,0,
24,1034290.186942500,0.000171600,0.030000000,0.030000000,1034290.187114100,1034290.216942500,0,sent:HOLD
25,1034290.219341900,0.000114500,0.030000000,0.030000000,1034290.219456400,1034290.249341900,0,
26,1034290.250113500,0.000066700,0.030000000,0.030000000,1034290.250180200,1034290.280113500,0,sent:HOLD
27,1034290.281583600,0.000162600,0.030000000,0.030000000,1034290.281746200,1034290.311583600,0,sent:DEGRADE
28,1034290.313008900,0.000113800,0.030000000,0.030000000,1034290.313122700,1034290.343008900,0,sent:DEGRADE
29,1034290.343680500,0.000082700,0.030000000,0.030000000,1034290.343763200,1034290.373680500,0,sent:DEGRADE
30,1034290.374648800,0.000285800,0.030000000,0.030000000,1034290.374934600,1034290.404648800,0,sent:HOLD
31,1034290.390637500,0.000341000,0.030000000,0.030000000,1034290.390978500,1034290.420637500,0,sent:DEGRADE
32,1034290.422051500,0.000302000,0.030000000,0.030000000,1034290.422353500,1034290.452051500,0,sent:HOLD
33,1034290.452151000,0.000631600,0.030000000,0.030000000,1034290.452782600,1034290.482151000,0,sent:DEGRADE
34,1034290.483566000,0.000431700,0.030000000,0.030000000,1034290.483997700,1034290.513566000,0,sent:DEGRADE
35,1034290.514897100,0.000359600,0.030000000,0.030000000,1034290.515256700,1034290.544897100,0,sent:HOLD
36,1034290.545833500,0.000267700,0.030000000,0.030000000,1034290.546101200,1034290.575833500,0,
37,1034290.576496200,0.000485100,0.030000000,0.030000000,1034290.576981300,1034290.606496200,0,sent:HOLD
38,1034290.607449400,0.001052900,0.030000000,0.030000000,1034290.608502300,1034290.637449400,0,
39,1034290.639080800,0.001078600,0.030000000,0.030000000,1034290.640159400,1034290.669080800,0,sent:HOLD
40,1034290.670467100,0.001077700,0.030000000,0.030000000,1034290.671544800,1034290.700467100,0,
41,1034290.701113900,0.000269400,0.030000000,0.030000000,1034290.701383300,1034290.731113900,0,sent:HOLD
42,1034290.731372800,0.000316900,0.030000000,0.030000000,1034290.731689700,1034290.761372800,0,sent:HOLD
43,1034290.761741900,0.000248700,0.030000000,0.030000000,1034290.761990600,1034290.791741900,0,
44,1034290.793255500,0.000495400,0.030000000,0.030000000,1034290.793750900,1034290.823255500,0,sent:HOLD
45,1034290.824520600,0.000292700,0.030000000,0.030000000,1034290.824813300,1034290.854520600,0,sent:HOLD
46,1034290.840767200,0.000305800,0.030000000,0.030000000,1034290.841073000,1034290.870767200,0,
47,1034290.872053100,0.000432300,0.030000000,0.030000000,1034290.872485400,1034290.902053100,0,sent:HOLD
48,1034290.903788800,0.000503500,0.030000000,0.030000000,1034290.904292300,1034290.933788800,0,
49,1034290.934682300,0.000274400,0.030000000,0.030000000,1034290.934956700,1034290.964682300,0,sent:HOLD
50,1034290.965299300,0.000631700,0.030000000,0.030000000,1034290.965931000,1034290.995299300,0,
51,1034290.996592800,0.000390600,0.030000000,0.030000000,1034290.996983400,1034291.026592800,0,sent:HOLD
52,1034291.026950400,0.000368100,0.030000000,0.030000000,1034291.027318500,1034291.056950400,0,sent:HOLD
53,1034291.058042300,0.000513700,0.030000000,0.030000000,1034291.058556000,1034291.088042300,0,
54,1034291.088516600,0.000148900,0.030000000,0.030000000,1034291.088665500,1034291.118516600,0,sent:HOLD
55,1034291.120347900,0.000379100,0.030000000,0.030000000,1034291.120727000,1034291.150347900,0,sent:HOLD
56,1034291.150983800,0.000440700,0.030000000,0.030000000,1034291.151424500,1034291.180983800,0,
57,1034291.183083100,0.000572400,0.030000000,0.030000000,1034291.183655500,1034291.213083100,0,sent:HOLD
58,1034291.214631700,0.001019600,0.030000000,0.030000000,1034291.215651300,1034291.244631700,0,
59,1034291.230925700,0.000167400,0.030000000,0.030000000,1034291.231093100,1034291.260925700,0,sent:HOLD
60,1034291.263297100,0.000543200,0.030000000,0.030000000,1034291.263840300,1034291.293297100,0,
61,1034291.294956900,0.000612100,0.030000000,0.030000000,1034291.295569000,1034291.324956900,0,sent:HOLD
62,1034291.326077400,0.000399500,0.030000000,0.030000000,1034291.326476900,1034291.356077400,0,sent:HOLD
63,1034291.358110200,0.000272300,0.030000000,0.030000000,1034291.358382500,1034291.388110200,0,
64,1034291.390017600,0.000404800,0.030000000,0.030000000,1034291.390422400,1034291.420017600,0,sent:HOLD
65,1034291.419260400,0.000516700,0.030000000,0.030000000,1034291.419777100,1034291.449260400,0,
66,1034291.449437900,0.000557200,0.030000000,0.030000000,1034291.449995100,1034291.479437900,0,sent:HOLD
67,1034291.479571800,0.000357800,0.030000000,0.030000000,1034291.479929600,1034291.509571800,0,sent:HOLD
68,1034291.510859300,0.000342500,0.030000000,0.030000000,1034291.511201800,1034291.540859300,0,
69,1034291.542454900,0.000360600,0.030000000,0.030000000,1034291.542815500,1034291.572454900,0,sent:HOLD
70,1034291.573535400,0.000457300,0.030000000,0.030000000,1034291.573992700,1034291.603535400,0,sent:HOLD
71,1034291.604259300,0.000239200,0.030000000,0.030000000,1034291.604498500,1034291.634259300,0,
72,1034291.620956000,0.000427700,0.030000000,0.030000000,1034291.621383700,1034291.650956000,0,sent:HOLD
73,1034291.651778200,0.000477100,0.030000000,0.030000000,1034291.652255300,1034291.681778200,0,
74,1034291.684012100,0.000460200,0.030000000,0.030000000,1034291.684472300,1034291.714012100,0,sent:HOLD
75,1034291.713588600,0.000505500,0.030000000,0.030000000,1034291.714094100,1034291.743588600,0,
76,1034291.745496700,0.000338300,0.030000000,0.030000000,1034291.745835000,1034291.775496700,0,sent:HOLD
77,1034291.776142100,0.000438700,0.030000000,0.030000000,1034291.776580800,1034291.806142100,0,sent:HOLD
78,1034291.806336100,0.000410500,0.030000000,0.030000000,1034291.806746600,1034291.836336100,0,
79,1034291.838118100,0.000138200,0.030000000,0.030000000,1034291.838256300,1034291.868118100,0,sent:HOLD
80,1034291.869055300,0.000710900,0.030000000,0.030000000,1034291.869766200,1034291.899055300,0,sent:HOLD
81,1034291.899859400,0.000260000,0.030000000,0.030000000,1034291.900119400,1034291.929859400,0,
82,1034291.930606000,0.000335000,0.030000000,0.030000000,1034291.930941000,1034291.960606000,0,sent:HOLD
83,1034291.962860800,0.000333100,0.030000000,0.030000000,1034291.963193900,1034291.992860800,0,
84,1034291.994611200,0.000667300,0.030000000,0.030000000,1034291.995278500,1034292.024611200,0,sent:HOLD
85,1034292.010366700,0.000411000,0.030000000,0.030000000,1034292.010777700,1034292.040366700,0,sent:HOLD
86,1034292.041606600,0.000602200,0.030000000,0.030000000,1034292.042208800,1034292.071606600,0,
87,1034292.072411900,0.000931000,0.030000000,0.030000000,1034292.073342900,1034292.102411900,0,sent:HOLD
88,1034292.103891900,0.000197400,0.030000000,0.030000000,1034292.104089300,1034292.133891900,0,
89,1034292.134750200,0.000229500,0.030000000,0.030000000,1034292.134979700,1034292.164750200,0,sent:HOLD
90,1034292.166434600,0.000350000,0.030000000,0.030000000,1034292.166784600,1034292.196434600,0,
91,1034292.197058400,0.000232200,0.030000000,0.030000000,1034292.197290600,1034292.227058400,0,sent:HOLD
92,1034292.229082800,0.000256800,0.030000000,0.030000000,1034292.229339600,1034292.259082800,0,sent:HOLD
93,1034292.260343300,0.000921800,0.030000000,0.030000000,1034292.261265100,1034292.290343300,0,
94,1034292.291336700,0.000359000,0.030000000,0.030000000,1034292.291695700,1034292.321336700,0,sent:HOLD
95,1034292.322012500,0.000154600,0.030000000,0.030000000,1034292.322167100,1034292.352012500,0,sent:HOLD
96,1034292.353169300,0.000252400,0.030000000,0.030000000,1034292.353421700,1034292.383169300,0,
97,1034292.384018100,0.000628300,0.030000000,0.030000000,1034292.384646400,1034292.414018100,0,sent:HOLD
98,1034292.399380000,0.000382600,0.030000000,0.030000000,1034292.399762600,1034292.429380000,0,
99,1034292.429606600,0.000144900,0.030000000,0.030000000,1034292.429751500,1034292.459606600,0,sent:HOLD
100,1034292.461433100,0.000147800,0.030000000,0.030000000,1034292.461580900,1034292.491433100,0,
101,1034292.493623300,0.000159900,0.030000000,0.030000000,1034292.493783200,1034292.523623300,0,sent:HOLD
102,1034292.524499800,0.000305300,0.030000000,0.030000000,1034292.524805100,1034292.554499800,0,sent:HOLD
103,1034292.555077400,0.000107700,0.030000000,0.030000000,1034292.555185100,1034292.585077400,0,
104,1034292.586521600,0.000165700,0.030000000,0.030000000,1034292.586687300,1034292.616521600,0,sent:HOLD
105,1034292.618049000,0.000328100,0.030000000,0.030000000,1034292.618377100,1034292.648049000,0,sent:HOLD
106,1034292.648717200,0.000288300,0.030000000,0.030000000,1034292.649005500,1034292.678717200,0,
107,1034292.679718900,0.000485900,0.030000000,0.030000000,1034292.680204800,1034292.709718900,0,sent:HOLD
108,1034292.710816700,0.000484200,0.030000000,0.030000000,1034292.711300900,1034292.740816700,0,
109,1034292.742215400,0.000167500,0.030000000,0.030000000,1034292.742382900,1034292.772215400,0,sent:HOLD
110,1034292.773459800,0.000891500,0.030000000,0.030000000,1034292.774351300,1034292.803459800,0,
111,1034292.804388800,0.000796400,0.030000000,0.030000000,1034292.805185200,1034292.834388800,0,sent:HOLD
112,1034292.835566600,0.000486900,0.030000000,0.030000000,1034292.836053500,1034292.865566600,0,sent:HOLD
113,1034292.850799500,0.000173900,0.030000000,0.030000000,1034292.850973400,1034292.880799500,0,
114,1034292.882001300,0.000348500,0.030000000,0.030000000,1034292.882349800,1034292.912001300,0,sent:HOLD
115,1034292.913679900,0.000126200,0.030000000,0.030000000,1034292.913806100,1034292.943679900,0,sent:HOLD
116,1034292.944192500,0.000122500,0.030000000,0.030000000,1034292.944315000,1034292.974192500,0,
117,1034292.974391700,0.000484600,0.030000000,0.030000000,1034292.974876300,1034293.004391700,0,sent:HOLD
118,1034293.005778900,0.000281100,0.030000000,0.030000000,1034293.006060000,1034293.035778900,0,
119,1034293.037709600,0.000208700,0.030000000,0.030000000,1034293.037918300,1034293.067709600,0,sent:HOLD
120,1034293.068714400,0.000224800,0.030000000,0.030000000,1034293.068939200,1034293.098714400,0,
121,1034293.099689900,0.000681200,0.030000000,0.030000000,1034293.100371100,1034293.129689900,0,sent:HOLD
122,1034293.130934000,0.000347200,0.030000000,0.030000000,1034293.131281200,1034293.160934000,0,sent:HOLD
123,1034293.161971900,0.000377800,0.030000000,0.030000000,1034293.162349700,1034293.191971900,0,
124,1034293.193216000,0.000383300,0.030000000,0.030000000,1034293.193599300,1034293.223216000,0,sent:HOLD
125,1034293.223896600,0.000363300,0.030000000,0.030000000,1034293.224259900,1034293.253896600,0,sent:HOLD
126,1034293.239269300,0.000211400,0.030000000,0.030000000,1034293.239480700,1034293.269269300,0,
127,1034293.269807200,0.000175000,0.030000000,0.030000000,1034293.269982200,1034293.299807200,0,
128,1034293.300845300,0.000146200,0.030000000,0.030000000,1034293.300991500,1034293.330845300,0,sent:HOLD
129,1034293.332208900,0.000273300,0.030000000,0.030000000,1034293.332482200,1034293.362208900,0,sent:HOLD
130,1034293.362430200,0.000465700,0.030000000,0.030000000,1034293.362895900,1034293.392430200,0,
131,1034293.394366700,0.000248600,0.030000000,0.030000000,1034293.394615300,1034293.424366700,0,sent:HOLD
132,1034293.425491500,0.000453600,0.030000000,0.030000000,1034293.425945100,1034293.455491500,0,sent:HOLD
133,1034293.456503600,0.000292600,0.030000000,0.030000000,1034293.456796200,1034293.486503600,0,
134,1034293.487094400,0.000324800,0.030000000,0.030000000,1034293.487419200,1034293.517094400,0,sent:HOLD
135,1034293.516937900,0.001640800,0.030000000,0.030000000,1034293.518578700,1034293.546937900,0,
136,1034293.548860000,0.000412100,0.030000000,0.030000000,1034293.549272100,1034293.578860000,0,sent:HOLD
137,1034293.579642500,0.000180200,0.030000000,0.030000000,1034293.579822700,1034293.609642500,0,sent:HOLD
138,1034293.611096800,0.000236700,0.030000000,0.030000000,1034293.611333500,1034293.641096800,0,sent:HOLD
139,1034293.642492300,0.000309200,0.030000000,0.030000000,1034293.642801500,1034293.672492300,0,
140,1034293.673308000,0.000233400,0.030000000,0.030000000,1034293.673541400,1034293.703308000,0,sent:HOLD
141,1034293.705100800,0.000211500,0.030000000,0.030000000,1034293.705312300,1034293.735100800,0,
142,1034293.721322700,0.000219800,0.030000000,0.030000000,1034293.721542500,1034293.751322700,0,sent:HOLD
143,1034293.752014700,0.000219300,0.030000000,0.030000000,1034293.752234000,1034293.782014700,0,
144,1034293.783872600,0.000262900,0.030000000,0.030000000,1034293.784135500,1034293.813872600,0,sent:HOLD
145,1034293.813974400,0.000392000,0.030000000,0.030000000,1034293.814366400,1034293.843974400,0,
146,1034293.845695500,0.000448200,0.030000000,0.030000000,1034293.846143700,1034293.875695500,0,sent:HOLD
147,1034293.875829400,0.000350100,0.030000000,0.030000000,1034293.876179500,1034293.905829400,0,sent:HOLD
148,1034293.906379200,0.000384600,0.030000000,0.030000000,1034293.906763800,1034293.936379200,0,
149,1034293.937475200,0.000530100,0.030000000,0.030000000,1034293.938005300,1034293.967475200,0,sent:HOLD
150,1034293.969029400,0.000445100,0.030000000,0.030000000,1034293.969474500,1034293.999029400,0,
151,1034293.999766600,0.000828600,0.030000000,0.030000000,1034294.000595200,1034294.029766600,0,sent:HOLD
152,1034294.031028300,0.000476600,0.030000000,0.030000000,1034294.031504900,1034294.061028300,0,sent:HOLD
153,1034294.062020900,0.000189100,0.030000000,0.030000000,1034294.062210000,1034294.092020900,0,sent:HOLD
154,1034294.093161800,0.000649200,0.030000000,0.030000000,1034294.093811000,1034294.123161800,0,
155,1034294.124800200,0.000209100,0.030000000,0.030000000,1034294.125009300,1034294.154800200,0,sent:HOLD
156,1034294.140654600,0.000237100,0.030000000,0.030000000,1034294.140891700,1034294.170654600,0,
157,1034294.172150600,0.000377300,0.030000000,0.030000000,1034294.172527900,1034294.202150600,0,sent:HOLD
158,1034294.202473500,0.000264300,0.030000000,0.030000000,1034294.202737800,1034294.232473500,0,
159,1034294.233184800,0.000207600,0.030000000,0.030000000,1034294.233392400,1034294.263184800,0,sent:HOLD
160,1034294.264485900,0.000348200,0.030000000,0.030000000,1034294.264834100,1034294.294485900,0,
161,1034294.296176800,0.000390200,0.030000000,0.030000000,1034294.296567000,1034294.326176800,0,sent:HOLD
162,1034294.327302000,0.000146800,0.030000000,0.030000000,1034294.327448800,1034294.357302000,0,sent:HOLD
163,1034294.359068500,0.000495300,0.030000000,0.030000000,1034294.359563800,1034294.389068500,0,
164,1034294.390842900,0.000332600,0.030000000,0.030000000,1034294.391175500,1034294.420842900,0,sent:HOLD
165,1034294.422317600,0.000325600,0.030000000,0.030000000,1034294.422643200,1034294.452317600,0,sent:HOLD
166,1034294.453351900,0.000338800,0.030000000,0.030000000,1034294.453690700,1034294.483351900,0,
167,1034294.484242100,0.000281300,0.030000000,0.030000000,1034294.484523400,1034294.514242100,0,sent:HOLD
168,1034294.499910200,0.000131900,0.030000000,0.030000000,1034294.500042100,1034294.529910200,0,
169,1034294.531314000,0.000387800,0.030000000,0.030000000,1034294.531701800,1034294.561314000,0,sent:HOLD
170,1034294.561996500,0.000351700,0.030000000,0.030000000,1034294.562348200,1034294.591996500,0,sent:HOLD
171,1034294.593390900,0.000291600,0.030000000,0.030000000,1034294.593682500,1034294.623390900,0,
172,1034294.623817800,0.000183200,0.030000000,0.030000000,1034294.624001000,1034294.653817800,0,sent:HOLD
173,1034294.654930500,0.000322500,0.030000000,0.030000000,1034294.655253000,1034294.684930500,0,
174,1034294.685231500,0.000382500,0.030000000,0.030000000,1034294.685614000,1034294.715231500,0,sent:HOLD
175,1034294.717050000,0.000987200,0.030000000,0.030000000,1034294.718037200,1034294.747050000,0,
176,1034294.747509400,0.000177800,0.030000000,0.030000000,1034294.747687200,1034294.777509400,0,sent:HOLD
177,1034294.778788200,0.000527700,0.030000000,0.030000000,1034294.779315900,1034294.808788200,0,sent:HOLD
178,1034294.809402000,0.000255800,0.030000000,0.030000000,1034294.809657800,1034294.839402000,0,
179,1034294.840560900,0.000251100,0.030000000,0.030000000,1034294.840812000,1034294.870560900,0,sent:HOLD
180,1034294.871294900,0.000312600,0.030000000,0.030000000,1034294.871607500,1034294.901294900,0,sent:HOLD
181,1034294.903426000,0.000190900,0.030000000,0.030000000,1034294.903616900,1034294.933426000,0,
182,1034294.934201200,0.000419500,0.030000000,0.030000000,1034294.934620700,1034294.964201200,0,sent:HOLD
183,1034294.949703200,0.000171500,0.030000000,0.030000000,1034294.949874700,1034294.979703200,0,
184,1034294.981347100,0.000697800,0.030000000,0.030000000,1034294.982044900,1034295.011347100,0,sent:HOLD
185,1034295.012463300,0.000379800,0.030000000,0.030000000,1034295.012843100,1034295.042463300,0,sent:HOLD
186,1034295.044081400,0.000452600,0.030000000,0.030000000,1034295.044534000,1034295.074081400,0,
187,1034295.074605600,0.000825500,0.030000000,0.030000000,1034295.075431100,1034295.104605600,0,sent:HOLD
188,1034295.105630600,0.000309300,0.030000000,0.030000000,1034295.105939900,1034295.135630600,0,
189,1034295.136686800,0.000246400,0.030000000,0.030000000,1034295.136933200,1034295.166686800,0,sent:HOLD
190,1034295.167188300,0.000463300,0.030000000,0.030000000,1034295.167651600,1034295.197188300,0,
191,1034295.199207600,0.000344500,0.030000000,0.030000000,1034295.199552100,1034295.229207600,0,sent:HOLD
192,1034295.229187600,0.000333700,0.030000000,0.030000000,1034295.229521300,1034295.259187600,0,sent:HOLD
193,1034295.260324500,0.001024600,0.030000000,0.030000000,1034295.261349100,1034295.290324500,0,
194,1034295.291303600,0.000282200,0.030000000,0.030000000,1034295.291585800,1034295.321303600,0,sent:HOLD
195,1034295.323026400,0.000813100,0.030000000,0.030000000,1034295.323839500,1034295.353026400,0,
196,1034295.354239600,0.000458900,0.030000000,0.030000000,1034295.354698500,1034295.384239600,0,sent:HOLD
197,1034295.370659500,0.000790000,0.030000000,0.030000000,1034295.371449500,1034295.400659500,0,
198,1034295.401015100,0.000699400,0.030000000,0.030000000,1034295.401714500,1034295.431015100,0,sent:HOLD
199,1034295.431860300,0.000426800,0.030000000,0.030000000,1034295.432287100,1034295.461860300,0,sent:HOLD
200,1034295.462261900,0.000375600,0.030000000,0.030000000,1034295.462637500,1034295.492261900,0,
201,1034295.493449000,0.000438100,0.030000000,0.030000000,1034295.493887100,1034295.523449000,0,sent:HOLD
202,1034295.524747300,0.000318700,0.030000000,0.030000000,1034295.525066000,1034295.554747300,0,sent:HOLD
203,1034295.555858200,0.000254800,0.030000000,0.030000000,1034295.556113000,1034295.585858200,0,
204,1034295.587273100,0.000234800,0.030000000,0.030000000,1034295.587507900,1034295.617273100,0,sent:HOLD
205,1034295.618695000,0.000644200,0.030000000,0.030000000,1034295.619339200,1034295.648695000,0,
206,1034295.650095300,0.000227900,0.030000000,0.030000000,1034295.650323200,1034295.680095300,0,sent:HOLD
207,1034295.681328600,0.000314500,0.030000000,0.030000000,1034295.681643100,1034295.711328600,0,sent:HOLD
208,1034295.712232700,0.000230400,0.030000000,0.030000000,1034295.712463100,1034295.742232700,0,
209,1034295.744679700,0.000332200,0.030000000,0.030000000,1034295.745011900,1034295.774679700,0,sent:HOLD
210,1034295.774893400,0.000343900,0.030000000,0.030000000,1034295.775237300,1034295.804893400,0,sent:HOLD
211,1034295.791451200,0.000461800,0.030000000,0.030000000,1034295.791913000,1034295.821451200,0,
212,1034295.822612500,0.000288200,0.030000000,0.030000000,1034295.822900700,1034295.852612500,0,sent:HOLD
213,1034295.853071700,0.000293500,0.030000000,0.030000000,1034295.853365200,1034295.883071700,0,
214,1034295.884019800,0.000450600,0.030000000,0.030000000,1034295.884470400,1034295.914019800,0,sent:HOLD
215,1034295.914380100,0.000685400,0.030000000,0.030000000,1034295.915065500,1034295.944380100,0,
216,1034295.946190600,0.000314400,0.030000000,0.030000000,1034295.946505000,1034295.976190600,0,sent:HOLD
217,1034295.978321300,0.001209400,0.030000000,0.030000000,1034295.979530700,1034296.008321300,0,sent:HOLD
218,1034296.008280800,0.000645500,0.030000000,0.030000000,1034296.008926300,1034296.038280800,0,
219,1034296.039427800,0.000294100,0.030000000,0.030000000,1034296.039721900,1034296.069427800,0,sent:HOLD
220,1034296.070506100,0.000468900,0.030000000,0.030000000,1034296.070975000,1034296.100506100,0,sent:HOLD
221,1034296.100858600,0.000321200,0.030000000,0.030000000,1034296.101179800,1034296.130858600,0,
222,1034296.131816300,0.000349900,0.030000000,0.030000000,1034296.132166200,1034296.161816300,0,sent:HOLD
223,1034296.162432400,0.000252300,0.030000000,0.030000000,1034296.162684700,1034296.192432400,0,
224,1034296.193393500,0.000472600,0.030000000,0.030000000,1034296.193866100,1034296.223393500,0,sent:HOLD
225,1034296.224381200,0.000184700,0.030000000,0.030000000,1034296.224565900,1034296.254381200,0,sent:HOLD
226,1034296.239850200,0.000268100,0.030000000,0.030000000,1034296.240118300,1034296.269850200,0,
227,1034296.270643400,0.000397000,0.030000000,0.030000000,1034296.271040400,1034296.300643400,0,sent:HOLD
228,1034296.301697100,0.000746100,0.030000000,0.030000000,1034296.302443200,1034296.331697100,0,
229,1034296.332385700,0.000518600,0.030000000,0.030000000,1034296.332904300,1034296.362385700,0,sent:HOLD
230,1034296.365040100,0.000415700,0.030000000,0.030000000,1034296.365455800,1034296.395040100,0,
231,1034296.395284100,0.000256300,0.030000000,0.030000000,1034296.395540400,1034296.425284100,0,sent:HOLD
232,1034296.426082900,0.000511900,0.030000000,0.030000000,1034296.426594800,1034296.456082900,0,sent:HOLD
233,1034296.457293600,0.000351000,0.030000000,0.030000000,1034296.457644600,1034296.487293600,0,
234,1034296.488720700,0.000715800,0.030000000,0.030000000,1034296.489436500,1034296.518720700,0,sent:HOLD
235,1034296.519442700,0.000615100,0.030000000,0.030000000,1034296.520057800,1034296.549442700,0,
236,1034296.549646100,0.000353700,0.030000000,0.030000000,1034296.549999800,1034296.579646100,0,sent:HOLD
237,1034296.579639200,0.000322200,0.030000000,0.030000000,1034296.579961400,1034296.609639200,0,sent:HOLD
238,1034296.610518000,0.000442200,0.030000000,0.030000000,1034296.610960200,1034296.640518000,0,
239,1034296.641968300,0.000242100,0.030000000,0.030000000,1034296.642210400,1034296.671968300,0,sent:HOLD
240,1034296.673172100,0.001551500,0.030000000,0.030000000,1034296.674723600,1034296.703172100,0,
241,1034296.704465200,0.000329100,0.030000000,0.030000000,1034296.704794300,1034296.734465200,0,sent:HOLD
242,1034296.720143300,0.000299700,0.030000000,0.030000000,1034296.720443000,1034296.750143300,0,sent:HOLD
243,1034296.751746900,0.000224100,0.030000000,0.030000000,1034296.751971000,1034296.781746900,0,
244,1034296.783507800,0.000166600,0.030000000,0.030000000,1034296.783674400,1034296.813507800,0,sent:HOLD
245,1034296.814651800,0.000214000,0.030000000,0.030000000,1034296.814865800,1034296.844651800,0,sent:HOLD
246,1034296.846026700,0.000531000,0.030000000,0.030000000,1034296.846557700,1034296.876026700,0,
247,1034296.876498500,0.001026100,0.030000000,0.030000000,1034296.877524600,1034296.906498500,0,sent:HOLD
248,1034296.907840300,0.000222800,0.030000000,0.030000000,1034296.908063100,1034296.937840300,0,sent:DEGRADE
249,1034296.939408500,0.000326500,0.030000000,0.030000000,1034296.939735000,1034296.969408500,0,sent:DEGRADE
250,1034296.970151500,0.000247400,0.030000000,0.030000000,1034296.970398900,1034297.000151500,0,sent:HOLD
251,1034297.002013300,0.000206900,0.030000000,0.030000000,1034297.002220200,1034297.032013300,0,sent:DEGRADE
252,1034297.033041500,0.000223100,0.030000000,0.030000000,1034297.033264600,1034297.063041500,0,sent:HOLD
253,1034297.064472600,0.000462200,0.030000000,0.030000000,1034297.064934800,1034297.094472600,0,sent:DEGRADE
254,1034297.080071200,0.000247900,0.030000000,0.030000000,1034297.080319100,1034297.110071200,0,sent:DEGRADE
255,1034297.111265200,0.000206900,0.030000000,0.030000000,1034297.111472100,1034297.141265200,0,sent:DEGRADE
256,1034297.143216100,0.000174300,0.030000000,0.030000000,1034297.143390400,1034297.173216100,0,sent:DEGRADE
257,1034297.173441300,0.000234000,0.030000000,0.030000000,1034297.173675300,1034297.203441300,0,sent:HOLD
258,1034297.204785900,0.000158300,0.030000000,0.030000000,1034297.204944200,1034297.234785900,0,sent:DEGRADE
259,1034297.235830800,0.000280300,0.030000000,0.030000000,1034297.236111100,1034297.265830800,0,sent:HOLD
260,1034297.266648400,0.000970500,0.030000000,0.030000000,1034297.267618900,1034297.296648400,0,sent:DEGRADE
261,1034297.297338300,0.000346300,0.030000000,0.030000000,1034297.297684600,1034297.327338300,0,sent:HOLD
262,1034297.328996900,0.000260100,0.030000000,0.030000000,1034297.329257000,1034297.358996900,0,sent:HOLD
263,1034297.359723300,0.000183300,0.030000000,0.030000000,1034297.359906600,1034297.389723300,0,sent:HOLD
264,1034297.389585800,0.000201400,0.030000000,0.030000000,1034297.389787200,1034297.419585800,0,
265,1034297.421354600,0.000600600,0.030000000,0.030000000,1034297.421955200,1034297.451354600,0,
266,1034297.453093800,0.000569000,0.030000000,0.030000000,1034297.453662800,1034297.483093800,0,sent:HOLD
267,1034297.483737100,0.000245700,0.030000000,0.030000000,1034297.483982800,1034297.513737100,0,sent:HOLD
268,1034297.499643800,0.000476900,0.030000000,0.030000000,1034297.500120700,1034297.529643800,0,
269,1034297.531334300,0.000255900,0.030000000,0.030000000,1034297.531590200,1034297.561334300,0,sent:HOLD
270,1034297.563141800,0.000269800,0.030000000,0.030000000,1034297.563411600,1034297.593141800,0,
271,1034297.594152800,0.000206300,0.030000000,0.030000000,1034297.594359100,1034297.624152800,0,sent:HOLD
272,1034297.625547600,0.000312900,0.030000000,0.030000000,1034297.625860500,1034297.655547600,0,sent:HOLD
273,1034297.656979700,0.000422400,0.030000000,0.030000000,1034297.657402100,1034297.686979700,0,
274,1034297.688556700,0.000320400,0.030000000,0.030000000,1034297.688877100,1034297.718556700,0,sent:HOLD
275,1034297.719415100,0.000379800,0.030000000,0.030000000,1034297.719794900,1034297.749415100,0,sent:HOLD
276,1034297.749326200,0.000212200,0.030000000,0.030000000,1034297.749538400,1034297.779326200,0,
277,1034297.780527200,0.000901800,0.030000000,0.030000000,1034297.781429000,1034297.810527200,0,sent:HOLD
278,1034297.811461000,0.000375300,0.030000000,0.030000000,1034297.811836300,1034297.841461000,0,
279,1034297.843443900,0.000364000,0.030000000,0.030000000,1034297.843807900,1034297.873443900,0,sent:HOLD
280,1034297.874634100,0.000239100,0.030000000,0.030000000,1034297.874873200,1034297.904634100,0,sent:HOLD
281,1034297.890937800,0.000362000,0.030000000,0.030000000,1034297.891299800,1034297.920937800,0,
282,1034297.922374000,0.000287300,0.030000000,0.030000000,1034297.922661300,1034297.952374000,0,sent:HOLD
283,1034297.953901600,0.000401400,0.030000000,0.030000000,1034297.954303000,1034297.983901600,0,
284,1034297.984595900,0.000125800,0.030000000,0.030000000,1034297.984721700,1034298.014595900,0,sent:HOLD
285,1034298.016370900,0.000803500,0.030000000,0.030000000,1034298.017174400,1034298.046370900,0,sent:HOLD
286,1034298.046841300,0.000243100,0.030000000,0.030000000,1034298.047084400,1034298.076841300,0,
287,1034298.077543600,0.000549100,0.030000000,0.030000000,1034298.078092700,1034298.107543600,0,sent:HOLD
288,1034298.109340800,0.000361800,0.030000000,0.030000000,1034298.109702600,1034298.139340800,0,
289,1034298.140498200,0.000304900,0.030000000,0.030000000,1034298.140803100,1034298.170498200,0,sent:HOLD
290,1034298.170157000,0.000238200,0.030000000,0.030000000,1034298.170395200,1034298.200157000,0,
291,1034298.200439400,0.001040600,0.030000000,0.030000000,1034298.201480000,1034298.230439400,0,sent:HOLD
292,1034298.231403900,0.000430700,0.030000000,0.030000000,1034298.231834600,1034298.261403900,0,sent:HOLD
293,1034298.262308200,0.000875700,0.030000000,0.030000000,1034298.263183900,1034298.292308200,0,
294,1034298.293478400,0.000567200,0.030000000,0.030000000,1034298.294045600,1034298.323478400,0,sent:HOLD
295,1034298.324723900,0.000365300,0.030000000,0.030000000,1034298.325089200,1034298.354723900,0,sent:HOLD
296,1034298.355817300,0.000441200,0.030000000,0.030000000,1034298.356258500,1034298.385817300,0,
297,1034298.371768400,0.000620100,0.030000000,0.030000000,1034298.372388500,1034298.401768400,0,sent:HOLD
298,1034298.402229700,0.000285000,0.030000000,0.030000000,1034298.402514700,1034298.432229700,0,
299,1034298.433239200,0.000325800,0.030000000,0.030000000,1034298.433565000,1034298.463239200,0,sent:HOLD
300,1034298.464146700,0.000493400,0.030000000,0.030000000,1034298.464640100,1034298.494146700,0,sent:HOLD
301,1034298.494796600,0.000345900,0.030000000,0.030000000,1034298.495142500,1034298.524796600,0,
302,1034298.526747100,0.000254100,0.030000000,0.030000000,1034298.527001200,1034298.556747100,0,sent:HOLD
303,1034298.557885600,0.000798800,0.030000000,0.030000000,1034298.558684400,1034298.587885600,0,
304,1034298.588301600,0.000234900,0.030000000,0.030000000,1034298.588536500,1034298.618301600,0,sent:HOLD
305,1034298.619079000,0.000583300,0.030000000,0.030000000,1034298.619662300,1034298.649079000,0,
306,1034298.650665100,0.000504800,0.030000000,0.030000000,1034298.651169900,1034298.680665100,0,sent:HOLD
307,1034298.681298500,0.000249400,0.030000000,0.030000000,1034298.681547900,1034298.711298500,0,sent:HOLD
308,1034298.711949500,0.000453300,0.030000000,0.030000000,1034298.712402800,1034298.741949500,0,
309,1034298.743494500,0.000219900,0.030000000,0.030000000,1034298.743714400,1034298.773494500,0,sent:HOLD
310,1034298.760315200,0.000918700,0.030000000,0.030000000,1034298.761233900,1034298.790315200,0,sent:HOLD
311,1034298.791031900,0.000322200,0.030000000,0.030000000,1034298.791354100,1034298.821031900,0,
312,1034298.821478800,0.000154500,0.030000000,0.030000000,1034298.821633300,1034298.851478800,0,sent:HOLD
313,1034298.853390800,0.000490400,0.030000000,0.030000000,1034298.853881200,1034298.883390800,0,
314,1034298.884299400,0.000227100,0.030000000,0.030000000,1034298.884526500,1034298.914299400,0,sent:HOLD
315,1034298.916449800,0.000860900,0.030000000,0.030000000,1034298.917310700,1034298.946449800,0,
316,1034298.947230100,0.000278200,0.030000000,0.030000000,1034298.947508300,1034298.977230100,0,sent:HOLD
317,1034298.977981000,0.000756700,0.030000000,0.030000000,1034298.978737700,1034299.007981000,0,sent:HOLD
318,1034299.008820000,0.000342100,0.030000000,0.030000000,1034299.009162100,1034299.038820000,0,
319,1034299.039773900,0.000207000,0.030000000,0.030000000,1034299.039980900,1034299.069773900,0,sent:HOLD
320,1034299.070955400,0.001125200,0.030000000,0.030000000,1034299.072080600,1034299.100955400,0,
321,1034299.102023800,0.000236800,0.030000000,0.030000000,1034299.102260600,1034299.132023800,0,sent:HOLD
322,1034299.133652700,0.000343100,0.030000000,0.030000000,1034299.133995800,1034299.163652700,0,sent:HOLD
323,1034299.164426200,0.000490200,0.030000000,0.030000000,1034299.164916400,1034299.194426200,0,
324,1034299.194603300,0.000341800,0.030000000,0.030000000,1034299.194945100,1034299.224603300,0,sent:HOLD
325,1034299.210906600,0.000445800,0.030000000,0.030000000,1034299.211352400,1034299.240906600,0,
326,1034299.240915800,0.000219700,0.030000000,0.030000000,1034299.241135500,1034299.270915800,0,sent:HOLD
327,1034299.272154200,0.000270900,0.030000000,0.030000000,1034299.272425100,1034299.302154200,0,sent:HOLD
328,1034299.303386800,0.000671200,0.030000000,0.030000000,1034299.304058000,1034299.333386800,0,
329,1034299.334309000,0.000177200,0.030000000,0.030000000,1034299.334486200,1034299.364309000,0,sent:HOLD
330,1034299.366108100,0.000352700,0.030000000,0.030000000,1034299.366460800,1034299.396108100,0,
331,1034299.397440300,0.000189500,0.030000000,0.030000000,1034299.397629800,1034299.427440300,0,sent:HOLD
332,1034299.428804600,0.000532100,0.030000000,0.030000000,1034299.429336700,1034299.458804600,0,sent:HOLD
333,1034299.460282400,0.001440000,0.030000000,0.030000000,1034299.461722400,1034299.490282400,0,
334,1034299.491301000,0.000592500,0.030000000,0.030000000,1034299.491893500,1034299.521301000,0,sent:HOLD
335,1034299.523099700,0.000652700,0.030000000,0.030000000,1034299.523752400,1034299.553099700,0,
336,1034299.553497600,0.000236600,0.030000000,0.030000000,1034299.553734200,1034299.583497600,0,sent:HOLD
337,1034299.570005700,0.000312600,0.030000000,0.030000000,1034299.570318300,1034299.600005700,0,sent:HOLD
338,1034299.600114200,0.000333100,0.030000000,0.030000000,1034299.600447300,1034299.630114200,0,
339,1034299.630892000,0.000275200,0.030000000,0.030000000,1034299.631167200,1034299.660892000,0,sent:HOLD
340,1034299.661696900,0.000588800,0.030000000,0.030000000,1034299.662285700,1034299.691696900,0,
341,1034299.692057200,0.000309300,0.030000000,0.030000000,1034299.692366500,1034299.722057200,0,sent:HOLD
342,1034299.723602700,0.000207200,0.030000000,0.030000000,1034299.723809900,1034299.753602700,0,sent:HOLD
343,1034299.755042800,0.000157700,0.030000000,0.030000000,1034299.755200500,1034299.785042800,0,
344,1034299.785358100,0.000406200,0.030000000,0.030000000,1034299.785764300,1034299.815358100,0,sent:HOLD
345,1034299.816647900,0.000252900,0.030000000,0.030000000,1034299.816900800,1034299.846647900,0,sent:HOLD
346,1034299.848509900,0.000217300,0.030000000,0.030000000,1034299.848727200,1034299.878509900,0,
347,1034299.880165900,0.000351600,0.030000000,0.030000000,1034299.880517500,1034299.910165900,0,sent:HOLD
348,1034299.910685300,0.000396300,0.030000000,0.030000000,1034299.911081600,1034299.940685300,0,
349,1034299.941952300,0.000701300,0.030000000,0.030000000,1034299.942653600,1034299.971952300,0,sent:HOLD
350,1034299.972978100,0.000389300,0.030000000,0.030000000,1034299.973367400,1034300.002978100,0,
351,1034300.004651500,0.000543600,0.030000000,0.030000000,1034300.005195100,1034300.034651500,0,sent:HOLD
352,1034300.035705000,0.000675100,0.030000000,0.030000000,1034300.036380100,1034300.065705000,0,sent:HOLD
353,1034300.050984500,0.000662900,0.030000000,0.030000000,1034300.051647400,1034300.080984500,0,
354,1034300.082406800,0.000228900,0.030000000,0.030000000,1034300.082635700,1034300.112406800,0,sent:HOLD
355,1034300.114488200,0.000335200,0.030000000,0.030000000,1034300.114823400,1034300.144488200,0,sent:HOLD
356,1034300.144691100,0.000334300,0.030000000,0.030000000,1034300.145025400,1034300.174691100,0,
357,1034300.176504100,0.000822300,0.030000000,0.030000000,1034300.177326400,1034300.206504100,0,sent:HOLD
358,1034300.207555500,0.000174800,0.030000000,0.030000000,1034300.207730300,1034300.237555500,0,
359,1034300.238224600,0.000181600,0.030000000,0.030000000,1034300.238406200,1034300.268224600,0,sent:HOLD
360,1034300.269350700,0.000408100,0.030000000,0.030000000,1034300.269758800,1034300.299350700,0,sent:HOLD
361,1034300.299843500,0.000398300,0.030000000,0.030000000,1034300.300241800,1034300.329843500,0,
362,1034300.331495600,0.000398100,0.030000000,0.030000000,1034300.331893700,1034300.361495600,0,sent:HOLD
363,1034300.363447000,0.000489900,0.030000000,0.030000000,1034300.363936900,1034300.393447000,0,
364,1034300.394491700,0.000206500,0.030000000,0.030000000,1034300.394698200,1034300.424491700,0,sent:HOLD
365,1034300.410243600,0.000302000,0.030000000,0.030000000,1034300.410545600,1034300.440243600,0,
366,1034300.441351100,0.000617900,0.030000000,0.030000000,1034300.441969000,1034300.471351100,0,sent:HOLD
367,1034300.472382900,0.000233100,0.030000000,0.030000000,1034300.472616000,1034300.502382900,0,sent:HOLD
368,1034300.504181600,0.000333300,0.030000000,0.030000000,1034300.504514900,1034300.534181600,0,
369,1034300.535206400,0.000251800,0.030000000,0.030000000,1034300.535458200,1034300.565206400,0,sent:HOLD
370,1034300.566528800,0.000302200,0.030000000,0.030000000,1034300.566831000,1034300.596528800,0,sent:HOLD
371,1034300.597130100,0.000414600,0.030000000,0.030000000,1034300.597544700,1034300.627130100,0,
372,1034300.628661300,0.000146700,0.030000000,0.030000000,1034300.628808000,1034300.658661300,0,sent:HOLD
373,1034300.660381500,0.000697600,0.030000000,0.030000000,1034300.661079100,1034300.690381500,0,
374,1034300.691573400,0.000362900,0.030000000,0.030000000,1034300.691936300,1034300.721573400,0,sent:HOLD
375,1034300.723185600,0.000352700,0.030000000,0.030000000,1034300.723538300,1034300.753185600,0,
376,1034300.753608200,0.000404500,0.030000000,0.030000000,1034300.754012700,1034300.783608200,0,sent:HOLD
377,1034300.784738100,0.000244000,0.030000000,0.030000000,1034300.784982100,1034300.814738100,0,sent:HOLD
378,1034300.800408500,0.000465900,0.030000000,0.030000000,1034300.800874400,1034300.830408500,0,
379,1034300.831759900,0.000354100,0.030000000,0.030000000,1034300.832114000,1034300.861759900,0,sent:HOLD
380,1034300.864100500,0.000614800,0.030000000,0.030000000,1034300.864715300,1034300.894100500,0,
381,1034300.894722400,0.000154300,0.030000000,0.030000000,1034300.894876700,1034300.924722400,0,sent:HOLD
382,1034300.925800900,0.000281600,0.030000000,0.030000000,1034300.926082500,1034300.955800900,0,sent:HOLD
383,1034300.956560800,0.000198600,0.030000000,0.030000000,1034300.956759400,1034300.986560800,0,
384,1034300.988579600,0.000277200,0.030000000,0.030000000,1034300.988856800,1034301.018579600,0,sent:HOLD
385,1034301.020082700,0.000145400,0.030000000,0.030000000,1034301.020228100,1034301.050082700,0,sent:HOLD
386,1034301.051820600,0.000199500,0.030000000,0.030000000,1034301.052020100,1034301.081820600,0,
387,1034301.084030000,0.000240000,0.030000000,0.030000000,1034301.084270000,1034301.114030000,0,sent:HOLD
388,1034301.100386300,0.000141100,0.030000000,0.030000000,1034301.100527400,1034301.130386300,0,
389,1034301.130823500,0.000371200,0.030000000,0.030000000,1034301.131194700,1034301.160823500,0,sent:HOLD
390,1034301.163165800,0.000122800,0.030000000,0.030000000,1034301.163288600,1034301.193165800,0,sent:DEGRADE
391,1034301.194452300,0.000158400,0.030000000,0.030000000,1034301.194610700,1034301.224452300,0,sent:DEGRADE
392,1034301.226047900,0.000136800,0.030000000,0.030000000,1034301.226184700,1034301.256047900,0,sent:HOLD
393,1034301.257923100,0.000199500,0.030000000,0.030000000,1034301.258122600,1034301.287923100,0,sent:DEGRADE
394,1034301.288578700,0.000281000,0.030000000,0.030000000,1034301.288859700,1034301.318578700,0,sent:DEGRADE
395,1034301.320170900,0.000398800,0.030000000,0.030000000,1034301.320569700,1034301.350170900,0,sent:DEGRADE
396,1034301.351725000,0.000401200,0.030000000,0.030000000,1034301.352126200,1034301.381725000,0,sent:DEGRADE
397,1034301.382149300,0.000219300,0.030000000,0.030000000,1034301.382368600,1034301.412149300,0,sent:DEGRADE
398,1034301.414153100,0.000537200,0.030000000,0.030000000,1034301.414690300,1034301.444153100,0,sent:DEGRADE
399,1034301.429625100,0.000227700,0.030000000,0.030000000,1034301.429852800,1034301.459625100,0,sent:HOLD
400,1034301.460570300,0.000352200,0.030000000,0.030000000,1034301.460922500,1034301.490570300,0,sent:DEGRADE
401,1034301.491335100,0.000215400,0.030000000,0.030000000,1034301.491550500,1034301.521335100,0,sent:DEGRADE
402,1034301.522175600,0.000184300,0.030000000,0.030000000,1034301.522359900,1034301.552175600,0,sent:HOLD
403,1034301.554335700,0.000136700,0.030000000,0.030000000,1034301.554472400,1034301.584335700,0,sent:DEGRADE
404,1034301.585876900,0.000217100,0.030000000,0.030000000,1034301.586094000,1034301.615876900,0,sent:DEGRADE
405,1034301.616500400,0.000144000,0.030000000,0.030000000,1034301.616644400,1034301.646500400,0,sent:DEGRADE
406,1034301.649342200,0.000376900,0.030000000,0.030000000,1034301.649719100,1034301.679342200,0,sent:DEGRADE
407,1034301.679397500,0.000156700,0.030000000,0.030000000,1034301.679554200,1034301.709397500,0,sent:DEGRADE
408,1034301.710880500,0.000356000,0.030000000,0.030000000,1034301.711236500,1034301.740880500,0,sent:DEGRADE
409,1034301.741221100,0.000252500,0.030000000,0.030000000,1034301.741473600,1034301.771221100,0,sent:HOLD
410,1034301.772391300,0.000133400,0.030000000,0.030000000,1034301.772524700,1034301.802391300,0,sent:DEGRADE
411,1034301.803085300,0.000169300,0.030000000,0.030000000,1034301.803254600,1034301.833085300,0,
412,1034301.835008500,0.000163600,0.030000000,0.030000000,1034301.835172100,1034301.865008500,0,sent:DEGRADE
413,1034301.850947700,0.000101300,0.030000000,0.030000000,1034301.851049000,1034301.880947700,0,sent:DEGRADE
414,1034301.881996100,0.000243700,0.030000000,0.030000000,1034301.882239800,1034301.911996100,0,sent:HOLD
415,1034301.912736600,0.000150800,0.030000000,0.030000000,1034301.912887400,1034301.942736600,0,sent:DEGRADE
416,1034301.943142800,0.000174100,0.030000000,0.030000000,1034301.943316900,1034301.973142800,0,
417,1034301.974357600,0.000233700,0.030000000,0.030000000,1034301.974591300,1034302.004357600,0,sent:HOLD
418,1034302.006310000,0.000188300,0.030000000,0.030000000,1034302.006498300,1034302.036310000,0,sent:DEGRADE
419,1034302.037220600,0.000131400,0.030000000,0.030000000,1034302.037352000,1034302.067220600,0,sent:DEGRADE
420,1034302.068550400,0.000165000,0.030000000,0.030000000,1034302.068715400,1034302.098550400,0,sent:HOLD
421,1034302.100307500,0.000541000,0.030000000,0.030000000,1034302.100848500,1034302.130307500,0,sent:DEGRADE
422,1034302.131422100,0.000257500,0.030000000,0.030000000,1034302.131679600,1034302.161422100,0,sent:HOLD
423,1034302.162866300,0.000422900,0.030000000,0.030000000,1034302.163289200,1034302.192866300,0,
424,1034302.194637300,0.000278700,0.030000000,0.030000000,1034302.194916000,1034302.224637300,0,sent:HOLD
425,1034302.210745900,0.000600300,0.030000000,0.030000000,1034302.211346200,1034302.240745900,0,
426,1034302.241415600,0.000265700,0.030000000,0.030000000,1034302.241681300,1034302.271415600,0,sent:HOLD
427,1034302.274836200,0.000686400,0.030000000,0.030000000,1034302.275522600,1034302.304836200,0,sent:HOLD
428,1034302.304169600,0.000901000,0.030000000,0.030000000,1034302.305070600,1034302.334169600,0,
429,1034302.334018900,0.001045100,0.030000000,0.030000000,1034302.335064000,1034302.364018900,0,sent:HOLD
430,1034302.365933100,0.000713100,0.030000000,0.030000000,1034302.366646200,1034302.395933100,0,sent:HOLD
431,1034302.396028500,0.000362700,0.030000000,0.030000000,1034302.396391200,1034302.426028500,0,
432,1034302.427352700,0.000525300,0.030000000,0.030000000,1034302.427878000,1034302.457352700,0,sent:HOLD
433,1034302.458454000,0.000558100,0.030000000,0.030000000,1034302.459012100,1034302.488454000,0,
434,1034302.489214200,0.000679800,0.030000000,0.030000000,1034302.489894000,1034302.519214200,0,sent:HOLD
435,1034302.519780400,0.001087700,0.030000000,0.030000000,1034302.520868100,1034302.549780400,0,
436,1034302.551085800,0.000822900,0.030000000,0.030000000,1034302.551908700,1034302.581085800,0,sent:HOLD
437,1034302.582302600,0.000479700,0.030000000,0.030000000,1034302.582782300,1034302.612302600,0,sent:HOLD
438,1034302.612693100,0.000946500,0.030000000,0.030000000,1034302.613639600,1034302.642693100,0,
439,1034302.644010000,0.000552000,0.030000000,0.030000000,1034302.644562000,1034302.674010000,0,sent:HOLD
440,1034302.674229400,0.000332800,0.030000000,0.030000000,1034302.674562200,1034302.704229400,0,sent:HOLD
441,1034302.690006000,0.000374600,0.030000000,0.030000000,1034302.690380600,1034302.720006000,0,
442,1034302.721396800,0.000173100,0.030000000,0.030000000,1034302.721569900,1034302.751396800,0,sent:HOLD
443,1034302.753624500,0.000206400,0.030000000,0.030000000,1034302.753830900,1034302.783624500,0,
444,1034302.784490300,0.000495300,0.030000000,0.030000000,1034302.784985600,1034302.814490300,0,sent:HOLD
445,1034302.815026000,0.000348900,0.030000000,0.030000000,1034302.815374900,1034302.845026000,0,sent:HOLD
446,1034302.845612400,0.000261400,0.030000000,0.030000000,1034302.845873800,1034302.875612400,0,
447,1034302.875912400,0.000541100,0.030000000,0.030000000,1034302.876453500,1034302.905912400,0,sent:HOLD
448,1034302.906297400,0.000419200,0.030000000,0.030000000,1034302.906716600,1034302.936297400,0,
449,1034302.938038300,0.000838400,0.030000000,0.030000000,1034302.938876700,1034302.968038300,0,sent:HOLD
450,1034302.968812700,0.000517400,0.030000000,0.030000000,1034302.969330100,1034302.998812700,0,
451,1034303.000312400,0.000333200,0.030000000,0.030000000,1034303.000645600,1034303.030312400,0,sent:HOLD
452,1034303.031129300,0.000289100,0.030000000,0.030000000,1034303.031418400,1034303.061129300,0,sent:HOLD
453,1034303.064337800,0.000769700,0.030000000,0.030000000,1034303.065107500,1034303.094337800,0,
454,1034303.094053600,0.000466300,0.030000000,0.030000000,1034303.094519900,1034303.124053600,0,sent:HOLD
455,1034303.110251200,0.000708000,0.030000000,0.030000000,1034303.110959200,1034303.140251200,0,
456,1034303.141312800,0.000302200,0.030000000,0.030000000,1034303.141615000,1034303.171312800,0,sent:HOLD
457,1034303.171715600,0.000444900,0.030000000,0.030000000,1034303.172160500,1034303.201715600,0,
458,1034303.203630300,0.000440400,0.030000000,0.030000000,1034303.204070700,1034303.233630300,0,sent:HOLD
459,1034303.235526800,0.000328600,0.030000000,0.030000000,1034303.235855400,1034303.265526800,0,sent:HOLD
460,1034303.266740900,0.000378400,0.030000000,0.030000000,1034303.267119300,1034303.296740900,0,
461,1034303.297839400,0.000236200,0.030000000,0.030000000,1034303.298075600,1034303.327839400,0,sent:HOLD
462,1034303.329249800,0.000425900,0.030000000,0.030000000,1034303.329675700,1034303.359249800,0,sent:HOLD
463,1034303.359980700,0.000860100,0.030000000,0.030000000,1034303.360840800,1034303.389980700,0,
464,1034303.391098500,0.001048400,0.030000000,0.030000000,1034303.392146900,1034303.421098500,0,sent:HOLD
465,1034303.421618500,0.000331200,0.030000000,0.030000000,1034303.421949700,1034303.451618500,0,sent:HOLD
466,1034303.451522600,0.000370800,0.030000000,0.030000000,1034303.451893400,1034303.481522600,0,
467,1034303.483563900,0.000671300,0.030000000,0.030000000,1034303.484235200,1034303.513563900,0,sent:HOLD
468,1034303.514994500,0.000387600,0.030000000,0.030000000,1034303.515382100,1034303.544994500,0,
469,1034303.530991600,0.000183600,0.030000000,0.030000000,1034303.531175200,1034303.560991600,0,sent:HOLD
470,1034303.561218100,0.000342800,0.030000000,0.030000000,1034303.561560900,1034303.591218100,0,
471,1034303.591627900,0.000474400,0.030000000,0.030000000,1034303.592102300,1034303.621627900,0,sent:HOLD
472,1034303.624080100,0.000379400,0.030000000,0.030000000,1034303.624459500,1034303.654080100,0,sent:HOLD
473,1034303.655309900,0.000296800,0.030000000,0.030000000,1034303.655606700,1034303.685309900,0,
474,1034303.685310100,0.000269600,0.030000000,0.030000000,1034303.685579700,1034303.715310100,0,sent:HOLD
475,1034303.716176900,0.000337900,0.030000000,0.030000000,1034303.716514800,1034303.746176900,0,sent:HOLD
476,1034303.745896400,0.000275000,0.030000000,0.030000000,1034303.746171400,1034303.775896400,0,
477,1034303.777308600,0.000292300,0.030000000,0.030000000,1034303.777600900,1034303.807308600,0,sent:HOLD
478,1034303.809221300,0.000752900,0.030000000,0.030000000,1034303.809974200,1034303.839221300,0,
479,1034303.840535000,0.000262800,0.030000000,0.030000000,1034303.840797800,1034303.870535000,0,sent:HOLD
480,1034303.870797500,0.000424300,0.030000000,0.030000000,1034303.871221800,1034303.900797500,0,
481,1034303.903293800,0.000559200,0.030000000,0.030000000,1034303.903853000,1034303.933293800,0,sent:HOLD
482,1034303.919880400,0.000664600,0.030000000,0.030000000,1034303.920545000,1034303.949880400,0,
483,1034303.951380500,0.000164200,0.030000000,0.030000000,1034303.951544700,1034303.981380500,0,sent:HOLD
484,1034303.982452600,0.000252300,0.030000000,0.030000000,1034303.982704900,1034304.012452600,0,sent:HOLD
485,1034304.013421600,0.000179600,0.030000000,0.030000000,1034304.013601200,1034304.043421600,0,sent:HOLD
486,1034304.044867800,0.000396600,0.030000000,0.030000000,1034304.045264400,1034304.074867800,0,
487,1034304.075234000,0.000767300,0.030000000,0.030000000,1034304.076001300,1034304.105234000,0,sent:HOLD
488,1034304.105960100,0.000197900,0.030000000,0.030000000,1034304.106158000,1034304.135960100,0,
489,1034304.138330600,0.000277300,0.030000000,0.030000000,1034304.138607900,1034304.168330600,0,sent:HOLD
490,1034304.169006800,0.000302200,0.030000000,0.030000000,1034304.169309000,1034304.199006800,0,sent:HOLD
491,1034304.201060100,0.000231500,0.030000000,0.030000000,1034304.201291600,1034304.231060100,0,
492,1034304.232911400,0.000307400,0.030000000,0.030000000,1034304.233218800,1034304.262911400,0,sent:HOLD
493,1034304.263680700,0.000233700,0.030000000,0.030000000,1034304.263914400,1034304.293680700,0,
494,1034304.293820100,0.000533200,0.030000000,0.030000000,1034304.294353300,1034304.323820100,0,sent:HOLD
495,1034304.309871200,0.000175900,0.030000000,0.030000000,1034304.310047100,1034304.339871200,0,sent:HOLD
496,1034304.340709300,0.000737400,0.030000000,0.030000000,1034304.341446700,1034304.370709300,0,
497,1034304.371977000,0.000319200,0.030000000,0.030000000,1034304.372296200,1034304.401977000,0,
498,1034304.403161900,0.000286200,0.030000000,0.030000000,1034304.403448100,1034304.433161900,0,sent:HOLD
499,1034304.434256800,0.000201200,0.030000000,0.030000000,1034304.434458000,1034304.464256800,0,sent:HOLD
500,1034304.465806500,0.000243200,0.030000000,0.030000000,1034304.466049700,1034304.495806500,0,sent:HOLD
501,1034304.495819600,0.000314000,0.030000000,0.030000000,1034304.496133600,1034304.525819600,0,
502,1034304.526655100,0.000273600,0.030000000,0.030000000,1034304.526928700,1034304.556655100,0,sent:HOLD
503,1034304.557685700,0.000160100,0.030000000,0.030000000,1034304.557845800,1034304.587685700,0,
504,1034304.589534900,0.000360100,0.030000000,0.030000000,1034304.589895000,1034304.619534900,0,sent:HOLD
505,1034304.619118600,0.000455600,0.030000000,0.030000000,1034304.619574200,1034304.649118600,0,
506,1034304.649608000,0.001042400,0.030000000,0.030000000,1034304.650650400,1034304.679608000,0,sent:HOLD
507,1034304.680311000,0.000889100,0.030000000,0.030000000,1034304.681200100,1034304.710311000,0,sent:HOLD
508,1034304.712318300,0.000688300,0.030000000,0.030000000,1034304.713006600,1034304.742318300,0,
509,1034304.743389300,0.000336100,0.030000000,0.030000000,1034304.743725400,1034304.773389300,0,sent:HOLD
510,1034304.774232900,0.000303000,0.030000000,0.030000000,1034304.774535900,1034304.804232900,0,sent:HOLD
511,1034304.790227400,0.000165000,0.030000000,0.030000000,1034304.790392400,1034304.820227400,0,
512,1034304.821612500,0.000209000,0.030000000,0.030000000,1034304.821821500,1034304.851612500,0,sent:HOLD
513,1034304.852981800,0.000340700,0.030000000,0.030000000,1034304.853322500,1034304.882981800,0,
514,1034304.884511700,0.000142000,0.030000000,0.030000000,1034304.884653700,1034304.914511700,0,sent:HOLD
515,1034304.916160700,0.000211600,0.030000000,0.030000000,1034304.916372300,1034304.946160700,0,
516,1034304.946607900,0.000402400,0.030000000,0.030000000,1034304.947010300,1034304.976607900,0,sent:HOLD
517,1034304.977118200,0.000185800,0.030000000,0.030000000,1034304.977304000,1034305.007118200,0,sent:HOLD
518,1034305.009396300,0.000961500,0.030000000,0.030000000,1034305.010357800,1034305.039396300,0,
519,1034305.040484700,0.000449400,0.030000000,0.030000000,1034305.040934100,1034305.070484700,0,sent:HOLD
520,1034305.071470700,0.000885500,0.030000000,0.030000000,1034305.072356200,1034305.101470700,0,sent:HOLD
521,1034305.103036200,0.000233100,0.030000000,0.030000000,1034305.103269300,1034305.133036200,0,
522,1034305.133779200,0.000199300,0.030000000,0.030000000,1034305.133978500,1034305.163779200,0,sent:HOLD
523,1034305.164811100,0.000371600,0.030000000,0.030000000,1034305.165182700,1034305.194811100,0,
524,1034305.180547900,0.000556900,0.030000000,0.030000000,1034305.181104800,1034305.210547900,0,sent:HOLD
525,1034305.211597200,0.000394100,0.030000000,0.030000000,1034305.211991300,1034305.241597200,0,sent:HOLD
526,1034305.242475800,0.000279400,0.030000000,0.030000000,1034305.242755200,1034305.272475800,0,
527,1034305.273565900,0.000298100,0.030000000,0.030000000,1034305.273864000,1034305.303565900,0,sent:HOLD
528,1034305.304279800,0.000174400,0.030000000,0.030000000,1034305.304454200,1034305.334279800,0,
529,1034305.335412100,0.000783700,0.030000000,0.030000000,1034305.336195800,1034305.365412100,0,sent:HOLD
530,1034305.366189500,0.000170000,0.030000000,0.030000000,1034305.366359500,1034305.396189500,0,
531,1034305.397355700,0.000207600,0.030000000,0.030000000,1034305.397563300,1034305.427355700,0,sent:HOLD
532,1034305.428846600,0.000219400,0.030000000,0.030000000,1034305.429066000,1034305.458846600,0,sent:HOLD
533,1034305.458948200,0.000219200,0.030000000,0.030000000,1034305.459167400,1034305.488948200,0,
534,1034305.490363300,0.000324300,0.030000000,0.030000000,1034305.490687600,1034305.520363300,0,sent:HOLD
535,1034305.520464800,0.000592100,0.030000000,0.030000000,1034305.521056900,1034305.550464800,0,
536,1034305.551807500,0.000269200,0.030000000,0.030000000,1034305.552076700,1034305.581807500,0,sent:HOLD
537,1034305.583405000,0.000240200,0.030000000,0.030000000,1034305.583645200,1034305.613405000,0,sent:HOLD
538,1034305.614842200,0.000121800,0.030000000,0.030000000,1034305.614964000,1034305.644842200,0,sent:HOLD
539,1034305.630281200,0.000203100,0.030000000,0.030000000,1034305.630484300,1034305.660281200,0,
540,1034305.661735300,0.000660700,0.030000000,0.030000000,1034305.662396000,1034305.691735300,0,
541,1034305.693551500,0.000286500,0.030000000,0.030000000,1034305.693838000,1034305.723551500,0,sent:HOLD
542,1034305.724967200,0.000488300,0.030000000,0.030000000,1034305.725455500,1034305.754967200,0,sent:HOLD
543,1034305.756236100,0.000159600,0.030000000,0.030000000,1034305.756395700,1034305.786236100,0,
544,1034305.786956400,0.000413100,0.030000000,0.030000000,1034305.787369500,1034305.816956400,0,sent:HOLD
545,1034305.819425800,0.000306000,0.030000000,0.030000000,1034305.819731800,1034305.849425800,0,sent:HOLD
546,1034305.850094800,0.000366600,0.030000000,0.030000000,1034305.850461400,1034305.880094800,0,
547,1034305.881351300,0.000538700,0.030000000,0.030000000,1034305.881890000,1034305.911351300,0,sent:HOLD
548,1034305.912290700,0.000903600,0.030000000,0.030000000,1034305.913194300,1034305.942290700,0,
549,1034305.943402200,0.001792600,0.030000000,0.030000000,1034305.945194800,1034305.973402200,0,sent:HOLD
550,1034305.959515400,0.000293500,0.030000000,0.030000000,1034305.959808900,1034305.989515400,0,sent:HOLD
551,1034305.990272500,0.000986100,0.030000000,0.030000000,1034305.991258600,1034306.020272500,0,
552,1034306.021745000,0.000293200,0.030000000,0.030000000,1034306.022038200,1034306.051745000,0,
553,1034306.053286200,0.000177200,0.030000000,0.030000000,1034306.053463400,1034306.083286200,0,sent:HOLD
554,1034306.085001500,0.000285800,0.030000000,0.030000000,1034306.085287300,1034306.115001500,0,sent:HOLD
555,1034306.116306400,0.000339300,0.030000000,0.030000000,1034306.116645700,1034306.146306400,0,
556,1034306.147137000,0.000422200,0.030000000,0.030000000,1034306.147559200,1034306.177137000,0,sent:HOLD
557,1034306.178664100,0.000381700,0.030000000,0.030000000,1034306.179045800,1034306.208664100,0,sent:HOLD
558,1034306.210018700,0.000292400,0.030000000,0.030000000,1034306.210311100,1034306.240018700,0,sent:HOLD
559,1034306.240674400,0.000280900,0.030000000,0.030000000,1034306.240955300,1034306.270674400,0,
560,1034306.271444200,0.000438100,0.030000000,0.030000000,1034306.271882300,1034306.301444200,0,
561,1034306.301669500,0.000469000,0.030000000,0.030000000,1034306.302138500,1034306.331669500,0,sent:HOLD
562,1034306.333120500,0.000230900,0.030000000,0.030000000,1034306.333351400,1034306.363120500,0,sent:HOLD
563,1034306.364098100,0.000267400,0.030000000,0.030000000,1034306.364365500,1034306.394098100,0,
564,1034306.379604100,0.000148300,0.030000000,0.030000000,1034306.379752400,1034306.409604100,0,sent:HOLD
565,1034306.410385200,0.000139300,0.030000000,0.030000000,1034306.410524500,1034306.440385200,0,sent:HOLD
566,1034306.441558600,0.000318900,0.030000000,0.030000000,1034306.441877500,1034306.471558600,0,
567,1034306.472024200,0.000579700,0.030000000,0.030000000,1034306.472603900,1034306.502024200,0,
568,1034306.503555500,0.000159900,0.030000000,0.030000000,1034306.503715400,1034306.533555500,0,sent:HOLD
569,1034306.534921900,0.000141300,0.030000000,0.030000000,1034306.535063200,1034306.564921900,0,sent:HOLD
570,1034306.565600200,0.000279500,0.030000000,0.030000000,1034306.565879700,1034306.595600200,0,sent:HOLD
571,1034306.596749600,0.000147700,0.030000000,0.030000000,1034306.596897300,1034306.626749600,0,
572,1034306.628710200,0.000275200,0.030000000,0.030000000,1034306.628985400,1034306.658710200,0,sent:HOLD
573,1034306.660836900,0.000466900,0.030000000,0.030000000,1034306.661303800,1034306.690836900,0,
574,1034306.691834400,0.000200000,0.030000000,0.030000000,1034306.692034400,1034306.721834400,0,sent:HOLD
575,1034306.723940000,0.000334700,0.030000000,0.030000000,1034306.724274700,1034306.753940000,0,sent:HOLD
576,1034306.754101100,0.000226200,0.030000000,0.030000000,1034306.754327300,1034306.784101100,0,
577,1034306.770005000,0.000350600,0.030000000,0.030000000,1034306.770355600,1034306.800005000,0,sent:HOLD
578,1034306.801592800,0.000131200,0.030000000,0.030000000,1034306.801724000,1034306.831592800,0,
579,1034306.833079000,0.000306600,0.030000000,0.030000000,1034306.833385600,1034306.863079000,0,sent:HOLD
580,1034306.864481300,0.000192800,0.030000000,0.030000000,1034306.864674100,1034306.894481300,0,
581,1034306.895479600,0.000261700,0.030000000,0.030000000,1034306.895741300,1034306.925479600,0,sent:HOLD
582,1034306.927022500,0.000213900,0.030000000,0.030000000,1034306.927236400,1034306.957022500,0,sent:HOLD
583,1034306.959143400,0.000357200,0.030000000,0.030000000,1034306.959500600,1034306.989143400,0,
584,1034306.990611800,0.000356000,0.030000000,0.030000000,1034306.990967800,1034307.020611800,0,sent:HOLD
585,1034307.023389900,0.000459200,0.030000000,0.030000000,1034307.023849100,1034307.053389900,0,sent:HOLD
586,1034307.054253700,0.000281300,0.030000000,0.030000000,1034307.054535000,1034307.084253700,0,
587,1034307.069997400,0.000173600,0.030000000,0.030000000,1034307.070171000,1034307.099997400,0,sent:HOLD
588,1034307.101596000,0.000683300,0.030000000,0.030000000,1034307.102279300,1034307.131596000,0,
589,1034307.133370900,0.000153900,0.030000000,0.030000000,1034307.133524800,1034307.163370900,0,sent:HOLD
590,1034307.164811700,0.000231600,0.030000000,0.030000000,1034307.165043300,1034307.194811700,0,
591,1034307.196194700,0.000302500,0.030000000,0.030000000,1034307.196497200,1034307.226194700,0,sent:HOLD
592,1034307.227350600,0.000166900,0.030000000,0.030000000,1034307.227517500,1034307.257350600,0,sent:HOLD
593,1034307.258461500,0.000632400,0.030000000,0.030000000,1034307.259093900,1034307.288461500,0,
594,1034307.289758000,0.000163100,0.030000000,0.030000000,1034307.289921100,1034307.319758000,0,sent:HOLD
595,1034307.320881300,0.000213200,0.030000000,0.030000000,1034307.321094500,1034307.350881300,0,
596,1034307.352230800,0.000258000,0.030000000,0.030000000,1034307.352488800,1034307.382230800,0,sent:HOLD
597,1034307.384004100,0.000203800,0.030000000,0.030000000,1034307.384207900,1034307.414004100,0,sent:HOLD
598,1034307.415338900,0.000170800,0.030000000,0.030000000,1034307.415509700,1034307.445338900,0,
599,1034307.430631000,0.000179500,0.030000000,0.030000000,1034307.430810500,1034307.460631000,0,sent:HOLD
600,1034307.463037800,0.000390400,0.030000000,0.030000000,1034307.463428200,1034307.493037800,0,
601,1034307.493826900,0.000165500,0.030000000,0.030000000,1034307.493992400,1034307.523826900,0,sent:HOLD
602,1034307.525106800,0.000588600,0.030000000,0.030000000,1034307.525695400,1034307.555106800,0,sent:HOLD
603,1034307.556774900,0.000414600,0.030000000,0.030000000,1034307.557189500,1034307.586774900,0,
604,1034307.587494500,0.000483500,0.030000000,0.030000000,1034307.587978000,1034307.617494500,0,sent:HOLD
605,1034307.619090100,0.000326300,0.030000000,0.030000000,1034307.619416400,1034307.649090100,0,
606,1034307.650064700,0.000345700,0.030000000,0.030000000,1034307.650410400,1034307.680064700,0,sent:HOLD
607,1034307.680921600,0.000218600,0.030000000,0.030000000,1034307.681140200,1034307.710921600,0,sent:HOLD
608,1034307.713500600,0.000273000,0.030000000,0.030000000,1034307.713773600,1034307.743500600,0,
609,1034307.744085400,0.000153700,0.030000000,0.030000000,1034307.744239100,1034307.774085400,0,sent:HOLD
610,1034307.774816500,0.000286100,0.030000000,0.030000000,1034307.775102600,1034307.804816500,0,sent:HOLD
611,1034307.790422900,0.000158500,0.030000000,0.030000000,1034307.790581400,1034307.820422900,0,
612,1034307.821686400,0.000686300,0.030000000,0.030000000,1034307.822372700,1034307.851686400,0,
613,1034307.853210800,0.000147600,0.030000000,0.030000000,1034307.853358400,1034307.883210800,0,sent:HOLD
614,1034307.884798500,0.000236200,0.030000000,0.030000000,1034307.885034700,1034307.914798500,0,sent:HOLD
615,1034307.916001800,0.000298500,0.030000000,0.030000000,1034307.916300300,1034307.946001800,0,
616,1034307.947472300,0.000453800,0.030000000,0.030000000,1034307.947926100,1034307.977472300,0,sent:HOLD
617,1034307.978962000,0.000132700,0.030000000,0.030000000,1034307.979094700,1034308.008962000,0,sent:HOLD
618,1034308.009005000,0.000369700,0.030000000,0.030000000,1034308.009374700,1034308.039005000,0,
619,1034308.039609500,0.000308200,0.030000000,0.030000000,1034308.039917700,1034308.069609500,0,sent:HOLD
620,1034308.070845800,0.000150100,0.030000000,0.030000000,1034308.070995900,1034308.100845800,0,
621,1034308.101477900,0.000386600,0.030000000,0.030000000,1034308.101864500,1034308.131477900,0,sent:HOLD
622,1034308.133449900,0.000257200,0.030000000,0.030000000,1034308.133707100,1034308.163449900,0,sent:HOLD
623,1034308.164655800,0.000942600,0.030000000,0.030000000,1034308.165598400,1034308.194655800,0,
624,1034308.180068400,0.000134200,0.030000000,0.030000000,1034308.180202600,1034308.210068400,0,sent:HOLD
625,1034308.211376300,0.000521000,0.030000000,0.030000000,1034308.211897300,1034308.241376300,0,
626,1034308.243304300,0.000372100,0.030000000,0.030000000,1034308.243676400,1034308.273304300,0,sent:HOLD
627,1034308.274576900,0.000200800,0.030000000,0.030000000,1034308.274777700,1034308.304576900,0,sent:HOLD
628,1034308.305699500,0.000168400,0.030000000,0.030000000,1034308.305867900,1034308.335699500,0,
629,1034308.337357000,0.000168800,0.030000000,0.030000000,1034308.337525800,1034308.367357000,0,sent:HOLD
630,1034308.367182900,0.000405300,0.030000000,0.030000000,1034308.367588200,1034308.397182900,0,
631,1034308.398987400,0.000352300,0.030000000,0.030000000,1034308.399339700,1034308.428987400,0,sent:HOLD
632,1034308.430201400,0.000190400,0.030000000,0.030000000,1034308.430391800,1034308.460201400,0,sent:HOLD
633,1034308.460399400,0.000705800,0.030000000,0.030000000,1034308.461105200,1034308.490399400,0,
634,1034308.491226000,0.000289500,0.030000000,0.030000000,1034308.491515500,1034308.521226000,0,sent:HOLD
635,1034308.523400200,0.000140700,0.030000000,0.030000000,1034308.523540900,1034308.553400200,0,sent:HOLD
636,1034308.554139800,0.000291200,0.030000000,0.030000000,1034308.554431000,1034308.584139800,0,
637,1034308.569600400,0.000285300,0.030000000,0.030000000,1034308.569885700,1034308.599600400,0,
638,1034308.601942900,0.000149400,0.030000000,0.030000000,1034308.602092300,1034308.631942900,0,sent:HOLD
639,1034308.633154400,0.000180200,0.030000000,0.030000000,1034308.633334600,1034308.663154400,0,sent:HOLD
640,1034308.664091700,0.000175700,0.030000000,0.030000000,1034308.664267400,1034308.694091700,0,sent:HOLD
641,1034308.694744000,0.000139600,0.030000000,0.030000000,1034308.694883600,1034308.724744000,0,
642,1034308.725221200,0.000323700,0.030000000,0.030000000,1034308.725544900,1034308.755221200,0,sent:HOLD
643,1034308.756245500,0.000190200,0.030000000,0.030000000,1034308.756435700,1034308.786245500,0,
644,1034308.787216500,0.000339400,0.030000000,0.030000000,1034308.787555900,1034308.817216500,0,sent:HOLD
645,1034308.819127200,0.000178800,0.030000000,0.030000000,1034308.819306000,1034308.849127200,0,sent:HOLD
646,1034308.849813900,0.000274700,0.030000000,0.030000000,1034308.850088600,1034308.879813900,0,
647,1034308.881183800,0.000548700,0.030000000,0.030000000,1034308.881732500,1034308.911183800,0,sent:HOLD
648,1034308.912336400,0.000205200,0.030000000,0.030000000,1034308.912541600,1034308.942336400,0,
649,1034308.943478200,0.000204000,0.030000000,0.030000000,1034308.943682200,1034308.973478200,0,sent:HOLD
650,1034308.973149800,0.000322200,0.030000000,0.030000000,1034308.973472000,1034309.003149800,0,
651,1034309.003122300,0.000373000,0.030000000,0.030000000,1034309.003495300,1034309.033122300,0,sent:HOLD
652,1034309.033876900,0.000508600,0.030000000,0.030000000,1034309.034385500,1034309.063876900,0,sent:HOLD
653,1034309.049814400,0.000161100,0.030000000,0.030000000,1034309.049975500,1034309.079814400,0,
654,1034309.081438700,0.000147000,0.030000000,0.030000000,1034309.081585700,1034309.111438700,0,sent:HOLD
655,1034309.112658400,0.000508500,0.030000000,0.030000000,1034309.113166900,1034309.142658400,0,sent:HOLD
656,1034309.144364500,0.000147300,0.030000000,0.030000000,1034309.144511800,1034309.174364500,0,
657,1034309.175123200,0.000296600,0.030000000,0.030000000,1034309.175419800,1034309.205123200,0,sent:HOLD
658,1034309.206377800,0.000142000,0.030000000,0.030000000,1034309.206519800,1034309.236377800,0,
659,1034309.238002300,0.000253400,0.030000000,0.030000000,1034309.238255700,1034309.268002300,0,sent:HOLD
660,1034309.269466800,0.000230200,0.030000000,0.030000000,1034309.269697000,1034309.299466800,0,
661,1034309.300732900,0.000148300,0.030000000,0.030000000,1034309.300881200,1034309.330732900,0,sent:HOLD
662,1034309.331792500,0.000239300,0.030000000,0.030000000,1034309.332031800,1034309.361792500,0,sent:HOLD
663,1034309.364499900,0.000122800,0.030000000,0.030000000,1034309.364622700,1034309.394499900,0,sent:HOLD
664,1034309.379697900,0.000323000,0.030000000,0.030000000,1034309.380020900,1034309.409697900,0,
665,1034309.411600900,0.000641700,0.030000000,0.030000000,1034309.412242600,1034309.441600900,0,
666,1034309.443295600,0.000355600,0.030000000,0.030000000,1034309.443651200,1034309.473295600,0,sent:HOLD
667,1034309.473268000,0.000548900,0.030000000,0.030000000,1034309.473816900,1034309.503268000,0,
668,1034309.504075000,0.000164300,0.030000000,0.030000000,1034309.504239300,1034309.534075000,0,sent:HOLD
669,1034309.535488800,0.000339000,0.030000000,0.030000000,1034309.535827800,1034309.565488800,0,sent:HOLD
670,1034309.567282700,0.000136700,0.030000000,0.030000000,1034309.567419400,1034309.597282700,0,sent:HOLD
671,1034309.598495100,0.000169800,0.030000000,0.030000000,1034309.598664900,1034309.628495100,0,
672,1034309.629964300,0.000395500,0.030000000,0.030000000,1034309.630359800,1034309.659964300,0,sent:HOLD
673,1034309.662086300,0.000477700,0.030000000,0.030000000,1034309.662564000,1034309.692086300,0,
674,1034309.694241300,0.000386200,0.030000000,0.030000000,1034309.694627500,1034309.724241300,0,sent:HOLD
675,1034309.710411600,0.000149900,0.030000000,0.030000000,1034309.710561500,1034309.740411600,0,sent:HOLD
676,1034309.741325700,0.000224300,0.030000000,0.030000000,1034309.741550000,1034309.771325700,0,
677,1034309.772515600,0.000286600,0.030000000,0.030000000,1034309.772802200,1034309.802515600,0,sent:HOLD
678,1034309.803001300,0.000362100,0.030000000,0.030000000,1034309.803363400,1034309.833001300,0,
679,1034309.833887400,0.000166300,0.030000000,0.030000000,1034309.834053700,1034309.863887400,0,sent:HOLD
680,1034309.865360600,0.000200900,0.030000000,0.030000000,1034309.865561500,1034309.895360600,0,
681,1034309.896422800,0.000441100,0.030000000,0.030000000,1034309.896863900,1034309.926422800,0,sent:HOLD
682,1034309.927519600,0.000206400,0.030000000,0.030000000,1034309.927726000,1034309.957519600,0,sent:HOLD
683,1034309.958683300,0.000319700,0.030000000,0.030000000,1034309.959003000,1034309.988683300,0,
684,1034309.990177300,0.000302700,0.030000000,0.030000000,1034309.990480000,1034310.020177300,0,sent:HOLD
685,1034310.021617200,0.000137800,0.030000000,0.030000000,1034310.021755000,1034310.051617200,0,sent:HOLD
686,1034310.052859500,0.000196000,0.030000000,0.030000000,1034310.053055500,1034310.082859500,0,
687,1034310.084601200,0.000483200,0.030000000,0.030000000,1034310.085084400,1034310.114601200,0,sent:HOLD
688,1034310.099798000,0.000331800,0.030000000,0.030000000,1034310.100129800,1034310.129798000,0,
689,1034310.130582400,0.000340200,0.030000000,0.030000000,1034310.130922600,1034310.160582400,0,sent:HOLD
690,1034310.162016900,0.000178700,0.030000000,0.030000000,1034310.162195600,1034310.192016900,0,sent:HOLD
691,1034310.192232600,0.000265900,0.030000000,0.030000000,1034310.192498500,1034310.222232600,0,
692,1034310.223291800,0.000253700,0.030000000,0.030000000,1034310.223545500,1034310.253291800,0,
693,1034310.254232300,0.000235800,0.030000000,0.030000000,1034310.254468100,1034310.284232300,0,sent:HOLD
694,1034310.285845800,0.000225800,0.030000000,0.030000000,1034310.286071600,1034310.315845800,0,sent:HOLD
695,1034310.317793800,0.000204900,0.030000000,0.030000000,1034310.317998700,1034310.347793800,0,
696,1034310.348544800,0.000184200,0.030000000,0.030000000,1034310.348729000,1034310.378544800,0,sent:HOLD
697,1034310.380076800,0.000447300,0.030000000,0.030000000,1034310.380524100,1034310.410076800,0,sent:HOLD
698,1034310.412018700,0.000639400,0.030000000,0.030000000,1034310.412658100,1034310.442018700,0,
699,1034310.443517300,0.000334400,0.030000000,0.030000000,1034310.443851700,1034310.473517300,0,sent:HOLD
700,1034310.474364200,0.000452300,0.030000000,0.030000000,1034310.474816500,1034310.504364200,0,sent:HOLD
701,1034310.490162300,0.000136800,0.030000000,0.030000000,1034310.490299100,1034310.520162300,0,
702,1034310.520754300,0.000210200,0.030000000,0.030000000,1034310.520964500,1034310.550754300,0,
703,1034310.553291400,0.000189600,0.030000000,0.030000000,1034310.553481000,1034310.583291400,0,sent:HOLD
704,1034310.584889100,0.000220100,0.030000000,0.030000000,1034310.585109200,1034310.614889100,0,sent:HOLD
705,1034310.617054800,0.000587800,0.030000000,0.030000000,1034310.617642600,1034310.647054800,0,
706,1034310.648610200,0.000358500,0.030000000,0.030000000,1034310.648968700,1034310.678610200,0,sent:HOLD
707,1034310.680292800,0.000200100,0.030000000,0.030000000,1034310.680492900,1034310.710292800,0,sent:HOLD
708,1034310.712075400,0.000357700,0.030000000,0.030000000,1034310.712433100,1034310.742075400,0,
709,1034310.744223100,0.000156500,0.030000000,0.030000000,1034310.744379600,1034310.774223100,0,sent:HOLD
710,1034310.759375900,0.000249000,0.030000000,0.030000000,1034310.759624900,1034310.789375900,0,
711,1034310.790683700,0.000137500,0.030000000,0.030000000,1034310.790821200,1034310.820683700,0,sent:HOLD
712,1034310.821814300,0.000290700,0.030000000,0.030000000,1034310.822105000,1034310.851814300,0,sent:HOLD
713,1034310.853096800,0.000222300,0.030000000,0.030000000,1034310.853319100,1034310.883096800,0,
714,1034310.884852500,0.000145400,0.030000000,0.030000000,1034310.884997900,1034310.914852500,0,sent:HOLD
715,1034310.915266500,0.000165100,0.030000000,0.030000000,1034310.915431600,1034310.945266500,0,
716,1034310.947455000,0.000182100,0.030000000,0.030000000,1034310.947637100,1034310.977455000,0,sent:HOLD
717,1034310.977372400,0.000920600,0.030000000,0.030000000,1034310.978293000,1034311.007372400,0,sent:HOLD
718,1034311.008560500,0.000149200,0.030000000,0.030000000,1034311.008709700,1034311.038560500,0,
719,1034311.039893100,0.000156700,0.030000000,0.030000000,1034311.040049800,1034311.069893100,0,sent:HOLD
720,1034311.070938400,0.000152400,0.030000000,0.030000000,1034311.071090800,1034311.100938400,0,sent:HOLD
721,1034311.100954800,0.000475300,0.030000000,0.030000000,1034311.101430100,1034311.130954800,0,
722,1034311.131939600,0.000791800,0.030000000,0.030000000,1034311.132731400,1034311.161939600,0,sent:HOLD
723,1034311.164087200,0.000693900,0.030000000,0.030000000,1034311.164781100,1034311.194087200,0,
724,1034311.179854900,0.000488700,0.030000000,0.030000000,1034311.180343600,1034311.209854900,0,sent:HOLD
725,1034311.211147400,0.000504400,0.030000000,0.030000000,1034311.211651800,1034311.241147400,0,sent:HOLD
726,1034311.242171400,0.000148000,0.030000000,0.030000000,1034311.242319400,1034311.272171400,0,
727,1034311.273487200,0.000197300,0.030000000,0.030000000,1034311.273684500,1034311.303487200,0,
728,1034311.304810000,0.000150700,0.030000000,0.030000000,1034311.304960700,1034311.334810000,0,sent:HOLD
729,1034311.336078000,0.000135300,0.030000000,0.030000000,1034311.336213300,1034311.366078000,0,sent:HOLD
730,1034311.367137100,0.000163800,0.030000000,0.030000000,1034311.367300900,1034311.397137100,0,sent:HOLD
731,1034311.398956300,0.000117800,0.030000000,0.030000000,1034311.399074100,1034311.428956300,0,
732,1034311.430186700,0.000231000,0.030000000,0.030000000,1034311.430417700,1034311.460186700,0,sent:HOLD
733,1034311.461368200,0.000507700,0.030000000,0.030000000,1034311.461875900,1034311.491368200,0,
734,1034311.492918200,0.000273700,0.030000000,0.030000000,1034311.493191900,1034311.522918200,0,sent:HOLD
735,1034311.523126100,0.000393400,0.030000000,0.030000000,1034311.523519500,1034311.553126100,0,
736,1034311.554682600,0.000236700,0.030000000,0.030000000,1034311.554919300,1034311.584682600,0,sent:HOLD
737,1034311.570808200,0.000265400,0.030000000,0.030000000,1034311.571073600,1034311.600808200,0,sent:HOLD
738,1034311.602638700,0.000140100,0.030000000,0.030000000,1034311.602778800,1034311.632638700,0,
739,1034311.634679800,0.000212600,0.030000000,0.030000000,1034311.634892400,1034311.664679800,0,sent:HOLD
740,1034311.666323200,0.000469000,0.030000000,0.030000000,1034311.666792200,1034311.696323200,0,sent:HOLD
741,1034311.696884000,0.000557300,0.030000000,0.030000000,1034311.697441300,1034311.726884000,0,
742,1034311.728599400,0.000350700,0.030000000,0.030000000,1034311.728950100,1034311.758599400,0,sent:HOLD
743,1034311.760561400,0.000343900,0.030000000,0.030000000,1034311.760905300,1034311.790561400,0,
744,1034311.791496600,0.000229700,0.030000000,0.030000000,1034311.791726300,1034311.821496600,0,sent:HOLD
745,1034311.823066800,0.000796500,0.030000000,0.030000000,1034311.823863300,1034311.853066800,0,
746,1034311.853444400,0.000465000,0.030000000,0.030000000,1034311.853909400,1034311.883444400,0,sent:HOLD
747,1034311.884903100,0.000212400,0.030000000,0.030000000,1034311.885115500,1034311.914903100,0,sent:HOLD
748,1034311.900652700,0.000141000,0.030000000,0.030000000,1034311.900793700,1034311.930652700,0,
749,1034311.931839900,0.000201100,0.030000000,0.030000000,1034311.932041000,1034311.961839900,0,sent:HOLD
750,1034311.963384700,0.000253100,0.030000000,0.030000000,1034311.963637800,1034311.993384700,0,
751,1034311.993694000,0.000347000,0.030000000,0.030000000,1034311.994041000,1034312.023694000,0,sent:HOLD
752,1034312.024961600,0.000191600,0.030000000,0.030000000,1034312.025153200,1034312.054961600,0,sent:HOLD
753,1034312.055874400,0.000208600,0.030000000,0.030000000,1034312.056083000,1034312.085874400,0,
754,1034312.087999900,0.000194100,0.030000000,0.030000000,1034312.088194000,1034312.117999900,0,sent:HOLD
755,1034312.119589500,0.000448400,0.030000000,0.030000000,1034312.120037900,1034312.149589500,0,
756,1034312.151866600,0.000468200,0.030000000,0.030000000,1034312.152334800,1034312.181866600,0,sent:HOLD
757,1034312.183456300,0.000182900,0.030000000,0.030000000,1034312.183639200,1034312.213456300,0,sent:HOLD
758,1034312.214509300,0.000221200,0.030000000,0.030000000,1034312.214730500,1034312.244509300,0,
759,1034312.230364900,0.000243300,0.030000000,0.030000000,1034312.230608200,1034312.260364900,0,sent:HOLD
760,1034312.261044300,0.000563400,0.030000000,0.030000000,1034312.261607700,1034312.291044300,0,sent:HOLD
761,1034312.291856500,0.000150300,0.030000000,0.030000000,1034312.292006800,1034312.321856500,0,
762,1034312.323592000,0.000201900,0.030000000,0.030000000,1034312.323793900,1034312.353592000,0,sent:HOLD
763,1034312.354638500,0.000135000,0.030000000,0.030000000,1034312.354773500,1034312.384638500,0,
764,1034312.386998000,0.000156700,0.030000000,0.030000000,1034312.387154700,1034312.416998000,0,sent:HOLD
765,1034312.418221000,0.000190200,0.030000000,0.030000000,1034312.418411200,1034312.448221000,0,
766,1034312.449473600,0.000294500,0.030000000,0.030000000,1034312.449768100,1034312.479473600,0,sent:HOLD
767,1034312.481063200,0.000168500,0.030000000,0.030000000,1034312.481231700,1034312.511063200,0,sent:HOLD
768,1034312.511861200,0.000389800,0.030000000,0.030000000,1034312.512251000,1034312.541861200,0,sent:HOLD
769,1034312.543589300,0.000306700,0.030000000,0.030000000,1034312.543896000,1034312.573589300,0,
770,1034312.559742500,0.000199600,0.030000000,0.030000000,1034312.559942100,1034312.589742500,0,sent:HOLD
771,1034312.590712400,0.000282400,0.030000000,0.030000000,1034312.590994800,1034312.620712400,0,
772,1034312.621129400,0.000213300,0.030000000,0.030000000,1034312.621342700,1034312.651129400,0,
773,1034312.652240300,0.000178500,0.030000000,0.030000000,1034312.652418800,1034312.682240300,0,sent:HOLD
774,1034312.684346700,0.000144900,0.030000000,0.030000000,1034312.684491600,1034312.714346700,0,sent:HOLD
775,1034312.714627700,0.000235400,0.030000000,0.030000000,1034312.714863100,1034312.744627700,0,
776,1034312.746345200,0.000168600,0.030000000,0.030000000,1034312.746513800,1034312.776345200,0,sent:HOLD
777,1034312.778396100,0.000178500,0.030000000,0.030000000,1034312.778574600,1034312.808396100,0,sent:HOLD
778,1034312.809568900,0.000219400,0.030000000,0.030000000,1034312.809788300,1034312.839568900,0,
779,1034312.840652400,0.000228000,0.030000000,0.030000000,1034312.840880400,1034312.870652400,0,sent:HOLD
780,1034312.872126100,0.000304800,0.030000000,0.030000000,1034312.872430900,1034312.902126100,0,
781,1034312.903382600,0.000351700,0.030000000,0.030000000,1034312.903734300,1034312.933382600,0,sent:HOLD
782,1034312.934497100,0.000283400,0.030000000,0.030000000,1034312.934780500,1034312.964497100,0,sent:HOLD
783,1034312.950741700,0.000357600,0.030000000,0.030000000,1034312.951099300,1034312.980741700,0,
784,1034312.982258600,0.000280100,0.030000000,0.030000000,1034312.982538700,1034313.012258600,0,sent:HOLD
785,1034313.014534300,0.000431200,0.030000000,0.030000000,1034313.014965500,1034313.044534300,0,sent:HOLD
786,1034313.044961400,0.000203700,0.030000000,0.030000000,1034313.045165100,1034313.074961400,0,
787,1034313.077184500,0.000148500,0.030000000,0.030000000,1034313.077333000,1034313.107184500,0,sent:HOLD
788,1034313.108806700,0.000208200,0.030000000,0.030000000,1034313.109014900,1034313.138806700,0,
789,1034313.139329100,0.000389700,0.030000000,0.030000000,1034313.139718800,1034313.169329100,0,sent:HOLD
790,1034313.170794600,0.000135500,0.030000000,0.030000000,1034313.170930100,1034313.200794600,0,sent:HOLD
791,1034313.201068100,0.000173900,0.030000000,0.030000000,1034313.201242000,1034313.231068100,0,
792,1034313.231600700,0.000270000,0.030000000,0.030000000,1034313.231870700,1034313.261600700,0,sent:HOLD
793,1034313.263414000,0.000199800,0.030000000,0.030000000,1034313.263613800,1034313.293414000,0,
794,1034313.295239200,0.000422100,0.030000000,0.030000000,1034313.295661300,1034313.325239200,0,sent:HOLD
795,1034313.311331800,0.000227100,0.030000000,0.030000000,1034313.311558900,1034313.341331800,0,
796,1034313.341658700,0.000335800,0.030000000,0.030000000,1034313.341994500,1034313.371658700,0,sent:HOLD
797,1034313.373297300,0.000141900,0.030000000,0.030000000,1034313.373439200,1034313.403297300,0,sent:HOLD
798,1034313.404645000,0.000154600,0.030000000,0.030000000,1034313.404799600,1034313.434645000,0,
799,1034313.436678100,0.000143300,0.030000000,0.030000000,1034313.436821400,1034313.466678100,0,sent:HOLD
800,1034313.467636700,0.000276100,0.030000000,0.030000000,1034313.467912800,1034313.497636700,0,
801,1034313.499223900,0.000128000,0.030000000,0.030000000,1034313.499351900,1034313.529223900,0,sent:HOLD
802,1034313.529760000,0.000657100,0.030000000,0.030000000,1034313.530417100,1034313.559760000,0,sent:HOLD
803,1034313.561734300,0.000633100,0.030000000,0.030000000,1034313.562367400,1034313.591734300,0,
804,1034313.593589300,0.000450800,0.030000000,0.030000000,1034313.594040100,1034313.623589300,0,sent:HOLD
805,1034313.609746600,0.000295100,0.030000000,0.030000000,1034313.610041700,1034313.639746600,0,
806,1034313.640565600,0.000219500,0.030000000,0.030000000,1034313.640785100,1034313.670565600,0,sent:HOLD
807,1034313.672474300,0.000177600,0.030000000,0.030000000,1034313.672651900,1034313.702474300,0,sent:HOLD
808,1034313.703564200,0.000194700,0.030000000,0.030000000,1034313.703758900,1034313.733564200,0,
809,1034313.734612600,0.000373200,0.030000000,0.030000000,1034313.734985800,1034313.764612600,0,sent:HOLD
810,1034313.765463300,0.000219200,0.030000000,0.030000000,1034313.765682500,1034313.795463300,0,sent:HOLD
811,1034313.797085800,0.000357800,0.030000000,0.030000000,1034313.797443600,1034313.827085800,0,
812,1034313.827617000,0.000165000,0.030000000,0.030000000,1034313.827782000,1034313.857617000,0,sent:HOLD
813,1034313.858724800,0.000180300,0.030000000,0.030000000,1034313.858905100,1034313.888724800,0,
814,1034313.890197400,0.000305700,0.030000000,0.030000000,1034313.890503100,1034313.920197400,0,sent:HOLD
815,1034313.921402400,0.000171200,0.030000000,0.030000000,1034313.921573600,1034313.951402400,0,sent:HOLD
816,1034313.951079300,0.000165000,0.030000000,0.030000000,1034313.951244300,1034313.981079300,0,
817,1034313.982088100,0.000266700,0.030000000,0.030000000,1034313.982354800,1034314.012088100,0,sent:HOLD
818,1034314.014522500,0.000417600,0.030000000,0.030000000,1034314.014940100,1034314.044522500,0,
819,1034314.030757300,0.000401600,0.030000000,0.030000000,1034314.031158900,1034314.060757300,0,sent:HOLD
820,1034314.062243500,0.000380800,0.030000000,0.030000000,1034314.062624300,1034314.092243500,0,sent:HOLD
821,1034314.093260600,0.000158000,0.030000000,0.030000000,1034314.093418600,1034314.123260600,0,
822,1034314.124482800,0.000377400,0.030000000,0.030000000,1034314.124860200,1034314.154482800,0,sent:HOLD
823,1034314.156698700,0.000247800,0.030000000,0.030000000,1034314.156946500,1034314.186698700,0,
824,1034314.188742100,0.000211100,0.030000000,0.030000000,1034314.188953200,1034314.218742100,0,sent:HOLD
825,1034314.219913200,0.000179500,0.030000000,0.030000000,1034314.220092700,1034314.249913200,0,sent:HOLD
826,1034314.251630100,0.000239100,0.030000000,0.030000000,1034314.251869200,1034314.281630100,0,
827,1034314.283195500,0.000460700,0.030000000,0.030000000,1034314.283656200,1034314.313195500,0,sent:HOLD
828,1034314.313382500,0.000226000,0.030000000,0.030000000,1034314.313608500,1034314.343382500,0,
829,1034314.329695200,0.000189400,0.030000000,0.030000000,1034314.329884600,1034314.359695200,0,sent:HOLD
830,1034314.360790500,0.000599500,0.030000000,0.030000000,1034314.361390000,1034314.390790500,0,
831,1034314.391568600,0.000389900,0.030000000,0.030000000,1034314.391958500,1034314.421568600,0,sent:HOLD
832,1034314.422628800,0.000191200,0.030000000,0.030000000,1034314.422820000,1034314.452628800,0,sent:HOLD
833,1034314.453324000,0.000344900,0.030000000,0.030000000,1034314.453668900,1034314.483324000,0,
834,1034314.484227200,0.000294300,0.030000000,0.030000000,1034314.484521500,1034314.514227200,0,sent:HOLD
835,1034314.515416200,0.000520200,0.030000000,0.030000000,1034314.515936400,1034314.545416200,0,
836,1034314.547267700,0.000211200,0.030000000,0.030000000,1034314.547478900,1034314.577267700,0,sent:HOLD
837,1034314.578090200,0.000253600,0.030000000,0.030000000,1034314.578343800,1034314.608090200,0,sent:HOLD
838,1034314.609251700,0.000432000,0.030000000,0.030000000,1034314.609683700,1034314.639251700,0,
839,1034314.640428900,0.000330700,0.030000000,0.030000000,1034314.640759600,1034314.670428900,0,sent:HOLD
840,1034314.671879500,0.000401600,0.030000000,0.030000000,1034314.672281100,1034314.701879500,0,
841,1034314.702996500,0.000506400,0.030000000,0.030000000,1034314.703502900,1034314.732996500,0,sent:HOLD
842,1034314.733837100,0.000277600,0.030000000,0.030000000,1034314.734114700,1034314.763837100,0,sent:HOLD
843,1034314.764630800,0.000173100,0.030000000,0.030000000,1034314.764803900,1034314.794630800,0,sent:HOLD
844,1034314.780083800,0.000445600,0.030000000,0.030000000,1034314.780529400,1034314.810083800,0,
845,1034314.811818300,0.000221800,0.030000000,0.030000000,1034314.812040100,1034314.841818300,0,sent:HOLD
846,1034314.843292000,0.000521800,0.030000000,0.030000000,1034314.843813800,1034314.873292000,0,
847,1034314.873379000,0.000426800,0.030000000,0.030000000,1034314.873805800,1034314.903379000,0,
848,1034314.904971000,0.000218100,0.030000000,0.030000000,1034314.905189100,1034314.934971000,0,sent:HOLD
849,1034314.936377100,0.000205600,0.030000000,0.030000000,1034314.936582700,1034314.966377100,0,sent:HOLD
850,1034314.968446300,0.000312800,0.030000000,0.030000000,1034314.968759100,1034314.998446300,0,
851,1034314.999567000,0.000300700,0.030000000,0.030000000,1034314.999867700,1034315.029567000,0,sent:HOLD
852,1034315.031009300,0.000137600,0.030000000,0.030000000,1034315.031146900,1034315.061009300,0,sent:HOLD
853,1034315.062010400,0.000323900,0.030000000,0.030000000,1034315.062334300,1034315.092010400,0,
854,1034315.093208500,0.000377400,0.030000000,0.030000000,1034315.093585900,1034315.123208500,0,sent:HOLD
855,1034315.124469700,0.000699200,0.030000000,0.030000000,1034315.125168900,1034315.154469700,0,
856,1034315.140137400,0.000157000,0.030000000,0.030000000,1034315.140294400,1034315.170137400,0,sent:HOLD
857,1034315.171786700,0.000178300,0.030000000,0.030000000,1034315.171965000,1034315.201786700,0,
858,1034315.203567000,0.000151100,0.030000000,0.030000000,1034315.203718100,1034315.233567000,0,sent:HOLD
859,1034315.233995900,0.000518300,0.030000000,0.030000000,1034315.234514200,1034315.263995900,0,sent:HOLD
860,1034315.265675900,0.000259600,0.030000000,0.030000000,1034315.265935500,1034315.295675900,0,
861,1034315.297447800,0.000170700,0.030000000,0.030000000,1034315.297618500,1034315.327447800,0,sent:HOLD
862,1034315.326964400,0.000208900,0.030000000,0.030000000,1034315.327173300,1034315.356964400,0,sent:HOLD
863,1034315.358816000,0.000550000,0.030000000,0.030000000,1034315.359366000,1034315.388816000,0,
864,1034315.390104700,0.000356000,0.030000000,0.030000000,1034315.390460700,1034315.420104700,0,sent:HOLD
865,1034315.421865600,0.000142400,0.030000000,0.030000000,1034315.422008000,1034315.451865600,0,sent:HOLD
866,1034315.453523600,0.000182400,0.030000000,0.030000000,1034315.453706000,1034315.483523600,0,
867,1034315.484181400,0.000353500,0.030000000,0.030000000,1034315.484534900,1034315.514181400,0,sent:HOLD
868,1034315.499562300,0.000163300,0.030000000,0.030000000,1034315.499725600,1034315.529562300,0,
869,1034315.530672700,0.000175500,0.030000000,0.030000000,1034315.530848200,1034315.560672700,0,sent:HOLD
870,1034315.561533000,0.000556600,0.030000000,0.030000000,1034315.562089600,1034315.591533000,0,
871,1034315.593161800,0.000165400,0.030000000,0.030000000,1034315.593327200,1034315.623161800,0,sent:HOLD
872,1034315.624308000,0.000253700,0.030000000,0.030000000,1034315.624561700,1034315.654308000,0,sent:HOLD
873,1034315.655414700,0.000163200,0.030000000,0.030000000,1034315.655577900,1034315.685414700,0,
874,1034315.685597600,0.000187900,0.030000000,0.030000000,1034315.685785500,1034315.715597600,0,sent:HOLD
875,1034315.717417500,0.000429500,0.030000000,0.030000000,1034315.717847000,1034315.747417500,0,
876,1034315.748606400,0.000174900,0.030000000,0.030000000,1034315.748781300,1034315.778606400,0,sent:HOLD
877,1034315.779275700,0.000590700,0.030000000,0.030000000,1034315.779866400,1034315.809275700,0,sent:HOLD
878,1034315.810926300,0.000645800,0.030000000,0.030000000,1034315.811572100,1034315.840926300,0,
879,1034315.841989000,0.000213200,0.030000000,0.030000000,1034315.842202200,1034315.871989000,0,sent:HOLD
880,1034315.873419500,0.000549600,0.030000000,0.030000000,1034315.873969100,1034315.903419500,0,
881,1034315.903573700,0.000139000,0.030000000,0.030000000,1034315.903712700,1034315.933573700,0,sent:HOLD
882,1034315.933993200,0.000333400,0.030000000,0.030000000,1034315.934326600,1034315.963993200,0,sent:HOLD
883,1034315.950168700,0.000185200,0.030000000,0.030000000,1034315.950353900,1034315.980168700,0,
884,1034315.981424500,0.000323900,0.030000000,0.030000000,1034315.981748400,1034316.011424500,0,sent:HOLD
885,1034316.012289400,0.000181900,0.030000000,0.030000000,1034316.012471300,1034316.042289400,0,
886,1034316.043599500,0.000196400,0.030000000,0.030000000,1034316.043795900,1034316.073599500,0,sent:HOLD
887,1034316.074254600,0.000296300,0.030000000,0.030000000,1034316.074550900,1034316.104254600,0,sent:HOLD
888,1034316.105058700,0.000173200,0.030000000,0.030000000,1034316.105231900,1034316.135058700,0,
889,1034316.136365200,0.000518800,0.030000000,0.030000000,1034316.136884000,1034316.166365200,0,sent:HOLD
890,1034316.167535600,0.000146800,0.030000000,0.030000000,1034316.167682400,1034316.197535600,0,sent:HOLD
891,1034316.198976500,0.000461100,0.030000000,0.030000000,1034316.199437600,1034316.228976500,0,
892,1034316.230479000,0.000549200,0.030000000,0.030000000,1034316.231028200,1034316.260479000,0,sent:HOLD
893,1034316.261046300,0.000283300,0.030000000,0.030000000,1034316.261329600,1034316.291046300,0,
894,1034316.292307000,0.000191400,0.030000000,0.030000000,1034316.292498400,1034316.322307000,0,sent:HOLD
895,1034316.323709900,0.000153800,0.030000000,0.030000000,1034316.323863700,1034316.353709900,0,sent:HOLD
896,1034316.354619800,0.000187200,0.030000000,0.030000000,1034316.354807000,1034316.384619800,0,
897,1034316.369985900,0.000198500,0.030000000,0.030000000,1034316.370184400,1034316.399985900,0,
898,1034316.401228800,0.000181200,0.030000000,0.030000000,1034316.401410000,1034316.431228800,0,sent:HOLD
899,1034316.433020100,0.000240200,0.030000000,0.030000000,1034316.433260300,1034316.463020100,0,sent:HOLD
900,1034316.463602300,0.000312200,0.030000000,0.030000000,1034316.463914500,1034316.493602300,0,
901,1034316.494232600,0.000152200,0.030000000,0.030000000,1034316.494384800,1034316.524232600,0,sent:HOLD
902,1034316.524437400,0.000224800,0.030000000,0.030000000,1034316.524662200,1034316.554437400,0,sent:HOLD
903,1034316.555226500,0.000184800,0.030000000,0.030000000,1034316.555411300,1034316.585226500,0,
904,1034316.587533500,0.000151000,0.030000000,0.030000000,1034316.587684500,1034316.617533500,0,sent:HOLD
905,1034316.618477600,0.000255600,0.030000000,0.030000000,1034316.618733200,1034316.648477600,0,sent:HOLD
906,1034316.649128400,0.000178900,0.030000000,0.030000000,1034316.649307300,1034316.679128400,0,
907,1034316.680201700,0.000165600,0.030000000,0.030000000,1034316.680367300,1034316.710201700,0,sent:HOLD
908,1034316.711598000,0.000145500,0.030000000,0.030000000,1034316.711743500,1034316.741598000,0,sent:HOLD
909,1034316.743141500,0.000411900,0.030000000,0.030000000,1034316.743553400,1034316.773141500,0,
910,1034316.773586700,0.000444800,0.030000000,0.030000000,1034316.774031500,1034316.803586700,0,sent:HOLD
911,1034316.804781600,0.000377600,0.030000000,0.030000000,1034316.805159200,1034316.834781600,0,
912,1034316.820567000,0.000187000,0.030000000,0.030000000,1034316.820754000,1034316.850567000,0,sent:HOLD
913,1034316.852317400,0.000203300,0.030000000,0.030000000,1034316.852520700,1034316.882317400,0,
914,1034316.883669500,0.000143600,0.030000000,0.030000000,1034316.883813100,1034316.913669500,0,sent:HOLD
915,1034316.914502700,0.000362000,0.030000000,0.030000000,1034316.914864700,1034316.944502700,0,sent:HOLD
916,1034316.944938600,0.000182600,0.030000000,0.030000000,1034316.945121200,1034316.974938600,0,
917,1034316.976523000,0.000712200,0.030000000,0.030000000,1034316.977235200,1034317.006523000,0,sent:HOLD
918,1034317.007594600,0.000228100,0.030000000,0.030000000,1034317.007822700,1034317.037594600,0,
919,1034317.038873700,0.000817500,0.030000000,0.030000000,1034317.039691200,1034317.068873700,0,sent:HOLD
920,1034317.070847700,0.000216500,0.030000000,0.030000000,1034317.071064200,1034317.100847700,0,sent:HOLD
921,1034317.100655900,0.000211000,0.030000000,0.030000000,1034317.100866900,1034317.130655900,0,
922,1034317.131499400,0.000215200,0.030000000,0.030000000,1034317.131714600,1034317.161499400,0,sent:HOLD
923,1034317.162057300,0.000157300,0.030000000,0.030000000,1034317.162214600,1034317.192057300,0,sent:HOLD
924,1034317.193186200,0.000165800,0.030000000,0.030000000,1034317.193352000,1034317.223186200,0,
925,1034317.223249000,0.000157500,0.030000000,0.030000000,1034317.223406500,1034317.253249000,0,sent:HOLD
926,1034317.253643500,0.000420200,0.030000000,0.030000000,1034317.254063700,1034317.283643500,0,
927,1034317.269912000,0.000260600,0.030000000,0.030000000,1034317.270172600,1034317.299912000,0,sent:HOLD
928,1034317.301131400,0.000155300,0.030000000,0.030000000,1034317.301286700,1034317.331131400,0,
929,1034317.331923800,0.000163900,0.030000000,0.030000000,1034317.332087700,1034317.361923800,0,sent:HOLD
930,1034317.363823500,0.000304100,0.030000000,0.030000000,1034317.364127600,1034317.393823500,0,
931,1034317.394730200,0.000193200,0.030000000,0.030000000,1034317.394923400,1034317.424730200,0,sent:HOLD
932,1034317.426225500,0.000229400,0.030000000,0.030000000,1034317.426454900,1034317.456225500,0,sent:HOLD
933,1034317.457814400,0.000150900,0.030000000,0.030000000,1034317.457965300,1034317.487814400,0,
934,1034317.489115500,0.000141300,0.030000000,0.030000000,1034317.489256800,1034317.519115500,0,sent:HOLD
935,1034317.520027800,0.000407600,0.030000000,0.030000000,1034317.520435400,1034317.550027800,0,sent:HOLD
936,1034317.551980400,0.000299300,0.030000000,0.030000000,1034317.552279700,1034317.581980400,0,
937,1034317.582912900,0.000313300,0.030000000,0.030000000,1034317.583226200,1034317.612912900,0,sent:HOLD
938,1034317.613927100,0.000172300,0.030000000,0.030000000,1034317.614099400,1034317.643927100,0,sent:HOLD
939,1034317.645340000,0.000182500,0.030000000,0.030000000,1034317.645522500,1034317.675340000,0,
940,1034317.661658100,0.000232500,0.030000000,0.030000000,1034317.661890600,1034317.691658100,0,sent:HOLD
941,1034317.693257200,0.000337800,0.030000000,0.030000000,1034317.693595000,1034317.723257200,0,
942,1034317.724621100,0.000599200,0.030000000,0.030000000,1034317.725220300,1034317.754621100,0,sent:HOLD
943,1034317.755594400,0.000282800,0.030000000,0.030000000,1034317.755877200,1034317.785594400,0,
944,1034317.787505300,0.000440000,0.030000000,0.030000000,1034317.787945300,1034317.817505300,0,sent:HOLD
945,1034317.819268100,0.000435100,0.030000000,0.030000000,1034317.819703200,1034317.849268100,0,sent:HOLD
946,1034317.849410100,0.000188100,0.030000000,0.030000000,1034317.849598200,1034317.879410100,0,
947,1034317.880790300,0.000939700,0.030000000,0.030000000,1034317.881730000,1034317.910790300,0,sent:HOLD
948,1034317.911787700,0.000470200,0.030000000,0.030000000,1034317.912257900,1034317.941787700,0,
949,1034317.943393200,0.000157500,0.030000000,0.030000000,1034317.943550700,1034317.973393200,0,sent:HOLD
950,1034317.973514600,0.000431500,0.030000000,0.030000000,1034317.973946100,1034318.003514600,0,
951,1034318.004815600,0.000176400,0.030000000,0.030000000,1034318.004992000,1034318.034815600,0,sent:HOLD
952,1034318.020670100,0.000423800,0.030000000,0.030000000,1034318.021093900,1034318.050670100,0,sent:HOLD
953,1034318.053642900,0.000144100,0.030000000,0.030000000,1034318.053787000,1034318.083642900,0,
954,1034318.083844300,0.000360500,0.030000000,0.030000000,1034318.084204800,1034318.113844300,0,sent:HOLD
955,1034318.116367600,0.000135100,0.030000000,0.030000000,1034318.116502700,1034318.146367600,0,sent:HOLD
956,1034318.146687400,0.000150300,0.030000000,0.030000000,1034318.146837700,1034318.176687400,0,
957,1034318.178862300,0.000166500,0.030000000,0.030000000,1034318.179028800,1034318.208862300,0,sent:HOLD
958,1034318.209889700,0.000318200,0.030000000,0.030000000,1034318.210207900,1034318.239889700,0,
959,1034318.240905500,0.000163200,0.030000000,0.030000000,1034318.241068700,1034318.270905500,0,sent:HOLD
960,1034318.271884500,0.000625900,0.030000000,0.030000000,1034318.272510400,1034318.301884500,0,
961,1034318.303534600,0.000159700,0.030000000,0.030000000,1034318.303694300,1034318.333534600,0,sent:HOLD
962,1034318.334398800,0.000135800,0.030000000,0.030000000,1034318.334534600,1034318.364398800,0,sent:HOLD
963,1034318.349470500,0.000156800,0.030000000,0.030000000,1034318.349627300,1034318.379470500,0,
964,1034318.381135900,0.000241000,0.030000000,0.030000000,1034318.381376900,1034318.411135900,0,sent:HOLD
965,1034318.413504500,0.000398200,0.030000000,0.030000000,1034318.413902700,1034318.443504500,0,
966,1034318.444062700,0.000221900,0.030000000,0.030000000,1034318.444284600,1034318.474062700,0,sent:HOLD
967,1034318.476192000,0.000149600,0.030000000,0.030000000,1034318.476341600,1034318.506192000,0,sent:HOLD
968,1034318.508682400,0.000173700,0.030000000,0.030000000,1034318.508856100,1034318.538682400,0,
969,1034318.539679000,0.000328200,0.030000000,0.030000000,1034318.540007200,1034318.569679000,0,sent:HOLD
970,1034318.570824600,0.000214600,0.030000000,0.030000000,1034318.571039200,1034318.600824600,0,
971,1034318.601180200,0.000587900,0.030000000,0.030000000,1034318.601768100,1034318.631180200,0,sent:HOLD
972,1034318.632905400,0.000295300,0.030000000,0.030000000,1034318.633200700,1034318.662905400,0,sent:HOLD
973,1034318.664790500,0.000165400,0.030000000,0.030000000,1034318.664955900,1034318.694790500,0,sent:HOLD
974,1034318.680654000,0.000136200,0.030000000,0.030000000,1034318.680790200,1034318.710654000,0,
975,1034318.711552400,0.000165100,0.030000000,0.030000000,1034318.711717500,1034318.741552400,0,sent:HOLD
976,1034318.743443100,0.000183300,0.030000000,0.030000000,1034318.743626400,1034318.773443100,0,
977,1034318.775274300,0.000136200,0.030000000,0.030000000,1034318.775410500,1034318.805274300,0,sent:HOLD
978,1034318.806254300,0.000215100,0.030000000,0.030000000,1034318.806469400,1034318.836254300,0,
979,1034318.837768600,0.000209700,0.030000000,0.030000000,1034318.837978300,1034318.867768600,0,sent:HOLD
980,1034318.868983000,0.000597500,0.030000000,0.030000000,1034318.869580500,1034318.898983000,0,
981,1034318.899146400,0.000186500,0.030000000,0.030000000,1034318.899332900,1034318.929146400,0,sent:HOLD
982,1034318.930299800,0.000348300,0.030000000,0.030000000,1034318.930648100,1034318.960299800,0,sent:HOLD
983,1034318.963045800,0.000450800,0.030000000,0.030000000,1034318.963496600,1034318.993045800,0,
984,1034318.993760700,0.000385400,0.030000000,0.030000000,1034318.994146100,1034319.023760700,0,sent:HOLD
985,1034319.024208900,0.000181100,0.030000000,0.030000000,1034319.024390000,1034319.054208900,0,sent:HOLD
986,1034319.039540800,0.000125700,0.030000000,0.030000000,1034319.039666500,1034319.069540800,0,
987,1034319.070473900,0.000147100,0.030000000,0.030000000,1034319.070621000,1034319.100473900,0,sent:HOLD
988,1034319.102411900,0.000397200,0.030000000,0.030000000,1034319.102809100,1034319.132411900,0,
989,1034319.133258700,0.000390300,0.030000000,0.030000000,1034319.133649000,1034319.163258700,0,sent:HOLD
990,1034319.163938800,0.000308800,0.030000000,0.030000000,1034319.164247600,1034319.193938800,0,sent:HOLD
991,1034319.194343600,0.000139100,0.030000000,0.030000000,1034319.194482700,1034319.224343600,0,
992,1034319.225581300,0.000153800,0.030000000,0.030000000,1034319.225735100,1034319.255581300,0,sent:HOLD
993,1034319.256680400,0.000154700,0.030000000,0.030000000,1034319.256835100,1034319.286680400,0,
994,1034319.288730700,0.000801800,0.030000000,0.030000000,1034319.289532500,1034319.318730700,0,sent:HOLD
995,1034319.320160700,0.000401100,0.030000000,0.030000000,1034319.320561800,1034319.350160700,0,
996,1034319.350777000,0.000508100,0.030000000,0.030000000,1034319.351285100,1034319.380777000,0,sent:HOLD
997,1034319.381803800,0.000406800,0.030000000,0.030000000,1034319.382210600,1034319.411803800,0,sent:HOLD
998,1034319.413741300,0.000205600,0.030000000,0.030000000,1034319.413946900,1034319.443741300,0,sent:HOLD
999,1034319.444746800,0.000303100,0.030000000,0.030000000,1034319.445049900,1034319.474746800,0,
1000,1034319.460622200,0.000129500,0.030000000,0.030000000,1034319.460751700,1034319.490622200,0,sent:HOLD
1001,1034319.491400700,0.000277000,0.030000000,0.030000000,1034319.491677700,1034319.521400700,0,
1002,1034319.523261200,0.000312800,0.030000000,0.030000000,1034319.523574000,1034319.553261200,0,
1003,1034319.554371400,0.000352800,0.030000000,0.030000000,1034319.554724200,1034319.584371400,0,sent:HOLD
1004,1034319.585222800,0.000172000,0.030000000,0.030000000,1034319.585394800,1034319.615222800,0,sent:HOLD
1005,1034319.616226900,0.000126800,0.030000000,0.030000000,1034319.616353700,1034319.646226900,0,sent:HOLD
1006,1034319.647629300,0.000192900,0.030000000,0.030000000,1034319.647822200,1034319.677629300,0,
1007,1034319.678667600,0.000168700,0.030000000,0.030000000,1034319.678836300,1034319.708667600,0,sent:HOLD
1008,1034319.710051400,0.000139300,0.030000000,0.030000000,1034319.710190700,1034319.740051400,0,sent:HOLD
1009,1034319.740761000,0.000371800,0.030000000,0.030000000,1034319.741132800,1034319.770761000,0,
1010,1034319.772009000,0.000205100,0.030000000,0.030000000,1034319.772214100,1034319.802009000,0,sent:HOLD
1011,1034319.803404500,0.000213200,0.030000000,0.030000000,1034319.803617700,1034319.833404500,0,
1012,1034319.834406100,0.000264000,0.030000000,0.030000000,1034319.834670100,1034319.864406100,0,sent:HOLD
1013,1034319.850651300,0.000344100,0.030000000,0.030000000,1034319.850995400,1034319.880651300,0,
1014,1034319.881802400,0.000209700,0.030000000,0.030000000,1034319.882012100,1034319.911802400,0,sent:HOLD
1015,1034319.913701600,0.000489600,0.030000000,0.030000000,1034319.914191200,1034319.943701600,0,sent:HOLD
1016,1034319.944009900,0.000385500,0.030000000,0.030000000,1034319.944395400,1034319.974009900,0,
1017,1034319.975404000,0.000168100,0.030000000,0.030000000,1034319.975572100,1034320.005404000,0,sent:HOLD
1018,1034320.006418200,0.000256700,0.030000000,0.030000000,1034320.006674900,1034320.036418200,0,
1019,1034320.037144000,0.000220000,0.030000000,0.030000000,1034320.037364000,1034320.067144000,0,sent:HOLD
1020,1034320.068310300,0.000179400,0.030000000,0.030000000,1034320.068489700,1034320.098310300,0,
1021,1034320.098817400,0.000157200,0.030000000,0.030000000,1034320.098974600,1034320.128817400,0,sent:HOLD
1022,1034320.129723900,0.000445800,0.030000000,0.030000000,1034320.130169700,1034320.159723900,0,sent:HOLD
1023,1034320.161388200,0.000206200,0.030000000,0.030000000,1034320.161594400,1034320.191388200,0,
1024,1034320.193135000,0.000267200,0.030000000,0.030000000,1034320.193402200,1034320.223135000,0,sent:HOLD
1025,1034320.223730100,0.000158500,0.030000000,0.030000000,1034320.223888600,1034320.253730100,0,sent:HOLD
1026,1034320.254963800,0.000275100,0.030000000,0.030000000,1034320.255238900,1034320.284963800,0,
1027,1034320.270212100,0.000376600,0.030000000,0.030000000,1034320.270588700,1034320.300212100,0,
1028,1034320.301138200,0.000411300,0.030000000,0.030000000,1034320.301549500,1034320.331138200,0,sent:HOLD
1029,1034320.331694700,0.000246100,0.030000000,0.030000000,1034320.331940800,1034320.361694700,0,sent:HOLD
1030,1034320.363296900,0.000194800,0.030000000,0.030000000,1034320.363491700,1034320.393296900,0,sent:HOLD
1031,1034320.393780100,0.000196600,0.030000000,0.030000000,1034320.393976700,1034320.423780100,0,
1032,1034320.424563800,0.000199900,0.030000000,0.030000000,1034320.424763700,1034320.454563800,0,sent:HOLD
1033,1034320.455697500,0.000137200,0.030000000,0.030000000,1034320.455834700,1034320.485697500,0,
1034,1034320.486315700,0.000463300,0.030000000,0.030000000,1034320.486779000,1034320.516315700,0,sent:HOLD
1035,1034320.517597500,0.000198700,0.030000000,0.030000000,1034320.517796200,1034320.547597500,0,sent:HOLD
1036,1034320.548921500,0.000142500,0.030000000,0.030000000,1034320.549064000,1034320.578921500,0,
1037,1034320.579796500,0.000270900,0.030000000,0.030000000,1034320.580067400,1034320.609796500,0,sent:HOLD
1038,1034320.610852400,0.000419000,0.030000000,0.030000000,1034320.611271400,1034320.640852400,0,
1039,1034320.641855000,0.000314300,0.030000000,0.030000000,1034320.642169300,1034320.671855000,0,sent:HOLD
1040,1034320.673725000,0.000418400,0.030000000,0.030000000,1034320.674143400,1034320.703725000,0,sent:HOLD
1041,1034320.704095000,0.000142000,0.030000000,0.030000000,1034320.704237000,1034320.734095000,0,
1042,1034320.734885800,0.000587100,0.030000000,0.030000000,1034320.735472900,1034320.764885800,0,sent:HOLD
1043,1034320.751106000,0.000281600,0.030000000,0.030000000,1034320.751387600,1034320.781106000,0,
1044,1034320.781924300,0.000612300,0.030000000,0.030000000,1034320.782536600,1034320.811924300,0,sent:HOLD
1045,1034320.813170700,0.000577200,0.030000000,0.030000000,1034320.813747900,1034320.843170700,0,
1046,1034320.845242400,0.000139500,0.030000000,0.030000000,1034320.845381900,1034320.875242400,0,sent:HOLD
1047,1034320.876114400,0.000214100,0.030000000,0.030000000,1034320.876328500,1034320.906114400,0,sent:HOLD
1048,1034320.907104300,0.000214000,0.030000000,0.030000000,1034320.907318300,1034320.937104300,0,
1049,1034320.938853800,0.000214900,0.030000000,0.030000000,1034320.939068700,1034320.968853800,0,sent:HOLD
1050,1034320.970581500,0.000472800,0.030000000,0.030000000,1034320.971054300,1034321.000581500,0,sent:HOLD
1051,1034321.001525500,0.000141200,0.030000000,0.030000000,1034321.001666700,1034321.031525500,0,
1052,1034321.032154000,0.000404700,0.030000000,0.030000000,1034321.032558700,1034321.062154000,0,sent:HOLD
1053,1034321.064382800,0.000219200,0.030000000,0.030000000,1034321.064602000,1034321.094382800,0,
1054,1034321.080180500,0.000664500,0.030000000,0.030000000,1034321.080845000,1034321.110180500,0,sent:HOLD
1055,1034321.111932600,0.000174600,0.030000000,0.030000000,1034321.112107200,1034321.141932600,0,sent:HOLD
1056,1034321.143379500,0.000120000,0.030000000,0.030000000,1034321.143499500,1034321.173379500,0,
1057,1034321.173589300,0.000111700,0.030000000,0.030000000,1034321.173701000,1034321.203589300,0,sent:HOLD
1058,1034321.204660100,0.000152000,0.030000000,0.030000000,1034321.204812100,1034321.234660100,0,
1059,1034321.235574700,0.000177200,0.030000000,0.030000000,1034321.235751900,1034321.265574700,0,sent:HOLD
1060,1034321.266999100,0.000158400,0.030000000,0.030000000,1034321.267157500,1034321.296999100,0,
1061,1034321.298446900,0.000226200,0.030000000,0.030000000,1034321.298673100,1034321.328446900,0,sent:HOLD
1062,1034321.329305700,0.000168600,0.030000000,0.030000000,1034321.329474300,1034321.359305700,0,sent:HOLD
1063,1034321.359648300,0.000276900,0.030000000,0.030000000,1034321.359925200,1034321.389648300,0,
1064,1034321.391282400,0.000406900,0.030000000,0.030000000,1034321.391689300,1034321.421282400,0,sent:HOLD
1065,1034321.421835200,0.000676400,0.030000000,0.030000000,1034321.422511600,1034321.451835200,0,
1066,1034321.453697400,0.000173600,0.030000000,0.030000000,1034321.453871000,1034321.483697400,0,sent:HOLD
1067,1034321.469757600,0.000622300,0.030000000,0.030000000,1034321.470379900,1034321.499757600,0,sent:HOLD
1068,1034321.499849100,0.000386100,0.030000000,0.030000000,1034321.500235200,1034321.529849100,0,
1069,1034321.531428600,0.000163000,0.030000000,0.030000000,1034321.531591600,1034321.561428600,0,sent:HOLD
1070,1034321.562187300,0.000159400,0.030000000,0.030000000,1034321.562346700,1034321.592187300,0,
1071,1034321.593401400,0.000136600,0.030000000,0.030000000,1034321.593538000,1034321.623401400,0,sent:HOLD
1072,1034321.624781100,0.000150800,0.030000000,0.030000000,1034321.624931900,1034321.654781100,0,sent:HOLD
1073,1034321.655267400,0.000196900,0.030000000,0.030000000,1034321.655464300,1034321.685267400,0,
1074,1034321.687038200,0.000460800,0.030000000,0.030000000,1034321.687499000,1034321.717038200,0,sent:HOLD
1075,1034321.718525000,0.000432700,0.030000000,0.030000000,1034321.718957700,1034321.748525000,0,
1076,1034321.750037500,0.000154700,0.030000000,0.030000000,1034321.750192200,1034321.780037500,0,sent:HOLD
1077,1034321.780868400,0.000475800,0.030000000,0.030000000,1034321.781344200,1034321.810868400,0,sent:HOLD
1078,1034321.811136800,0.000171200,0.030000000,0.030000000,1034321.811308000,1034321.841136800,0,
1079,1034321.842096500,0.000360300,0.030000000,0.030000000,1034321.842456800,1034321.872096500,0,sent:HOLD
1080,1034321.873412500,0.000342600,0.030000000,0.030000000,1034321.873755100,1034321.903412500,0,sent:HOLD
1081,1034321.903995900,0.000467100,0.030000000,0.030000000,1034321.904463000,1034321.933995900,0,
1082,1034321.919572600,0.000411100,0.030000000,0.030000000,1034321.919983700,1034321.949572600,0,
1083,1034321.951152500,0.000187600,0.030000000,0.030000000,1034321.951340100,1034321.981152500,0,sent:HOLD
1084,1034321.981628000,0.000150600,0.030000000,0.030000000,1034321.981778600,1034322.011628000,0,sent:HOLD
1085,1034322.011976000,0.000270600,0.030000000,0.030000000,1034322.012246600,1034322.041976000,0,sent:HOLD
1086,1034322.043149700,0.000188200,0.030000000,0.030000000,1034322.043337900,1034322.073149700,0,
1087,1034322.073711700,0.000176600,0.030000000,0.030000000,1034322.073888300,1034322.103711700,0,sent:HOLD
1088,1034322.105056300,0.000136800,0.030000000,0.030000000,1034322.105193100,1034322.135056300,0,
1089,1034322.137372600,0.000427500,0.030000000,0.030000000,1034322.137800100,1034322.167372600,0,sent:HOLD
1090,1034322.169271700,0.000609700,0.030000000,0.030000000,1034322.169881400,1034322.199271700,0,
1091,1034322.200494400,0.000502900,0.030000000,0.030000000,1034322.200997300,1034322.230494400,0,sent:HOLD
1092,1034322.231596900,0.000290200,0.030000000,0.030000000,1034322.231887100,1034322.261596900,0,sent:HOLD
1093,1034322.262255700,0.000564600,0.030000000,0.030000000,1034322.262820300,1034322.292255700,0,
1094,1034322.294531600,0.000341800,0.030000000,0.030000000,1034322.294873400,1034322.324531600,0,sent:HOLD
1095,1034322.311032800,0.000173700,0.030000000,0.030000000,1034322.311206500,1034322.341032800,0,sent:HOLD
1096,1034322.341661700,0.000164800,0.030000000,0.030000000,1034322.341826500,1034322.371661700,0,
1097,1034322.373574000,0.000206500,0.030000000,0.030000000,1034322.373780500,1034322.403574000,0,sent:HOLD
1098,1034322.405178000,0.000436000,0.030000000,0.030000000,1034322.405614000,1034322.435178000,0,
1099,1034322.435730600,0.000440700,0.030000000,0.030000000,1034322.436171300,1034322.465730600,0,sent:HOLD
1100,1034322.466756200,0.000241400,0.030000000,0.030000000,1034322.466997600,1034322.496756200,0,sent:HOLD
1101,1034322.497528300,0.000138000,0.030000000,0.030000000,1034322.497666300,1034322.527528300,0,
1102,1034322.528383000,0.000188100,0.030000000,0.030000000,1034322.528571100,1034322.558383000,0,sent:HOLD
1103,1034322.559740500,0.000475800,0.030000000,0.030000000,1034322.560216300,1034322.589740500,0,sent:HOLD
1104,1034322.591377900,0.000222000,0.030000000,0.030000000,1034322.591599900,1034322.621377900,0,
1105,1034322.622162200,0.000284100,0.030000000,0.030000000,1034322.622446300,1034322.652162200,0,
1106,1034322.653160600,0.000319500,0.030000000,0.030000000,1034322.653480100,1034322.683160600,0,sent:HOLD
1107,1034322.683873100,0.000175800,0.030000000,0.030000000,1034322.684048900,1034322.713873100,0,sent:HOLD
1108,1034322.700008400,0.000288400,0.030000000,0.030000000,1034322.700296800,1034322.730008400,0,
1109,1034322.730862800,0.000226100,0.030000000,0.030000000,1034322.731088900,1034322.760862800,0,sent:HOLD
1110,1034322.762115900,0.000137000,0.030000000,0.030000000,1034322.762252900,1034322.792115900,0,sent:HOLD
1111,1034322.793514300,0.000148600,0.030000000,0.030000000,1034322.793662900,1034322.823514300,0,
1112,1034322.824619800,0.000181000,0.030000000,0.030000000,1034322.824800800,1034322.854619800,0,sent:HOLD
1113,1034322.855535400,0.000221900,0.030000000,0.030000000,1034322.855757300,1034322.885535400,0,
1114,1034322.886212900,0.000209100,0.030000000,0.030000000,1034322.886422000,1034322.916212900,0,sent:HOLD
1115,1034322.918435200,0.000336000,0.030000000,0.030000000,1034322.918771200,1034322.948435200,0,sent:HOLD
1116,1034322.949721000,0.000183500,0.030000000,0.030000000,1034322.949904500,1034322.979721000,0,
1117,1034322.981095600,0.000157800,0.030000000,0.030000000,1034322.981253400,1034323.011095600,0,sent:HOLD
1118,1034323.012424900,0.000201100,0.030000000,0.030000000,1034323.012626000,1034323.042424900,0,
1119,1034323.043260900,0.000367700,0.030000000,0.030000000,1034323.043628600,1034323.073260900,0,sent:HOLD
1120,1034323.073450200,0.000354000,0.030000000,0.030000000,1034323.073804200,1034323.103450200,0,sent:HOLD
1121,1034323.104299000,0.000188400,0.030000000,0.030000000,1034323.104487400,1034323.134299000,0,
1122,1034323.120198400,0.000138400,0.030000000,0.030000000,1034323.120336800,1034323.150198400,0,sent:HOLD
1123,1034323.150779600,0.000258800,0.030000000,0.030000000,1034323.151038400,1034323.180779600,0,
1124,1034323.182041200,0.000205500,0.030000000,0.030000000,1034323.182246700,1034323.212041200,0,sent:HOLD
1125,1034323.214201200,0.000165600,0.030000000,0.030000000,1034323.214366800,1034323.244201200,0,sent:HOLD
1126,1034323.244595200,0.000153800,0.030000000,0.030000000,1034323.244749000,1034323.274595200,0,
1127,1034323.276269100,0.000361500,0.030000000,0.030000000,1034323.276630600,1034323.306269100,0,sent:HOLD
1128,1034323.307150700,0.000416000,0.030000000,0.030000000,1034323.307566700,1034323.337150700,0,
1129,1034323.338750800,0.000210100,0.030000000,0.030000000,1034323.338960900,1034323.368750800,0,sent:HOLD
1130,1034323.369582900,0.000160500,0.030000000,0.030000000,1034323.369743400,1034323.399582900,0,
1131,1034323.399478200,0.000331500,0.030000000,0.030000000,1034323.399809700,1034323.429478200,0,sent:HOLD
1132,1034323.430588200,0.000289900,0.030000000,0.030000000,1034323.430878100,1034323.460588200,0,sent:HOLD
1133,1034323.461933400,0.000372400,0.030000000,0.030000000,1034323.462305800,1034323.491933400,0,sent:HOLD
1134,1034323.492968900,0.000191000,0.030000000,0.030000000,1034323.493159900,1034323.522968900,0,
1135,1034323.523562200,0.000305400,0.030000000,0.030000000,1034323.523867600,1034323.553562200,0,
1136,1034323.554880100,0.000298000,0.030000000,0.030000000,1034323.555178100,1034323.584880100,0,sent:HOLD
1137,1034323.570143200,0.000650300,0.030000000,0.030000000,1034323.570793500,1034323.600143200,0,
1138,1034323.601121500,0.000231300,0.030000000,0.030000000,1034323.601352800,1034323.631121500,0,sent:HOLD
1139,1034323.631637800,0.000189600,0.030000000,0.030000000,1034323.631827400,1034323.661637800,0,sent:HOLD
1140,1034323.663463900,0.000520700,0.030000000,0.030000000,1034323.663984600,1034323.693463900,0,
1141,1034323.694001400,0.000384800,0.030000000,0.030000000,1034323.694386200,1034323.724001400,0,sent:HOLD
1142,1034323.726102700,0.000180200,0.030000000,0.030000000,1034323.726282900,1034323.756102700,0,sent:HOLD
1143,1034323.756999000,0.000527100,0.030000000,0.030000000,1034323.757526100,1034323.786999000,0,
1144,1034323.788064100,0.000153800,0.030000000,0.030000000,1034323.788217900,1034323.818064100,0,sent:HOLD
1145,1034323.819998000,0.000164700,0.030000000,0.030000000,1034323.820162700,1034323.849998000,0,sent:HOLD
1146,1034323.851026700,0.000186200,0.030000000,0.030000000,1034323.851212900,1034323.881026700,0,
1147,1034323.881994100,0.000162800,0.030000000,0.030000000,1034323.882156900,1034323.911994100,0,sent:HOLD
1148,1034323.912924800,0.000325400,0.030000000,0.030000000,1034323.913250200,1034323.942924800,0,sent:HOLD
1149,1034323.944960400,0.000416100,0.030000000,0.030000000,1034323.945376500,1034323.974960400,0,
1150,1034323.960048800,0.000244400,0.030000000,0.030000000,1034323.960293200,1034323.990048800,0,
1151,1034323.991227900,0.000200500,0.030000000,0.030000000,1034323.991428400,1034324.021227900,0,sent:HOLD
1152,1034324.022480900,0.000357500,0.030000000,0.030000000,1034324.022838400,1034324.052480900,0,
1153,1034324.053382300,0.000141100,0.030000000,0.030000000,1034324.053523400,1034324.083382300,0,sent:HOLD
1154,1034324.084262400,0.000333700,0.030000000,0.030000000,1034324.084596100,1034324.114262400,0,sent:HOLD
1155,1034324.115614700,0.000264300,0.030000000,0.030000000,1034324.115879000,1034324.145614700,0,sent:HOLD
1156,1034324.147101800,0.000125900,0.030000000,0.030000000,1034324.147227700,1034324.177101800,0,
1157,1034324.178968000,0.000162800,0.030000000,0.030000000,1034324.179130800,1034324.208968000,0,sent:HOLD
1158,1034324.210144000,0.000362400,0.030000000,0.030000000,1034324.210506400,1034324.240144000,0,
1159,1034324.241165600,0.000236900,0.030000000,0.030000000,1034324.241402500,1034324.271165600,0,sent:HOLD
1160,1034324.271229600,0.000376700,0.030000000,0.030000000,1034324.271606300,1034324.301229600,0,sent:HOLD
1161,1034324.303350500,0.000196800,0.030000000,0.030000000,1034324.303547300,1034324.333350500,0,
1162,1034324.334096000,0.000153800,0.030000000,0.030000000,1034324.334249800,1034324.364096000,0,sent:HOLD
1163,1034324.364805500,0.000406900,0.030000000,0.030000000,1034324.365212400,1034324.394805500,0,
1164,1034324.380365100,0.000232000,0.030000000,0.030000000,1034324.380597100,1034324.410365100,0,sent:HOLD
1165,1034324.412888700,0.000726200,0.030000000,0.030000000,1034324.413614900,1034324.442888700,0,
1166,1034324.444012600,0.000325900,0.030000000,0.030000000,1034324.444338500,1034324.474012600,0,sent:HOLD
1167,1034324.475016000,0.000214600,0.030000000,0.030000000,1034324.475230600,1034324.505016000,0,sent:HOLD
1168,1034324.505974700,0.000166900,0.030000000,0.030000000,1034324.506141600,1034324.535974700,0,
1169,1034324.538179600,0.000515300,0.030000000,0.030000000,1034324.538694900,1034324.568179600,0,sent:HOLD
1170,1034324.569883000,0.000338700,0.030000000,0.030000000,1034324.570221700,1034324.599883000,0,
1171,1034324.600885200,0.000336600,0.030000000,0.030000000,1034324.601221800,1034324.630885200,0,sent:HOLD
1172,1034324.631616600,0.000191400,0.030000000,0.030000000,1034324.631808000,1034324.661616600,0,sent:HOLD
1173,1034324.663258100,0.000484500,0.030000000,0.030000000,1034324.663742600,1034324.693258100,0,
1174,1034324.693867600,0.000272700,0.030000000,0.030000000,1034324.694140300,1034324.723867600,0,sent:HOLD
1175,1034324.710244600,0.000256700,0.030000000,0.030000000,1034324.710501300,1034324.740244600,0,
1176,1034324.741152400,0.000180100,0.030000000,0.030000000,1034324.741332500,1034324.771152400,0,sent:HOLD
1177,1034324.771630300,0.000363000,0.030000000,0.030000000,1034324.771993300,1034324.801630300,0,sent:HOLD
1178,1034324.803333700,0.000308800,0.030000000,0.030000000,1034324.803642500,1034324.833333700,0,
1179,1034324.834628000,0.000237900,0.030000000,0.030000000,1034324.834865900,1034324.864628000,0,sent:HOLD
1180,1034324.865717200,0.000197400,0.030000000,0.030000000,1034324.865914600,1034324.895717200,0,sent:HOLD
1181,1034324.896972700,0.000173200,0.030000000,0.030000000,1034324.897145900,1034324.926972700,0,
1182,1034324.927019500,0.000167100,0.030000000,0.030000000,1034324.927186600,1034324.957019500,0,sent:HOLD
1183,1034324.959167100,0.000418200,0.030000000,0.030000000,1034324.959585300,1034324.989167100,0,
1184,1034324.990260300,0.000514900,0.030000000,0.030000000,1034324.990775200,1034325.020260300,0,sent:HOLD
1185,1034325.022007000,0.000287400,0.030000000,0.030000000,1034325.022294400,1034325.052007000,0,
1186,1034325.052985400,0.000254900,0.030000000,0.030000000,1034325.053240300,1034325.082985400,0,sent:HOLD
1187,1034325.083463600,0.000468900,0.030000000,0.030000000,1034325.083932500,1034325.113463600,0,sent:HOLD
1188,1034325.113441200,0.000437400,0.030000000,0.030000000,1034325.113878600,1034325.143441200,0,
1189,1034325.144083800,0.000215000,0.030000000,0.030000000,1034325.144298800,1034325.174083800,0,sent:HOLD
1190,1034325.159442900,0.000199400,0.030000000,0.030000000,1034325.159642300,1034325.189442900,0,sent:HOLD
1191,1034325.190662600,0.000162800,0.030000000,0.030000000,1034325.190825400,1034325.220662600,0,
1192,1034325.222517200,0.000202800,0.030000000,0.030000000,1034325.222720000,1034325.252517200,0,sent:HOLD
1193,1034325.253675700,0.000157400,0.030000000,0.030000000,1034325.253833100,1034325.283675700,0,
1194,1034325.285880200,0.000178200,0.030000000,0.030000000,1034325.286058400,1034325.315880200,0,sent:HOLD
1195,1034325.318158800,0.000160400,0.030000000,0.030000000,1034325.318319200,1034325.348158800,0,sent:HOLD
1196,1034325.348709300,0.000135400,0.030000000,0.030000000,1034325.348844700,1034325.378709300,0,
1197,1034325.380187000,0.000416300,0.030000000,0.030000000,1034325.380603300,1034325.410187000,0,sent:HOLD
1198,1034325.411121000,0.000190500,0.030000000,0.030000000,1034325.411311500,1034325.441121000,0,
1199,1034325.443076800,0.000143500,0.030000000,0.030000000,1034325.443220300,1034325.473076800,0,sent:HOLD
1200,1034325.474333600,0.000316800,0.030000000,0.030000000,1034325.474650400,1034325.504333600,0,
1201,1034325.490029200,0.000440800,0.030000000,0.030000000,1034325.490470000,1034325.520029200,0,sent:HOLD
1202,1034325.521742900,0.000206700,0.030000000,0.030000000,1034325.521949600,1034325.551742900,0,sent:HOLD
1203,1034325.553082200,0.000441500,0.030000000,0.030000000,1034325.553523700,1034325.583082200,0,
1204,1034325.584789400,0.000264400,0.030000000,0.030000000,1034325.585053800,1034325.614789400,0,sent:HOLD
1205,1034325.617336200,0.000222700,0.030000000,0.030000000,1034325.617558900,1034325.647336200,0,sent:HOLD
1206,1034325.647812100,0.000572400,0.030000000,0.030000000,1034325.648384500,1034325.677812100,0,
1207,1034325.678889900,0.000216300,0.030000000,0.030000000,1034325.679106200,1034325.708889900,0,sent:HOLD
1208,1034325.709755500,0.000851500,0.030000000,0.030000000,1034325.710607000,1034325.739755500,0,
1209,1034325.740822100,0.000442400,0.030000000,0.030000000,1034325.741264500,1034325.770822100,0,sent:HOLD
1210,1034325.773177300,0.000666600,0.030000000,0.030000000,1034325.773843900,1034325.803177300,0,sent:HOLD
1211,1034325.804176200,0.000266000,0.030000000,0.030000000,1034325.804442200,1034325.834176200,0,
1212,1034325.834231200,0.000671700,0.030000000,0.030000000,1034325.834902900,1034325.864231200,0,sent:HOLD
1213,1034325.865144500,0.000298300,0.030000000,0.030000000,1034325.865442800,1034325.895144500,0,
1214,1034325.880852900,0.000393100,0.030000000,0.030000000,1034325.881246000,1034325.910852900,0,sent:HOLD
1215,1034325.912644800,0.000212500,0.030000000,0.030000000,1034325.912857300,1034325.942644800,0,sent:HOLD
1216,1034325.943265400,0.000156800,0.030000000,0.030000000,1034325.943422200,1034325.973265400,0,
1217,1034325.973450000,0.000278800,0.030000000,0.030000000,1034325.973728800,1034326.003450000,0,sent:HOLD
1218,1034326.004743200,0.000194100,0.030000000,0.030000000,1034326.004937300,1034326.034743200,0,
1219,1034326.035221800,0.000244800,0.030000000,0.030000000,1034326.035466600,1034326.065221800,0,sent:HOLD
1220,1034326.066750300,0.000201600,0.030000000,0.030000000,1034326.066951900,1034326.096750300,0,sent:HOLD
1221,1034326.097106900,0.000569500,0.030000000,0.030000000,1034326.097676400,1034326.127106900,0,
1222,1034326.128261600,0.000309900,0.030000000,0.030000000,1034326.128571500,1034326.158261600,0,sent:HOLD
1223,1034326.159755200,0.000470600,0.030000000,0.030000000,1034326.160225800,1034326.189755200,0,
1224,1034326.190659600,0.000310200,0.030000000,0.030000000,1034326.190969800,1034326.220659600,0,sent:HOLD
1225,1034326.221666000,0.000546700,0.030000000,0.030000000,1034326.222212700,1034326.251666000,0,
1226,1034326.252153200,0.000570600,0.030000000,0.030000000,1034326.252723800,1034326.282153200,0,sent:HOLD
1227,1034326.283185600,0.000687400,0.030000000,0.030000000,1034326.283873000,1034326.313185600,0,sent:HOLD
1228,1034326.313780300,0.000347600,0.030000000,0.030000000,1034326.314127900,1034326.343780300,0,
1229,1034326.345330600,0.000307800,0.030000000,0.030000000,1034326.345638400,1034326.375330600,0,sent:HOLD
1230,1034326.361647500,0.000151800,0.030000000,0.030000000,1034326.361799300,1034326.391647500,0,sent:HOLD
1231,1034326.393031900,0.000462900,0.030000000,0.030000000,1034326.393494800,1034326.423031900,0,
1232,1034326.424673600,0.000201100,0.030000000,0.030000000,1034326.424874700,1034326.454673600,0,sent:HOLD
1233,1034326.455259100,0.000262100,0.030000000,0.030000000,1034326.455521200,1034326.485259100,0,
1234,1034326.485523400,0.000277300,0.030000000,0.030000000,1034326.485800700,1034326.515523400,0,sent:HOLD
1235,1034326.516990700,0.000405600,0.030000000,0.030000000,1034326.517396300,1034326.546990700,0,
1236,1034326.548589300,0.000166900,0.030000000,0.030000000,1034326.548756200,1034326.578589300,0,sent:HOLD
1237,1034326.579168400,0.000721400,0.030000000,0.030000000,1034326.579889800,1034326.609168400,0,sent:HOLD
1238,1034326.610656500,0.000224500,0.030000000,0.030000000,1034326.610881000,1034326.640656500,0,
1239,1034326.641494300,0.000254100,0.030000000,0.030000000,1034326.641748400,1034326.671494300,0,sent:HOLD
1240,1034326.671764100,0.000238000,0.030000000,0.030000000,1034326.672002100,1034326.701764100,0,
1241,1034326.702242200,0.000344700,0.030000000,0.030000000,1034326.702586900,1034326.732242200,0,sent:HOLD
1242,1034326.733284800,0.000225500,0.030000000,0.030000000,1034326.733510300,1034326.763284800,0,sent:HOLD
1243,1034326.764149100,0.000221400,0.030000000,0.030000000,1034326.764370500,1034326.794149100,0,sent:HOLD
1244,1034326.779486000,0.000147600,0.030000000,0.030000000,1034326.779633600,1034326.809486000,0,
1245,1034326.811183600,0.000153100,0.030000000,0.030000000,1034326.811336700,1034326.841183600,0,sent:HOLD
1246,1034326.841990100,0.000232500,0.030000000,0.030000000,1034326.842222600,1034326.871990100,0,
1247,1034326.873674000,0.000144600,0.030000000,0.030000000,1034326.873818600,1034326.903674000,0,sent:HOLD
1248,1034326.904579900,0.000131700,0.030000000,0.030000000,1034326.904711600,1034326.934579900,0,
1249,1034326.936505400,0.000419000,0.030000000,0.030000000,1034326.936924400,1034326.966505400,0,sent:HOLD
1250,1034326.968898500,0.000248800,0.030000000,0.030000000,1034326.969147300,1034326.998898500,0,
1251,1034326.999953600,0.000226600,0.030000000,0.030000000,1034327.000180200,1034327.029953600,0,sent:HOLD
1252,1034327.030999800,0.000336800,0.030000000,0.030000000,1034327.031336600,1034327.060999800,0,sent:HOLD
1253,1034327.061970500,0.000161500,0.030000000,0.030000000,1034327.062132000,1034327.091970500,0,sent:HOLD
1254,1034327.093209300,0.000298900,0.030000000,0.030000000,1034327.093508200,1034327.123209300,0,
1255,1034327.124573900,0.000417000,0.030000000,0.030000000,1034327.124990900,1034327.154573900,0,sent:HOLD
1256,1034327.140607500,0.000356100,0.030000000,0.030000000,1034327.140963600,1034327.170607500,0,
1257,1034327.171785700,0.000174000,0.030000000,0.030000000,1034327.171959700,1034327.201785700,0,sent:HOLD
1258,1034327.203687900,0.000395100,0.030000000,0.030000000,1034327.204083000,1034327.233687900,0,
1259,1034327.234629200,0.000173600,0.030000000,0.030000000,1034327.234802800,1034327.264629200,0,sent:HOLD
1260,1034327.266359100,0.000405500,0.030000000,0.030000000,1034327.266764600,1034327.296359100,0,sent:HOLD
1261,1034327.296956600,0.000346500,0.030000000,0.030000000,1034327.297303100,1034327.326956600,0,
1262,1034327.328725500,0.000239700,0.030000000,0.030000000,1034327.328965200,1034327.358725500,0,sent:HOLD
1263,1034327.360638100,0.000387600,0.030000000,0.030000000,1034327.361025700,1034327.390638100,0,
1264,1034327.391241400,0.000411100,0.030000000,0.030000000,1034327.391652500,1034327.421241400,0,sent:HOLD
1265,1034327.422804000,0.000216500,0.030000000,0.030000000,1034327.423020500,1034327.452804000,0,sent:HOLD
1266,1034327.454017700,0.000284900,0.030000000,0.030000000,1034327.454302600,1034327.484017700,0,
1267,1034327.469406400,0.000777200,0.030000000,0.030000000,1034327.470183600,1034327.499406400,0,
1268,1034327.501042400,0.000485000,0.030000000,0.030000000,1034327.501527400,1034327.531042400,0,sent:HOLD
1269,1034327.532241900,0.000413400,0.030000000,0.030000000,1034327.532655300,1034327.562241900,0,sent:HOLD
1270,1034327.562502400,0.000560500,0.030000000,0.030000000,1034327.563062900,1034327.592502400,0,
1271,1034327.594234300,0.000338100,0.030000000,0.030000000,1034327.594572400,1034327.624234300,0,sent:HOLD
1272,1034327.625092200,0.000545800,0.030000000,0.030000000,1034327.625638000,1034327.655092200,0,sent:HOLD
1273,1034327.656056500,0.000186800,0.030000000,0.030000000,1034327.656243300,1034327.686056500,0,
1274,1034327.687600900,0.000184900,0.030000000,0.030000000,1034327.687785800,1034327.717600900,0,sent:HOLD
1275,1034327.718533700,0.000276900,0.030000000,0.030000000,1034327.718810600,1034327.748533700,0,sent:HOLD
1276,1034327.749938600,0.000215500,0.030000000,0.030000000,1034327.750154100,1034327.779938600,0,
1277,1034327.781086800,0.000215200,0.030000000,0.030000000,1034327.781302000,1034327.811086800,0,sent:HOLD
1278,1034327.811587100,0.000383900,0.030000000,0.030000000,1034327.811971000,1034327.841587100,0,
1279,1034327.843433400,0.000376100,0.030000000,0.030000000,1034327.843809500,1034327.873433400,0,sent:HOLD
1280,1034327.859413800,0.000231700,0.030000000,0.030000000,1034327.859645500,1034327.889413800,0,
1281,1034327.890534700,0.000242500,0.030000000,0.030000000,1034327.890777200,1034327.920534700,0,sent:HOLD
1282,1034327.921245500,0.000503600,0.030000000,0.030000000,1034327.921749100,1034327.951245500,0,
1283,1034327.953209800,0.000223900,0.030000000,0.030000000,1034327.953433700,1034327.983209800,0,sent:HOLD
1284,1034327.984979200,0.000316100,0.030000000,0.030000000,1034327.985295300,1034328.014979200,0,sent:HOLD
1285,1034328.015197100,0.000196600,0.030000000,0.030000000,1034328.015393700,1034328.045197100,0,
1286,1034328.045892300,0.000228000,0.030000000,0.030000000,1034328.046120300,1034328.075892300,0,sent:HOLD
1287,1034328.076444200,0.001031000,0.030000000,0.030000000,1034328.077475200,1034328.106444200,0,sent:HOLD
1288,1034328.107764200,0.000334700,0.030000000,0.030000000,1034328.108098900,1034328.137764200,0,
1289,1034328.138811500,0.000215300,0.030000000,0.030000000,1034328.139026800,1034328.168811500,0,sent:HOLD
1290,1034328.170053200,0.000165500,0.030000000,0.030000000,1034328.170218700,1034328.200053200,0,sent:HOLD
1291,1034328.201986600,0.000206500,0.030000000,0.030000000,1034328.202193100,1034328.231986600,0,
1292,1034328.233004700,0.000202900,0.030000000,0.030000000,1034328.233207600,1034328.263004700,0,sent:HOLD
1293,1034328.264704300,0.000516300,0.030000000,0.030000000,1034328.265220600,1034328.294704300,0,
1294,1034328.280327300,0.000194600,0.030000000,0.030000000,1034328.280521900,1034328.310327300,0,sent:HOLD
1295,1034328.312236100,0.000158000,0.030000000,0.030000000,1034328.312394100,1034328.342236100,0,
1296,1034328.344379200,0.000165100,0.030000000,0.030000000,1034328.344544300,1034328.374379200,0,sent:HOLD
1297,1034328.375536700,0.000337400,0.030000000,0.030000000,1034328.375874100,1034328.405536700,0,sent:HOLD
1298,1034328.406728500,0.000334000,0.030000000,0.030000000,1034328.407062500,1034328.436728500,0,
1299,1034328.438643900,0.000309200,0.030000000,0.030000000,1034328.438953100,1034328.468643900,0,sent:HOLD
1300,1034328.469891900,0.000189300,0.030000000,0.030000000,1034328.470081200,1034328.499891900,0,sent:HOLD
1301,1034328.501758500,0.000261600,0.030000000,0.030000000,1034328.502020100,1034328.531758500,0,
1302,1034328.532959500,0.000226500,0.030000000,0.030000000,1034328.533186000,1034328.562959500,0,sent:HOLD
1303,1034328.564683700,0.000215000,0.030000000,0.030000000,1034328.564898700,1034328.594683700,0,
1304,1034328.580106400,0.000155100,0.030000000,0.030000000,1034328.580261500,1034328.610106400,0,sent:HOLD
1305,1034328.610546500,0.000509100,0.030000000,0.030000000,1034328.611055600,1034328.640546500,0,sent:HOLD
1306,1034328.641555800,0.000178000,0.030000000,0.030000000,1034328.641733800,1034328.671555800,0,
1307,1034328.673338000,0.000139200,0.030000000,0.030000000,1034328.673477200,1034328.703338000,0,sent:HOLD
1308,1034328.703596800,0.000533200,0.030000000,0.030000000,1034328.704130000,1034328.733596800,0,
1309,1034328.734517600,0.000171700,0.030000000,0.030000000,1034328.734689300,1034328.764517600,0,sent:HOLD
1310,1034328.766125500,0.000336600,0.030000000,0.030000000,1034328.766462100,1034328.796125500,0,
1311,1034328.797232100,0.000212700,0.030000000,0.030000000,1034328.797444800,1034328.827232100,0,sent:HOLD
1312,1034328.828797200,0.000211100,0.030000000,0.030000000,1034328.829008300,1034328.858797200,0,sent:HOLD
1313,1034328.859465800,0.000173700,0.030000000,0.030000000,1034328.859639500,1034328.889465800,0,
1314,1034328.890640200,0.000188200,0.030000000,0.030000000,1034328.890828400,1034328.920640200,0,sent:HOLD
1315,1034328.922558700,0.000373500,0.030000000,0.030000000,1034328.922932200,1034328.952558700,0,sent:HOLD
1316,1034328.953328500,0.000259000,0.030000000,0.030000000,1034328.953587500,1034328.983328500,0,
1317,1034328.984998900,0.000149900,0.030000000,0.030000000,1034328.985148800,1034329.014998900,0,sent:HOLD
1318,1034329.015481500,0.000167200,0.030000000,0.030000000,1034329.015648700,1034329.045481500,0,sent:HOLD
1319,1034329.030837000,0.000124100,0.030000000,0.030000000,1034329.030961100,1034329.060837000,0,
1320,1034329.061832200,0.000294500,0.030000000,0.030000000,1034329.062126700,1034329.091832200,0,
1321,1034329.093263500,0.000149900,0.030000000,0.030000000,1034329.093413400,1034329.123263500,0,sent:HOLD
1322,1034329.124774600,0.000190500,0.030000000,0.030000000,1034329.124965100,1034329.154774600,0,sent:HOLD
1323,1034329.155663800,0.000310100,0.030000000,0.030000000,1034329.155973900,1034329.185663800,0,
1324,1034329.187940900,0.000377000,0.030000000,0.030000000,1034329.188317900,1034329.217940900,0,sent:HOLD
1325,1034329.219192300,0.000149300,0.030000000,0.030000000,1034329.219341600,1034329.249192300,0,sent:HOLD
1326,1034329.250291900,0.000474300,0.030000000,0.030000000,1034329.250766200,1034329.280291900,0,
1327,1034329.281796400,0.000460400,0.030000000,0.030000000,1034329.282256800,1034329.311796400,0,sent:HOLD
1328,1034329.312302100,0.000371300,0.030000000,0.030000000,1034329.312673400,1034329.342302100,0,
1329,1034329.344469900,0.000155900,0.030000000,0.030000000,1034329.344625800,1034329.374469900,0,sent:HOLD
1330,1034329.360341700,0.000357600,0.030000000,0.030000000,1034329.360699300,1034329.390341700,0,sent:HOLD
1331,1034329.390962000,0.000206500,0.030000000,0.030000000,1034329.391168500,1034329.420962000,0,
1332,1034329.421421600,0.000673500,0.030000000,0.030000000,1034329.422095100,1034329.451421600,0,
1333,1034329.453198500,0.000354600,0.030000000,0.030000000,1034329.453553100,1034329.483198500,0,sent:HOLD
1334,1034329.484000400,0.000186500,0.030000000,0.030000000,1034329.484186900,1034329.514000400,0,sent:HOLD
1335,1034329.515646600,0.000559100,0.030000000,0.030000000,1034329.516205700,1034329.545646600,0,sent:HOLD
1336,1034329.546122300,0.000173100,0.030000000,0.030000000,1034329.546295400,1034329.576122300,0,
1337,1034329.578306300,0.000478000,0.030000000,0.030000000,1034329.578784300,1034329.608306300,0,sent:HOLD
1338,1034329.610544500,0.000363900,0.030000000,0.030000000,1034329.610908400,1034329.640544500,0,sent:HOLD
1339,1034329.641561300,0.000227600,0.030000000,0.030000000,1034329.641788900,1034329.671561300,0,
1340,1034329.673223800,0.000270100,0.030000000,0.030000000,1034329.673493900,1034329.703223800,0,sent:HOLD
1341,1034329.704416100,0.000490500,0.030000000,0.030000000,1034329.704906600,1034329.734416100,0,
1342,1034329.719949500,0.000212300,0.030000000,0.030000000,1034329.720161800,1034329.749949500,0,sent:HOLD
1343,1034329.751002400,0.000141700,0.030000000,0.030000000,1034329.751144100,1034329.781002400,0,
1344,1034329.782031600,0.000214300,0.030000000,0.030000000,1034329.782245900,1034329.812031600,0,sent:HOLD
1345,1034329.812282900,0.000613000,0.030000000,0.030000000,1034329.812895900,1034329.842282900,0,
1346,1034329.843525800,0.000375300,0.030000000,0.030000000,1034329.843901100,1034329.873525800,0,sent:HOLD
1347,1034329.874669600,0.000593800,0.030000000,0.030000000,1034329.875263400,1034329.904669600,0,sent:HOLD
1348,1034329.905099100,0.000173100,0.030000000,0.030000000,1034329.905272200,1034329.935099100,0,
1349,1034329.936175800,0.000235100,0.030000000,0.030000000,1034329.936410900,1034329.966175800,0,sent:HOLD
1350,1034329.968381500,0.000151700,0.030000000,0.030000000,1034329.968533200,1034329.998381500,0,sent:HOLD
1351,1034330.000032400,0.000237100,0.030000000,0.030000000,1034330.000269500,1034330.030032400,0,
1352,1034330.030936600,0.000226200,0.030000000,0.030000000,1034330.031162800,1034330.060936600,0,sent:HOLD
1353,1034330.061748000,0.000341900,0.030000000,0.030000000,1034330.062089900,1034330.091748000,0,
1354,1034330.093313000,0.000472200,0.030000000,0.030000000,1034330.093785200,1034330.123313000,0,sent:HOLD
1355,1034330.124297500,0.000644300,0.030000000,0.030000000,1034330.124941800,1034330.154297500,0,sent:HOLD
1356,1034330.155384400,0.000233500,0.030000000,0.030000000,1034330.155617900,1034330.185384400,0,
1357,1034330.171313300,0.000423100,0.030000000,0.030000000,1034330.171736400,1034330.201313300,0,sent:HOLD
1358,1034330.203475200,0.000642900,0.030000000,0.030000000,1034330.204118100,1034330.233475200,0,
1359,1034330.233868800,0.000647600,0.030000000,0.030000000,1034330.234516400,1034330.263868800,0,sent:HOLD
1360,1034330.265750600,0.000200500,0.030000000,0.030000000,1034330.265951100,1034330.295750600,0,sent:HOLD
1361,1034330.296012800,0.000355700,0.030000000,0.030000000,1034330.296368500,1034330.326012800,0,
1362,1034330.327565900,0.000239500,0.030000000,0.030000000,1034330.327805400,1034330.357565900,0,sent:HOLD
1363,1034330.358607800,0.000358900,0.030000000,0.030000000,1034330.358966700,1034330.388607800,0,
1364,1034330.389942900,0.000231000,0.030000000,0.030000000,1034330.390173900,1034330.419942900,0,sent:HOLD
1365,1034330.421358100,0.000154000,0.030000000,0.030000000,1034330.421512100,1034330.451358100,0,sent:HOLD
1366,1034330.453108000,0.000331500,0.030000000,0.030000000,1034330.453439500,1034330.483108000,0,
1367,1034330.483916600,0.000632700,0.030000000,0.030000000,1034330.484549300,1034330.513916600,0,sent:HOLD
1368,1034330.500182500,0.000155600,0.030000000,0.030000000,1034330.500338100,1034330.530182500,0,
1369,1034330.531213900,0.000199600,0.030000000,0.030000000,1034330.531413500,1034330.561213900,0,sent:HOLD
1370,1034330.561927500,0.000198100,0.030000000,0.030000000,1034330.562125600,1034330.591927500,0,
1371,1034330.592996200,0.000664400,0.030000000,0.030000000,1034330.593660600,1034330.622996200,0,sent:HOLD
1372,1034330.624529400,0.000239600,0.030000000,0.030000000,1034330.624769000,1034330.654529400,0,sent:HOLD
1373,1034330.655648100,0.000193400,0.030000000,0.030000000,1034330.655841500,1034330.685648100,0,
1374,1034330.686797000,0.000202200,0.030000000,0.030000000,1034330.686999200,1034330.716797000,0,sent:HOLD
1375,1034330.719209800,0.000159900,0.030000000,0.030000000,1034330.719369700,1034330.749209800,0,sent:HOLD
1376,1034330.749705400,0.000152400,0.030000000,0.030000000,1034330.749857800,1034330.779705400,0,
1377,1034330.780672100,0.000273300,0.030000000,0.030000000,1034330.780945400,1034330.810672100,0,sent:HOLD
1378,1034330.813841800,0.000239500,0.030000000,0.030000000,1034330.814081300,1034330.843841800,0,sent:HOLD
1379,1034330.843735200,0.000165200,0.030000000,0.030000000,1034330.843900400,1034330.873735200,0,
1380,1034330.874638900,0.000378500,0.030000000,0.030000000,1034330.875017400,1034330.904638900,0,
1381,1034330.890286600,0.000167900,0.030000000,0.030000000,1034330.890454500,1034330.920286600,0,sent:HOLD
1382,1034330.922367200,0.000145000,0.030000000,0.030000000,1034330.922512200,1034330.952367200,0,sent:HOLD
1383,1034330.954468800,0.000153800,0.030000000,0.030000000,1034330.954622600,1034330.984468800,0,
1384,1034330.985430000,0.000409400,0.030000000,0.030000000,1034330.985839400,1034331.015430000,0,sent:HOLD
1385,1034331.017003700,0.000160500,0.030000000,0.030000000,1034331.017164200,1034331.047003700,0,sent:HOLD
1386,1034331.047185400,0.000145300,0.030000000,0.030000000,1034331.047330700,1034331.077185400,0,
1387,1034331.077316300,0.000255400,0.030000000,0.030000000,1034331.077571700,1034331.107316300,0,sent:HOLD
1388,1034331.109443100,0.000426300,0.030000000,0.030000000,1034331.109869400,1034331.139443100,0,
1389,1034331.140123300,0.000285200,0.030000000,0.030000000,1034331.140408500,1034331.170123300,0,sent:HOLD
1390,1034331.171198000,0.000377000,0.030000000,0.030000000,1034331.171575000,1034331.201198000,0,
1391,1034331.203351300,0.000270600,0.030000000,0.030000000,1034331.203621900,1034331.233351300,0,sent:HOLD
1392,1034331.234425500,0.000339000,0.030000000,0.030000000,1034331.234764500,1034331.264425500,0,sent:HOLD
1393,1034331.250510600,0.000555600,0.030000000,0.030000000,1034331.251066200,1034331.280510600,0,
1394,1034331.281018000,0.000223800,0.030000000,0.030000000,1034331.281241800,1034331.311018000,0,sent:HOLD
1395,1034331.312161100,0.000417300,0.030000000,0.030000000,1034331.312578400,1034331.342161100,0,sent:HOLD
1396,1034331.343362100,0.000198700,0.030000000,0.030000000,1034331.343560800,1034331.373362100,0,
1397,1034331.374561900,0.000259300,0.030000000,0.030000000,1034331.374821200,1034331.404561900,0,sent:HOLD
1398,1034331.406262400,0.000182300,0.030000000,0.030000000,1034331.406444700,1034331.436262400,0,
1399,1034331.437232900,0.000401800,0.030000000,0.030000000,1034331.437634700,1034331.467232900,0,sent:HOLD
1400,1034331.468839800,0.000168500,0.030000000,0.030000000,1034331.469008300,1034331.498839800,0,sent:HOLD
1401,1034331.499682200,0.000354100,0.030000000,0.030000000,1034331.500036300,1034331.529682200,0,
1402,1034331.530550600,0.000597400,0.030000000,0.030000000,1034331.531148000,1034331.560550600,0,sent:HOLD
1403,1034331.561472600,0.000130600,0.030000000,0.030000000,1034331.561603200,1034331.591472600,0,
1404,1034331.592259600,0.000259700,0.030000000,0.030000000,1034331.592519300,1034331.622259600,0,sent:HOLD
1405,1034331.623223900,0.000165400,0.030000000,0.030000000,1034331.623389300,1034331.653223900,0,
1406,1034331.653652900,0.000315100,0.030000000,0.030000000,1034331.653968000,1034331.683652900,0,sent:HOLD
1407,1034331.684359600,0.000279200,0.030000000,0.030000000,1034331.684638800,1034331.714359600,0,sent:HOLD
1408,1034331.700687700,0.000123200,0.030000000,0.030000000,1034331.700810900,1034331.730687700,0,
1409,1034331.731556400,0.000354500,0.030000000,0.030000000,1034331.731910900,1034331.761556400,0,sent:HOLD
1410,1034331.762662200,0.000141800,0.030000000,0.030000000,1034331.762804000,1034331.792662200,0,
1411,1034331.794224900,0.000191300,0.030000000,0.030000000,1034331.794416200,1034331.824224900,0,sent:HOLD
1412,1034331.825969200,0.000195900,0.030000000,0.030000000,1034331.826165100,1034331.855969200,0,sent:HOLD
1413,1034331.856768000,0.000136200,0.030000000,0.030000000,1034331.856904200,1034331.886768000,0,
1414,1034331.888784600,0.000202200,0.030000000,0.030000000,1034331.888986800,1034331.918784600,0,sent:HOLD
1415,1034331.920601000,0.000142500,0.030000000,0.030000000,1034331.920743500,1034331.950601000,0,sent:HOLD
1416,1034331.951328300,0.000290700,0.030000000,0.030000000,1034331.951619000,1034331.981328300,0,
1417,1034331.983656700,0.000138800,0.030000000,0.030000000,1034331.983795500,1034332.013656700,0,sent:HOLD
1418,1034332.014185000,0.000385000,0.030000000,0.030000000,1034332.014570000,1034332.044185000,0,
1419,1034332.029820800,0.000593300,0.030000000,0.030000000,1034332.030414100,1034332.059820800,0,sent:HOLD
1420,1034332.061583400,0.000228500,0.030000000,0.030000000,1034332.061811900,1034332.091583400,0,
1421,1034332.092101000,0.000286200,0.030000000,0.030000000,1034332.092387200,1034332.122101000,0,sent:HOLD
1422,1034332.122402100,0.000137300,0.030000000,0.030000000,1034332.122539400,1034332.152402100,0,sent:HOLD
1423,1034332.153525600,0.000149600,0.030000000,0.030000000,1034332.153675200,1034332.183525600,0,
1424,1034332.185067400,0.000475300,0.030000000,0.030000000,1034332.185542700,1034332.215067400,0,sent:HOLD
1425,1034332.216480000,0.000603000,0.030000000,0.030000000,1034332.217083000,1034332.246480000,0,sent:HOLD
1426,1034332.246945500,0.000173300,0.030000000,0.030000000,1034332.247118800,1034332.276945500,0,
1427,1034332.278120400,0.000183900,0.030000000,0.030000000,1034332.278304300,1034332.308120400,0,sent:HOLD
1428,1034332.309383600,0.000343700,0.030000000,0.030000000,1034332.309727300,1034332.339383600,0,
1429,1034332.340365800,0.000155000,0.030000000,0.030000000,1034332.340520800,1034332.370365800,0,sent:HOLD
1430,1034332.371816300,0.000338900,0.030000000,0.030000000,1034332.372155200,1034332.401816300,0,sent:HOLD
1431,1034332.403410200,0.000303000,0.030000000,0.030000000,1034332.403713200,1034332.433410200,0,
1432,1034332.434962400,0.000273000,0.030000000,0.030000000,1034332.435235400,1034332.464962400,0,sent:HOLD
1433,1034332.450699500,0.000217800,0.030000000,0.030000000,1034332.450917300,1034332.480699500,0,
1434,1034332.481624000,0.000147200,0.030000000,0.030000000,1034332.481771200,1034332.511624000,0,sent:HOLD
1435,1034332.512330200,0.000205800,0.030000000,0.030000000,1034332.512536000,1034332.542330200,0,
1436,1034332.544546200,0.000190600,0.030000000,0.030000000,1034332.544736800,1034332.574546200,0,sent:HOLD
1437,1034332.575562400,0.000222600,0.030000000,0.030000000,1034332.575785000,1034332.605562400,0,sent:HOLD
1438,1034332.607188200,0.000155400,0.030000000,0.030000000,1034332.607343600,1034332.637188200,0,
1439,1034332.639234000,0.000192000,0.030000000,0.030000000,1034332.639426000,1034332.669234000,0,sent:HOLD
1440,1034332.671113400,0.000197500,0.030000000,0.030000000,1034332.671310900,1034332.701113400,0,sent:HOLD
1441,1034332.703228100,0.000150100,0.030000000,0.030000000,1034332.703378200,1034332.733228100,0,
1442,1034332.734615100,0.000298000,0.030000000,0.030000000,1034332.734913100,1034332.764615100,0,sent:HOLD
1443,1034332.750436700,0.000118200,0.030000000,0.030000000,1034332.750554900,1034332.780436700,0,
1444,1034332.781800600,0.000156200,0.030000000,0.030000000,1034332.781956800,1034332.811800600,0,sent:HOLD
1445,1034332.813050500,0.000385700,0.030000000,0.030000000,1034332.813436200,1034332.843050500,0,
1446,1034332.844437400,0.000168400,0.030000000,0.030000000,1034332.844605800,1034332.874437400,0,sent:HOLD
1447,1034332.875542600,0.000141500,0.030000000,0.030000000,1034332.875684100,1034332.905542600,0,sent:HOLD
1448,1034332.907212700,0.000168200,0.030000000,0.030000000,1034332.907380900,1034332.937212700,0,
1449,1034332.939329200,0.000156800,0.030000000,0.030000000,1034332.939486000,1034332.969329200,0,sent:HOLD
1450,1034332.971545600,0.000169700,0.030000000,0.030000000,1034332.971715300,1034333.001545600,0,sent:HOLD
1451,1034333.003556800,0.000179100,0.030000000,0.030000000,1034333.003735900,1034333.033556800,0,
1452,1034333.034552400,0.000166300,0.030000000,0.030000000,1034333.034718700,1034333.064552400,0,sent:HOLD
1453,1034333.049835900,0.000151200,0.030000000,0.030000000,1034333.049987100,1034333.079835900,0,
1454,1034333.080901100,0.000231400,0.030000000,0.030000000,1034333.081132500,1034333.110901100,0,sent:HOLD
1455,1034333.112100400,0.000605300,0.030000000,0.030000000,1034333.112705700,1034333.142100400,0,sent:HOLD
1456,1034333.143192700,0.000162900,0.030000000,0.030000000,1034333.143355600,1034333.173192700,0,
1457,1034333.174717900,0.000692800,0.030000000,0.030000000,1034333.175410700,1034333.204717900,0,sent:HOLD
1458,1034333.205963000,0.000144300,0.030000000,0.030000000,1034333.206107300,1034333.235963000,0,
1459,1034333.236792200,0.000335600,0.030000000,0.030000000,1034333.237127800,1034333.266792200,0,sent:HOLD
1460,1034333.268562500,0.000153200,0.030000000,0.030000000,1034333.268715700,1034333.298562500,0,sent:HOLD
1461,1034333.300567300,0.000190400,0.030000000,0.030000000,1034333.300757700,1034333.330567300,0,
1462,1034333.331924300,0.000127500,0.030000000,0.030000000,1034333.332051800,1034333.361924300,0,sent:HOLD
1463,1034333.363572700,0.000559700,0.030000000,0.030000000,1034333.364132400,1034333.393572700,0,
1464,1034333.394367800,0.000287500,0.030000000,0.030000000,1034333.394655300,1034333.424367800,0,sent:HOLD
1465,1034333.410409300,0.000610000,0.030000000,0.030000000,1034333.411019300,1034333.440409300,0,
1466,1034333.441557600,0.000175200,0.030000000,0.030000000,1034333.441732800,1034333.471557600,0,sent:HOLD
1467,1034333.471501400,0.000243300,0.030000000,0.030000000,1034333.471744700,1034333.501501400,0,sent:HOLD
1468,1034333.503578200,0.000164500,0.030000000,0.030000000,1034333.503742700,1034333.533578200,0,
1469,1034333.534025400,0.000418400,0.030000000,0.030000000,1034333.534443800,1034333.564025400,0,sent:HOLD
1470,1034333.565206700,0.000374200,0.030000000,0.030000000,1034333.565580900,1034333.595206700,0,sent:HOLD
1471,1034333.595859300,0.000155100,0.030000000,0.030000000,1034333.596014400,1034333.625859300,0,
1472,1034333.627008700,0.000750500,0.030000000,0.030000000,1034333.627759200,1034333.657008700,0,sent:HOLD
1473,1034333.657347800,0.000223200,0.030000000,0.030000000,1034333.657571000,1034333.687347800,0,
1474,1034333.688761000,0.000831200,0.030000000,0.030000000,1034333.689592200,1034333.718761000,0,sent:HOLD
1475,1034333.720208000,0.000167000,0.030000000,0.030000000,1034333.720375000,1034333.750208000,0,sent:HOLD
1476,1034333.751007100,0.000602400,0.030000000,0.030000000,1034333.751609500,1034333.781007100,0,
1477,1034333.781858100,0.000387200,0.030000000,0.030000000,1034333.782245300,1034333.811858100,0,sent:HOLD
1478,1034333.814396200,0.000194500,0.030000000,0.030000000,1034333.814590700,1034333.844396200,0,sent:HOLD
1479,1034333.829697500,0.000245800,0.030000000,0.030000000,1034333.829943300,1034333.859697500,0,
1480,1034333.861739400,0.000160400,0.030000000,0.030000000,1034333.861899800,1034333.891739400,0,
1481,1034333.893333200,0.000212500,0.030000000,0.030000000,1034333.893545700,1034333.923333200,0,sent:HOLD
1482,1034333.924751200,0.000175000,0.030000000,0.030000000,1034333.924926200,1034333.954751200,0,sent:HOLD
1483,1034333.955186400,0.000487700,0.030000000,0.030000000,1034333.955674100,1034333.985186400,0,
1484,1034333.986475500,0.000249000,0.030000000,0.030000000,1034333.986724500,1034334.016475500,0,sent:HOLD
1485,1034334.018767400,0.000304000,0.030000000,0.030000000,1034334.019071400,1034334.048767400,0,
1486,1034334.049781100,0.000214000,0.030000000,0.030000000,1034334.049995100,1034334.079781100,0,sent:HOLD
1487,1034334.080927600,0.000151300,0.030000000,0.030000000,1034334.081078900,1034334.110927600,0,sent:HOLD
1488,1034334.112210800,0.000438200,0.030000000,0.030000000,1034334.112649000,1034334.142210800,0,
1489,1034334.143180600,0.000232000,0.030000000,0.030000000,1034334.143412600,1034334.173180600,0,sent:HOLD
1490,1034334.173116400,0.000369200,0.030000000,0.030000000,1034334.173485600,1034334.203116400,0,
1491,1034334.189441200,0.000150700,0.030000000,0.030000000,1034334.189591900,1034334.219441200,0,sent:HOLD
1492,1034334.221025100,0.000488200,0.030000000,0.030000000,1034334.221513300,1034334.251025100,0,sent:HOLD
1493,1034334.253459200,0.000182200,0.030000000,0.030000000,1034334.253641400,1034334.283459200,0,
1494,1034334.285088000,0.000611900,0.030000000,0.030000000,1034334.285699900,1034334.315088000,0,sent:HOLD
1495,1034334.317185700,0.000409300,0.030000000,0.030000000,1034334.317595000,1034334.347185700,0,
1496,1034334.348729700,0.000199800,0.030000000,0.030000000,1034334.348929500,1034334.378729700,0,sent:HOLD
1497,1034334.379964100,0.000362100,0.030000000,0.030000000,1034334.380326200,1034334.409964100,0,sent:HOLD
1498,1034334.411400800,0.000684800,0.030000000,0.030000000,1034334.412085600,1034334.441400800,0,sent:HOLD
1499,1034334.443409300,0.000174400,0.030000000,0.030000000,1034334.443583700,1034334.473409300,0,
1500,1034334.474841900,0.000808700,0.030000000,0.030000000,1034334.475650600,1034334.504841900,0,sent:HOLD
1501,1034334.490591600,0.000149000,0.030000000,0.030000000,1034334.490740600,1034334.520591600,0,
1502,1034334.520995100,0.000578600,0.030000000,0.030000000,1034334.521573700,1034334.550995100,0,sent:HOLD
1503,1034334.553662000,0.000559000,0.030000000,0.030000000,1034334.554221000,1034334.583662000,0,
1504,1034334.584354000,0.000187700,0.030000000,0.030000000,1034334.584541700,1034334.614354000,0,sent:HOLD
1505,1034334.615136500,0.000399900,0.030000000,0.030000000,1034334.615536400,1034334.645136500,0,
1506,1034334.646902300,0.000201900,0.030000000,0.030000000,1034334.647104200,1034334.676902300,0,sent:HOLD
1507,1034334.679016300,0.000303800,0.030000000,0.030000000,1034334.679320100,1034334.709016300,0,sent:HOLD
1508,1034334.710152800,0.000150200,0.030000000,0.030000000,1034334.710303000,1034334.740152800,0,
1509,1034334.741308600,0.000173100,0.030000000,0.030000000,1034334.741481700,1034334.771308600,0,sent:HOLD
1510,1034334.773561400,0.000150400,0.030000000,0.030000000,1034334.773711800,1034334.803561400,0,sent:HOLD
1511,1034334.804356100,0.000342100,0.030000000,0.030000000,1034334.804698200,1034334.834356100,0,
1512,1034334.820130200,0.000324100,0.030000000,0.030000000,1034334.820454300,1034334.850130200,0,sent:HOLD
1513,1034334.850471100,0.000173000,0.030000000,0.030000000,1034334.850644100,1034334.880471100,0,
1514,1034334.882164100,0.000150900,0.030000000,0.030000000,1034334.882315000,1034334.912164100,0,sent:HOLD
1515,1034334.913132600,0.000349800,0.030000000,0.030000000,1034334.913482400,1034334.943132600,0,
1516,1034334.944708600,0.000171600,0.030000000,0.030000000,1034334.944880200,1034334.974708600,0,sent:HOLD
1517,1034334.975511100,0.000133600,0.030000000,0.030000000,1034334.975644700,1034335.005511100,0,sent:HOLD
1518,1034335.006121100,0.000147000,0.030000000,0.030000000,1034335.006268100,1034335.036121100,0,
1519,1034335.037997600,0.000299500,0.030000000,0.030000000,1034335.038297100,1034335.067997600,0,sent:HOLD
1520,1034335.068950600,0.000281300,0.030000000,0.030000000,1034335.069231900,1034335.098950600,0,
1521,1034335.100672800,0.000141700,0.030000000,0.030000000,1034335.100814500,1034335.130672800,0,sent:HOLD
1522,1034335.131647900,0.000220400,0.030000000,0.030000000,1034335.131868300,1034335.161647900,0,sent:HOLD
1523,1034335.163755000,0.000301100,0.030000000,0.030000000,1034335.164056100,1034335.193755000,0,
1524,1034335.195213200,0.000208800,0.030000000,0.030000000,1034335.195422000,1034335.225213200,0,sent:HOLD
1525,1034335.211568700,0.000271800,0.030000000,0.030000000,1034335.211840500,1034335.241568700,0,sent:HOLD
1526,1034335.243495700,0.000127200,0.030000000,0.030000000,1034335.243622900,1034335.273495700,0,
1527,1034335.275511800,0.000155800,0.030000000,0.030000000,1034335.275667600,1034335.305511800,0,sent:HOLD
1528,1034335.306254100,0.000143400,0.030000000,0.030000000,1034335.306397500,1034335.336254100,0,
1529,1034335.337711400,0.000271500,0.030000000,0.030000000,1034335.337982900,1034335.367711400,0,sent:HOLD
1530,1034335.368899900,0.000146200,0.030000000,0.030000000,1034335.369046100,1034335.398899900,0,sent:HOLD
1531,1034335.399697600,0.000278000,0.030000000,0.030000000,1034335.399975600,1034335.429697600,0,
1532,1034335.431043300,0.000202800,0.030000000,0.030000000,1034335.431246100,1034335.461043300,0,sent:HOLD
1533,1034335.461337700,0.000245200,0.030000000,0.030000000,1034335.461582900,1034335.491337700,0,
1534,1034335.492031100,0.000222800,0.030000000,0.030000000,1034335.492253900,1034335.522031100,0,sent:HOLD
1535,1034335.523293000,0.000350400,0.030000000,0.030000000,1034335.523643400,1034335.553293000,0,
1536,1034335.555054800,0.000193400,0.030000000,0.030000000,1034335.555248200,1034335.585054800,0,sent:HOLD
1537,1034335.570347300,0.000185400,0.030000000,0.030000000,1034335.570532700,1034335.600347300,0,sent:HOLD
1538,1034335.602008900,0.000181400,0.030000000,0.030000000,1034335.602190300,1034335.632008900,0,
1539,1034335.633154100,0.000297900,0.030000000,0.030000000,1034335.633452000,1034335.663154100,0,sent:HOLD
1540,1034335.664006600,0.000327200,0.030000000,0.030000000,1034335.664333800,1034335.694006600,0,
1541,1034335.695541600,0.000169800,0.030000000,0.030000000,1034335.695711400,1034335.725541600,0,sent:HOLD
1542,1034335.726912500,0.000227900,0.030000000,0.030000000,1034335.727140400,1034335.756912500,0,sent:HOLD
1543,1034335.757581200,0.000353600,0.030000000,0.030000000,1034335.757934800,1034335.787581200,0,
1544,1034335.788824200,0.000182200,0.030000000,0.030000000,1034335.789006400,1034335.818824200,0,sent:HOLD
1545,1034335.820086100,0.000245800,0.030000000,0.030000000,1034335.820331900,1034335.850086100,0,sent:HOLD
1546,1034335.850143100,0.000424800,0.030000000,0.030000000,1034335.850567900,1034335.880143100,0,
1547,1034335.880710000,0.000142400,0.030000000,0.030000000,1034335.880852400,1034335.910710000,0,sent:HOLD
1548,1034335.911754600,0.000676500,0.030000000,0.030000000,1034335.912431100,1034335.941754600,0,
1549,1034335.943627400,0.000160800,0.030000000,0.030000000,1034335.943788200,1034335.973627400,0,sent:HOLD
1550,1034335.973380100,0.000164700,0.030000000,0.030000000,1034335.973544800,1034336.003380100,0,sent:HOLD
1551,1034336.004343300,0.000162100,0.030000000,0.030000000,1034336.004505400,1034336.034343300,0,
1552,1034336.019828000,0.000276500,0.030000000,0.030000000,1034336.020104500,1034336.049828000,0,
1553,1034336.050640700,0.000251100,0.030000000,0.030000000,1034336.050891800,1034336.080640700,0,sent:HOLD
1554,1034336.081886800,0.000181400,0.030000000,0.030000000,1034336.082068200,1034336.111886800,0,sent:HOLD
1555,1034336.113432200,0.000358500,0.030000000,0.030000000,1034336.113790700,1034336.143432200,0,
1556,1034336.145203100,0.000585500,0.030000000,0.030000000,1034336.145788600,1034336.175203100,0,sent:HOLD
1557,1034336.176416000,0.000137200,0.030000000,0.030000000,1034336.176553200,1034336.206416000,0,sent:HOLD
1558,1034336.207548300,0.000157500,0.030000000,0.030000000,1034336.207705800,1034336.237548300,0,
1559,1034336.239256800,0.000186500,0.030000000,0.030000000,1034336.239443300,1034336.269256800,0,sent:HOLD
1560,1034336.269986400,0.000307700,0.030000000,0.030000000,1034336.270294100,1034336.299986400,0,
1561,1034336.300719800,0.000440800,0.030000000,0.030000000,1034336.301160600,1034336.330719800,0,sent:HOLD
1562,1034336.331623600,0.000216400,0.030000000,0.030000000,1034336.331840000,1034336.361623600,0,sent:HOLD
1563,1034336.363244200,0.000541800,0.030000000,0.030000000,1034336.363786000,1034336.393244200,0,
1564,1034336.393636200,0.000335300,0.030000000,0.030000000,1034336.393971500,1034336.423636200,0,sent:HOLD
1565,1034336.424880400,0.000290200,0.030000000,0.030000000,1034336.425170600,1034336.454880400,0,sent:HOLD
1566,1034336.440624900,0.000176900,0.030000000,0.030000000,1034336.440801800,1034336.470624900,0,
1567,1034336.472244500,0.000331100,0.030000000,0.030000000,1034336.472575600,1034336.502244500,0,sent:HOLD
1568,1034336.503621700,0.000149600,0.030000000,0.030000000,1034336.503771300,1034336.533621700,0,
1569,1034336.535112700,0.000157400,0.030000000,0.030000000,1034336.535270100,1034336.565112700,0,sent:HOLD
1570,1034336.565750700,0.000215600,0.030000000,0.030000000,1034336.565966300,1034336.595750700,0,
1571,1034336.596801500,0.000154800,0.030000000,0.030000000,1034336.596956300,1034336.626801500,0,sent:HOLD
1572,1034336.628451800,0.000406100,0.030000000,0.030000000,1034336.628857900,1034336.658451800,0,sent:HOLD
1573,1034336.660137400,0.000244000,0.030000000,0.030000000,1034336.660381400,1034336.690137400,0,
1574,1034336.691054300,0.000176200,0.030000000,0.030000000,1034336.691230500,1034336.721054300,0,sent:HOLD
1575,1034336.723434800,0.000136500,0.030000000,0.030000000,1034336.723571300,1034336.753434800,0,sent:HOLD
1576,1034336.754328200,0.000204300,0.030000000,0.030000000,1034336.754532500,1034336.784328200,0,
1577,1034336.770090200,0.000189600,0.030000000,0.030000000,1034336.770279800,1034336.800090200,0,
1578,1034336.800649900,0.000143200,0.030000000,0.030000000,1034336.800793100,1034336.830649900,0,sent:HOLD
1579,1034336.831727900,0.000168700,0.030000000,0.030000000,1034336.831896600,1034336.861727900,0,sent:HOLD
1580,1034336.863952900,0.000122500,0.030000000,0.030000000,1034336.864075400,1034336.893952900,0,sent:HOLD
1581,1034336.893895400,0.000119100,0.030000000,0.030000000,1034336.894014500,1034336.923895400,0,
1582,1034336.925683400,0.000195600,0.030000000,0.030000000,1034336.925879000,1034336.955683400,0,sent:HOLD
1583,1034336.956727600,0.000299900,0.030000000,0.030000000,1034336.957027500,1034336.986727600,0,
1584,1034336.988619800,0.000161600,0.030000000,0.030000000,1034336.988781400,1034337.018619800,0,sent:HOLD
1585,1034337.020094100,0.000142500,0.030000000,0.030000000,1034337.020236600,1034337.050094100,0,sent:HOLD
1586,1034337.051125300,0.000222900,0.030000000,0.030000000,1034337.051348200,1034337.081125300,0,
1587,1034337.083371200,0.000129000,0.030000000,0.030000000,1034337.083500200,1034337.113371200,0,sent:HOLD
1588,1034337.114469600,0.000147400,0.030000000,0.030000000,1034337.114617000,1034337.144469600,0,
1589,1034337.130121500,0.000280500,0.030000000,0.030000000,1034337.130402000,1034337.160121500,0,sent:HOLD
1590,1034337.162298700,0.000120000,0.030000000,0.030000000,1034337.162418700,1034337.192298700,0,sent:HOLD
1591,1034337.194339900,0.000131600,0.030000000,0.030000000,1034337.194471500,1034337.224339900,0,
1592,1034337.226011600,0.000164200,0.030000000,0.030000000,1034337.226175800,1034337.256011600,0,sent:HOLD
1593,1034337.256913400,0.000271400,0.030000000,0.030000000,1034337.257184800,1034337.286913400,0,
1594,1034337.288803900,0.000177400,0.030000000,0.030000000,1034337.288981300,1034337.318803900,0,sent:HOLD
1595,1034337.319108200,0.000146000,0.030000000,0.030000000,1034337.319254200,1034337.349108200,0,sent:HOLD
1596,1034337.349694500,0.000159300,0.030000000,0.030000000,1034337.349853800,1034337.379694500,0,
1597,1034337.381057000,0.000177200,0.030000000,0.030000000,1034337.381234200,1034337.411057000,0,sent:HOLD
1598,1034337.411311700,0.000257400,0.030000000,0.030000000,1034337.411569100,1034337.441311700,0,sent:HOLD
1599,1034337.443463900,0.000523700,0.030000000,0.030000000,1034337.443987600,1034337.473463900,0,
1600,1034337.474542600,0.000367900,0.030000000,0.030000000,1034337.474910500,1034337.504542600,0,
1601,1034337.490235700,0.000418200,0.030000000,0.030000000,1034337.490653900,1034337.520235700,0,sent:HOLD
1602,1034337.520706700,0.000127800,0.030000000,0.030000000,1034337.520834500,1034337.550706700,0,sent:HOLD
1603,1034337.551877900,0.000135700,0.030000000,0.030000000,1034337.552013600,1034337.581877900,0,
1604,1034337.583597100,0.000258100,0.030000000,0.030000000,1034337.583855200,1034337.613597100,0,sent:HOLD
1605,1034337.614518400,0.000494700,0.030000000,0.030000000,1034337.615013100,1034337.644518400,0,
1606,1034337.646172100,0.000228500,0.030000000,0.030000000,1034337.646400600,1034337.676172100,0,sent:HOLD
1607,1034337.677782400,0.000146100,0.030000000,0.030000000,1034337.677928500,1034337.707782400,0,sent:HOLD
1608,1034337.708938400,0.000143400,0.030000000,0.030000000,1034337.709081800,1034337.738938400,0,
1609,1034337.740023100,0.000167300,0.030000000,0.030000000,1034337.740190400,1034337.770023100,0,sent:HOLD
1610,1034337.771025700,0.000315200,0.030000000,0.030000000,1034337.771340900,1034337.801025700,0,sent:HOLD
1611,1034337.801865200,0.000271600,0.030000000,0.030000000,1034337.802136800,1034337.831865200,0,
1612,1034337.833348600,0.000213300,0.030000000,0.030000000,1034337.833561900,1034337.863348600,0,sent:HOLD
1613,1034337.864270300,0.000331200,0.030000000,0.030000000,1034337.864601500,1034337.894270300,0,
1614,1034337.880007900,0.000121200,0.030000000,0.030000000,1034337.880129100,1034337.910007900,0,sent:HOLD
1615,1034337.911246900,0.000312200,0.030000000,0.030000000,1034337.911559100,1034337.941246900,0,
1616,1034337.943362300,0.000315000,0.030000000,0.030000000,1034337.943677300,1034337.973362300,0,sent:HOLD
1617,1034337.974889600,0.000188900,0.030000000,0.030000000,1034337.975078500,1034338.004889600,0,sent:HOLD
1618,1034338.006061300,0.000223300,0.030000000,0.030000000,1034338.006284600,1034338.036061300,0,
1619,1034338.036297400,0.000158100,0.030000000,0.030000000,1034338.036455500,1034338.066297400,0,sent:HOLD
1620,1034338.067329300,0.000147800,0.030000000,0.030000000,1034338.067477100,1034338.097329300,0,sent:HOLD
1621,1034338.098666700,0.000116500,0.030000000,0.030000000,1034338.098783200,1034338.128666700,0,
1622,1034338.130044400,0.000140900,0.030000000,0.030000000,1034338.130185300,1034338.160044400,0,sent:HOLD
1623,1034338.161580100,0.000199700,0.030000000,0.030000000,1034338.161779800,1034338.191580100,0,sent:HOLD
1624,1034338.193366500,0.000203800,0.030000000,0.030000000,1034338.193570300,1034338.223366500,0,
1625,1034338.224521500,0.000369300,0.030000000,0.030000000,1034338.224890800,1034338.254521500,0,
1626,1034338.240413100,0.000139600,0.030000000,0.030000000,1034338.240552700,1034338.270413100,0,sent:HOLD
1627,1034338.271161600,0.000182200,0.030000000,0.030000000,1034338.271343800,1034338.301161600,0,sent:HOLD
1628,1034338.301681000,0.000128400,0.030000000,0.030000000,1034338.301809400,1034338.331681000,0,
1629,1034338.333427600,0.000182200,0.030000000,0.030000000,1034338.333609800,1034338.363427600,0,sent:HOLD
1630,1034338.364235500,0.000247400,0.030000000,0.030000000,1034338.364482900,1034338.394235500,0,
1631,1034338.394872000,0.000218300,0.030000000,0.030000000,1034338.395090300,1034338.424872000,0,sent:HOLD
1632,1034338.426173100,0.000237000,0.030000000,0.030000000,1034338.426410100,1034338.456173100,0,sent:HOLD
1633,1034338.457276700,0.000212400,0.030000000,0.030000000,1034338.457489100,1034338.487276700,0,
1634,1034338.488565400,0.000302700,0.030000000,0.030000000,1034338.488868100,1034338.518565400,0,sent:HOLD
1635,1034338.520094700,0.000252100,0.030000000,0.030000000,1034338.520346800,1034338.550094700,0,sent:HOLD
1636,1034338.551327200,0.000296200,0.030000000,0.030000000,1034338.551623400,1034338.581327200,0,
1637,1034338.581959800,0.000299200,0.030000000,0.030000000,1034338.582259000,1034338.611959800,0,sent:HOLD
1638,1034338.613501800,0.000388900,0.030000000,0.030000000,1034338.613890700,1034338.643501800,0,
1639,1034338.644073000,0.000362400,0.030000000,0.030000000,1034338.644435400,1034338.674073000,0,sent:HOLD
1640,1034338.659418000,0.000343500,0.030000000,0.030000000,1034338.659761500,1034338.689418000,0,
1641,1034338.690540300,0.000142000,0.030000000,0.030000000,1034338.690682300,1034338.720540300,0,sent:HOLD
1642,1034338.721656100,0.000166200,0.030000000,0.030000000,1034338.721822300,1034338.751656100,0,
1643,1034338.753204400,0.000260300,0.030000000,0.030000000,1034338.753464700,1034338.783204400,0,sent:HOLD
1644,1034338.783951800,0.000157300,0.030000000,0.030000000,1034338.784109100,1034338.813951800,0,sent:HOLD
1645,1034338.815116400,0.000184700,0.030000000,0.030000000,1034338.815301100,1034338.845116400,0,sent:HOLD
1646,1034338.846356900,0.000222600,0.030000000,0.030000000,1034338.846579500,1034338.876356900,0,
1647,1034338.878900300,0.000147100,0.030000000,0.030000000,1034338.879047400,1034338.908900300,0,sent:HOLD
1648,1034338.909452400,0.000520200,0.030000000,0.030000000,1034338.909972600,1034338.939452400,0,sent:HOLD
1649,1034338.940489800,0.000148400,0.030000000,0.030000000,1034338.940638200,1034338.970489800,0,
1650,1034338.971300200,0.000163600,0.030000000,0.030000000,1034338.971463800,1034339.001300200,0,sent:HOLD
1651,1034339.003370200,0.000151800,0.030000000,0.030000000,1034339.003522000,1034339.033370200,0,
1652,1034339.034727100,0.000372200,0.030000000,0.030000000,1034339.035099300,1034339.064727100,0,sent:HOLD
1653,1034339.050975800,0.000143600,0.030000000,0.030000000,1034339.051119400,1034339.080975800,0,
1654,1034339.082692300,0.000174900,0.030000000,0.030000000,1034339.082867200,1034339.112692300,0,sent:HOLD
1655,1034339.113818300,0.000240300,0.030000000,0.030000000,1034339.114058600,1034339.143818300,0,
1656,1034339.145340100,0.000208100,0.030000000,0.030000000,1034339.145548200,1034339.175340100,0,sent:HOLD
1657,1034339.177618700,0.000145600,0.030000000,0.030000000,1034339.177764300,1034339.207618700,0,sent:HOLD
1658,1034339.208159300,0.000192300,0.030000000,0.030000000,1034339.208351600,1034339.238159300,0,
1659,1034339.239264000,0.000348400,0.030000000,0.030000000,1034339.239612400,1034339.269264000,0,sent:HOLD
1660,1034339.270671800,0.000238800,0.030000000,0.030000000,1034339.270910600,1034339.300671800,0,sent:HOLD
1661,1034339.301438600,0.000199700,0.030000000,0.030000000,1034339.301638300,1034339.331438600,0,
1662,1034339.332016400,0.000318200,0.030000000,0.030000000,1034339.332334600,1034339.362016400,0,sent:HOLD
1663,1034339.363875100,0.000134700,0.030000000,0.030000000,1034339.364009800,1034339.393875100,0,sent:HOLD
1664,1034339.395073100,0.000234300,0.030000000,0.030000000,1034339.395307400,1034339.425073100,0,
1665,1034339.410875600,0.000137200,0.030000000,0.030000000,1034339.411012800,1034339.440875600,0,sent:HOLD
1666,1034339.441400200,0.000158000,0.030000000,0.030000000,1034339.441558200,1034339.471400200,0,
1667,1034339.473286100,0.000177100,0.030000000,0.030000000,1034339.473463200,1034339.503286100,0,sent:HOLD
1668,1034339.504415900,0.000145500,0.030000000,0.030000000,1034339.504561400,1034339.534415900,0,
1669,1034339.535832300,0.000204300,0.030000000,0.030000000,1034339.536036600,1034339.565832300,0,sent:HOLD
1670,1034339.567468500,0.000276100,0.030000000,0.030000000,1034339.567744600,1034339.597468500,0,
1671,1034339.598815800,0.000143300,0.030000000,0.030000000,1034339.598959100,1034339.628815800,0,sent:HOLD
1672,1034339.629967400,0.000502300,0.030000000,0.030000000,1034339.630469700,1034339.659967400,0,sent:HOLD
1673,1034339.662074700,0.000253000,0.030000000,0.030000000,1034339.662327700,1034339.692074700,0,
1674,1034339.693187100,0.000319100,0.030000000,0.030000000,1034339.693506200,1034339.723187100,0,sent:HOLD
1675,1034339.724481400,0.000280500,0.030000000,0.030000000,1034339.724761900,1034339.754481400,0,sent:HOLD
1676,1034339.740242200,0.000154400,0.030000000,0.030000000,1034339.740396600,1034339.770242200,0,
1677,1034339.771784500,0.000142200,0.030000000,0.030000000,1034339.771926700,1034339.801784500,0,sent:HOLD
1678,1034339.803431100,0.000116600,0.030000000,0.030000000,1034339.803547700,1034339.833431100,0,
1679,1034339.834890900,0.000157900,0.030000000,0.030000000,1034339.835048800,1034339.864890900,0,sent:HOLD
1680,1034339.866297300,0.000339300,0.030000000,0.030000000,1034339.866636600,1034339.896297300,0,
1681,1034339.897471300,0.000508500,0.030000000,0.030000000,1034339.897979800,1034339.927471300,0,sent:HOLD
1682,1034339.928871100,0.000449800,0.030000000,0.030000000,1034339.929320900,1034339.958871100,0,sent:HOLD
1683,1034339.960483000,0.000221200,0.030000000,0.030000000,1034339.960704200,1034339.990483000,0,
1684,1034339.991435900,0.000161500,0.030000000,0.030000000,1034339.991597400,1034340.021435900,0,sent:HOLD
1685,1034340.021568500,0.000296900,0.030000000,0.030000000,1034340.021865400,1034340.051568500,0,
1686,1034340.053464200,0.000284000,0.030000000,0.030000000,1034340.053748200,1034340.083464200,0,sent:HOLD
1687,1034340.084141300,0.000224100,0.030000000,0.030000000,1034340.084365400,1034340.114141300,0,sent:HOLD
1688,1034340.099825200,0.000135700,0.030000000,0.030000000,1034340.099960900,1034340.129825200,0,
1689,1034340.130276900,0.000187100,0.030000000,0.030000000,1034340.130464000,1034340.160276900,0,sent:HOLD
1690,1034340.161717400,0.000211800,0.030000000,0.030000000,1034340.161929200,1034340.191717400,0,
1691,1034340.193322900,0.000178100,0.030000000,0.030000000,1034340.193501000,1034340.223322900,0,sent:HOLD
1692,1034340.224426400,0.000291200,0.030000000,0.030000000,1034340.224717600,1034340.254426400,0,sent:HOLD
1693,1034340.255362400,0.000185900,0.030000000,0.030000000,1034340.255548300,1034340.285362400,0,
1694,1034340.285609900,0.000149100,0.030000000,0.030000000,1034340.285759000,1034340.315609900,0,sent:HOLD
1695,1034340.317449600,0.000388000,0.030000000,0.030000000,1034340.317837600,1034340.347449600,0,sent:HOLD
1696,1034340.348637000,0.000166900,0.030000000,0.030000000,1034340.348803900,1034340.378637000,0,
1697,1034340.379966400,0.000176600,0.030000000,0.030000000,1034340.380143000,1034340.409966400,0,sent:HOLD
1698,1034340.411943300,0.000346100,0.030000000,0.030000000,1034340.412289400,1034340.441943300,0,
1699,1034340.443447700,0.000433600,0.030000000,0.030000000,1034340.443881300,1034340.473447700,0,sent:HOLD
1700,1034340.474415100,0.000168000,0.030000000,0.030000000,1034340.474583100,1034340.504415100,0,sent:HOLD
1701,1034340.489823300,0.000168100,0.030000000,0.030000000,1034340.489991400,1034340.519823300,0,
1702,1034340.521568200,0.000168600,0.030000000,0.030000000,1034340.521736800,1034340.551568200,0,sent:HOLD
1703,1034340.553616900,0.000160200,0.030000000,0.030000000,1034340.553777100,1034340.583616900,0,
1704,1034340.584676500,0.000158600,0.030000000,0.030000000,1034340.584835100,1034340.614676500,0,sent:HOLD
1705,1034340.616186800,0.001440800,0.030000000,0.030000000,1034340.617627600,1034340.646186800,0,
1706,1034340.647427200,0.000346100,0.030000000,0.030000000,1034340.647773300,1034340.677427200,0,sent:HOLD
1707,1034340.679105700,0.000311400,0.030000000,0.030000000,1034340.679417100,1034340.709105700,0,sent:HOLD
1708,1034340.710575900,0.000149800,0.030000000,0.030000000,1034340.710725700,1034340.740575900,0,sent:HOLD
1709,1034340.741388300,0.000430400,0.030000000,0.030000000,1034340.741818700,1034340.771388300,0,
1710,1034340.772058000,0.000306900,0.030000000,0.030000000,1034340.772364900,1034340.802058000,0,
1711,1034340.803505100,0.000200500,0.030000000,0.030000000,1034340.803705600,1034340.833505100,0,sent:HOLD
1712,1034340.833887800,0.000245000,0.030000000,0.030000000,1034340.834132800,1034340.863887800,0,sent:HOLD
1713,1034340.850275900,0.000127200,0.030000000,0.030000000,1034340.850403100,1034340.880275900,0,
1714,1034340.880894600,0.000242500,0.030000000,0.030000000,1034340.881137100,1034340.910894600,0,sent:HOLD
1715,1034340.911558500,0.000248400,0.030000000,0.030000000,1034340.911806900,1034340.941558500,0,sent:HOLD
1716,1034340.943519100,0.000255700,0.030000000,0.030000000,1034340.943774800,1034340.973519100,0,
1717,1034340.974689800,0.000402400,0.030000000,0.030000000,1034340.975092200,1034341.004689800,0,
1718,1034341.005701300,0.000188700,0.030000000,0.030000000,1034341.005890000,1034341.035701300,0,sent:HOLD
1719,1034341.036945700,0.000285900,0.030000000,0.030000000,1034341.037231600,1034341.066945700,0,sent:HOLD
1720,1034341.067336100,0.000197200,0.030000000,0.030000000,1034341.067533300,1034341.097336100,0,
1721,1034341.099204200,0.000285600,0.030000000,0.030000000,1034341.099489800,1034341.129204200,0,sent:HOLD
1722,1034341.130055600,0.000611800,0.030000000,0.030000000,1034341.130667400,1034341.160055600,0,sent:HOLD
1723,1034341.160693500,0.000330000,0.030000000,0.030000000,1034341.161023500,1034341.190693500,0,
1724,1034341.192266900,0.000187800,0.030000000,0.030000000,1034341.192454700,1034341.222266900,0,sent:HOLD
1725,1034341.223532800,0.000140000,0.030000000,0.030000000,1034341.223672800,1034341.253532800,0,sent:HOLD
1726,1034341.254364000,0.000280000,0.030000000,0.030000000,1034341.254644000,1034341.284364000,0,
1727,1034341.270801000,0.000206600,0.030000000,0.030000000,1034341.271007600,1034341.300801000,0,sent:HOLD
1728,1034341.302363100,0.000216500,0.030000000,0.030000000,1034341.302579600,1034341.332363100,0,
1729,1034341.333372300,0.000195100,0.030000000,0.030000000,1034341.333567400,1034341.363372300,0,sent:HOLD
1730,1034341.363884700,0.000145700,0.030000000,0.030000000,1034341.364030400,1034341.393884700,0,sent:HOLD
1731,1034341.395123600,0.000185000,0.030000000,0.030000000,1034341.395308600,1034341.425123600,0,
1732,1034341.426560600,0.000649000,0.030000000,0.030000000,1034341.427209600,1034341.456560600,0,sent:HOLD
1733,1034341.457749900,0.000533600,0.030000000,0.030000000,1034341.458283500,1034341.487749900,0,
1734,1034341.488854500,0.000148700,0.030000000,0.030000000,1034341.489003200,1034341.518854500,0,sent:HOLD
1735,1034341.518975900,0.000109800,0.030000000,0.030000000,1034341.519085700,1034341.548975900,0,
1736,1034341.551062400,0.000212700,0.030000000,0.030000000,1034341.551275100,1034341.581062400,0,sent:HOLD
1737,1034341.581372300,0.000196000,0.030000000,0.030000000,1034341.581568300,1034341.611372300,0,sent:HOLD
1738,1034341.613603000,0.000432400,0.030000000,0.030000000,1034341.614035400,1034341.643603000,0,sent:HOLD
1739,1034341.644016500,0.000174700,0.030000000,0.030000000,1034341.644191200,1034341.674016500,0,
1740,1034341.660269400,0.000448000,0.030000000,0.030000000,1034341.660717400,1034341.690269400,0,sent:HOLD
1741,1034341.690981900,0.000131300,0.030000000,0.030000000,1034341.691113200,1034341.720981900,0,
1742,1034341.722329900,0.000174100,0.030000000,0.030000000,1034341.722504000,1034341.752329900,0,
1743,1034341.754005900,0.000193900,0.030000000,0.030000000,1034341.754199800,1034341.784005900,0,sent:HOLD
1744,1034341.785516100,0.000168600,0.030000000,0.030000000,1034341.785684700,1034341.815516100,0,sent:HOLD
1745,1034341.816382000,0.000120500,0.030000000,0.030000000,1034341.816502500,1034341.846382000,0,sent:HOLD
1746,1034341.846931900,0.000191700,0.030000000,0.030000000,1034341.847123600,1034341.876931900,0,
1747,1034341.878452500,0.000164100,0.030000000,0.030000000,1034341.878616600,1034341.908452500,0,sent:HOLD
1748,1034341.909679400,0.000324700,0.030000000,0.030000000,1034341.910004100,1034341.939679400,0,
1749,1034341.940985000,0.000535900,0.030000000,0.030000000,1034341.941520900,1034341.970985000,0,sent:HOLD
1750,1034341.972332100,0.000455400,0.030000000,0.030000000,1034341.972787500,1034342.002332100,0,
1751,1034342.003187500,0.000182800,0.030000000,0.030000000,1034342.003370300,1034342.033187500,0,sent:HOLD
1752,1034342.034112300,0.000252200,0.030000000,0.030000000,1034342.034364500,1034342.064112300,0,sent:HOLD
1753,1034342.050208900,0.000356000,0.030000000,0.030000000,1034342.050564900,1034342.080208900,0,
1754,1034342.081241000,0.000132000,0.030000000,0.030000000,1034342.081373000,1034342.111241000,0,sent:HOLD
1755,1034342.111906600,0.000178500,0.030000000,0.030000000,1034342.112085100,1034342.141906600,0,
1756,1034342.143050300,0.000533900,0.030000000,0.030000000,1034342.143584200,1034342.173050300,0,sent:HOLD
1757,1034342.173077000,0.000246100,0.030000000,0.030000000,1034342.173323100,1034342.203077000,0,
1758,1034342.203936400,0.000247300,0.030000000,0.030000000,1034342.204183700,1034342.233936400,0,sent:HOLD
1759,1034342.235552100,0.000310600,0.030000000,0.030000000,1034342.235862700,1034342.265552100,0,sent:HOLD
1760,1034342.267385300,0.000224100,0.030000000,0.030000000,1034342.267609400,1034342.297385300,0,
1761,1034342.298757000,0.000321200,0.030000000,0.030000000,1034342.299078200,1034342.328757000,0,sent:HOLD
1762,1034342.330434200,0.000173200,0.030000000,0.030000000,1034342.330607400,1034342.360434200,0,sent:HOLD
1763,1034342.361660300,0.000561300,0.030000000,0.030000000,1034342.362221600,1034342.391660300,0,
1764,1034342.393170800,0.000266500,0.030000000,0.030000000,1034342.393437300,1034342.423170800,0,sent:HOLD
1765,1034342.424413000,0.000193400,0.030000000,0.030000000,1034342.424606400,1034342.454413000,0,sent:HOLD
1766,1034342.439927200,0.000160200,0.030000000,0.030000000,1034342.440087400,1034342.469927200,0,
1767,1034342.470828900,0.000153600,0.030000000,0.030000000,1034342.470982500,1034342.500828900,0,sent:HOLD
1768,1034342.501275600,0.000143200,0.030000000,0.030000000,1034342.501418800,1034342.531275600,0,
1769,1034342.533234100,0.000310700,0.030000000,0.030000000,1034342.533544800,1034342.563234100,0,sent:HOLD
1770,1034342.564732500,0.000288300,0.030000000,0.030000000,1034342.565020800,1034342.594732500,0,
1771,1034342.596319900,0.000168200,0.030000000,0.030000000,1034342.596488100,1034342.626319900,0,sent:HOLD
1772,1034342.627268700,0.000200700,0.030000000,0.030000000,1034342.627469400,1034342.657268700,0,sent:HOLD
1773,1034342.659341800,0.000399900,0.030000000,0.030000000,1034342.659741700,1034342.689341800,0,
1774,1034342.690996700,0.000262200,0.030000000,0.030000000,1034342.691258900,1034342.720996700,0,sent:HOLD
1775,1034342.723163900,0.000281700,0.030000000,0.030000000,1034342.723445600,1034342.753163900,0,
1776,1034342.754261600,0.000608100,0.030000000,0.030000000,1034342.754869700,1034342.784261600,0,sent:HOLD
1777,1034342.769753900,0.000290600,0.030000000,0.030000000,1034342.770044500,1034342.799753900,0,
1778,1034342.801435300,0.000119200,0.030000000,0.030000000,1034342.801554500,1034342.831435300,0,sent:HOLD
1779,1034342.833300100,0.000130100,0.030000000,0.030000000,1034342.833430200,1034342.863300100,0,sent:HOLD
1780,1034342.864523400,0.000125800,0.030000000,0.030000000,1034342.864649200,1034342.894523400,0,sent:HOLD
1781,1034342.895783600,0.000341100,0.030000000,0.030000000,1034342.896124700,1034342.925783600,0,
1782,1034342.926314600,0.000212000,0.030000000,0.030000000,1034342.926526600,1034342.956314600,0,sent:HOLD
1783,1034342.957300300,0.000389800,0.030000000,0.030000000,1034342.957690100,1034342.987300300,0,
1784,1034342.988526400,0.000182700,0.030000000,0.030000000,1034342.988709100,1034343.018526400,0,sent:HOLD
1785,1034343.020578400,0.000426100,0.030000000,0.030000000,1034343.021004500,1034343.050578400,0,
1786,1034343.051835200,0.000230100,0.030000000,0.030000000,1034343.052065300,1034343.081835200,0,sent:HOLD
1787,1034343.083210500,0.000180900,0.030000000,0.030000000,1034343.083391400,1034343.113210500,0,sent:HOLD
1788,1034343.114604800,0.000303700,0.030000000,0.030000000,1034343.114908500,1034343.144604800,0,
1789,1034343.130332100,0.000188600,0.030000000,0.030000000,1034343.130520700,1034343.160332100,0,sent:HOLD
1790,1034343.161878700,0.000189200,0.030000000,0.030000000,1034343.162067900,1034343.191878700,0,
1791,1034343.193186900,0.000202600,0.030000000,0.030000000,1034343.193389500,1034343.223186900,0,sent:HOLD
1792,1034343.224541700,0.000137400,0.030000000,0.030000000,1034343.224679100,1034343.254541700,0,sent:HOLD
1793,1034343.256051600,0.000147400,0.030000000,0.030000000,1034343.256199000,1034343.286051600,0,
1794,1034343.287857700,0.000197100,0.030000000,0.030000000,1034343.288054800,1034343.317857700,0,sent:HOLD
1795,1034343.319073200,0.000224600,0.030000000,0.030000000,1034343.319297800,1034343.349073200,0,
1796,1034343.350852700,0.000177200,0.030000000,0.030000000,1034343.351029900,1034343.380852700,0,sent:HOLD
1797,1034343.383025700,0.000252900,0.030000000,0.030000000,1034343.383278600,1034343.413025700,0,sent:HOLD
1798,1034343.413571500,0.000172500,0.030000000,0.030000000,1034343.413744000,1034343.443571500,0,
1799,1034343.445529000,0.000157500,0.030000000,0.030000000,1034343.445686500,1034343.475529000,0,sent:HOLD
1800,1034343.461394800,0.000292000,0.030000000,0.030000000,1034343.461686800,1034343.491394800,0,
1801,1034343.493394000,0.000206700,0.030000000,0.030000000,1034343.493600700,1034343.523394000,0,sent:HOLD
1802,1034343.524624000,0.000129300,0.030000000,0.030000000,1034343.524753300,1034343.554624000,0,sent:HOLD
1803,1034343.555704400,0.000143100,0.030000000,0.030000000,1034343.555847500,1034343.585704400,0,
1804,1034343.587721800,0.000221000,0.030000000,0.030000000,1034343.587942800,1034343.617721800,0,sent:HOLD
1805,1034343.618465600,0.000964500,0.030000000,0.030000000,1034343.619430100,1034343.648465600,0,
1806,1034343.650604000,0.000225500,0.030000000,0.030000000,1034343.650829500,1034343.680604000,0,sent:HOLD
1807,1034343.681661500,0.000229000,0.030000000,0.030000000,1034343.681890500,1034343.711661500,0,sent:HOLD
1808,1034343.713274800,0.000336200,0.030000000,0.030000000,1034343.713611000,1034343.743274800,0,
1809,1034343.744808900,0.000166900,0.030000000,0.030000000,1034343.744975800,1034343.774808900,0,sent:HOLD
1810,1034343.760676900,0.000290500,0.030000000,0.030000000,1034343.760967400,1034343.790676900,0,
1811,1034343.791702500,0.000319100,0.030000000,0.030000000,1034343.792021600,1034343.821702500,0,sent:HOLD
1812,1034343.823700100,0.000144500,0.030000000,0.030000000,1034343.823844600,1034343.853700100,0,sent:HOLD
1813,1034343.854085100,0.000219200,0.030000000,0.030000000,1034343.854304300,1034343.884085100,0,
1814,1034343.885015300,0.000181700,0.030000000,0.030000000,1034343.885197000,1034343.915015300,0,sent:HOLD
1815,1034343.916253900,0.000265900,0.030000000,0.030000000,1034343.916519800,1034343.946253900,0,
1816,1034343.946680800,0.000188700,0.030000000,0.030000000,1034343.946869500,1034343.976680800,0,sent:HOLD
1817,1034343.978111900,0.000129800,0.030000000,0.030000000,1034343.978241700,1034344.008111900,0,sent:HOLD
1818,1034344.008638300,0.000145900,0.030000000,0.030000000,1034344.008784200,1034344.038638300,0,
1819,1034344.039920500,0.000140500,0.030000000,0.030000000,1034344.040061000,1034344.069920500,0,sent:HOLD
1820,1034344.070565400,0.000146500,0.030000000,0.030000000,1034344.070711900,1034344.100565400,0,sent:HOLD
1821,1034344.102221600,0.000144200,0.030000000,0.030000000,1034344.102365800,1034344.132221600,0,sent:DEGRADE
1822,1034344.133211600,0.000220400,0.030000000,0.030000000,1034344.133432000,1034344.163211600,0,sent:DEGRADE
1823,1034344.164140300,0.000116300,0.030000000,0.030000000,1034344.164256600,1034344.194140300,0,sent:DEGRADE
1824,1034344.195113100,0.000135700,0.030000000,0.030000000,1034344.195248800,1034344.225113100,0,sent:DEGRADE
1825,1034344.210141000,0.000184400,0.030000000,0.030000000,1034344.210325400,1034344.240141000,0,
1826,1034344.241317700,0.000202100,0.030000000,0.030000000,1034344.241519800,1034344.271317700,0,sent:DEGRADE
1827,1034344.272171100,0.000140800,0.030000000,0.030000000,1034344.272311900,1034344.302171100,0,sent:DEGRADE
1828,1034344.303213100,0.000129100,0.030000000,0.030000000,1034344.303342200,1034344.333213100,0,sent:DEGRADE
1829,1034344.333362000,0.000128500,0.030000000,0.030000000,1034344.333490500,1034344.363362000,0,sent:DEGRADE
1830,1034344.365231300,0.000107200,0.030000000,0.030000000,1034344.365338500,1034344.395231300,0,sent:HOLD
1831,1034344.396838300,0.000125400,0.030000000,0.030000000,1034344.396963700,1034344.426838300,0,sent:DEGRADE
1832,1034344.427907200,0.000143800,0.030000000,0.030000000,1034344.428051000,1034344.457907200,0,sent:HOLD
1833,1034344.459579700,0.000146100,0.030000000,0.030000000,1034344.459725800,1034344.489579700,0,sent:DEGRADE
1834,1034344.490307300,0.000165900,0.030000000,0.030000000,1034344.490473200,1034344.520307300,0,sent:DEGRADE
1835,1034344.522522600,0.000224100,0.030000000,0.030000000,1034344.522746700,1034344.552522600,0,sent:HOLD
1836,1034344.553468900,0.000254200,0.030000000,0.030000000,1034344.553723100,1034344.583468900,0,
1837,1034344.583459700,0.000271200,0.030000000,0.030000000,1034344.583730900,1034344.613459700,0,sent:HOLD
1838,1034344.613771700,0.000419200,0.030000000,0.030000000,1034344.614190900,1034344.643771700,0,
1839,1034344.644757500,0.000214500,0.030000000,0.030000000,1034344.644972000,1034344.674757500,0,sent:HOLD
1840,1034344.660456800,0.000127800,0.030000000,0.030000000,1034344.660584600,1034344.690456800,0,sent:HOLD
1841,1034344.691192000,0.000187500,0.030000000,0.030000000,1034344.691379500,1034344.721192000,0,
1842,1034344.721457900,0.000150100,0.030000000,0.030000000,1034344.721608000,1034344.751457900,0,sent:HOLD
1843,1034344.753286400,0.000162500,0.030000000,0.030000000,1034344.753448900,1034344.783286400,0,
1844,1034344.784654200,0.000121100,0.030000000,0.030000000,1034344.784775300,1034344.814654200,0,sent:HOLD
1845,1034344.815516200,0.000340500,0.030000000,0.030000000,1034344.815856700,1034344.845516200,0,
1846,1034344.846344700,0.000247500,0.030000000,0.030000000,1034344.846592200,1034344.876344700,0,sent:HOLD
1847,1034344.877419600,0.000160600,0.030000000,0.030000000,1034344.877580200,1034344.907419600,0,sent:HOLD
1848,1034344.908697500,0.000267900,0.030000000,0.030000000,1034344.908965400,1034344.938697500,0,
1849,1034344.940206300,0.000255100,0.030000000,0.030000000,1034344.940461400,1034344.970206300,0,sent:HOLD
1850,1034344.971178000,0.000201800,0.030000000,0.030000000,1034344.971379800,1034345.001178000,0,sent:HOLD
1851,1034345.002241500,0.000278300,0.030000000,0.030000000,1034345.002519800,1034345.032241500,0,
1852,1034345.034173700,0.000375300,0.030000000,0.030000000,1034345.034549000,1034345.064173700,0,sent:HOLD
1853,1034345.050454100,0.000159800,0.030000000,0.030000000,1034345.050613900,1034345.080454100,0,
1854,1034345.081021800,0.000201100,0.030000000,0.030000000,1034345.081222900,1034345.111021800,0,sent:HOLD
1855,1034345.113262100,0.000150700,0.030000000,0.030000000,1034345.113412800,1034345.143262100,0,sent:HOLD
1856,1034345.144755700,0.000130900,0.030000000,0.030000000,1034345.144886600,1034345.174755700,0,
1857,1034345.175383400,0.000201700,0.030000000,0.030000000,1034345.175585100,1034345.205383400,0,sent:HOLD
1858,1034345.206854700,0.000180100,0.030000000,0.030000000,1034345.207034800,1034345.236854700,0,
1859,1034345.238942100,0.000345900,0.030000000,0.030000000,1034345.239288000,1034345.268942100,0,sent:HOLD
1860,1034345.269810000,0.000150300,0.030000000,0.030000000,1034345.269960300,1034345.299810000,0,
1861,1034345.300757300,0.000166200,0.030000000,0.030000000,1034345.300923500,1034345.330757300,0,sent:HOLD
1862,1034345.332252300,0.000182000,0.030000000,0.030000000,1034345.332434300,1034345.362252300,0,sent:HOLD
1863,1034345.364530000,0.000130100,0.030000000,0.030000000,1034345.364660100,1034345.394530000,0,
1864,1034345.379768100,0.000141900,0.030000000,0.030000000,1034345.379910000,1034345.409768100,0,sent:HOLD
1865,1034345.410970700,0.000328600,0.030000000,0.030000000,1034345.411299300,1034345.440970700,0,
1866,1034345.442323700,0.000148800,0.030000000,0.030000000,1034345.442472500,1034345.472323700,0,sent:HOLD
1867,1034345.473533000,0.000217900,0.030000000,0.030000000,1034345.473750900,1034345.503533000,0,sent:HOLD
1868,1034345.503524000,0.000188200,0.030000000,0.030000000,1034345.503712200,1034345.533524000,0,
1869,1034345.534702200,0.000333200,0.030000000,0.030000000,1034345.535035400,1034345.564702200,0,sent:HOLD
1870,1034345.565523500,0.000150100,0.030000000,0.030000000,1034345.565673600,1034345.595523500,0,
1871,1034345.596995500,0.000182500,0.030000000,0.030000000,1034345.597178000,1034345.626995500,0,sent:HOLD
1872,1034345.628781300,0.000124300,0.030000000,0.030000000,1034345.628905600,1034345.658781300,0,sent:HOLD
1873,1034345.660975600,0.000483900,0.030000000,0.030000000,1034345.661459500,1034345.690975600,0,sent:HOLD
1874,1034345.691554500,0.000232100,0.030000000,0.030000000,1034345.691786600,1034345.721554500,0,
1875,1034345.722440500,0.000233000,0.030000000,0.030000000,1034345.722673500,1034345.752440500,0,sent:HOLD
1876,1034345.754377300,0.000226100,0.030000000,0.030000000,1034345.754603400,1034345.784377300,0,
1877,1034345.770400700,0.000152800,0.030000000,0.030000000,1034345.770553500,1034345.800400700,0,
1878,1034345.802243100,0.000201500,0.030000000,0.030000000,1034345.802444600,1034345.832243100,0,sent:HOLD
1879,1034345.833167300,0.000583600,0.030000000,0.030000000,1034345.833750900,1034345.863167300,0,sent:HOLD
1880,1034345.864414200,0.000115200,0.030000000,0.030000000,1034345.864529400,1034345.894414200,0,
1881,1034345.895826300,0.000378100,0.030000000,0.030000000,1034345.896204400,1034345.925826300,0,sent:HOLD
1882,1034345.927472900,0.000661800,0.030000000,0.030000000,1034345.928134700,1034345.957472900,0,sent:HOLD
1883,1034345.958584600,0.000211400,0.030000000,0.030000000,1034345.958796000,1034345.988584600,0,
1884,1034345.989605800,0.000238900,0.030000000,0.030000000,1034345.989844700,1034346.019605800,0,sent:HOLD
1885,1034346.021755300,0.000282500,0.030000000,0.030000000,1034346.022037800,1034346.051755300,0,sent:HOLD
1886,1034346.053176500,0.000274900,0.030000000,0.030000000,1034346.053451400,1034346.083176500,0,
1887,1034346.084582500,0.000284300,0.030000000,0.030000000,1034346.084866800,1034346.114582500,0,sent:HOLD
1888,1034346.100120700,0.000287900,0.030000000,0.030000000,1034346.100408600,1034346.130120700,0,
1889,1034346.130907000,0.000557700,0.030000000,0.030000000,1034346.131464700,1034346.160907000,0,sent:HOLD
1890,1034346.161088700,0.000831200,0.030000000,0.030000000,1034346.161919900,1034346.191088700,0,
1891,1034346.192089500,0.000144400,0.030000000,0.030000000,1034346.192233900,1034346.222089500,0,sent:HOLD
1892,1034346.223601700,0.000204400,0.030000000,0.030000000,1034346.223806100,1034346.253601700,0,
1893,1034346.255221000,0.000326400,0.030000000,0.030000000,1034346.255547400,1034346.285221000,0,sent:HOLD
1894,1034346.287025100,0.000261000,0.030000000,0.030000000,1034346.287286100,1034346.317025100,0,sent:HOLD
1895,1034346.318787900,0.000704100,0.030000000,0.030000000,1034346.319492000,1034346.348787900,0,
1896,1034346.349858500,0.000326100,0.030000000,0.030000000,1034346.350184600,1034346.379858500,0,sent:HOLD
1897,1034346.380326400,0.000375900,0.030000000,0.030000000,1034346.380702300,1034346.410326400,0,sent:HOLD
1898,1034346.410849600,0.001146200,0.030000000,0.030000000,1034346.411995800,1034346.440849600,0,
1899,1034346.442066100,0.000192100,0.030000000,0.030000000,1034346.442258200,1034346.472066100,0,sent:HOLD
1900,1034346.472098600,0.000550200,0.030000000,0.030000000,1034346.472648800,1034346.502098600,0,
1901,1034346.503417000,0.000137700,0.030000000,0.030000000,1034346.503554700,1034346.533417000,0,sent:HOLD
1902,1034346.534015300,0.000347500,0.030000000,0.030000000,1034346.534362800,1034346.564015300,0,sent:HOLD
1903,1034346.549984900,0.000439600,0.030000000,0.030000000,1034346.550424500,1034346.579984900,0,
1904,1034346.581924800,0.000460200,0.030000000,0.030000000,1034346.582385000,1034346.611924800,0,sent:HOLD
1905,1034346.611526000,0.000634200,0.030000000,0.030000000,1034346.612160200,1034346.641526000,0,
1906,1034346.642860400,0.000377000,0.030000000,0.030000000,1034346.643237400,1034346.672860400,0,sent:HOLD
1907,1034346.673864500,0.000531100,0.030000000,0.030000000,1034346.674395600,1034346.703864500,0,sent:HOLD
1908,1034346.704513400,0.000431000,0.030000000,0.030000000,1034346.704944400,1034346.734513400,0,
1909,1034346.733624900,0.000546300,0.030000000,0.030000000,1034346.734171200,1034346.763624900,0,sent:HOLD
1910,1034346.764738400,0.000408600,0.030000000,0.030000000,1034346.765147000,1034346.794738400,0,sent:HOLD
1911,1034346.795564100,0.000452500,0.030000000,0.030000000,1034346.796016600,1034346.825564100,0,
1912,1034346.826662700,0.000299900,0.030000000,0.030000000,1034346.826962600,1034346.856662700,0,sent:HOLD
1913,1034346.858650000,0.000368900,0.030000000,0.030000000,1034346.859018900,1034346.888650000,0,
1914,1034346.889450200,0.000348500,0.030000000,0.030000000,1034346.889798700,1034346.919450200,0,sent:HOLD
1915,1034346.920515100,0.000170400,0.030000000,0.030000000,1034346.920685500,1034346.950515100,0,sent:HOLD
1916,1034346.951542400,0.000320800,0.030000000,0.030000000,1034346.951863200,1034346.981542400,0,
1917,1034346.983299300,0.000154100,0.030000000,0.030000000,1034346.983453400,1034347.013299300,0,sent:HOLD
1918,1034347.014443000,0.000626200,0.030000000,0.030000000,1034347.015069200,1034347.044443000,0,
1919,1034347.030166800,0.000753700,0.030000000,0.030000000,1034347.030920500,1034347.060166800,0,sent:HOLD
1920,1034347.060727400,0.000155600,0.030000000,0.030000000,1034347.060883000,1034347.090727400,0,
1921,1034347.092115500,0.000254700,0.030000000,0.030000000,1034347.092370200,1034347.122115500,0,sent:HOLD
1922,1034347.123721200,0.000178400,0.030000000,0.030000000,1034347.123899600,1034347.153721200,0,sent:HOLD
1923,1034347.154769800,0.000112100,0.030000000,0.030000000,1034347.154881900,1034347.184769800,0,
1924,1034347.186375700,0.000304900,0.030000000,0.030000000,1034347.186680600,1034347.216375700,0,sent:HOLD
1925,1034347.218548100,0.000804700,0.030000000,0.030000000,1034347.219352800,1034347.248548100,0,
1926,1034347.250768000,0.000434600,0.030000000,0.030000000,1034347.251202600,1034347.280768000,0,sent:HOLD
1927,1034347.282350300,0.000194400,0.030000000,0.030000000,1034347.282544700,1034347.312350300,0,sent:HOLD
1928,1034347.314296700,0.000282900,0.030000000,0.030000000,1034347.314579600,1034347.344296700,0,
1929,1034347.329963200,0.000118400,0.030000000,0.030000000,1034347.330081600,1034347.359963200,0,sent:HOLD
1930,1034347.362152900,0.000122000,0.030000000,0.030000000,1034347.362274900,1034347.392152900,0,sent:HOLD
1931,1034347.393024900,0.000135400,0.030000000,0.030000000,1034347.393160300,1034347.423024900,0,
1932,1034347.423369400,0.000138200,0.030000000,0.030000000,1034347.423507600,1034347.453369400,0,sent:HOLD
1933,1034347.454288000,0.000159000,0.030000000,0.030000000,1034347.454447000,1034347.484288000,0,
1934,1034347.485407900,0.000246800,0.030000000,0.030000000,1034347.485654700,1034347.515407900,0,sent:HOLD
1935,1034347.517263800,0.000257200,0.030000000,0.030000000,1034347.517521000,1034347.547263800,0,sent:HOLD
1936,1034347.548552200,0.000165100,0.030000000,0.030000000,1034347.548717300,1034347.578552200,0,
1937,1034347.579519900,0.000181500,0.030000000,0.030000000,1034347.579701400,1034347.609519900,0,sent:HOLD
1938,1034347.611890500,0.000340200,0.030000000,0.030000000,1034347.612230700,1034347.641890500,0,sent:HOLD
1939,1034347.643040900,0.000136300,0.030000000,0.030000000,1034347.643177200,1034347.673040900,0,
1940,1034347.673466200,0.000238100,0.030000000,0.030000000,1034347.673704300,1034347.703466200,0,
1941,1034347.704676400,0.000152100,0.030000000,0.030000000,1034347.704828500,1034347.734676400,0,sent:HOLD
1942,1034347.720766600,0.000141600,0.030000000,0.030000000,1034347.720908200,1034347.750766600,0,
1943,1034347.753395700,0.000134100,0.030000000,0.030000000,1034347.753529800,1034347.783395700,0,sent:HOLD
1944,1034347.784924200,0.000139600,0.030000000,0.030000000,1034347.785063800,1034347.814924200,0,sent:HOLD
1945,1034347.815911800,0.000374200,0.030000000,0.030000000,1034347.816286000,1034347.845911800,0,
1946,1034347.847449700,0.000209300,0.030000000,0.030000000,1034347.847659000,1034347.877449700,0,sent:HOLD
1947,1034347.878688500,0.000149700,0.030000000,0.030000000,1034347.878838200,1034347.908688500,0,sent:HOLD
1948,1034347.909578600,0.000464900,0.030000000,0.030000000,1034347.910043500,1034347.939578600,0,
1949,1034347.940294200,0.000195100,0.030000000,0.030000000,1034347.940489300,1034347.970294200,0,sent:HOLD
1950,1034347.971863200,0.000357100,0.030000000,0.030000000,1034347.972220300,1034348.001863200,0,
1951,1034348.003218300,0.000202200,0.030000000,0.030000000,1034348.003420500,1034348.033218300,0,sent:HOLD
1952,1034348.034177600,0.000163600,0.030000000,0.030000000,1034348.034341200,1034348.064177600,0,sent:HOLD
1953,1034348.049981900,0.000144800,0.030000000,0.030000000,1034348.050126700,1034348.079981900,0,
1954,1034348.081512800,0.001150100,0.030000000,0.030000000,1034348.082662900,1034348.111512800,0,sent:HOLD
1955,1034348.113219700,0.000267700,0.030000000,0.030000000,1034348.113487400,1034348.143219700,0,
1956,1034348.144784600,0.000140000,0.030000000,0.030000000,1034348.144924600,1034348.174784600,0,sent:HOLD
1957,1034348.175507200,0.000609300,0.030000000,0.030000000,1034348.176116500,1034348.205507200,0,sent:HOLD
1958,1034348.206418700,0.000484700,0.030000000,0.030000000,1034348.206903400,1034348.236418700,0,
1959,1034348.238319700,0.000144300,0.030000000,0.030000000,1034348.238464000,1034348.268319700,0,sent:HOLD
1960,1034348.270736300,0.000186100,0.030000000,0.030000000,1034348.270922400,1034348.300736300,0,sent:HOLD
1961,1034348.303282200,0.000124100,0.030000000,0.030000000,1034348.303406300,1034348.333282200,0,
1962,1034348.334902000,0.000157200,0.030000000,0.030000000,1034348.335059200,1034348.364902000,0,sent:HOLD
1963,1034348.350929100,0.000115200,0.030000000,0.030000000,1034348.351044300,1034348.380929100,0,
1964,1034348.383077200,0.000475100,0.030000000,0.030000000,1034348.383552300,1034348.413077200,0,sent:HOLD
1965,1034348.414322500,0.000632100,0.030000000,0.030000000,1034348.414954600,1034348.444322500,0,
1966,1034348.445732300,0.000220700,0.030000000,0.030000000,1034348.445953000,1034348.475732300,0,sent:HOLD
1967,1034348.476634400,0.000146200,0.030000000,0.030000000,1034348.476780600,1034348.506634400,0,sent:HOLD
1968,1034348.507462700,0.000176700,0.030000000,0.030000000,1034348.507639400,1034348.537462700,0,
1969,1034348.538284900,0.000186600,0.030000000,0.030000000,1034348.538471500,1034348.568284900,0,sent:HOLD
1970,1034348.569506500,0.000249800,0.030000000,0.030000000,1034348.569756300,1034348.599506500,0,sent:HOLD
1971,1034348.601669800,0.000153000,0.030000000,0.030000000,1034348.601822800,1034348.631669800,0,
1972,1034348.632069100,0.000338500,0.030000000,0.030000000,1034348.632407600,1034348.662069100,0,sent:HOLD
1973,1034348.663459700,0.000180400,0.030000000,0.030000000,1034348.663640100,1034348.693459700,0,sent:HOLD
1974,1034348.693926500,0.000293600,0.030000000,0.030000000,1034348.694220100,1034348.723926500,0,
1975,1034348.710315500,0.000255000,0.030000000,0.030000000,1034348.710570500,1034348.740315500,0,sent:HOLD
1976,1034348.741229800,0.000229800,0.030000000,0.030000000,1034348.741459600,1034348.771229800,0,
1977,1034348.772256200,0.000235300,0.030000000,0.030000000,1034348.772491500,1034348.802256200,0,
1978,1034348.804572100,0.000153200,0.030000000,0.030000000,1034348.804725300,1034348.834572100,0,sent:HOLD
1979,1034348.836256600,0.000126200,0.030000000,0.030000000,1034348.836382800,1034348.866256600,0,sent:HOLD
1980,1034348.868231600,0.000183400,0.030000000,0.030000000,1034348.868415000,1034348.898231600,0,sent:HOLD
1981,1034348.900282600,0.000329600,0.030000000,0.030000000,1034348.900612200,1034348.930282600,0,
1982,1034348.930868700,0.000233000,0.030000000,0.030000000,1034348.931101700,1034348.960868700,0,sent:HOLD
1983,1034348.963462600,0.000215200,0.030000000,0.030000000,1034348.963677800,1034348.993462600,0,
1984,1034348.994424200,0.000662900,0.030000000,0.030000000,1034348.995087100,1034349.024424200,0,sent:HOLD
1985,1034349.010898100,0.000176300,0.030000000,0.030000000,1034349.011074400,1034349.040898100,0,sent:HOLD
1986,1034349.041570300,0.000441500,0.030000000,0.030000000,1034349.042011800,1034349.071570300,0,
1987,1034349.073287000,0.000229400,0.030000000,0.030000000,1034349.073516400,1034349.103287000,0,sent:HOLD
1988,1034349.104384500,0.000157900,0.030000000,0.030000000,1034349.104542400,1034349.134384500,0,
1989,1034349.135183900,0.000155700,0.030000000,0.030000000,1034349.135339600,1034349.165183900,0,sent:HOLD
1990,1034349.167270200,0.000140200,0.030000000,0.030000000,1034349.167410400,1034349.197270200,0,sent:HOLD
1991,1034349.198813500,0.000159100,0.030000000,0.030000000,1034349.198972600,1034349.228813500,0,
1992,1034349.230091900,0.000432800,0.030000000,0.030000000,1034349.230524700,1034349.260091900,0,sent:HOLD
1993,1034349.260996000,0.000360500,0.030000000,0.030000000,1034349.261356500,1034349.290996000,0,
1994,1034349.291652700,0.000989500,0.030000000,0.030000000,1034349.292642200,1034349.321652700,0,sent:HOLD
1995,1034349.323453100,0.000133200,0.030000000,0.030000000,1034349.323586300,1034349.353453100,0,sent:HOLD
1996,1034349.354575500,0.000133200,0.030000000,0.030000000,1034349.354708700,1034349.384575500,0,
1997,1034349.370074900,0.000176400,0.030000000,0.030000000,1034349.370251300,1034349.400074900,0,sent:HOLD
1998,1034349.402074000,0.000155700,0.030000000,0.030000000,1034349.402229700,1034349.432074000,0,
1999,1034349.433278100,0.000141700,0.030000000,0.030000000,1034349.433419800,1034349.463278100,0,sent:HOLD
2000,1034349.464368800,0.000253700,0.030000000,0.030000000,1034349.464622500,1034349.494368800,0,
2001,1034349.495087300,0.000298400,0.030000000,0.030000000,1034349.495385700,1034349.525087300,0,sent:HOLD
2002,1034349.525775200,0.000169300,0.030000000,0.030000000,1034349.525944500,1034349.555775200,0,sent:HOLD
2003,1034349.557465400,0.000242400,0.030000000,0.030000000,1034349.557707800,1034349.587465400,0,
2004,1034349.588616300,0.000160100,0.030000000,0.030000000,1034349.588776400,1034349.618616300,0,sent:HOLD
2005,1034349.619819500,0.000187800,0.030000000,0.030000000,1034349.620007300,1034349.649819500,0,sent:HOLD
2006,1034349.651673900,0.000153500,0.030000000,0.030000000,1034349.651827400,1034349.681673900,0,
2007,1034349.683580500,0.000453500,0.030000000,0.030000000,1034349.684034000,1034349.713580500,0,sent:HOLD
2008,1034349.714451800,0.000327500,0.030000000,0.030000000,1034349.714779300,1034349.744451800,0,
2009,1034349.730145600,0.000205900,0.030000000,0.030000000,1034349.730351500,1034349.760145600,0,sent:HOLD
2010,1034349.761393400,0.000236800,0.030000000,0.030000000,1034349.761630200,1034349.791393400,0,
2011,1034349.792060300,0.000211200,0.030000000,0.030000000,1034349.792271500,1034349.822060300,0,sent:HOLD
2012,1034349.823555500,0.000250900,0.030000000,0.030000000,1034349.823806400,1034349.853555500,0,
2013,1034349.854955500,0.000216500,0.030000000,0.030000000,1034349.855172000,1034349.884955500,0,sent:HOLD
2014,1034349.886626500,0.000176000,0.030000000,0.030000000,1034349.886802500,1034349.916626500,0,sent:HOLD
2015,1034349.917548400,0.000131800,0.030000000,0.030000000,1034349.917680200,1034349.947548400,0,sent:HOLD
2016,1034349.948874600,0.000134000,0.030000000,0.030000000,1034349.949008600,1034349.978874600,0,
2017,1034349.980282200,0.000339800,0.030000000,0.030000000,1034349.980622000,1034350.010282200,0,sent:HOLD
2018,1034350.011404400,0.000294700,0.030000000,0.030000000,1034350.011699100,1034350.041404400,0,
2019,1034350.043132100,0.000148000,0.030000000,0.030000000,1034350.043280100,1034350.073132100,0,sent:HOLD
2020,1034350.073760800,0.000209500,0.030000000,0.030000000,1034350.073970300,1034350.103760800,0,sent:HOLD
2021,1034350.104833200,0.000199400,0.030000000,0.030000000,1034350.105032600,1034350.134833200,0,
2022,1034350.120244800,0.000133100,0.030000000,0.030000000,1034350.120377900,1034350.150244800,0,sent:HOLD
2023,1034350.151347400,0.000118200,0.030000000,0.030000000,1034350.151465600,1034350.181347400,0,
2024,1034350.183846600,0.000136000,0.030000000,0.030000000,1034350.183982600,1034350.213846600,0,sent:HOLD
2025,1034350.214318600,0.000230500,0.030000000,0.030000000,1034350.214549100,1034350.244318600,0,
2026,1034350.245753100,0.000164300,0.030000000,0.030000000,1034350.245917400,1034350.275753100,0,sent:HOLD
2027,1034350.276668900,0.000259400,0.030000000,0.030000000,1034350.276928300,1034350.306668900,0,sent:HOLD
2028,1034350.308326300,0.000147700,0.030000000,0.030000000,1034350.308474000,1034350.338326300,0,
2029,1034350.339429700,0.000305300,0.030000000,0.030000000,1034350.339735000,1034350.369429700,0,sent:HOLD
2030,1034350.370573900,0.000211200,0.030000000,0.030000000,1034350.370785100,1034350.400573900,0,sent:HOLD
2031,1034350.401230600,0.000182200,0.030000000,0.030000000,1034350.401412800,1034350.431230600,0,sent:DEGRADE
2032,1034350.432246500,0.000196100,0.030000000,0.030000000,1034350.432442600,1034350.462246500,0,sent:DEGRADE
2033,1034350.463279000,0.000230500,0.030000000,0.030000000,1034350.463509500,1034350.493279000,0,sent:HOLD
2034,1034350.493629800,0.000134500,0.030000000,0.030000000,1034350.493764300,1034350.523629800,0,sent:DEGRADE
2035,1034350.524293300,0.000271400,0.030000000,0.030000000,1034350.524564700,1034350.554293300,0,sent:HOLD
2036,1034350.539702400,0.000308500,0.030000000,0.030000000,1034350.540010900,1034350.569702400,0,sent:DEGRADE
2037,1034350.571164800,0.000134700,0.030000000,0.030000000,1034350.571299500,1034350.601164800,0,sent:DEGRADE
2038,1034350.601509800,0.000151000,0.030000000,0.030000000,1034350.601660800,1034350.631509800,0,sent:DEGRADE
2039,1034350.633567700,0.000136500,0.030000000,0.030000000,1034350.633704200,1034350.663567700,0,sent:DEGRADE
2040,1034350.665649300,0.000217300,0.030000000,0.030000000,1034350.665866600,1034350.695649300,0,sent:DEGRADE
2041,1034350.696769700,0.000135300,0.030000000,0.030000000,1034350.696905000,1034350.726769700,0,sent:DEGRADE
2042,1034350.728615100,0.000237000,0.030000000,0.030000000,1034350.728852100,1034350.758615100,0,sent:HOLD
2043,1034350.760467700,0.000237100,0.030000000,0.030000000,1034350.760704800,1034350.790467700,0,sent:DEGRADE
2044,1034350.791492900,0.000210900,0.030000000,0.030000000,1034350.791703800,1034350.821492900,0,sent:DEGRADE
2045,1034350.823537000,0.000253000,0.030000000,0.030000000,1034350.823790000,1034350.853537000,0,sent:DEGRADE
2046,1034350.854696600,0.000227400,0.030000000,0.030000000,1034350.854924000,1034350.884696600,0,sent:HOLD
2047,1034350.870711800,0.000336200,0.030000000,0.030000000,1034350.871048000,1034350.900711800,0,sent:HOLD
2048,1034350.902631000,0.000221000,0.030000000,0.030000000,1034350.902852000,1034350.932631000,0,
2049,1034350.933735100,0.000515500,0.030000000,0.030000000,1034350.934250600,1034350.963735100,0,sent:HOLD
2050,1034350.965440400,0.000572800,0.030000000,0.030000000,1034350.966013200,1034350.995440400,0,
2051,1034350.996314200,0.000282600,0.030000000,0.030000000,1034350.996596800,1034351.026314200,0,sent:HOLD
2052,1034351.027636800,0.000207200,0.030000000,0.030000000,1034351.027844000,1034351.057636800,0,sent:HOLD
2053,1034351.059458400,0.000266500,0.030000000,0.030000000,1034351.059724900,1034351.089458400,0,
2054,1034351.090971300,0.000290500,0.030000000,0.030000000,1034351.091261800,1034351.120971300,0,sent:HOLD
2055,1034351.123333100,0.000186000,0.030000000,0.030000000,1034351.123519100,1034351.153333100,0,sent:HOLD
2056,1034351.154102900,0.000239500,0.030000000,0.030000000,1034351.154342400,1034351.184102900,0,
2057,1034351.170233600,0.000167500,0.030000000,0.030000000,1034351.170401100,1034351.200233600,0,sent:HOLD
2058,1034351.200992100,0.000715000,0.030000000,0.030000000,1034351.201707100,1034351.230992100,0,
2059,1034351.232267700,0.000486900,0.030000000,0.030000000,1034351.232754600,1034351.262267700,0,sent:HOLD
2060,1034351.263188100,0.000172600,0.030000000,0.030000000,1034351.263360700,1034351.293188100,0,sent:HOLD
2061,1034351.294315100,0.000305100,0.030000000,0.030000000,1034351.294620200,1034351.324315100,0,
2062,1034351.324938400,0.000245300,0.030000000,0.030000000,1034351.325183700,1034351.354938400,0,sent:HOLD
2063,1034351.356070200,0.000307500,0.030000000,0.030000000,1034351.356377700,1034351.386070200,0,
2064,1034351.388068000,0.000291100,0.030000000,0.030000000,1034351.388359100,1034351.418068000,0,sent:HOLD
2065,1034351.419245000,0.000162400,0.030000000,0.030000000,1034351.419407400,1034351.449245000,0,sent:HOLD
2066,1034351.450957200,0.000270200,0.030000000,0.030000000,1034351.451227400,1034351.480957200,0,
2067,1034351.481615400,0.000240200,0.030000000,0.030000000,1034351.481855600,1034351.511615400,0,sent:HOLD
2068,1034351.512132500,0.000151500,0.030000000,0.030000000,1034351.512284000,1034351.542132500,0,
2069,1034351.543595700,0.000269200,0.030000000,0.030000000,1034351.543864900,1034351.573595700,0,sent:HOLD
2070,1034351.574747200,0.000858500,0.030000000,0.030000000,1034351.575605700,1034351.604747200,0,sent:HOLD
2071,1034351.590319500,0.000198700,0.030000000,0.030000000,1034351.590518200,1034351.620319500,0,
2072,1034351.621940700,0.000146000,0.030000000,0.030000000,1034351.622086700,1034351.651940700,0,sent:HOLD
2073,1034351.653371300,0.000190900,0.030000000,0.030000000,1034351.653562200,1034351.683371300,0,
2074,1034351.684269800,0.000196500,0.030000000,0.030000000,1034351.684466300,1034351.714269800,0,sent:HOLD
2075,1034351.715951400,0.000955500,0.030000000,0.030000000,1034351.716906900,1034351.745951400,0,sent:HOLD
2076,1034351.746459200,0.000212600,0.030000000,0.030000000,1034351.746671800,1034351.776459200,0,
2077,1034351.777639200,0.000269600,0.030000000,0.030000000,1034351.777908800,1034351.807639200,0,sent:HOLD
2078,1034351.809464600,0.000352900,0.030000000,0.030000000,1034351.809817500,1034351.839464600,0,
2079,1034351.840710600,0.000610900,0.030000000,0.030000000,1034351.841321500,1034351.870710600,0,sent:HOLD
2080,1034351.872062600,0.000148200,0.030000000,0.030000000,1034351.872210800,1034351.902062600,0,sent:HOLD
2081,1034351.903468700,0.000342100,0.030000000,0.030000000,1034351.903810800,1034351.933468700,0,
2082,1034351.935227600,0.000265300,0.030000000,0.030000000,1034351.935492900,1034351.965227600,0,sent:HOLD
2083,1034351.950672700,0.000230600,0.030000000,0.030000000,1034351.950903300,1034351.980672700,0,
2084,1034351.982437700,0.000260900,0.030000000,0.030000000,1034351.982698600,1034352.012437700,0,sent:HOLD
2085,1034352.014871100,0.000190200,0.030000000,0.030000000,1034352.015061300,1034352.044871100,0,sent:HOLD
2086,1034352.046112900,0.000173900,0.030000000,0.030000000,1034352.046286800,1034352.076112900,0,
2087,1034352.077634700,0.000332700,0.030000000,0.030000000,1034352.077967400,1034352.107634700,0,sent:HOLD
2088,1034352.107870200,0.000170700,0.030000000,0.030000000,1034352.108040900,1034352.137870200,0,
2089,1034352.138646900,0.000409600,0.030000000,0.030000000,1034352.139056500,1034352.168646900,0,sent:HOLD
2090,1034352.170031600,0.000244600,0.030000000,0.030000000,1034352.170276200,1034352.200031600,0,sent:HOLD
2091,1034352.201984500,0.000149500,0.030000000,0.030000000,1034352.202134000,1034352.231984500,0,
2092,1034352.233141200,0.000269500,0.030000000,0.030000000,1034352.233410700,1034352.263141200,0,sent:HOLD
2093,1034352.264123300,0.000407900,0.030000000,0.030000000,1034352.264531200,1034352.294123300,0,
2094,1034352.279854600,0.000167800,0.030000000,0.030000000,1034352.280022400,1034352.309854600,0,sent:HOLD
2095,1034352.310901100,0.000729600,0.030000000,0.030000000,1034352.311630700,1034352.340901100,0,
2096,1034352.342126400,0.000269900,0.030000000,0.030000000,1034352.342396300,1034352.372126400,0,sent:HOLD
2097,1034352.373229500,0.000257000,0.030000000,0.030000000,1034352.373486500,1034352.403229500,0,
2098,1034352.404653900,0.000180700,0.030000000,0.030000000,1034352.404834600,1034352.434653900,0,sent:HOLD
2099,1034352.436172200,0.000531800,0.030000000,0.030000000,1034352.436704000,1034352.466172200,0,sent:HOLD
2100,1034352.467911200,0.000379500,0.030000000,0.030000000,1034352.468290700,1034352.497911200,0,
2101,1034352.498839200,0.000135300,0.030000000,0.030000000,1034352.498974500,1034352.528839200,0,sent:HOLD
2102,1034352.529738800,0.000116900,0.030000000,0.030000000,1034352.529855700,1034352.559738800,0,sent:HOLD
2103,1034352.560839800,0.000176300,0.030000000,0.030000000,1034352.561016100,1034352.590839800,0,
2104,1034352.591656300,0.000120900,0.030000000,0.030000000,1034352.591777200,1034352.621656300,0,sent:HOLD
2105,1034352.623480300,0.000165200,0.030000000,0.030000000,1034352.623645500,1034352.653480300,0,sent:HOLD
2106,1034352.654017400,0.000160800,0.030000000,0.030000000,1034352.654178200,1034352.684017400,0,
2107,1034352.685471100,0.000244000,0.030000000,0.030000000,1034352.685715100,1034352.715471100,0,sent:HOLD
2108,1034352.701364600,0.000185500,0.030000000,0.030000000,1034352.701550100,1034352.731364600,0,
2109,1034352.733418700,0.000264400,0.030000000,0.030000000,1034352.733683100,1034352.763418700,0,sent:HOLD
2110,1034352.764548400,0.000128700,0.030000000,0.030000000,1034352.764677100,1034352.794548400,0,sent:HOLD
2111,1034352.795991100,0.000268500,0.030000000,0.030000000,1034352.796259600,1034352.825991100,0,
2112,1034352.827167700,0.000188800,0.030000000,0.030000000,1034352.827356500,1034352.857167700,0,sent:HOLD
2113,1034352.858255300,0.000123300,0.030000000,0.030000000,1034352.858378600,1034352.888255300,0,
2114,1034352.889181900,0.000282200,0.030000000,0.030000000,1034352.889464100,1034352.919181900,0,sent:HOLD
2115,1034352.919698200,0.000484600,0.030000000,0.030000000,1034352.920182800,1034352.949698200,0,
2116,1034352.951421700,0.000521100,0.030000000,0.030000000,1034352.951942800,1034352.981421700,0,sent:HOLD
2117,1034352.981988500,0.000228800,0.030000000,0.030000000,1034352.982217300,1034353.011988500,0,sent:HOLD
2118,1034353.012299100,0.000240900,0.030000000,0.030000000,1034353.012540000,1034353.042299100,0,sent:HOLD
2119,1034353.043426000,0.000131800,0.030000000,0.030000000,1034353.043557800,1034353.073426000,0,sent:DEGRADE
2120,1034353.074390900,0.000185400,0.030000000,0.030000000,1034353.074576300,1034353.104390900,0,sent:HOLD
2121,1034353.090108700,0.000146600,0.030000000,0.030000000,1034353.090255300,1034353.120108700,0,sent:DEGRADE
2122,1034353.121979000,0.000291100,0.030000000,0.030000000,1034353.122270100,1034353.151979000,0,sent:HOLD
2123,1034353.153448400,0.000159300,0.030000000,0.030000000,1034353.153607700,1034353.183448400,0,
2124,1034353.184016600,0.000168600,0.030000000,0.030000000,1034353.184185200,1034353.214016600,0,sent:HOLD
2125,1034353.215324700,0.000221200,0.030000000,0.030000000,1034353.215545900,1034353.245324700,0,sent:HOLD
2126,1034353.245969100,0.000132200,0.030000000,0.030000000,1034353.246101300,1034353.275969100,0,
2127,1034353.276586000,0.000210600,0.030000000,0.030000000,1034353.276796600,1034353.306586000,0,sent:HOLD
2128,1034353.306826100,0.000201100,0.030000000,0.030000000,1034353.307027200,1034353.336826100,0,
2129,1034353.338845600,0.000162500,0.030000000,0.030000000,1034353.339008100,1034353.368845600,0,sent:HOLD
2130,1034353.370441900,0.000317500,0.030000000,0.030000000,1034353.370759400,1034353.400441900,0,sent:HOLD
2131,1034353.402266000,0.000216900,0.030000000,0.030000000,1034353.402482900,1034353.432266000,0,
2132,1034353.433118400,0.000531100,0.030000000,0.030000000,1034353.433649500,1034353.463118400,0,sent:HOLD
2133,1034353.463981900,0.000724000,0.030000000,0.030000000,1034353.464705900,1034353.493981900,0,
2134,1034353.479773900,0.000192300,0.030000000,0.030000000,1034353.479966200,1034353.509773900,0,sent:HOLD
2135,1034353.510894300,0.000229000,0.030000000,0.030000000,1034353.511123300,1034353.540894300,0,sent:HOLD
2136,1034353.540751500,0.000161300,0.030000000,0.030000000,1034353.540912800,1034353.570751500,0,
2137,1034353.572103400,0.000367700,0.030000000,0.030000000,1034353.572471100,1034353.602103400,0,sent:HOLD
2138,1034353.603208600,0.000157100,0.030000000,0.030000000,1034353.603365700,1034353.633208600,0,
2139,1034353.634793600,0.000171800,0.030000000,0.030000000,1034353.634965400,1034353.664793600,0,sent:HOLD
2140,1034353.666530900,0.000178200,0.030000000,0.030000000,1034353.666709100,1034353.696530900,0,sent:HOLD
2141,1034353.697362000,0.000265700,0.030000000,0.030000000,1034353.697627700,1034353.727362000,0,
2142,1034353.728487700,0.000363100,0.030000000,0.030000000,1034353.728850800,1034353.758487700,0,sent:HOLD
2143,1034353.759914100,0.000476000,0.030000000,0.030000000,1034353.760390100,1034353.789914100,0,sent:HOLD
2144,1034353.791488100,0.000171300,0.030000000,0.030000000,1034353.791659400,1034353.821488100,0,
2145,1034353.823669700,0.000319200,0.030000000,0.030000000,1034353.823988900,1034353.853669700,0,
2146,1034353.854523100,0.000229600,0.030000000,0.030000000,1034353.854752700,1034353.884523100,0,sent:HOLD
2147,1034353.870132400,0.000179100,0.030000000,0.030000000,1034353.870311500,1034353.900132400,0,sent:HOLD
2148,1034353.901053000,0.000111200,0.030000000,0.030000000,1034353.901164200,1034353.931053000,0,
2149,1034353.932096200,0.000136800,0.030000000,0.030000000,1034353.932233000,1034353.962096200,0,sent:HOLD
2150,1034353.963794200,0.000220000,0.030000000,0.030000000,1034353.964014200,1034353.993794200,0,sent:HOLD
2151,1034353.994345900,0.000129300,0.030000000,0.030000000,1034353.994475200,1034354.024345900,0,
2152,1034354.025971600,0.000317600,0.030000000,0.030000000,1034354.026289200,1034354.055971600,0,sent:HOLD
2153,1034354.057495300,0.000153900,0.030000000,0.030000000,1034354.057649200,1034354.087495300,0,
2154,1034354.088931800,0.000293300,0.030000000,0.030000000,1034354.089225100,1034354.118931800,0,sent:HOLD
2155,1034354.120385100,0.000205900,0.030000000,0.030000000,1034354.120591000,1034354.150385100,0,
2156,1034354.151998200,0.000267200,0.030000000,0.030000000,1034354.152265400,1034354.181998200,0,sent:HOLD
2157,1034354.183556300,0.000153400,0.030000000,0.030000000,1034354.183709700,1034354.213556300,0,sent:HOLD
2158,1034354.214682600,0.000300500,0.030000000,0.030000000,1034354.214983100,1034354.244682600,0,sent:HOLD
2159,1034354.230013900,0.000162600,0.030000000,0.030000000,1034354.230176500,1034354.260013900,0,
2160,1034354.261692500,0.000355300,0.030000000,0.030000000,1034354.262047800,1034354.291692500,0,
2161,1034354.292325600,0.000177400,0.030000000,0.030000000,1034354.292503000,1034354.322325600,0,sent:HOLD
2162,1034354.323678700,0.000228300,0.030000000,0.030000000,1034354.323907000,1034354.353678700,0,sent:HOLD
2163,1034354.355070000,0.000193400,0.030000000,0.030000000,1034354.355263400,1034354.385070000,0,
2164,1034354.385043100,0.000147000,0.030000000,0.030000000,1034354.385190100,1034354.415043100,0,sent:HOLD
2165,1034354.416156300,0.000267600,0.030000000,0.030000000,1034354.416423900,1034354.446156300,0,sent:HOLD
2166,1034354.446918400,0.000236300,0.030000000,0.030000000,1034354.447154700,1034354.476918400,0,
2167,1034354.477996000,0.000224600,0.030000000,0.030000000,1034354.478220600,1034354.507996000,0,sent:HOLD
2168,1034354.508509400,0.000379100,0.030000000,0.030000000,1034354.508888500,1034354.538509400,0,
2169,1034354.539049500,0.000141500,0.030000000,0.030000000,1034354.539191000,1034354.569049500,0,sent:HOLD
2170,1034354.570300500,0.000247300,0.030000000,0.030000000,1034354.570547800,1034354.600300500,0,sent:HOLD
2171,1034354.600604100,0.000332200,0.030000000,0.030000000,1034354.600936300,1034354.630604100,0,
2172,1034354.631381000,0.000211200,0.030000000,0.030000000,1034354.631592200,1034354.661381000,0,sent:HOLD
2173,1034354.662000500,0.000354600,0.030000000,0.030000000,1034354.662355100,1034354.692000500,0,
2174,1034354.692997900,0.000251700,0.030000000,0.030000000,1034354.693249600,1034354.722997900,0,sent:HOLD
2175,1034354.724236500,0.000313400,0.030000000,0.030000000,1034354.724549900,1034354.754236500,0,
2176,1034354.739542600,0.000160000,0.030000000,0.030000000,1034354.739702600,1034354.769542600,0,sent:HOLD
2177,1034354.770864200,0.000154200,0.030000000,0.030000000,1034354.771018400,1034354.800864200,0,sent:HOLD
2178,1034354.801824500,0.000119900,0.030000000,0.030000000,1034354.801944400,1034354.831824500,0,
2179,1034354.833482600,0.000284300,0.030000000,0.030000000,1034354.833766900,1034354.863482600,0,sent:HOLD
2180,1034354.865124000,0.000198000,0.030000000,0.030000000,1034354.865322000,1034354.895124000,0,sent:HOLD
2181,1034354.895430300,0.000642900,0.030000000,0.030000000,1034354.896073200,1034354.925430300,0,
2182,1034354.926282300,0.000137800,0.030000000,0.030000000,1034354.926420100,1034354.956282300,0,sent:HOLD
2183,1034354.957479200,0.000212000,0.030000000,0.030000000,1034354.957691200,1034354.987479200,0,
2184,1034354.988987000,0.000488900,0.030000000,0.030000000,1034354.989475900,1034355.018987000,0,sent:HOLD
2185,1034355.019984100,0.000113300,0.030000000,0.030000000,1034355.020097400,1034355.049984100,0,sent:HOLD
2186,1034355.050813300,0.000572100,0.030000000,0.030000000,1034355.051385400,1034355.080813300,0,
2187,1034355.082362700,0.000163800,0.030000000,0.030000000,1034355.082526500,1034355.112362700,0,sent:HOLD
2188,1034355.113306100,0.000293200,0.030000000,0.030000000,1034355.113599300,1034355.143306100,0,
2189,1034355.144129300,0.000163900,0.030000000,0.030000000,1034355.144293200,1034355.174129300,0,sent:HOLD
2190,1034355.159491300,0.000130600,0.030000000,0.030000000,1034355.159621900,1034355.189491300,0,sent:HOLD
2191,1034355.190541000,0.000175600,0.030000000,0.030000000,1034355.190716600,1034355.220541000,0,
2192,1034355.222775100,0.000154600,0.030000000,0.030000000,1034355.222929700,1034355.252775100,0,sent:HOLD
2193,1034355.254015800,0.000237300,0.030000000,0.030000000,1034355.254253100,1034355.284015800,0,
2194,1034355.284199200,0.000179600,0.030000000,0.030000000,1034355.284378800,1034355.314199200,0,sent:HOLD
2195,1034355.315769700,0.000144200,0.030000000,0.030000000,1034355.315913900,1034355.345769700,0,
2196,1034355.347119300,0.000149500,0.030000000,0.030000000,1034355.347268800,1034355.377119300,0,sent:HOLD
2197,1034355.378887400,0.000140200,0.030000000,0.030000000,1034355.379027600,1034355.408887400,0,sent:HOLD
2198,1034355.410827700,0.000208800,0.030000000,0.030000000,1034355.411036500,1034355.440827700,0,
2199,1034355.441944400,0.000183600,0.030000000,0.030000000,1034355.442128000,1034355.471944400,0,sent:HOLD
2200,1034355.473694800,0.000182500,0.030000000,0.030000000,1034355.473877300,1034355.503694800,0,sent:HOLD
2201,1034355.504299000,0.000605500,0.030000000,0.030000000,1034355.504904500,1034355.534299000,0,
2202,1034355.535374600,0.000615800,0.030000000,0.030000000,1034355.535990400,1034355.565374600,0,sent:HOLD
2203,1034355.550632700,0.000135500,0.030000000,0.030000000,1034355.550768200,1034355.580632700,0,
2204,1034355.582007400,0.000206700,0.030000000,0.030000000,1034355.582214100,1034355.612007400,0,sent:HOLD
2205,1034355.614214900,0.000501700,0.030000000,0.030000000,1034355.614716600,1034355.644214900,0,
2206,1034355.645040200,0.000131700,0.030000000,0.030000000,1034355.645171900,1034355.675040200,0,sent:HOLD
2207,1034355.677302200,0.000214800,0.030000000,0.030000000,1034355.677517000,1034355.707302200,0,sent:HOLD
2208,1034355.708432200,0.000569300,0.030000000,0.030000000,1034355.709001500,1034355.738432200,0,
2209,1034355.738776700,0.000143300,0.030000000,0.030000000,1034355.738920000,1034355.768776700,0,sent:HOLD
2210,1034355.769136000,0.000262700,0.030000000,0.030000000,1034355.769398700,1034355.799136000,0,
2211,1034355.799265700,0.000133500,0.030000000,0.030000000,1034355.799399200,1034355.829265700,0,sent:HOLD
2212,1034355.830535800,0.000472400,0.030000000,0.030000000,1034355.831008200,1034355.860535800,0,sent:HOLD
2213,1034355.861729700,0.000161800,0.030000000,0.030000000,1034355.861891500,1034355.891729700,0,
2214,1034355.892203100,0.000506300,0.030000000,0.030000000,1034355.892709400,1034355.922203100,0,sent:HOLD
2215,1034355.923364000,0.000249600,0.030000000,0.030000000,1034355.923613600,1034355.953364000,0,sent:HOLD
2216,1034355.954297300,0.000303500,0.030000000,0.030000000,1034355.954600800,1034355.984297300,0,
2217,1034355.970210600,0.000231200,0.030000000,0.030000000,1034355.970441800,1034356.000210600,0,sent:HOLD
2218,1034356.001950300,0.000227300,0.030000000,0.030000000,1034356.002177600,1034356.031950300,0,
2219,1034356.033248500,0.000304700,0.030000000,0.030000000,1034356.033553200,1034356.063248500,0,sent:HOLD
2220,1034356.064525300,0.000149800,0.030000000,0.030000000,1034356.064675100,1034356.094525300,0,
2221,1034356.094638500,0.000216900,0.030000000,0.030000000,1034356.094855400,1034356.124638500,0,sent:HOLD
2222,1034356.126201800,0.000178300,0.030000000,0.030000000,1034356.126380100,1034356.156201800,0,sent:HOLD
2223,1034356.157405800,0.000170200,0.030000000,0.030000000,1034356.157576000,1034356.187405800,0,
2224,1034356.189128300,0.000172600,0.030000000,0.030000000,1034356.189300900,1034356.219128300,0,sent:HOLD
2225,1034356.220048600,0.000106300,0.030000000,0.030000000,1034356.220154900,1034356.250048600,0,sent:HOLD
2226,1034356.251608300,0.000147500,0.030000000,0.030000000,1034356.251755800,1034356.281608300,0,
2227,1034356.282024600,0.000176300,0.030000000,0.030000000,1034356.282200900,1034356.312024600,0,sent:HOLD
2228,1034356.313315300,0.000187700,0.030000000,0.030000000,1034356.313503000,1034356.343315300,0,
2229,1034356.343946200,0.000151500,0.030000000,0.030000000,1034356.344097700,1034356.373946200,0,sent:HOLD
2230,1034356.374659300,0.000288100,0.030000000,0.030000000,1034356.374947400,1034356.404659300,0,
2231,1034356.390408100,0.000116000,0.030000000,0.030000000,1034356.390524100,1034356.420408100,0,sent:HOLD
2232,1034356.421561700,0.000190400,0.030000000,0.030000000,1034356.421752100,1034356.451561700,0,sent:HOLD
2233,1034356.453696200,0.000260700,0.030000000,0.030000000,1034356.453956900,1034356.483696200,0,
2234,1034356.484610000,0.000168200,0.030000000,0.030000000,1034356.484778200,1034356.514610000,0,sent:HOLD
2235,1034356.515859500,0.000149600,0.030000000,0.030000000,1034356.516009100,1034356.545859500,0,sent:HOLD
2236,1034356.547347600,0.000181100,0.030000000,0.030000000,1034356.547528700,1034356.577347600,0,
2237,1034356.578256900,0.000422400,0.030000000,0.030000000,1034356.578679300,1034356.608256900,0,sent:HOLD
2238,1034356.608855400,0.000137700,0.030000000,0.030000000,1034356.608993100,1034356.638855400,0,
2239,1034356.639937500,0.000384300,0.030000000,0.030000000,1034356.640321800,1034356.669937500,0,sent:HOLD
2240,1034356.670998400,0.000208500,0.030000000,0.030000000,1034356.671206900,1034356.700998400,0,sent:HOLD
2241,1034356.702597100,0.000209600,0.030000000,0.030000000,1034356.702806700,1034356.732597100,0,
2242,1034356.734076800,0.000214700,0.030000000,0.030000000,1034356.734291500,1034356.764076800,0,sent:HOLD
2243,1034356.750110500,0.000186100,0.030000000,0.030000000,1034356.750296600,1034356.780110500,0,
2244,1034356.781427400,0.000280000,0.030000000,0.030000000,1034356.781707400,1034356.811427400,0,sent:HOLD
2245,1034356.812096800,0.000347000,0.030000000,0.030000000,1034356.812443800,1034356.842096800,0,
2246,1034356.843395700,0.000279000,0.030000000,0.030000000,1034356.843674700,1034356.873395700,0,sent:HOLD
2247,1034356.875424600,0.000320900,0.030000000,0.030000000,1034356.875745500,1034356.905424600,0,sent:HOLD
2248,1034356.906064700,0.000563400,0.030000000,0.030000000,1034356.906628100,1034356.936064700,0,
2249,1034356.937612700,0.000564300,0.030000000,0.030000000,1034356.938177000,1034356.967612700,0,sent:HOLD
2250,1034356.968845500,0.000674600,0.030000000,0.030000000,1034356.969520100,1034356.998845500,0,
2251,1034356.999103900,0.000453100,0.030000000,0.030000000,1034356.999557000,1034357.029103900,0,sent:HOLD
2252,1034357.030460900,0.000314500,0.030000000,0.030000000,1034357.030775400,1034357.060460900,0,sent:HOLD
2253,1034357.061761900,0.000524700,0.030000000,0.030000000,1034357.062286600,1034357.091761900,0,
2254,1034357.093024700,0.000552900,0.030000000,0.030000000,1034357.093577600,1034357.123024700,0,sent:HOLD
2255,1034357.124783300,0.000272500,0.030000000,0.030000000,1034357.125055800,1034357.154783300,0,sent:HOLD
2256,1034357.140524000,0.000291800,0.030000000,0.030000000,1034357.140815800,1034357.170524000,0,
2257,1034357.171510200,0.000306700,0.030000000,0.030000000,1034357.171816900,1034357.201510200,0,sent:HOLD
2258,1034357.202402800,0.000294400,0.030000000,0.030000000,1034357.202697200,1034357.232402800,0,
2259,1034357.233606700,0.000486100,0.030000000,0.030000000,1034357.234092800,1034357.263606700,0,sent:HOLD
2260,1034357.264959700,0.000505300,0.030000000,0.030000000,1034357.265465000,1034357.294959700,0,
2261,1034357.295505100,0.000715100,0.030000000,0.030000000,1034357.296220200,1034357.325505100,0,sent:HOLD
2262,1034357.327226100,0.000259200,0.030000000,0.030000000,1034357.327485300,1034357.357226100,0,sent:HOLD
2263,1034357.358318100,0.000223000,0.030000000,0.030000000,1034357.358541100,1034357.388318100,0,
2264,1034357.389261000,0.000366300,0.030000000,0.030000000,1034357.389627300,1034357.419261000,0,sent:HOLD
2265,1034357.420561600,0.000443600,0.030000000,0.030000000,1034357.421005200,1034357.450561600,0,sent:HOLD
2266,1034357.452069800,0.000264700,0.030000000,0.030000000,1034357.452334500,1034357.482069800,0,
2267,1034357.483429700,0.000740600,0.030000000,0.030000000,1034357.484170300,1034357.513429700,0,sent:HOLD
2268,1034357.515132700,0.000768700,0.030000000,0.030000000,1034357.515901400,1034357.545132700,0,
2269,1034357.545360100,0.000322600,0.030000000,0.030000000,1034357.545682700,1034357.575360100,0,sent:HOLD
2270,1034357.561921100,0.000497000,0.030000000,0.030000000,1034357.562418100,1034357.591921100,0,
2271,1034357.593391800,0.000262400,0.030000000,0.030000000,1034357.593654200,1034357.623391800,0,sent:HOLD
2272,1034357.623566000,0.000209000,0.030000000,0.030000000,1034357.623775000,1034357.653566000,0,sent:HOLD
2273,1034357.655379300,0.000485200,0.030000000,0.030000000,1034357.655864500,1034357.685379300,0,
2274,1034357.686238100,0.000468900,0.030000000,0.030000000,1034357.686707000,1034357.716238100,0,sent:HOLD
2275,1034357.717439100,0.000587300,0.030000000,0.030000000,1034357.718026400,1034357.747439100,0,
2276,1034357.748821900,0.000279500,0.030000000,0.030000000,1034357.749101400,1034357.778821900,0,sent:HOLD
2277,1034357.780215200,0.000554100,0.030000000,0.030000000,1034357.780769300,1034357.810215200,0,sent:HOLD
2278,1034357.811685900,0.000757400,0.030000000,0.030000000,1034357.812443300,1034357.841685900,0,
2279,1034357.843368900,0.000224500,0.030000000,0.030000000,1034357.843593400,1034357.873368900,0,sent:HOLD
2280,1034357.873398400,0.000262200,0.030000000,0.030000000,1034357.873660600,1034357.903398400,0,sent:HOLD
2281,1034357.889724700,0.000188500,0.030000000,0.030000000,1034357.889913200,1034357.919724700,0,
2282,1034357.920998500,0.000478700,0.030000000,0.030000000,1034357.921477200,1034357.950998500,0,
2283,1034357.952343400,0.000332900,0.030000000,0.030000000,1034357.952676300,1034357.982343400,0,sent:HOLD
2284,1034357.983273300,0.000169000,0.030000000,0.030000000,1034357.983442300,1034358.013273300,0,sent:HOLD
2285,1034358.014813900,0.000478800,0.030000000,0.030000000,1034358.015292700,1034358.044813900,0,
2286,1034358.046117900,0.000201100,0.030000000,0.030000000,1034358.046319000,1034358.076117900,0,sent:HOLD
2287,1034358.077071500,0.000257600,0.030000000,0.030000000,1034358.077329100,1034358.107071500,0,sent:HOLD
2288,1034358.107595300,0.000134000,0.030000000,0.030000000,1034358.107729300,1034358.137595300,0,
2289,1034358.139130200,0.000158800,0.030000000,0.030000000,1034358.139289000,1034358.169130200,0,sent:HOLD
2290,1034358.170240800,0.000306100,0.030000000,0.030000000,1034358.170546900,1034358.200240800,0,sent:HOLD
2291,1034358.201000000,0.000134000,0.030000000,0.030000000,1034358.201134000,1034358.231000000,0,
2292,1034358.232345400,0.000161400,0.030000000,0.030000000,1034358.232506800,1034358.262345400,0,sent:HOLD
2293,1034358.264434900,0.000461400,0.030000000,0.030000000,1034358.264896300,1034358.294434900,0,
2294,1034358.280690000,0.000144100,0.030000000,0.030000000,1034358.280834100,1034358.310690000,0,sent:HOLD
2295,1034358.311423600,0.000549100,0.030000000,0.030000000,1034358.311972700,1034358.341423600,0,sent:HOLD
2296,1034358.342560000,0.000168500,0.030000000,0.030000000,1034358.342728500,1034358.372560000,0,
2297,1034358.373517300,0.000216500,0.030000000,0.030000000,1034358.373733800,1034358.403517300,0,sent:HOLD
2298,1034358.404404400,0.000114100,0.030000000,0.030000000,1034358.404518500,1034358.434404400,0,
2299,1034358.435799300,0.000168600,0.030000000,0.030000000,1034358.435967900,1034358.465799300,0,sent:HOLD
2300,1034358.466987400,0.000177200,0.030000000,0.030000000,1034358.467164600,1034358.496987400,0,sent:HOLD
2301,1034358.498791900,0.000134900,0.030000000,0.030000000,1034358.498926800,1034358.528791900,0,
2302,1034358.530134300,0.000196100,0.030000000,0.030000000,1034358.530330400,1034358.560134300,0,sent:HOLD
2303,1034358.561014500,0.000323000,0.030000000,0.030000000,1034358.561337500,1034358.591014500,0,
2304,1034358.592167700,0.000270900,0.030000000,0.030000000,1034358.592438600,1034358.622167700,0,sent:HOLD
2305,1034358.623624200,0.000214700,0.030000000,0.030000000,1034358.623838900,1034358.653624200,0,sent:HOLD
2306,1034358.653793900,0.000163600,0.030000000,0.030000000,1034358.653957500,1034358.683793900,0,
2307,1034358.685325800,0.000175400,0.030000000,0.030000000,1034358.685501200,1034358.715325800,0,sent:HOLD
2308,1034358.701205700,0.000147700,0.030000000,0.030000000,1034358.701353400,1034358.731205700,0,
2309,1034358.732434800,0.000288700,0.030000000,0.030000000,1034358.732723500,1034358.762434800,0,sent:HOLD
2310,1034358.763763600,0.000458600,0.030000000,0.030000000,1034358.764222200,1034358.793763600,0,sent:HOLD
2311,1034358.794223700,0.000239900,0.030000000,0.030000000,1034358.794463600,1034358.824223700,0,
2312,1034358.826114100,0.000167600,0.030000000,0.030000000,1034358.826281700,1034358.856114100,0,sent:HOLD
2313,1034358.856498400,0.000327000,0.030000000,0.030000000,1034358.856825400,1034358.886498400,0,
2314,1034358.887760900,0.000247100,0.030000000,0.030000000,1034358.888008000,1034358.917760900,0,sent:HOLD
2315,1034358.918605100,0.000158400,0.030000000,0.030000000,1034358.918763500,1034358.948605100,0,sent:HOLD
2316,1034358.950513500,0.000307700,0.030000000,0.030000000,1034358.950821200,1034358.980513500,0,
2317,1034358.981767300,0.000192900,0.030000000,0.030000000,1034358.981960200,1034359.011767300,0,sent:HOLD
2318,1034359.012353500,0.000171500,0.030000000,0.030000000,1034359.012525000,1034359.042353500,0,sent:HOLD
2319,1034359.043410800,0.000228700,0.030000000,0.030000000,1034359.043639500,1034359.073410800,0,
2320,1034359.074353300,0.000166000,0.030000000,0.030000000,1034359.074519300,1034359.104353300,0,
2321,1034359.089899600,0.000200400,0.030000000,0.030000000,1034359.090100000,1034359.119899600,0,sent:HOLD
2322,1034359.120387600,0.000377000,0.030000000,0.030000000,1034359.120764600,1034359.150387600,0,sent:HOLD
2323,1034359.152179800,0.000192200,0.030000000,0.030000000,1034359.152372000,1034359.182179800,0,
2324,1034359.183570800,0.000455000,0.030000000,0.030000000,1034359.184025800,1034359.213570800,0,sent:HOLD
2325,1034359.215541500,0.000180100,0.030000000,0.030000000,1034359.215721600,1034359.245541500,0,sent:HOLD
2326,1034359.247079200,0.000265400,0.030000000,0.030000000,1034359.247344600,1034359.277079200,0,
2327,1034359.278271100,0.000381400,0.030000000,0.030000000,1034359.278652500,1034359.308271100,0,sent:HOLD
2328,1034359.310384900,0.000336500,0.030000000,0.030000000,1034359.310721400,1034359.340384900,0,
2329,1034359.341627600,0.000350800,0.030000000,0.030000000,1034359.341978400,1034359.371627600,0,sent:HOLD
2330,1034359.373220100,0.000463700,0.030000000,0.030000000,1034359.373683800,1034359.403220100,0,
2331,1034359.404857100,0.000246100,0.030000000,0.030000000,1034359.405103200,1034359.434857100,0,sent:HOLD
2332,1034359.435668400,0.000389000,0.030000000,0.030000000,1034359.436057400,1034359.465668400,0,sent:HOLD
2333,1034359.451030100,0.000312800,0.030000000,0.030000000,1034359.451342900,1034359.481030100,0,
2334,1034359.482449200,0.000278700,0.030000000,0.030000000,1034359.482727900,1034359.512449200,0,sent:HOLD
2335,1034359.514377900,0.000246600,0.030000000,0.030000000,1034359.514624500,1034359.544377900,0,sent:HOLD
2336,1034359.546133300,0.000246400,0.030000000,0.030000000,1034359.546379700,1034359.576133300,0,
2337,1034359.576885600,0.000178200,0.030000000,0.030000000,1034359.577063800,1034359.606885600,0,sent:HOLD
2338,1034359.607894100,0.000182400,0.030000000,0.030000000,1034359.608076500,1034359.637894100,0,
2339,1034359.638147200,0.000321600,0.030000000,0.030000000,1034359.638468800,1034359.668147200,0,sent:HOLD
2340,1034359.668292000,0.000271600,0.030000000,0.030000000,1034359.668563600,1034359.698292000,0,
2341,1034359.698653900,0.000167200,0.030000000,0.030000000,1034359.698821100,1034359.728653900,0,sent:HOLD
2342,1034359.729966000,0.000271800,0.030000000,0.030000000,1034359.730237800,1034359.759966000,0,sent:HOLD
2343,1034359.762219800,0.000179100,0.030000000,0.030000000,1034359.762398900,1034359.792219800,0,
2344,1034359.794108500,0.000226400,0.030000000,0.030000000,1034359.794334900,1034359.824108500,0,sent:HOLD
2345,1034359.810783000,0.000133900,0.030000000,0.030000000,1034359.810916900,1034359.840783000,0,sent:HOLD
2346,1034359.841614200,0.000429300,0.030000000,0.030000000,1034359.842043500,1034359.871614200,0,
2347,1034359.873290800,0.000223800,0.030000000,0.030000000,1034359.873514600,1034359.903290800,0,
2348,1034359.904044100,0.000342900,0.030000000,0.030000000,1034359.904387000,1034359.934044100,0,sent:HOLD
2349,1034359.935599600,0.000272900,0.030000000,0.030000000,1034359.935872500,1034359.965599600,0,sent:HOLD
2350,1034359.967107600,0.000167700,0.030000000,0.030000000,1034359.967275300,1034359.997107600,0,
2351,1034359.998496100,0.000179800,0.030000000,0.030000000,1034359.998675900,1034360.028496100,0,sent:HOLD
2352,1034360.029791100,0.000131800,0.030000000,0.030000000,1034360.029922900,1034360.059791100,0,sent:HOLD
2353,1034360.061240300,0.000174000,0.030000000,0.030000000,1034360.061414300,1034360.091240300,0,
2354,1034360.093585200,0.000130200,0.030000000,0.030000000,1034360.093715400,1034360.123585200,0,sent:HOLD
2355,1034360.109836600,0.000483900,0.030000000,0.030000000,1034360.110320500,1034360.139836600,0,sent:HOLD
2356,1034360.140719900,0.000329600,0.030000000,0.030000000,1034360.141049500,1034360.170719900,0,
2357,1034360.172287700,0.000175200,0.030000000,0.030000000,1034360.172462900,1034360.202287700,0,sent:HOLD
2358,1034360.203337600,0.000144000,0.030000000,0.030000000,1034360.203481600,1034360.233337600,0,
2359,1034360.234334800,0.000571400,0.030000000,0.030000000,1034360.234906200,1034360.264334800,0,sent:HOLD
2360,1034360.266369100,0.000187700,0.030000000,0.030000000,1034360.266556800,1034360.296369100,0,sent:HOLD
2361,1034360.296879200,0.000119600,0.030000000,0.030000000,1034360.296998800,1034360.326879200,0,
2362,1034360.327220000,0.000159700,0.030000000,0.030000000,1034360.327379700,1034360.357220000,0,sent:HOLD
2363,1034360.359572600,0.000309500,0.030000000,0.030000000,1034360.359882100,1034360.389572600,0,
2364,1034360.391077100,0.000281500,0.030000000,0.030000000,1034360.391358600,1034360.421077100,0,sent:HOLD
2365,1034360.423459800,0.000185600,0.030000000,0.030000000,1034360.423645400,1034360.453459800,0,sent:HOLD
2366,1034360.454539500,0.000184800,0.030000000,0.030000000,1034360.454724300,1034360.484539500,0,
2367,1034360.470159700,0.000431500,0.030000000,0.030000000,1034360.470591200,1034360.500159700,0,sent:HOLD
2368,1034360.502099800,0.000190600,0.030000000,0.030000000,1034360.502290400,1034360.532099800,0,
2369,1034360.533247400,0.000276800,0.030000000,0.030000000,1034360.533524200,1034360.563247400,0,sent:HOLD
2370,1034360.564520200,0.000255000,0.030000000,0.030000000,1034360.564775200,1034360.594520200,0,
2371,1034360.595739600,0.000221200,0.030000000,0.030000000,1034360.595960800,1034360.625739600,0,sent:HOLD
2372,1034360.626164300,0.000276200,0.030000000,0.030000000,1034360.626440500,1034360.656164300,0,sent:HOLD
2373,1034360.657837200,0.000155900,0.030000000,0.030000000,1034360.657993100,1034360.687837200,0,
2374,1034360.689237000,0.000212300,0.030000000,0.030000000,1034360.689449300,1034360.719237000,0,sent:HOLD
2375,1034360.720790100,0.000391000,0.030000000,0.030000000,1034360.721181100,1034360.750790100,0,
2376,1034360.753407500,0.000311400,0.030000000,0.030000000,1034360.753718900,1034360.783407500,0,sent:HOLD
2377,1034360.784790700,0.000258500,0.030000000,0.030000000,1034360.785049200,1034360.814790700,0,sent:HOLD
2378,1034360.801492300,0.000160100,0.030000000,0.030000000,1034360.801652400,1034360.831492300,0,
2379,1034360.831935500,0.000704600,0.030000000,0.030000000,1034360.832640100,1034360.861935500,0,sent:HOLD
2380,1034360.864271800,0.000238800,0.030000000,0.030000000,1034360.864510600,1034360.894271800,0,
2381,1034360.895750100,0.000161500,0.030000000,0.030000000,1034360.895911600,1034360.925750100,0,sent:HOLD
2382,1034360.926407100,0.000167200,0.030000000,0.030000000,1034360.926574300,1034360.956407100,0,sent:HOLD
2383,1034360.958087000,0.000308600,0.030000000,0.030000000,1034360.958395600,1034360.988087000,0,
2384,1034360.989048300,0.000439400,0.030000000,0.030000000,1034360.989487700,1034361.019048300,0,sent:HOLD
2385,1034361.019826700,0.000196900,0.030000000,0.030000000,1034361.020023600,1034361.049826700,0,sent:HOLD
2386,1034361.050677700,0.000290400,0.030000000,0.030000000,1034361.050968100,1034361.080677700,0,
2387,1034361.081832100,0.000336500,0.030000000,0.030000000,1034361.082168600,1034361.111832100,0,sent:HOLD
2388,1034361.112274600,0.000410400,0.030000000,0.030000000,1034361.112685000,1034361.142274600,0,
2389,1034361.143196300,0.000138100,0.030000000,0.030000000,1034361.143334400,1034361.173196300,0,sent:HOLD
2390,1034361.174139100,0.000323700,0.030000000,0.030000000,1034361.174462800,1034361.204139100,0,sent:HOLD
2391,1034361.189785700,0.000689600,0.030000000,0.030000000,1034361.190475300,1034361.219785700,0,
2392,1034361.221962500,0.000615200,0.030000000,0.030000000,1034361.222577700,1034361.251962500,0,sent:HOLD
2393,1034361.253594200,0.000621100,0.030000000,0.030000000,1034361.254215300,1034361.283594200,0,
2394,1034361.284732600,0.000218000,0.030000000,0.030000000,1034361.284950600,1034361.314732600,0,sent:HOLD
2395,1034361.315556200,0.000166000,0.030000000,0.030000000,1034361.315722200,1034361.345556200,0,
2396,1034361.345885000,0.000377100,0.030000000,0.030000000,1034361.346262100,1034361.375885000,0,sent:HOLD
2397,1034361.377445800,0.000236600,0.030000000,0.030000000,1034361.377682400,1034361.407445800,0,sent:HOLD
2398,1034361.408919700,0.000241200,0.030000000,0.030000000,1034361.409160900,1034361.438919700,0,
2399,1034361.440336700,0.000381900,0.030000000,0.030000000,1034361.440718600,1034361.470336700,0,sent:HOLD
2400,1034361.470455800,0.000377100,0.030000000,0.030000000,1034361.470832900,1034361.500455800,0,
2401,1034361.500922800,0.000255000,0.030000000,0.030000000,1034361.501177800,1034361.530922800,0,sent:HOLD
2402,1034361.531701700,0.000388100,0.030000000,0.030000000,1034361.532089800,1034361.561701700,0,sent:HOLD
2403,1034361.561966300,0.000284100,0.030000000,0.030000000,1034361.562250400,1034361.591966300,0,
2404,1034361.593700900,0.000315500,0.030000000,0.030000000,1034361.594016400,1034361.623700900,0,sent:HOLD
2405,1034361.623682300,0.000419800,0.030000000,0.030000000,1034361.624102100,1034361.653682300,0,
2406,1034361.655585000,0.000255300,0.030000000,0.030000000,1034361.655840300,1034361.685585000,0,sent:HOLD
2407,1034361.685019300,0.000225600,0.030000000,0.030000000,1034361.685244900,1034361.715019300,0,sent:HOLD
2408,1034361.701228500,0.000249000,0.030000000,0.030000000,1034361.701477500,1034361.731228500,0,
2409,1034361.733457600,0.000183800,0.030000000,0.030000000,1034361.733641400,1034361.763457600,0,sent:HOLD
2410,1034361.764116500,0.000212000,0.030000000,0.030000000,1034361.764328500,1034361.794116500,0,
2411,1034361.794580000,0.000210100,0.030000000,0.030000000,1034361.794790100,1034361.824580000,0,sent:HOLD
2412,1034361.825542900,0.000191100,0.030000000,0.030000000,1034361.825734000,1034361.855542900,0,sent:HOLD
2413,1034361.857047400,0.000260500,0.030000000,0.030000000,1034361.857307900,1034361.887047400,0,
2414,1034361.888644800,0.000183200,0.030000000,0.030000000,1034361.888828000,1034361.918644800,0,sent:HOLD
2415,1034361.919587300,0.000171200,0.030000000,0.030000000,1034361.919758500,1034361.949587300,0,sent:HOLD
2416,1034361.951461400,0.000275600,0.030000000,0.030000000,1034361.951737000,1034361.981461400,0,
2417,1034361.983372100,0.000519000,0.030000000,0.030000000,1034361.983891100,1034362.013372100,0,sent:HOLD
2418,1034362.013499900,0.000454900,0.030000000,0.030000000,1034362.013954800,1034362.043499900,0,
2419,1034362.044225800,0.000372400,0.030000000,0.030000000,1034362.044598200,1034362.074225800,0,sent:HOLD
2420,1034362.060269500,0.000245400,0.030000000,0.030000000,1034362.060514900,1034362.090269500,0,
2421,1034362.091488500,0.000755300,0.030000000,0.030000000,1034362.092243800,1034362.121488500,0,sent:HOLD
2422,1034362.121325500,0.000394400,0.030000000,0.030000000,1034362.121719900,1034362.151325500,0,
2423,1034362.152018300,0.000338900,0.030000000,0.030000000,1034362.152357200,1034362.182018300,0,sent:HOLD
2424,1034362.183762800,0.000190000,0.030000000,0.030000000,1034362.183952800,1034362.213762800,0,sent:HOLD
2425,1034362.215131800,0.000234800,0.030000000,0.030000000,1034362.215366600,1034362.245131800,0,sent:HOLD
2426,1034362.245512800,0.000326800,0.030000000,0.030000000,1034362.245839600,1034362.275512800,0,
2427,1034362.276755700,0.000255500,0.030000000,0.030000000,1034362.277011200,1034362.306755700,0,sent:HOLD
2428,1034362.307056400,0.000340800,0.030000000,0.030000000,1034362.307397200,1034362.337056400,0,
2429,1034362.338418400,0.000221200,0.030000000,0.030000000,1034362.338639600,1034362.368418400,0,sent:HOLD
2430,1034362.369304400,0.000309100,0.030000000,0.030000000,1034362.369613500,1034362.399304400,0,sent:HOLD
2431,1034362.399945500,0.000246800,0.030000000,0.030000000,1034362.400192300,1034362.429945500,0,
2432,1034362.430926300,0.000829500,0.030000000,0.030000000,1034362.431755800,1034362.460926300,0,sent:HOLD
2433,1034362.463345700,0.000801100,0.030000000,0.030000000,1034362.464146800,1034362.493345700,0,
2434,1034362.494732300,0.000466700,0.030000000,0.030000000,1034362.495199000,1034362.524732300,0,sent:HOLD
2435,1034362.525083000,0.000318000,0.030000000,0.030000000,1034362.525401000,1034362.555083000,0,sent:HOLD
2436,1034362.540568600,0.000246800,0.030000000,0.030000000,1034362.540815400,1034362.570568600,0,
2437,1034362.571417900,0.000294100,0.030000000,0.030000000,1034362.571712000,1034362.601417900,0,sent:HOLD
2438,1034362.603627200,0.000365000,0.030000000,0.030000000,1034362.603992200,1034362.633627200,0,
2439,1034362.635465200,0.000415300,0.030000000,0.030000000,1034362.635880500,1034362.665465200,0,sent:HOLD
2440,1034362.666767800,0.000401700,0.030000000,0.030000000,1034362.667169500,1034362.696767800,0,sent:HOLD
2441,1034362.697587500,0.000473700,0.030000000,0.030000000,1034362.698061200,1034362.727587500,0,
2442,1034362.727949400,0.000363200,0.030000000,0.030000000,1034362.728312600,1034362.757949400,0,sent:HOLD
2443,1034362.759033900,0.000617100,0.030000000,0.030000000,1034362.759651000,1034362.789033900,0,
2444,1034362.789628200,0.000306800,0.030000000,0.030000000,1034362.789935000,1034362.819628200,0,sent:HOLD
2445,1034362.820088200,0.000455100,0.030000000,0.030000000,1034362.820543300,1034362.850088200,0,
2446,1034362.850861900,0.000386600,0.030000000,0.030000000,1034362.851248500,1034362.880861900,0,sent:HOLD
2447,1034362.881954100,0.000941500,0.030000000,0.030000000,1034362.882895600,1034362.911954100,0,sent:HOLD
2448,1034362.913137300,0.000427500,0.030000000,0.030000000,1034362.913564800,1034362.943137300,0,
2449,1034362.943830400,0.000395200,0.030000000,0.030000000,1034362.944225600,1034362.973830400,0,sent:HOLD
2450,1034362.959779100,0.000522600,0.030000000,0.030000000,1034362.960301700,1034362.989779100,0,
2451,1034362.990658600,0.000195700,0.030000000,0.030000000,1034362.990854300,1034363.020658600,0,sent:HOLD
2452,1034363.022503400,0.000261600,0.030000000,0.030000000,1034363.022765000,1034363.052503400,0,sent:HOLD
2453,1034363.053248800,0.000135100,0.030000000,0.030000000,1034363.053383900,1034363.083248800,0,
2454,1034363.084332200,0.000417000,0.030000000,0.030000000,1034363.084749200,1034363.114332200,0,sent:HOLD
2455,1034363.115738900,0.000439700,0.030000000,0.030000000,1034363.116178600,1034363.145738900,0,
2456,1034363.146516500,0.000858000,0.030000000,0.030000000,1034363.147374500,1034363.176516500,0,sent:HOLD
2457,1034363.177193500,0.000507000,0.030000000,0.030000000,1034363.177700500,1034363.207193500,0,sent:HOLD
2458,1034363.208664600,0.000374300,0.030000000,0.030000000,1034363.209038900,1034363.238664600,0,
2459,1034363.239671700,0.000342600,0.030000000,0.030000000,1034363.240014300,1034363.269671700,0,sent:HOLD
2460,1034363.270570700,0.000201100,0.030000000,0.030000000,1034363.270771800,1034363.300570700,0,sent:HOLD
2461,1034363.301454600,0.000778300,0.030000000,0.030000000,1034363.302232900,1034363.331454600,0,
2462,1034363.333027500,0.000241800,0.030000000,0.030000000,1034363.333269300,1034363.363027500,0,sent:HOLD
2463,1034363.364933600,0.000221700,0.030000000,0.030000000,1034363.365155300,1034363.394933600,0,
2464,1034363.380365200,0.000186600,0.030000000,0.030000000,1034363.380551800,1034363.410365200,0,sent:HOLD
2465,1034363.412549500,0.000172800,0.030000000,0.030000000,1034363.412722300,1034363.442549500,0,sent:HOLD
2466,1034363.444702400,0.000168000,0.030000000,0.030000000,1034363.444870400,1034363.474702400,0,
2467,1034363.475454100,0.000233600,0.030000000,0.030000000,1034363.475687700,1034363.505454100,0,sent:HOLD
2468,1034363.506110800,0.000342500,0.030000000,0.030000000,1034363.506453300,1034363.536110800,0,
2469,1034363.538261300,0.000242100,0.030000000,0.030000000,1034363.538503400,1034363.568261300,0,sent:HOLD
2470,1034363.569415800,0.000606600,0.030000000,0.030000000,1034363.570022400,1034363.599415800,0,
2471,1034363.600689400,0.000322300,0.030000000,0.030000000,1034363.601011700,1034363.630689400,0,sent:HOLD
2472,1034363.631860700,0.000533600,0.030000000,0.030000000,1034363.632394300,1034363.661860700,0,sent:HOLD
2473,1034363.664219500,0.000264100,0.030000000,0.030000000,1034363.664483600,1034363.694219500,0,sent:HOLD
2474,1034363.679677200,0.000349000,0.030000000,0.030000000,1034363.680026200,1034363.709677200,0,
2475,1034363.711850900,0.000181400,0.030000000,0.030000000,1034363.712032300,1034363.741850900,0,sent:HOLD
2476,1034363.743455600,0.000263300,0.030000000,0.030000000,1034363.743718900,1034363.773455600,0,
2477,1034363.774814800,0.000256100,0.030000000,0.030000000,1034363.775070900,1034363.804814800,0,sent:HOLD
2478,1034363.806097800,0.000261100,0.030000000,0.030000000,1034363.806358900,1034363.836097800,0,
2479,1034363.836048000,0.000403000,0.030000000,0.030000000,1034363.836451000,1034363.866048000,0,sent:HOLD
2480,1034363.868482000,0.000356500,0.030000000,0.030000000,1034363.868838500,1034363.898482000,0,sent:HOLD
2481,1034363.900293900,0.000175800,0.030000000,0.030000000,1034363.900469700,1034363.930293900,0,
2482,1034363.931432900,0.000295400,0.030000000,0.030000000,1034363.931728300,1034363.961432900,0,sent:HOLD
2483,1034363.963666900,0.000301900,0.030000000,0.030000000,1034363.963968800,1034363.993666900,0,
2484,1034363.994217600,0.000503500,0.030000000,0.030000000,1034363.994721100,1034364.024217600,0,sent:HOLD
2485,1034364.010963400,0.000509000,0.030000000,0.030000000,1034364.011472400,1034364.040963400,0,sent:HOLD
2486,1034364.041812400,0.001145900,0.030000000,0.030000000,1034364.042958300,1034364.071812400,0,
2487,1034364.073590800,0.000349800,0.030000000,0.030000000,1034364.073940600,1034364.103590800,0,sent:HOLD
2488,1034364.104547300,0.000219900,0.030000000,0.030000000,1034364.104767200,1034364.134547300,0,
2489,1034364.136013900,0.000360800,0.030000000,0.030000000,1034364.136374700,1034364.166013900,0,sent:HOLD
2490,1034364.167667900,0.000237800,0.030000000,0.030000000,1034364.167905700,1034364.197667900,0,sent:HOLD
2491,1034364.198654900,0.000351600,0.030000000,0.030000000,1034364.199006500,1034364.228654900,0,
2492,1034364.229939500,0.000345100,0.030000000,0.030000000,1034364.230284600,1034364.259939500,0,sent:HOLD
2493,1034364.261616300,0.000237300,0.030000000,0.030000000,1034364.261853600,1034364.291616300,0,sent:HOLD
2494,1034364.291235700,0.000314600,0.030000000,0.030000000,1034364.291550300,1034364.321235700,0,
2495,1034364.322519800,0.000210200,0.030000000,0.030000000,1034364.322730000,1034364.352519800,0,sent:HOLD
2496,1034364.353159300,0.000282100,0.030000000,0.030000000,1034364.353441400,1034364.383159300,0,
2497,1034364.383687900,0.000223900,0.030000000,0.030000000,1034364.383911800,1034364.413687900,0,sent:HOLD
2498,1034364.415098800,0.000573500,0.030000000,0.030000000,1034364.415672300,1034364.445098800,0,
2499,1034364.430806600,0.000339200,0.030000000,0.030000000,1034364.431145800,1034364.460806600,0,sent:HOLD
2500,1034364.462072200,0.000205400,0.030000000,0.030000000,1034364.462277600,1034364.492072200,0,sent:HOLD
2501,1034364.493576900,0.000639900,0.030000000,0.030000000,1034364.494216800,1034364.523576900,0,
2502,1034364.525072900,0.000163000,0.030000000,0.030000000,1034364.525235900,1034364.555072900,0,sent:HOLD
2503,1034364.556159300,0.000289100,0.030000000,0.030000000,1034364.556448400,1034364.586159300,0,
2504,1034364.587735700,0.000214100,0.030000000,0.030000000,1034364.587949800,1034364.617735700,0,sent:HOLD
2505,1034364.618991400,0.000259500,0.030000000,0.030000000,1034364.619250900,1034364.648991400,0,sent:HOLD
2506,1034364.649832300,0.000232400,0.030000000,0.030000000,1034364.650064700,1034364.679832300,0,
2507,1034364.681512100,0.000217300,0.030000000,0.030000000,1034364.681729400,1034364.711512100,0,sent:HOLD
2508,1034364.711869800,0.000935900,0.030000000,0.030000000,1034364.712805700,1034364.741869800,0,
2509,1034364.743103300,0.000393100,0.030000000,0.030000000,1034364.743496400,1034364.773103300,0,sent:HOLD
2510,1034364.773875300,0.000267300,0.030000000,0.030000000,1034364.774142600,1034364.803875300,0,
2511,1034364.804391000,0.000276200,0.030000000,0.030000000,1034364.804667200,1034364.834391000,0,sent:HOLD
2512,1034364.820261100,0.000172000,0.030000000,0.030000000,1034364.820433100,1034364.850261100,0,sent:HOLD
2513,1034364.850506300,0.000266500,0.030000000,0.030000000,1034364.850772800,1034364.880506300,0,
2514,1034364.882700900,0.000179300,0.030000000,0.030000000,1034364.882880200,1034364.912700900,0,sent:HOLD
2515,1034364.915102500,0.000213200,0.030000000,0.030000000,1034364.915315700,1034364.945102500,0,sent:HOLD
2516,1034364.946167300,0.000205500,0.030000000,0.030000000,1034364.946372800,1034364.976167300,0,
2517,1034364.977439600,0.000401300,0.030000000,0.030000000,1034364.977840900,1034365.007439600,0,sent:HOLD
2518,1034365.008434700,0.000247600,0.030000000,0.030000000,1034365.008682300,1034365.038434700,0,
2519,1034365.039371100,0.000233000,0.030000000,0.030000000,1034365.039604100,1034365.069371100,0,sent:HOLD
2520,1034365.069925400,0.000333700,0.030000000,0.030000000,1034365.070259100,1034365.099925400,0,
2521,1034365.101734200,0.000224200,0.030000000,0.030000000,1034365.101958400,1034365.131734200,0,sent:HOLD
2522,1034365.133115400,0.000405800,0.030000000,0.030000000,1034365.133521200,1034365.163115400,0,sent:HOLD
2523,1034365.163887500,0.000517800,0.030000000,0.030000000,1034365.164405300,1034365.193887500,0,
2524,1034365.179808600,0.000273900,0.030000000,0.030000000,1034365.180082500,1034365.209808600,0,sent:HOLD
2525,1034365.210967000,0.000232600,0.030000000,0.030000000,1034365.211199600,1034365.240967000,0,
2526,1034365.241755900,0.000727000,0.030000000,0.030000000,1034365.242482900,1034365.271755900,0,sent:HOLD
2527,1034365.272613500,0.000547300,0.030000000,0.030000000,1034365.273160800,1034365.302613500,0,sent:HOLD
2528,1034365.303325600,0.000164100,0.030000000,0.030000000,1034365.303489700,1034365.333325600,0,
2529,1034365.334369400,0.000192200,0.030000000,0.030000000,1034365.334561600,1034365.364369400,0,sent:HOLD
2530,1034365.365059700,0.000182700,0.030000000,0.030000000,1034365.365242400,1034365.395059700,0,sent:HOLD
2531,1034365.396139300,0.000190500,0.030000000,0.030000000,1034365.396329800,1034365.426139300,0,
2532,1034365.426732200,0.000222400,0.030000000,0.030000000,1034365.426954600,1034365.456732200,0,sent:HOLD
2533,1034365.458557800,0.000255600,0.030000000,0.030000000,1034365.458813400,1034365.488557800,0,
2534,1034365.489770300,0.000275400,0.030000000,0.030000000,1034365.490045700,1034365.519770300,0,sent:HOLD
2535,1034365.520760400,0.000354400,0.030000000,0.030000000,1034365.521114800,1034365.550760400,0,
2536,1034365.553071000,0.000330200,0.030000000,0.030000000,1034365.553401200,1034365.583071000,0,sent:HOLD
2537,1034365.584267600,0.000250400,0.030000000,0.030000000,1034365.584518000,1034365.614267600,0,sent:HOLD
2538,1034365.599397600,0.000171700,0.030000000,0.030000000,1034365.599569300,1034365.629397600,0,
2539,1034365.630598200,0.000313900,0.030000000,0.030000000,1034365.630912100,1034365.660598200,0,sent:HOLD
2540,1034365.661948900,0.000157200,0.030000000,0.030000000,1034365.662106100,1034365.691948900,0,sent:HOLD
2541,1034365.693076700,0.000287400,0.030000000,0.030000000,1034365.693364100,1034365.723076700,0,
2542,1034365.723788500,0.000495100,0.030000000,0.030000000,1034365.724283600,1034365.753788500,0,sent:HOLD
2543,1034365.754721600,0.000183100,0.030000000,0.030000000,1034365.754904700,1034365.784721600,0,
2544,1034365.784773200,0.000213300,0.030000000,0.030000000,1034365.784986500,1034365.814773200,0,sent:HOLD
2545,1034365.815954600,0.000215500,0.030000000,0.030000000,1034365.816170100,1034365.845954600,0,sent:HOLD
2546,1034365.846144700,0.000812600,0.030000000,0.030000000,1034365.846957300,1034365.876144700,0,
2547,1034365.877684600,0.000234600,0.030000000,0.030000000,1034365.877919200,1034365.907684600,0,sent:HOLD
2548,1034365.909562700,0.000210700,0.030000000,0.030000000,1034365.909773400,1034365.939562700,0,sent:HOLD
2549,1034365.940232100,0.000216000,0.030000000,0.030000000,1034365.940448100,1034365.970232100,0,
2550,1034365.972121000,0.000256800,0.030000000,0.030000000,1034365.972377800,1034366.002121000,0,sent:HOLD
2551,1034366.003433500,0.000229700,0.030000000,0.030000000,1034366.003663200,1034366.033433500,0,
2552,1034366.034784600,0.000341300,0.030000000,0.030000000,1034366.035125900,1034366.064784600,0,sent:HOLD
2553,1034366.050331600,0.000600900,0.030000000,0.030000000,1034366.050932500,1034366.080331600,0,
2554,1034366.081852300,0.000274200,0.030000000,0.030000000,1034366.082126500,1034366.111852300,0,sent:HOLD
2555,1034366.113169100,0.000607200,0.030000000,0.030000000,1034366.113776300,1034366.143169100,0,
2556,1034366.144906200,0.000195800,0.030000000,0.030000000,1034366.145102000,1034366.174906200,0,sent:HOLD
2557,1034366.176385200,0.000458800,0.030000000,0.030000000,1034366.176844000,1034366.206385200,0,sent:HOLD
2558,1034366.207877000,0.000224100,0.030000000,0.030000000,1034366.208101100,1034366.237877000,0,
2559,1034366.239105800,0.000205900,0.030000000,0.030000000,1034366.239311700,1034366.269105800,0,sent:HOLD
2560,1034366.270011700,0.000252600,0.030000000,0.030000000,1034366.270264300,1034366.300011700,0,sent:HOLD
2561,1034366.300188300,0.000450400,0.030000000,0.030000000,1034366.300638700,1034366.330188300,0,
2562,1034366.331701600,0.000269000,0.030000000,0.030000000,1034366.331970600,1034366.361701600,0,sent:HOLD
2563,1034366.363017000,0.001059500,0.030000000,0.030000000,1034366.364076500,1034366.393017000,0,
2564,1034366.393573600,0.000346500,0.030000000,0.030000000,1034366.393920100,1034366.423573600,0,sent:HOLD
2565,1034366.410290100,0.000183600,0.030000000,0.030000000,1034366.410473700,1034366.440290100,0,sent:HOLD
2566,1034366.441096000,0.000282600,0.030000000,0.030000000,1034366.441378600,1034366.471096000,0,
2567,1034366.473477000,0.000191100,0.030000000,0.030000000,1034366.473668100,1034366.503477000,0,sent:HOLD
2568,1034366.503797700,0.000410600,0.030000000,0.030000000,1034366.504208300,1034366.533797700,0,
2569,1034366.534953300,0.000262100,0.030000000,0.030000000,1034366.535215400,1034366.564953300,0,sent:HOLD
2570,1034366.565948100,0.000320000,0.030000000,0.030000000,1034366.566268100,1034366.595948100,0,
2571,1034366.596737300,0.000606400,0.030000000,0.030000000,1034366.597343700,1034366.626737300,0,sent:HOLD
2572,1034366.628544100,0.000217400,0.030000000,0.030000000,1034366.628761500,1034366.658544100,0,sent:HOLD
2573,1034366.659721900,0.000539300,0.030000000,0.030000000,1034366.660261200,1034366.689721900,0,
2574,1034366.690778100,0.000315300,0.030000000,0.030000000,1034366.691093400,1034366.720778100,0,sent:HOLD
2575,1034366.723272000,0.000207100,0.030000000,0.030000000,1034366.723479100,1034366.753272000,0,sent:HOLD
2576,1034366.753807400,0.000152500,0.030000000,0.030000000,1034366.753959900,1034366.783807400,0,
2577,1034366.769926300,0.000737500,0.030000000,0.030000000,1034366.770663800,1034366.799926300,0,sent:HOLD
2578,1034366.801091100,0.000166500,0.030000000,0.030000000,1034366.801257600,1034366.831091100,0,
2579,1034366.832431000,0.000299300,0.030000000,0.030000000,1034366.832730300,1034366.862431000,0,sent:HOLD
2580,1034366.864799700,0.000262500,0.030000000,0.030000000,1034366.865062200,1034366.894799700,0,sent:HOLD
2581,1034366.895322900,0.000670400,0.030000000,0.030000000,1034366.895993300,1034366.925322900,0,
2582,1034366.925964100,0.000221600,0.030000000,0.030000000,1034366.926185700,1034366.955964100,0,sent:HOLD
2583,1034366.955997000,0.000396500,0.030000000,0.030000000,1034366.956393500,1034366.985997000,0,
2584,1034366.988163000,0.000232200,0.030000000,0.030000000,1034366.988395200,1034367.018163000,0,sent:HOLD
2585,1034367.019962000,0.000156900,0.030000000,0.030000000,1034367.020118900,1034367.049962000,0,
2586,1034367.052199400,0.000274600,0.030000000,0.030000000,1034367.052474000,1034367.082199400,0,sent:HOLD
2587,1034367.084005400,0.000443900,0.030000000,0.030000000,1034367.084449300,1034367.114005400,0,sent:HOLD
2588,1034367.100074100,0.000175700,0.030000000,0.030000000,1034367.100249800,1034367.130074100,0,
2589,1034367.131445400,0.000248700,0.030000000,0.030000000,1034367.131694100,1034367.161445400,0,sent:HOLD
2590,1034367.162760200,0.000179700,0.030000000,0.030000000,1034367.162939900,1034367.192760200,0,sent:HOLD
2591,1034367.194445100,0.000312600,0.030000000,0.030000000,1034367.194757700,1034367.224445100,0,
2592,1034367.225751100,0.000263500,0.030000000,0.030000000,1034367.226014600,1034367.255751100,0,sent:HOLD
2593,1034367.257050300,0.000222400,0.030000000,0.030000000,1034367.257272700,1034367.287050300,0,
2594,1034367.287195100,0.000345500,0.030000000,0.030000000,1034367.287540600,1034367.317195100,0,sent:HOLD
2595,1034367.319263900,0.000331800,0.030000000,0.030000000,1034367.319595700,1034367.349263900,0,sent:HOLD
2596,1034367.351679900,0.000481300,0.030000000,0.030000000,1034367.352161200,1034367.381679900,0,
2597,1034367.382813500,0.000204200,0.030000000,0.030000000,1034367.383017700,1034367.412813500,0,sent:HOLD
2598,1034367.413918600,0.000566600,0.030000000,0.030000000,1034367.414485200,1034367.443918600,0,
2599,1034367.429543200,0.000423700,0.030000000,0.030000000,1034367.429966900,1034367.459543200,0,sent:HOLD
2600,1034367.459768900,0.000426000,0.030000000,0.030000000,1034367.460194900,1034367.489768900,0,
2601,1034367.491082400,0.000234300,0.030000000,0.030000000,1034367.491316700,1034367.521082400,0,sent:HOLD
2602,1034367.522506500,0.000184100,0.030000000,0.030000000,1034367.522690600,1034367.552506500,0,sent:HOLD
2603,1034367.552259700,0.000196600,0.030000000,0.030000000,1034367.552456300,1034367.582259700,0,
2604,1034367.583660300,0.000334000,0.030000000,0.030000000,1034367.583994300,1034367.613660300,0,sent:HOLD
2605,1034367.614551100,0.000158500,0.030000000,0.030000000,1034367.614709600,1034367.644551100,0,sent:HOLD
2606,1034367.644673800,0.000234100,0.030000000,0.030000000,1034367.644907900,1034367.674673800,0,
2607,1034367.675607200,0.000383500,0.030000000,0.030000000,1034367.675990700,1034367.705607200,0,sent:HOLD
2608,1034367.707252500,0.000245700,0.030000000,0.030000000,1034367.707498200,1034367.737252500,0,
2609,1034367.738044700,0.000465600,0.030000000,0.030000000,1034367.738510300,1034367.768044700,0,sent:HOLD
2610,1034367.768918700,0.000671800,0.030000000,0.030000000,1034367.769590500,1034367.798918700,0,sent:HOLD
2611,1034367.798799000,0.000184100,0.030000000,0.030000000,1034367.798983100,1034367.828799000,0,
2612,1034367.828145000,0.000178100,0.030000000,0.030000000,1034367.828323100,1034367.858145000,0,sent:HOLD
2613,1034367.859376500,0.000199900,0.030000000,0.030000000,1034367.859576400,1034367.889376500,0,
2614,1034367.890012700,0.000231800,0.030000000,0.030000000,1034367.890244500,1034367.920012700,0,sent:HOLD
2615,1034367.921673600,0.000812600,0.030000000,0.030000000,1034367.922486200,1034367.951673600,0,
2616,1034367.953393200,0.000210800,0.030000000,0.030000000,1034367.953604000,1034367.983393200,0,sent:HOLD
2617,1034367.984304900,0.000238800,0.030000000,0.030000000,1034367.984543700,1034368.014304900,0,sent:HOLD
2618,1034367.999895700,0.000223600,0.030000000,0.030000000,1034368.000119300,1034368.029895700,0,
2619,1034368.030989700,0.000481600,0.030000000,0.030000000,1034368.031471300,1034368.060989700,0,sent:HOLD
2620,1034368.062376800,0.000284900,0.030000000,0.030000000,1034368.062661700,1034368.092376800,0,sent:HOLD
2621,1034368.093415400,0.000646200,0.030000000,0.030000000,1034368.094061600,1034368.123415400,0,
2622,1034368.125103600,0.000380500,0.030000000,0.030000000,1034368.125484100,1034368.155103600,0,sent:HOLD
2623,1034368.155091300,0.000171900,0.030000000,0.030000000,1034368.155263200,1034368.185091300,0,
2624,1034368.185642500,0.000731900,0.030000000,0.030000000,1034368.186374400,1034368.215642500,0,sent:HOLD
2625,1034368.217313200,0.000327200,0.030000000,0.030000000,1034368.217640400,1034368.247313200,0,
2626,1034368.248824300,0.000248400,0.030000000,0.030000000,1034368.249072700,1034368.278824300,0,sent:HOLD
2627,1034368.279574900,0.000173100,0.030000000,0.030000000,1034368.279748000,1034368.309574900,0,sent:HOLD
2628,1034368.312242700,0.000185800,0.030000000,0.030000000,1034368.312428500,1034368.342242700,0,sent:HOLD
2629,1034368.343622800,0.000141000,0.030000000,0.030000000,1034368.343763800,1034368.373622800,0,
2630,1034368.374513300,0.000499000,0.030000000,0.030000000,1034368.375012300,1034368.404513300,0,
2631,1034368.390175300,0.000156500,0.030000000,0.030000000,1034368.390331800,1034368.420175300,0,sent:HOLD
2632,1034368.421053500,0.000141200,0.030000000,0.030000000,1034368.421194700,1034368.451053500,0,sent:HOLD
2633,1034368.452436000,0.000192000,0.030000000,0.030000000,1034368.452628000,1034368.482436000,0,
2634,1034368.484709000,0.000163200,0.030000000,0.030000000,1034368.484872200,1034368.514709000,0,sent:HOLD
2635,1034368.514999600,0.000236200,0.030000000,0.030000000,1034368.515235800,1034368.544999600,0,
2636,1034368.545954100,0.000170000,0.030000000,0.030000000,1034368.546124100,1034368.575954100,0,sent:HOLD
2637,1034368.577475800,0.000168300,0.030000000,0.030000000,1034368.577644100,1034368.607475800,0,sent:HOLD
2638,1034368.608855000,0.000186100,0.030000000,0.030000000,1034368.609041100,1034368.638855000,0,
2639,1034368.640194500,0.000171700,0.030000000,0.030000000,1034368.640366200,1034368.670194500,0,sent:HOLD
2640,1034368.670894800,0.000204500,0.030000000,0.030000000,1034368.671099300,1034368.700894800,0,sent:HOLD
2641,1034368.701628100,0.000631700,0.030000000,0.030000000,1034368.702259800,1034368.731628100,0,
2642,1034368.733117400,0.000438100,0.030000000,0.030000000,1034368.733555500,1034368.763117400,0,sent:HOLD
2643,1034368.764422000,0.000346400,0.030000000,0.030000000,1034368.764768400,1034368.794422000,0,
2644,1034368.780032000,0.000164200,0.030000000,0.030000000,1034368.780196200,1034368.810032000,0,sent:HOLD
2645,1034368.811042200,0.000381200,0.030000000,0.030000000,1034368.811423400,1034368.841042200,0,
2646,1034368.843197600,0.000205900,0.030000000,0.030000000,1034368.843403500,1034368.873197600,0,sent:HOLD
2647,1034368.874795500,0.000287900,0.030000000,0.030000000,1034368.875083400,1034368.904795500,0,sent:HOLD
2648,1034368.905506500,0.000167900,0.030000000,0.030000000,1034368.905674400,1034368.935506500,0,
2649,1034368.936420000,0.000443800,0.030000000,0.030000000,1034368.936863800,1034368.966420000,0,sent:HOLD
2650,1034368.968248200,0.000267100,0.030000000,0.030000000,1034368.968515300,1034368.998248200,0,
2651,1034368.999403200,0.000332800,0.030000000,0.030000000,1034368.999736000,1034369.029403200,0,sent:HOLD
2652,1034369.030722400,0.000318300,0.030000000,0.030000000,1034369.031040700,1034369.060722400,0,sent:HOLD
2653,1034369.061975000,0.000221100,0.030000000,0.030000000,1034369.062196100,1034369.091975000,0,
2654,1034369.093584100,0.000211000,0.030000000,0.030000000,1034369.093795100,1034369.123584100,0,sent:HOLD
2655,1034369.124488300,0.000368400,0.030000000,0.030000000,1034369.124856700,1034369.154488300,0,sent:HOLD
2656,1034369.140354100,0.000112600,0.030000000,0.030000000,1034369.140466700,1034369.170354100,0,
2657,1034369.171643700,0.000135000,0.030000000,0.030000000,1034369.171778700,1034369.201643700,0,sent:HOLD
2658,1034369.202043700,0.000239700,0.030000000,0.030000000,1034369.202283400,1034369.232043700,0,
2659,1034369.233132200,0.000554300,0.030000000,0.030000000,1034369.233686500,1034369.263132200,0,sent:HOLD
2660,1034369.263596900,0.000258500,0.030000000,0.030000000,1034369.263855400,1034369.293596900,0,
2661,1034369.294387600,0.000439000,0.030000000,0.030000000,1034369.294826600,1034369.324387600,0,sent:HOLD
2662,1034369.325438000,0.000224100,0.030000000,0.030000000,1034369.325662100,1034369.355438000,0,sent:HOLD
2663,1034369.356467700,0.000305300,0.030000000,0.030000000,1034369.356773000,1034369.386467700,0,
2664,1034369.387145800,0.000181200,0.030000000,0.030000000,1034369.387327000,1034369.417145800,0,sent:HOLD
2665,1034369.418880600,0.000473500,0.030000000,0.030000000,1034369.419354100,1034369.448880600,0,
2666,1034369.449888400,0.000257000,0.030000000,0.030000000,1034369.450145400,1034369.479888400,0,sent:HOLD
2667,1034369.480514500,0.000456700,0.030000000,0.030000000,1034369.480971200,1034369.510514500,0,sent:HOLD
2668,1034369.512336300,0.000245900,0.030000000,0.030000000,1034369.512582200,1034369.542336300,0,sent:HOLD
2669,1034369.543231200,0.000403800,0.030000000,0.030000000,1034369.543635000,1034369.573231200,0,
2670,1034369.559547700,0.000754500,0.030000000,0.030000000,1034369.560302200,1034369.589547700,0,
2671,1034369.590174100,0.000219800,0.030000000,0.030000000,1034369.590393900,1034369.620174100,0,sent:HOLD
2672,1034369.622082700,0.000295800,0.030000000,0.030000000,1034369.622378500,1034369.652082700,0,
2673,1034369.653316000,0.000639600,0.030000000,0.030000000,1034369.653955600,1034369.683316000,0,sent:HOLD
2674,1034369.684219900,0.000508000,0.030000000,0.030000000,1034369.684727900,1034369.714219900,0,sent:HOLD
2675,1034369.715240000,0.000858400,0.030000000,0.030000000,1034369.716098400,1034369.745240000,0,
2676,1034369.745968300,0.000262600,0.030000000,0.030000000,1034369.746230900,1034369.775968300,0,sent:HOLD
2677,1034369.776768100,0.000263700,0.030000000,0.030000000,1034369.777031800,1034369.806768100,0,sent:HOLD
2678,1034369.808342200,0.000131500,0.030000000,0.030000000,1034369.808473700,1034369.838342200,0,
2679,1034369.839891100,0.000318900,0.030000000,0.030000000,1034369.840210000,1034369.869891100,0,sent:HOLD
2680,1034369.871377100,0.000619800,0.030000000,0.030000000,1034369.871996900,1034369.901377100,0,
2681,1034369.903524900,0.000318000,0.030000000,0.030000000,1034369.903842900,1034369.933524900,0,sent:HOLD
2682,1034369.919822300,0.000376200,0.030000000,0.030000000,1034369.920198500,1034369.949822300,0,
2683,1034369.951972400,0.000172400,0.030000000,0.030000000,1034369.952144800,1034369.981972400,0,sent:HOLD
2684,1034369.983325800,0.000150900,0.030000000,0.030000000,1034369.983476700,1034370.013325800,0,sent:HOLD
2685,1034370.014259700,0.000732900,0.030000000,0.030000000,1034370.014992600,1034370.044259700,0,
2686,1034370.044872900,0.000199600,0.030000000,0.030000000,1034370.045072500,1034370.074872900,0,sent:HOLD
2687,1034370.076250900,0.000349600,0.030000000,0.030000000,1034370.076600500,1034370.106250900,0,sent:HOLD
2688,1034370.107045600,0.000147200,0.030000000,0.030000000,1034370.107192800,1034370.137045600,0,
2689,1034370.138003300,0.000151500,0.030000000,0.030000000,1034370.138154800,1034370.168003300,0,sent:HOLD
2690,1034370.168940200,0.000178300,0.030000000,0.030000000,1034370.169118500,1034370.198940200,0,
2691,1034370.199823100,0.000457800,0.030000000,0.030000000,1034370.200280900,1034370.229823100,0,sent:HOLD
2692,1034370.230622600,0.000315300,0.030000000,0.030000000,1034370.230937900,1034370.260622600,0,sent:HOLD
2693,1034370.261348900,0.000417700,0.030000000,0.030000000,1034370.261766600,1034370.291348900,0,
2694,1034370.293305600,0.000468200,0.030000000,0.030000000,1034370.293773800,1034370.323305600,0,sent:HOLD
2695,1034370.323520200,0.000410700,0.030000000,0.030000000,1034370.323930900,1034370.353520200,0,sent:HOLD
2696,1034370.354844400,0.000276600,0.030000000,0.030000000,1034370.355121000,1034370.384844400,0,
2697,1034370.370673300,0.000210600,0.030000000,0.030000000,1034370.370883900,1034370.400673300,0,sent:HOLD
2698,1034370.402241500,0.000159200,0.030000000,0.030000000,1034370.402400700,1034370.432241500,0,
2699,1034370.433451100,0.000235600,0.030000000,0.030000000,1034370.433686700,1034370.463451100,0,sent:HOLD
2700,1034370.464873300,0.000370000,0.030000000,0.030000000,1034370.465243300,1034370.494873300,0,
2701,1034370.496370500,0.000534800,0.030000000,0.030000000,1034370.496905300,1034370.526370500,0,sent:HOLD
2702,1034370.527064700,0.000163200,0.030000000,0.030000000,1034370.527227900,1034370.557064700,0,sent:HOLD
2703,1034370.558003000,0.000590700,0.030000000,0.030000000,1034370.558593700,1034370.588003000,0,
2704,1034370.588902400,0.000272800,0.030000000,0.030000000,1034370.589175200,1034370.618902400,0,sent:HOLD
2705,1034370.620105700,0.000144700,0.030000000,0.030000000,1034370.620250400,1034370.650105700,0,sent:HOLD
2706,1034370.650516800,0.000464700,0.030000000,0.030000000,1034370.650981500,1034370.680516800,0,
2707,1034370.681799200,0.000187800,0.030000000,0.030000000,1034370.681987000,1034370.711799200,0,sent:HOLD
2708,1034370.712674500,0.000166800,0.030000000,0.030000000,1034370.712841300,1034370.742674500,0,
2709,1034370.744163600,0.000229300,0.030000000,0.030000000,1034370.744392900,1034370.774163600,0,sent:HOLD
2710,1034370.760374200,0.000279200,0.030000000,0.030000000,1034370.760653400,1034370.790374200,0,sent:HOLD
2711,1034370.791318500,0.000213300,0.030000000,0.030000000,1034370.791531800,1034370.821318500,0,
2712,1034370.823452200,0.000136200,0.030000000,0.030000000,1034370.823588400,1034370.853452200,0,sent:HOLD
2713,1034370.854584500,0.000351100,0.030000000,0.030000000,1034370.854935600,1034370.884584500,0,
2714,1034370.885144500,0.000468500,0.030000000,0.030000000,1034370.885613000,1034370.915144500,0,sent:HOLD
2715,1034370.917272400,0.000223100,0.030000000,0.030000000,1034370.917495500,1034370.947272400,0,sent:HOLD
2716,1034370.948801800,0.000168800,0.030000000,0.030000000,1034370.948970600,1034370.978801800,0,
2717,1034370.980438900,0.000210900,0.030000000,0.030000000,1034370.980649800,1034371.010438900,0,sent:HOLD
2718,1034371.012473000,0.000186900,0.030000000,0.030000000,1034371.012659900,1034371.042473000,0,sent:HOLD
2719,1034371.043394500,0.000431200,0.030000000,0.030000000,1034371.043825700,1034371.073394500,0,
2720,1034371.059520900,0.000283500,0.030000000,0.030000000,1034371.059804400,1034371.089520900,0,
2721,1034371.090619600,0.000157100,0.030000000,0.030000000,1034371.090776700,1034371.120619600,0,sent:HOLD
2722,1034371.121894900,0.000202500,0.030000000,0.030000000,1034371.122097400,1034371.151894900,0,
2723,1034371.153243400,0.000178100,0.030000000,0.030000000,1034371.153421500,1034371.183243400,0,sent:HOLD
2724,1034371.183915500,0.000245500,0.030000000,0.030000000,1034371.184161000,1034371.213915500,0,sent:HOLD
2725,1034371.214692400,0.000208600,0.030000000,0.030000000,1034371.214901000,1034371.244692400,0,sent:HOLD
2726,1034371.246194200,0.000115400,0.030000000,0.030000000,1034371.246309600,1034371.276194200,0,
2727,1034371.277453800,0.000182200,0.030000000,0.030000000,1034371.277636000,1034371.307453800,0,sent:HOLD
2728,1034371.308517500,0.000516200,0.030000000,0.030000000,1034371.309033700,1034371.338517500,0,
2729,1034371.340423000,0.000153000,0.030000000,0.030000000,1034371.340576000,1034371.370423000,0,sent:HOLD
2730,1034371.372143600,0.000161700,0.030000000,0.030000000,1034371.372305300,1034371.402143600,0,
2731,1034371.403600900,0.000403400,0.030000000,0.030000000,1034371.404004300,1034371.433600900,0,sent:HOLD
2732,1034371.419937900,0.000571500,0.030000000,0.030000000,1034371.420509400,1034371.449937900,0,sent:HOLD
2733,1034371.450408400,0.000191100,0.030000000,0.030000000,1034371.450599500,1034371.480408400,0,
2734,1034371.481503500,0.000742000,0.030000000,0.030000000,1034371.482245500,1034371.511503500,0,sent:HOLD
2735,1034371.512257000,0.000220100,0.030000000,0.030000000,1034371.512477100,1034371.542257000,0,
2736,1034371.544820800,0.000306400,0.030000000,0.030000000,1034371.545127200,1034371.574820800,0,sent:HOLD
2737,1034371.576242100,0.000160300,0.030000000,0.030000000,1034371.576402400,1034371.606242100,0,sent:HOLD
2738,1034371.607775300,0.000173300,0.030000000,0.030000000,1034371.607948600,1034371.637775300,0,
2739,1034371.639232100,0.000207000,0.030000000,0.030000000,1034371.639439100,1034371.669232100,0,sent:HOLD
2740,1034371.670819400,0.000642400,0.030000000,0.030000000,1034371.671461800,1034371.700819400,0,sent:HOLD
2741,1034371.701461300,0.000140400,0.030000000,0.030000000,1034371.701601700,1034371.731461300,0,
2742,1034371.733355800,0.000282400,0.030000000,0.030000000,1034371.733638200,1034371.763355800,0,sent:HOLD
2743,1034371.764635400,0.000372000,0.030000000,0.030000000,1034371.765007400,1034371.794635400,0,
2744,1034371.780290000,0.000151500,0.030000000,0.030000000,1034371.780441500,1034371.810290000,0,sent:HOLD
2745,1034371.811651900,0.000426900,0.030000000,0.030000000,1034371.812078800,1034371.841651900,0,sent:HOLD
2746,1034371.842723800,0.000135500,0.030000000,0.030000000,1034371.842859300,1034371.872723800,0,
2747,1034371.873528900,0.000196400,0.030000000,0.030000000,1034371.873725300,1034371.903528900,0,sent:HOLD
2748,1034371.904675400,0.000165500,0.030000000,0.030000000,1034371.904840900,1034371.934675400,0,
2749,1034371.935661900,0.000179800,0.030000000,0.030000000,1034371.935841700,1034371.965661900,0,sent:HOLD
2750,1034371.966545600,0.000467200,0.030000000,0.030000000,1034371.967012800,1034371.996545600,0,sent:HOLD
2751,1034371.998053700,0.000132200,0.030000000,0.030000000,1034371.998185900,1034372.028053700,0,
2752,1034372.028824900,0.000181700,0.030000000,0.030000000,1034372.029006600,1034372.058824900,0,sent:HOLD
2753,1034372.059776500,0.000168800,0.030000000,0.030000000,1034372.059945300,1034372.089776500,0,
2754,1034372.090599700,0.000196600,0.030000000,0.030000000,1034372.090796300,1034372.120599700,0,sent:HOLD
2755,1034372.122362500,0.000482200,0.030000000,0.030000000,1034372.122844700,1034372.152362500,0,sent:HOLD
2756,1034372.153055100,0.000794300,0.030000000,0.030000000,1034372.153849400,1034372.183055100,0,
2757,1034372.184199400,0.000151900,0.030000000,0.030000000,1034372.184351300,1034372.214199400,0,sent:HOLD
2758,1034372.200180800,0.000128900,0.030000000,0.030000000,1034372.200309700,1034372.230180800,0,
2759,1034372.231181500,0.000291600,0.030000000,0.030000000,1034372.231473100,1034372.261181500,0,sent:HOLD
2760,1034372.263133400,0.000163400,0.030000000,0.030000000,1034372.263296800,1034372.293133400,0,
2761,1034372.294935200,0.000179300,0.030000000,0.030000000,1034372.295114500,1034372.324935200,0,sent:HOLD
2762,1034372.324745600,0.000239300,0.030000000,0.030000000,1034372.324984900,1034372.354745600,0,sent:HOLD
2763,1034372.355930500,0.000211300,0.030000000,0.030000000,1034372.356141800,1034372.385930500,0,
2764,1034372.386935300,0.000213000,0.030000000,0.030000000,1034372.387148300,1034372.416935300,0,sent:HOLD
2765,1034372.418119900,0.000707500,0.030000000,0.030000000,1034372.418827400,1034372.448119900,0,
2766,1034372.449898600,0.000614900,0.030000000,0.030000000,1034372.450513500,1034372.479898600,0,sent:HOLD
2767,1034372.481007600,0.000180700,0.030000000,0.030000000,1034372.481188300,1034372.511007600,0,sent:HOLD
2768,1034372.512134200,0.000362000,0.030000000,0.030000000,1034372.512496200,1034372.542134200,0,
2769,1034372.543516700,0.000149800,0.030000000,0.030000000,1034372.543666500,1034372.573516700,0,sent:HOLD
2770,1034372.574735400,0.000297300,0.030000000,0.030000000,1034372.575032700,1034372.604735400,0,sent:HOLD
2771,1034372.590542200,0.000151400,0.030000000,0.030000000,1034372.590693600,1034372.620542200,0,
2772,1034372.621662500,0.000125300,0.030000000,0.030000000,1034372.621787800,1034372.651662500,0,sent:HOLD
2773,1034372.653166800,0.000118900,0.030000000,0.030000000,1034372.653285700,1034372.683166800,0,
2774,1034372.684437400,0.000503900,0.030000000,0.030000000,1034372.684941300,1034372.714437400,0,sent:HOLD
2775,1034372.716552700,0.000312900,0.030000000,0.030000000,1034372.716865600,1034372.746552700,0,
2776,1034372.748438200,0.000325000,0.030000000,0.030000000,1034372.748763200,1034372.778438200,0,sent:HOLD
2777,1034372.779851500,0.000136400,0.030000000,0.030000000,1034372.779987900,1034372.809851500,0,sent:HOLD
2778,1034372.811076100,0.000274400,0.030000000,0.030000000,1034372.811350500,1034372.841076100,0,
2779,1034372.843205900,0.000259100,0.030000000,0.030000000,1034372.843465000,1034372.873205900,0,sent:HOLD
2780,1034372.873817800,0.000149300,0.030000000,0.030000000,1034372.873967100,1034372.903817800,0,sent:HOLD
2781,1034372.904657800,0.000177600,0.030000000,0.030000000,1034372.904835400,1034372.934657800,0,
2782,1034372.920845100,0.000388500,0.030000000,0.030000000,1034372.921233600,1034372.950845100,0,sent:HOLD
2783,1034372.953312500,0.000483600,0.030000000,0.030000000,1034372.953796100,1034372.983312500,0,
2784,1034372.984841200,0.000550400,0.030000000,0.030000000,1034372.985391600,1034373.014841200,0,sent:HOLD
2785,1034373.017113300,0.000215700,0.030000000,0.030000000,1034373.017329000,1034373.047113300,0,
2786,1034373.048925700,0.000190000,0.030000000,0.030000000,1034373.049115700,1034373.078925700,0,sent:HOLD
2787,1034373.079919100,0.000472700,0.030000000,0.030000000,1034373.080391800,1034373.109919100,0,sent:HOLD
2788,1034373.111593200,0.000791100,0.030000000,0.030000000,1034373.112384300,1034373.141593200,0,
2789,1034373.143245500,0.000216300,0.030000000,0.030000000,1034373.143461800,1034373.173245500,0,sent:HOLD
2790,1034373.159930200,0.000273500,0.030000000,0.030000000,1034373.160203700,1034373.189930200,0,
2791,1034373.190429200,0.000204400,0.030000000,0.030000000,1034373.190633600,1034373.220429200,0,sent:HOLD
2792,1034373.222411200,0.000401400,0.030000000,0.030000000,1034373.222812600,1034373.252411200,0,
2793,1034373.252427800,0.000672600,0.030000000,0.030000000,1034373.253100400,1034373.282427800,0,sent:HOLD
2794,1034373.283337700,0.000199600,0.030000000,0.030000000,1034373.283537300,1034373.313337700,0,sent:HOLD
2795,1034373.314489300,0.000371400,0.030000000,0.030000000,1034373.314860700,1034373.344489300,0,
2796,1034373.345042100,0.000326000,0.030000000,0.030000000,1034373.345368100,1034373.375042100,0,sent:HOLD
2797,1034373.376153800,0.000219600,0.030000000,0.030000000,1034373.376373400,1034373.406153800,0,sent:HOLD
2798,1034373.406635000,0.000140400,0.030000000,0.030000000,1034373.406775400,1034373.436635000,0,
2799,1034373.437283900,0.000195400,0.030000000,0.030000000,1034373.437479300,1034373.467283900,0,sent:HOLD
2800,1034373.467637700,0.000662800,0.030000000,0.030000000,1034373.468300500,1034373.497637700,0,
2801,1034373.498558100,0.000340200,0.030000000,0.030000000,1034373.498898300,1034373.528558100,0,sent:HOLD
2802,1034373.529737800,0.000271900,0.030000000,0.030000000,1034373.530009700,1034373.559737800,0,sent:HOLD
2803,1034373.561007100,0.000237500,0.030000000,0.030000000,1034373.561244600,1034373.591007100,0,
2804,1034373.591951600,0.000369900,0.030000000,0.030000000,1034373.592321500,1034373.621951600,0,sent:HOLD
2805,1034373.623430100,0.000727000,0.030000000,0.030000000,1034373.624157100,1034373.653430100,0,
2806,1034373.654625600,0.000282800,0.030000000,0.030000000,1034373.654908400,1034373.684625600,0,sent:HOLD
2807,1034373.670721800,0.000281700,0.030000000,0.030000000,1034373.671003500,1034373.700721800,0,sent:HOLD
2808,1034373.701788200,0.000169900,0.030000000,0.030000000,1034373.701958100,1034373.731788200,0,
2809,1034373.733140800,0.000184800,0.030000000,0.030000000,1034373.733325600,1034373.763140800,0,sent:HOLD
2810,1034373.764647300,0.000141700,0.030000000,0.030000000,1034373.764789000,1034373.794647300,0,sent:HOLD
2811,1034373.796159200,0.000231300,0.030000000,0.030000000,1034373.796390500,1034373.826159200,0,
2812,1034373.827023700,0.000570900,0.030000000,0.030000000,1034373.827594600,1034373.857023700,0,sent:HOLD
2813,1034373.858341600,0.000154300,0.030000000,0.030000000,1034373.858495900,1034373.888341600,0,
2814,1034373.889338900,0.000333400,0.030000000,0.030000000,1034373.889672300,1034373.919338900,0,sent:HOLD
2815,1034373.921735100,0.000141900,0.030000000,0.030000000,1034373.921877000,1034373.951735100,0,sent:HOLD
2816,1034373.953113300,0.000281400,0.030000000,0.030000000,1034373.953394700,1034373.983113300,0,
2817,1034373.984023600,0.000154700,0.030000000,0.030000000,1034373.984178300,1034374.014023600,0,sent:HOLD
2818,1034374.000459800,0.000335000,0.030000000,0.030000000,1034374.000794800,1034374.030459800,0,
2819,1034374.031724300,0.000242400,0.030000000,0.030000000,1034374.031966700,1034374.061724300,0,sent:HOLD
2820,1034374.062326500,0.000191200,0.030000000,0.030000000,1034374.062517700,1034374.092326500,0,
2821,1034374.094091000,0.000424500,0.030000000,0.030000000,1034374.094515500,1034374.124091000,0,sent:HOLD
2822,1034374.125036200,0.000307100,0.030000000,0.030000000,1034374.125343300,1034374.155036200,0,sent:HOLD
2823,1034374.156206000,0.000172100,0.030000000,0.030000000,1034374.156378100,1034374.186206000,0,
2824,1034374.186664700,0.000220500,0.030000000,0.030000000,1034374.186885200,1034374.216664700,0,sent:HOLD
2825,1034374.217829100,0.000175900,0.030000000,0.030000000,1034374.218005000,1034374.247829100,0,sent:HOLD
2826,1034374.249891000,0.000138500,0.030000000,0.030000000,1034374.250029500,1034374.279891000,0,
2827,1034374.281023500,0.000223600,0.030000000,0.030000000,1034374.281247100,1034374.311023500,0,sent:HOLD
2828,1034374.311832800,0.000152800,0.030000000,0.030000000,1034374.311985600,1034374.341832800,0,sent:HOLD
2829,1034374.343702300,0.000151200,0.030000000,0.030000000,1034374.343853500,1034374.373702300,0,
2830,1034374.374339900,0.000269500,0.030000000,0.030000000,1034374.374609400,1034374.404339900,0,sent:HOLD
2831,1034374.390140600,0.000385400,0.030000000,0.030000000,1034374.390526000,1034374.420140600,0,
2832,1034374.420651200,0.000284200,0.030000000,0.030000000,1034374.420935400,1034374.450651200,0,
2833,1034374.451909200,0.000394000,0.030000000,0.030000000,1034374.452303200,1034374.481909200,0,sent:HOLD
2834,1034374.483874800,0.000165600,0.030000000,0.030000000,1034374.484040400,1034374.513874800,0,sent:HOLD
2835,1034374.515046900,0.000191600,0.030000000,0.030000000,1034374.515238500,1034374.545046900,0,sent:HOLD
2836,1034374.546462300,0.000149800,0.030000000,0.030000000,1034374.546612100,1034374.576462300,0,
2837,1034374.577548100,0.000173200,0.030000000,0.030000000,1034374.577721300,1034374.607548100,0,sent:HOLD
2838,1034374.608919800,0.000202400,0.030000000,0.030000000,1034374.609122200,1034374.638919800,0,
2839,1034374.639989600,0.000528600,0.030000000,0.030000000,1034374.640518200,1034374.669989600,0,sent:HOLD
2840,1034374.672004300,0.000151700,0.030000000,0.030000000,1034374.672156000,1034374.702004300,0,sent:HOLD
2841,1034374.702074700,0.000178400,0.030000000,0.030000000,1034374.702253100,1034374.732074700,0,
2842,1034374.733010300,0.000238600,0.030000000,0.030000000,1034374.733248900,1034374.763010300,0,sent:HOLD
2843,1034374.764838700,0.000554900,0.030000000,0.030000000,1034374.765393600,1034374.794838700,0,
2844,1034374.780596200,0.000496400,0.030000000,0.030000000,1034374.781092600,1034374.810596200,0,sent:HOLD
2845,1034374.812746300,0.000150200,0.030000000,0.030000000,1034374.812896500,1034374.842746300,0,sent:HOLD
2846,1034374.844761000,0.000397900,0.030000000,0.030000000,1034374.845158900,1034374.874761000,0,
2847,1034374.876272700,0.000256400,0.030000000,0.030000000,1034374.876529100,1034374.906272700,0,sent:HOLD
2848,1034374.907289200,0.000400700,0.030000000,0.030000000,1034374.907689900,1034374.937289200,0,
2849,1034374.939099700,0.000153000,0.030000000,0.030000000,1034374.939252700,1034374.969099700,0,sent:HOLD
2850,1034374.970544000,0.000145000,0.030000000,0.030000000,1034374.970689000,1034375.000544000,0,sent:HOLD
2851,1034375.002187200,0.000141700,0.030000000,0.030000000,1034375.002328900,1034375.032187200,0,
2852,1034375.033279600,0.000321800,0.030000000,0.030000000,1034375.033601400,1034375.063279600,0,sent:HOLD
2853,1034375.064337100,0.000364500,0.030000000,0.030000000,1034375.064701600,1034375.094337100,0,
2854,1034375.079858500,0.000177600,0.030000000,0.030000000,1034375.080036100,1034375.109858500,0,sent:HOLD
2855,1034375.111736400,0.000123400,0.030000000,0.030000000,1034375.111859800,1034375.141736400,0,sent:HOLD
2856,1034375.143187300,0.000291900,0.030000000,0.030000000,1034375.143479200,1034375.173187300,0,
2857,1034375.174658200,0.000409400,0.030000000,0.030000000,1034375.175067600,1034375.204658200,0,sent:HOLD
2858,1034375.205594100,0.000130800,0.030000000,0.030000000,1034375.205724900,1034375.235594100,0,
2859,1034375.237774600,0.000482400,0.030000000,0.030000000,1034375.238257000,1034375.267774600,0,sent:HOLD
2860,1034375.268633800,0.000165100,0.030000000,0.030000000,1034375.268798900,1034375.298633800,0,
2861,1034375.300863400,0.000526900,0.030000000,0.030000000,1034375.301390300,1034375.330863400,0,sent:HOLD
2862,1034375.332551300,0.000229900,0.030000000,0.030000000,1034375.332781200,1034375.362551300,0,sent:HOLD
2863,1034375.364236000,0.000241400,0.030000000,0.030000000,1034375.364477400,1034375.394236000,0,sent:HOLD
2864,1034375.379664600,0.000154800,0.030000000,0.030000000,1034375.379819400,1034375.409664600,0,
2865,1034375.411234400,0.000366600,0.030000000,0.030000000,1034375.411601000,1034375.441234400,0,
2866,1034375.442315600,0.000214000,0.030000000,0.030000000,1034375.442529600,1034375.472315600,0,sent:HOLD
2867,1034375.473775800,0.000223900,0.030000000,0.030000000,1034375.473999700,1034375.503775800,0,sent:HOLD
2868,1034375.505150600,0.000219300,0.030000000,0.030000000,1034375.505369900,1034375.535150600,0,
2869,1034375.537088100,0.000651800,0.030000000,0.030000000,1034375.537739900,1034375.567088100,0,sent:HOLD
2870,1034375.569402600,0.000173800,0.030000000,0.030000000,1034375.569576400,1034375.599402600,0,sent:HOLD
2871,1034375.600572600,0.000133800,0.030000000,0.030000000,1034375.600706400,1034375.630572600,0,
2872,1034375.631343400,0.000313400,0.030000000,0.030000000,1034375.631656800,1034375.661343400,0,sent:HOLD
2873,1034375.662348400,0.000589800,0.030000000,0.030000000,1034375.662938200,1034375.692348400,0,
2874,1034375.694266900,0.000458300,0.030000000,0.030000000,1034375.694725200,1034375.724266900,0,sent:HOLD
2875,1034375.709412500,0.000296700,0.030000000,0.030000000,1034375.709709200,1034375.739412500,0,
2876,1034375.740489500,0.000248800,0.030000000,0.030000000,1034375.740738300,1034375.770489500,0,sent:HOLD
2877,1034375.771789000,0.000369500,0.030000000,0.030000000,1034375.772158500,1034375.801789000,0,
2878,1034375.803328800,0.000504300,0.030000000,0.030000000,1034375.803833100,1034375.833328800,0,sent:HOLD
2879,1034375.834616700,0.000305400,0.030000000,0.030000000,1034375.834922100,1034375.864616700,0,sent:HOLD
2880,1034375.865399700,0.000199000,0.030000000,0.030000000,1034375.865598700,1034375.895399700,0,
2881,1034375.897431100,0.000252100,0.030000000,0.030000000,1034375.897683200,1034375.927431100,0,sent:HOLD
2882,1034375.928616100,0.000203300,0.030000000,0.030000000,1034375.928819400,1034375.958616100,0,sent:HOLD
2883,1034375.960103300,0.000145300,0.030000000,0.030000000,1034375.960248600,1034375.990103300,0,sent:HOLD
2884,1034375.990764200,0.000392300,0.030000000,0.030000000,1034375.991156500,1034376.020764200,0,
2885,1034376.021837900,0.000173000,0.030000000,0.030000000,1034376.022010900,1034376.051837900,0,sent:HOLD
2886,1034376.053251500,0.000234700,0.030000000,0.030000000,1034376.053486200,1034376.083251500,0,
2887,1034376.084108400,0.000142100,0.030000000,0.030000000,1034376.084250500,1034376.114108400,0,sent:HOLD
2888,1034376.100234700,0.000147900,0.030000000,0.030000000,1034376.100382600,1034376.130234700,0,
2889,1034376.131254000,0.000163000,0.030000000,0.030000000,1034376.131417000,1034376.161254000,0,sent:HOLD
2890,1034376.163828100,0.000116200,0.030000000,0.030000000,1034376.163944300,1034376.193828100,0,sent:HOLD
2891,1034376.195868200,0.000144500,0.030000000,0.030000000,1034376.196012700,1034376.225868200,0,
2892,1034376.227488000,0.000209000,0.030000000,0.030000000,1034376.227697000,1034376.257488000,0,sent:HOLD
2893,1034376.258729600,0.000294800,0.030000000,0.030000000,1034376.259024400,1034376.288729600,0,
2894,1034376.289781900,0.000279300,0.030000000,0.030000000,1034376.290061200,1034376.319781900,0,sent:HOLD
2895,1034376.320735500,0.000155700,0.030000000,0.030000000,1034376.320891200,1034376.350735500,0,sent:HOLD
2896,1034376.351738500,0.000281100,0.030000000,0.030000000,1034376.352019600,1034376.381738500,0,
2897,1034376.383003000,0.000335000,0.030000000,0.030000000,1034376.383338000,1034376.413003000,0,sent:HOLD
2898,1034376.413468800,0.000368800,0.030000000,0.030000000,1034376.413837600,1034376.443468800,0,
2899,1034376.444664600,0.000343900,0.030000000,0.030000000,1034376.445008500,1034376.474664600,0,sent:HOLD
2900,1034376.460828400,0.001778100,0.030000000,0.030000000,1034376.462606500,1034376.490828400,0,
2901,1034376.491768700,0.000943700,0.030000000,0.030000000,1034376.492712400,1034376.521768700,0,sent:HOLD
2902,1034376.523722600,0.000175100,0.030000000,0.030000000,1034376.523897700,1034376.553722600,0,sent:HOLD
2903,1034376.554812200,0.000170200,0.030000000,0.030000000,1034376.554982400,1034376.584812200,0,
2904,1034376.585903400,0.000168200,0.030000000,0.030000000,1034376.586071600,1034376.615903400,0,sent:HOLD
2905,1034376.616428300,0.000176100,0.030000000,0.030000000,1034376.616604400,1034376.646428300,0,
2906,1034376.646844300,0.000539200,0.030000000,0.030000000,1034376.647383500,1034376.676844300,0,sent:HOLD
2907,1034376.677679800,0.000192900,0.030000000,0.030000000,1034376.677872700,1034376.707679800,0,sent:HOLD
2908,1034376.708986100,0.000164100,0.030000000,0.030000000,1034376.709150200,1034376.738986100,0,
2909,1034376.740081500,0.000232900,0.030000000,0.030000000,1034376.740314400,1034376.770081500,0,sent:HOLD
2910,1034376.771369000,0.000723900,0.030000000,0.030000000,1034376.772092900,1034376.801369000,0,
2911,1034376.802628800,0.000128100,0.030000000,0.030000000,1034376.802756900,1034376.832628800,0,sent:HOLD
2912,1034376.834827400,0.000179900,0.030000000,0.030000000,1034376.835007300,1034376.864827400,0,sent:HOLD
2913,1034376.850813700,0.000582600,0.030000000,0.030000000,1034376.851396300,1034376.880813700,0,
2914,1034376.881865100,0.000171500,0.030000000,0.030000000,1034376.882036600,1034376.911865100,0,sent:HOLD
2915,1034376.913347800,0.000241700,0.030000000,0.030000000,1034376.913589500,1034376.943347800,0,
2916,1034376.944150400,0.000335300,0.030000000,0.030000000,1034376.944485700,1034376.974150400,0,sent:HOLD
2917,1034376.975548000,0.000752600,0.030000000,0.030000000,1034376.976300600,1034377.005548000,0,sent:HOLD
2918,1034377.006715700,0.000198400,0.030000000,0.030000000,1034377.006914100,1034377.036715700,0,
2919,1034377.038944000,0.000253100,0.030000000,0.030000000,1034377.039197100,1034377.068944000,0,sent:HOLD
2920,1034377.070204500,0.000396300,0.030000000,0.030000000,1034377.070600800,1034377.100204500,0,
2921,1034377.101423600,0.000165400,0.030000000,0.030000000,1034377.101589000,1034377.131423600,0,sent:HOLD
2922,1034377.133385900,0.000239200,0.030000000,0.030000000,1034377.133625100,1034377.163385900,0,sent:HOLD
2923,1034377.164893500,0.000206500,0.030000000,0.030000000,1034377.165100000,1034377.194893500,0,sent:HOLD
2924,1034377.180150100,0.000265100,0.030000000,0.030000000,1034377.180415200,1034377.210150100,0,
2925,1034377.210758700,0.000440500,0.030000000,0.030000000,1034377.211199200,1034377.240758700,0,
2926,1034377.242197400,0.000295500,0.030000000,0.030000000,1034377.242492900,1034377.272197400,0,sent:HOLD
2927,1034377.272637700,0.000233900,0.030000000,0.030000000,1034377.272871600,1034377.302637700,0,sent:HOLD
2928,1034377.303687700,0.000201200,0.030000000,0.030000000,1034377.303888900,1034377.333687700,0,
2929,1034377.334523400,0.000681100,0.030000000,0.030000000,1034377.335204500,1034377.364523400,0,sent:HOLD
2930,1034377.366006400,0.000208100,0.030000000,0.030000000,1034377.366214500,1034377.396006400,0,sent:HOLD
2931,1034377.396739300,0.000305400,0.030000000,0.030000000,1034377.397044700,1034377.426739300,0,
2932,1034377.427570500,0.000205900,0.030000000,0.030000000,1034377.427776400,1034377.457570500,0,sent:HOLD
2933,1034377.458570200,0.000251100,0.030000000,0.030000000,1034377.458821300,1034377.488570200,0,
2934,1034377.489279200,0.000658300,0.030000000,0.030000000,1034377.489937500,1034377.519279200,0,sent:HOLD
2935,1034377.520067600,0.000670000,0.030000000,0.030000000,1034377.520737600,1034377.550067600,0,
2936,1034377.552225800,0.000223600,0.030000000,0.030000000,1034377.552449400,1034377.582225800,0,sent:HOLD
2937,1034377.583786600,0.000402600,0.030000000,0.030000000,1034377.584189200,1034377.613786600,0,sent:HOLD
2938,1034377.614392800,0.000659200,0.030000000,0.030000000,1034377.615052000,1034377.644392800,0,
2939,1034377.630100400,0.000694300,0.030000000,0.030000000,1034377.630794700,1034377.660100400,0,sent:HOLD
2940,1034377.660777800,0.000557200,0.030000000,0.030000000,1034377.661335000,1034377.690777800,0,
2941,1034377.691386700,0.000471400,0.030000000,0.030000000,1034377.691858100,1034377.721386700,0,sent:HOLD
2942,1034377.723636800,0.000241600,0.030000000,0.030000000,1034377.723878400,1034377.753636800,0,sent:HOLD
2943,1034377.754476600,0.000229300,0.030000000,0.030000000,1034377.754705900,1034377.784476600,0,
2944,1034377.786008000,0.000236800,0.030000000,0.030000000,1034377.786244800,1034377.816008000,0,sent:HOLD
2945,1034377.817666400,0.000218000,0.030000000,0.030000000,1034377.817884400,1034377.847666400,0,
2946,1034377.848713900,0.000395900,0.030000000,0.030000000,1034377.849109800,1034377.878713900,0,sent:HOLD
2947,1034377.881275000,0.000255600,0.030000000,0.030000000,1034377.881530600,1034377.911275000,0,sent:HOLD
2948,1034377.912361200,0.000339200,0.030000000,0.030000000,1034377.912700400,1034377.942361200,0,
2949,1034377.943905200,0.000557600,0.030000000,0.030000000,1034377.944462800,1034377.973905200,0,sent:HOLD
2950,1034377.974622600,0.000275400,0.030000000,0.030000000,1034377.974898000,1034378.004622600,0,sent:HOLD
2951,1034377.990528400,0.000265100,0.030000000,0.030000000,1034377.990793500,1034378.020528400,0,
2952,1034378.021810900,0.000177300,0.030000000,0.030000000,1034378.021988200,1034378.051810900,0,sent:HOLD
2953,1034378.053563500,0.000259300,0.030000000,0.030000000,1034378.053822800,1034378.083563500,0,
2954,1034378.084968800,0.000275500,0.030000000,0.030000000,1034378.085244300,1034378.114968800,0,sent:HOLD
2955,1034378.116501200,0.000215300,0.030000000,0.030000000,1034378.116716500,1034378.146501200,0,sent:HOLD
2956,1034378.147195700,0.000190700,0.030000000,0.030000000,1034378.147386400,1034378.177195700,0,
2957,1034378.177131200,0.000235500,0.030000000,0.030000000,1034378.177366700,1034378.207131200,0,sent:HOLD
2958,1034378.207668800,0.000210300,0.030000000,0.030000000,1034378.207879100,1034378.237668800,0,
2959,1034378.239137600,0.000191300,0.030000000,0.030000000,1034378.239328900,1034378.269137600,0,sent:HOLD
2960,1034378.270012300,0.000171400,0.030000000,0.030000000,1034378.270183700,1034378.300012300,0,sent:HOLD
2961,1034378.301973400,0.000171000,0.030000000,0.030000000,1034378.302144400,1034378.331973400,0,
2962,1034378.333192600,0.000236200,0.030000000,0.030000000,1034378.333428800,1034378.363192600,0,sent:HOLD
2963,1034378.364516700,0.000308800,0.030000000,0.030000000,1034378.364825500,1034378.394516700,0,
2964,1034378.380233400,0.000196500,0.030000000,0.030000000,1034378.380429900,1034378.410233400,0,sent:HOLD
2965,1034378.410846200,0.000453300,0.030000000,0.030000000,1034378.411299500,1034378.440846200,0,
2966,1034378.442412700,0.000183100,0.030000000,0.030000000,1034378.442595800,1034378.472412700,0,sent:HOLD
2967,1034378.473590400,0.000218500,0.030000000,0.030000000,1034378.473808900,1034378.503590400,0,
2968,1034378.504720300,0.000180100,0.030000000,0.030000000,1034378.504900400,1034378.534720300,0,sent:HOLD
2969,1034378.536464600,0.000174600,0.030000000,0.030000000,1034378.536639200,1034378.566464600,0,sent:HOLD
2970,1034378.567577000,0.000252000,0.030000000,0.030000000,1034378.567829000,1034378.597577000,0,
2971,1034378.600138200,0.000169700,0.030000000,0.030000000,1034378.600307900,1034378.630138200,0,sent:DEGRADE
2972,1034378.631056200,0.000260400,0.030000000,0.030000000,1034378.631316600,1034378.661056200,0,sent:DEGRADE
2973,1034378.662191400,0.000145200,0.030000000,0.030000000,1034378.662336600,1034378.692191400,0,sent:DEGRADE
2974,1034378.693393800,0.000245800,0.030000000,0.030000000,1034378.693639600,1034378.723393800,0,sent:DEGRADE
2975,1034378.724532400,0.000224100,0.030000000,0.030000000,1034378.724756500,1034378.754532400,0,sent:HOLD
2976,1034378.740556400,0.000150600,0.030000000,0.030000000,1034378.740707000,1034378.770556400,0,sent:DEGRADE
2977,1034378.771873200,0.000193400,0.030000000,0.030000000,1034378.772066600,1034378.801873200,0,sent:DEGRADE
2978,1034378.803333700,0.000125200,0.030000000,0.030000000,1034378.803458900,1034378.833333700,0,sent:DEGRADE
2979,1034378.834179000,0.000208900,0.030000000,0.030000000,1034378.834387900,1034378.864179000,0,sent:HOLD
2980,1034378.865140300,0.000106300,0.030000000,0.030000000,1034378.865246600,1034378.895140300,0,sent:HOLD
2981,1034378.896536200,0.000198000,0.030000000,0.030000000,1034378.896734200,1034378.926536200,0,sent:DEGRADE
2982,1034378.927274700,0.000163600,0.030000000,0.030000000,1034378.927438300,1034378.957274700,0,sent:DEGRADE
2983,1034378.958495300,0.000902600,0.030000000,0.030000000,1034378.959397900,1034378.988495300,0,
2984,1034378.989163400,0.000465400,0.030000000,0.030000000,1034378.989628800,1034379.019163400,0,sent:HOLD
2985,1034379.021481900,0.000303100,0.030000000,0.030000000,1034379.021785000,1034379.051481900,0,sent:HOLD
2986,1034379.053298000,0.000133200,0.030000000,0.030000000,1034379.053431200,1034379.083298000,0,
2987,1034379.084053500,0.000310400,0.030000000,0.030000000,1034379.084363900,1034379.114053500,0,sent:HOLD
2988,1034379.099896200,0.000405500,0.030000000,0.030000000,1034379.100301700,1034379.129896200,0,
2989,1034379.130545700,0.000396100,0.030000000,0.030000000,1034379.130941800,1034379.160545700,0,sent:HOLD
2990,1034379.161517700,0.000300900,0.030000000,0.030000000,1034379.161818600,1034379.191517700,0,
2991,1034379.192500000,0.000230800,0.030000000,0.030000000,1034379.192730800,1034379.222500000,0,sent:HOLD
2992,1034379.223893600,0.000510700,0.030000000,0.030000000,1034379.224404300,1034379.253893600,0,sent:HOLD
2993,1034379.254383400,0.000187100,0.030000000,0.030000000,1034379.254570500,1034379.284383400,0,
2994,1034379.286360300,0.000519900,0.030000000,0.030000000,1034379.286880200,1034379.316360300,0,sent:HOLD
2995,1034379.317730100,0.000168600,0.030000000,0.030000000,1034379.317898700,1034379.347730100,0,sent:HOLD
2996,1034379.349555800,0.000541900,0.030000000,0.030000000,1034379.350097700,1034379.379555800,0,
2997,1034379.381111100,0.000207300,0.030000000,0.030000000,1034379.381318400,1034379.411111100,0,sent:HOLD
2998,1034379.411407100,0.000914400,0.030000000,0.030000000,1034379.412321500,1034379.441407100,0,
2999,1034379.442478500,0.000653600,0.030000000,0.030000000,1034379.443132100,1034379.472478500,0,sent:HOLD
3000,1034379.473161300,0.000583000,0.030000000,0.030000000,1034379.473744300,1034379.503161300,0,
3001,1034379.504060100,0.000355300,0.030000000,0.030000000,1034379.504415400,1034379.534060100,0,sent:HOLD
3002,1034379.534258500,0.000866100,0.030000000,0.030000000,1034379.535124600,1034379.564258500,0,sent:HOLD
3003,1034379.565453600,0.000567700,0.030000000,0.030000000,1034379.566021300,1034379.595453600,0,
3004,1034379.581409600,0.000288400,0.030000000,0.030000000,1034379.581698000,1034379.611409600,0,sent:HOLD
3005,1034379.612407900,0.000555200,0.030000000,0.030000000,1034379.612963100,1034379.642407900,0,sent:HOLD
3006,1034379.642918800,0.000357800,0.030000000,0.030000000,1034379.643276600,1034379.672918800,0,
3007,1034379.673864300,0.000312900,0.030000000,0.030000000,1034379.674177200,1034379.703864300,0,sent:HOLD
3008,1034379.704614400,0.000164900,0.030000000,0.030000000,1034379.704779300,1034379.734614400,0,
3009,1034379.735585700,0.000573400,0.030000000,0.030000000,1034379.736159100,1034379.765585700,0,sent:HOLD
3010,1034379.767583200,0.000433100,0.030000000,0.030000000,1034379.768016300,1034379.797583200,0,
3011,1034379.798721400,0.000387800,0.030000000,0.030000000,1034379.799109200,1034379.828721400,0,sent:HOLD
3012,1034379.830043500,0.000213100,0.030000000,0.030000000,1034379.830256600,1034379.860043500,0,sent:HOLD
3013,1034379.863128100,0.000536400,0.030000000,0.030000000,1034379.863664500,1034379.893128100,0,sent:HOLD
3014,1034379.894223600,0.000473000,0.030000000,0.030000000,1034379.894696600,1034379.924223600,0,
3015,1034379.910135400,0.000761800,0.030000000,0.030000000,1034379.910897200,1034379.940135400,0,
3016,1034379.941486900,0.000322900,0.030000000,0.030000000,1034379.941809800,1034379.971486900,0,sent:HOLD
3017,1034379.973401100,0.000132900,0.030000000,0.030000000,1034379.973534000,1034380.003401100,0,sent:HOLD
3018,1034380.004024200,0.000172400,0.030000000,0.030000000,1034380.004196600,1034380.034024200,0,
3019,1034380.035556300,0.000295800,0.030000000,0.030000000,1034380.035852100,1034380.065556300,0,sent:HOLD
3020,1034380.065360100,0.000319900,0.030000000,0.030000000,1034380.065680000,1034380.095360100,0,
3021,1034380.097152000,0.000795200,0.030000000,0.030000000,1034380.097947200,1034380.127152000,0,sent:HOLD
3022,1034380.128667400,0.000246900,0.030000000,0.030000000,1034380.128914300,1034380.158667400,0,sent:HOLD
3023,1034380.160840200,0.000580100,0.030000000,0.030000000,1034380.161420300,1034380.190840200,0,
3024,1034380.191431000,0.000204300,0.030000000,0.030000000,1034380.191635300,1034380.221431000,0,sent:HOLD
3025,1034380.223664700,0.000219900,0.030000000,0.030000000,1034380.223884600,1034380.253664700,0,sent:HOLD
3026,1034380.254332200,0.000312400,0.030000000,0.030000000,1034380.254644600,1034380.284332200,0,
3027,1034380.270784300,0.000209100,0.030000000,0.030000000,1034380.270993400,1034380.300784300,0,sent:HOLD
3028,1034380.301064200,0.000157300,0.030000000,0.030000000,1034380.301221500,1034380.331064200,0,
3029,1034380.332525300,0.000246700,0.030000000,0.030000000,1034380.332772000,1034380.362525300,0,sent:HOLD
3030,1034380.364043500,0.000193300,0.030000000,0.030000000,1034380.364236800,1034380.394043500,0,sent:HOLD
3031,1034380.393700500,0.000276600,0.030000000,0.030000000,1034380.393977100,1034380.423700500,0,
3032,1034380.424642500,0.000240100,0.030000000,0.030000000,1034380.424882600,1034380.454642500,0,
3033,1034380.455881800,0.000329300,0.030000000,0.030000000,1034380.456211100,1034380.485881800,0,sent:HOLD
3034,1034380.487729300,0.000199400,0.030000000,0.030000000,1034380.487928700,1034380.517729300,0,sent:HOLD
3035,1034380.518772200,0.000375700,0.030000000,0.030000000,1034380.519147900,1034380.548772200,0,
3036,1034380.549903600,0.000308400,0.030000000,0.030000000,1034380.550212000,1034380.579903600,0,sent:HOLD
3037,1034380.580650200,0.000335300,0.030000000,0.030000000,1034380.580985500,1034380.610650200,0,sent:HOLD
3038,1034380.611288300,0.000507200,0.030000000,0.030000000,1034380.611795500,1034380.641288300,0,
3039,1034380.642260000,0.000908000,0.030000000,0.030000000,1034380.643168000,1034380.672260000,0,sent:HOLD
3040,1034380.673300800,0.000279600,0.030000000,0.030000000,1034380.673580400,1034380.703300800,0,
3041,1034380.703764800,0.000324900,0.030000000,0.030000000,1034380.704089700,1034380.733764800,0,sent:HOLD
3042,1034380.734508900,0.000235800,0.030000000,0.030000000,1034380.734744700,1034380.764508900,0,sent:HOLD
3043,1034380.749699800,0.000108900,0.030000000,0.030000000,1034380.749808700,1034380.779699800,0,
3044,1034380.780418200,0.000235200,0.030000000,0.030000000,1034380.780653400,1034380.810418200,0,sent:HOLD
3045,1034380.812800700,0.000217200,0.030000000,0.030000000,1034380.813017900,1034380.842800700,0,
3046,1034380.843237700,0.000139900,0.030000000,0.030000000,1034380.843377600,1034380.873237700,0,sent:HOLD
3047,1034380.874728600,0.000227300,0.030000000,0.030000000,1034380.874955900,1034380.904728600,0,sent:HOLD
3048,1034380.905531700,0.000124800,0.030000000,0.030000000,1034380.905656500,1034380.935531700,0,
3049,1034380.936866200,0.000231900,0.030000000,0.030000000,1034380.937098100,1034380.966866200,0,sent:HOLD
3050,1034380.968778500,0.000374100,0.030000000,0.030000000,1034380.969152600,1034380.998778500,0,
3051,1034380.999937500,0.000187900,0.030000000,0.030000000,1034381.000125400,1034381.029937500,0,sent:HOLD
3052,1034381.031212400,0.000213300,0.030000000,0.030000000,1034381.031425700,1034381.061212400,0,sent:HOLD
3053,1034381.062359000,0.000449700,0.030000000,0.030000000,1034381.062808700,1034381.092359000,0,
3054,1034381.093151000,0.000331000,0.030000000,0.030000000,1034381.093482000,1034381.123151000,0,sent:HOLD
3055,1034381.124356500,0.000147900,0.030000000,0.030000000,1034381.124504400,1034381.154356500,0,sent:HOLD
3056,1034381.139871900,0.000145900,0.030000000,0.030000000,1034381.140017800,1034381.169871900,0,
3057,1034381.170824300,0.000168900,0.030000000,0.030000000,1034381.170993200,1034381.200824300,0,sent:HOLD
3058,1034381.200913500,0.000142600,0.030000000,0.030000000,1034381.201056100,1034381.230913500,0,
3059,1034381.231684800,0.000544100,0.030000000,0.030000000,1034381.232228900,1034381.261684800,0,sent:HOLD
3060,1034381.263560100,0.000200900,0.030000000,0.030000000,1034381.263761000,1034381.293560100,0,
3061,1034381.295212700,0.000228800,0.030000000,0.030000000,1034381.295441500,1034381.325212700,0,sent:HOLD
3062,1034381.325914000,0.000242500,0.030000000,0.030000000,1034381.326156500,1034381.355914000,0,sent:HOLD
3063,1034381.357179700,0.000474300,0.030000000,0.030000000,1034381.357654000,1034381.387179700,0,
3064,1034381.387868700,0.000292700,0.030000000,0.030000000,1034381.388161400,1034381.417868700,0,sent:HOLD
3065,1034381.419164500,0.000329000,0.030000000,0.030000000,1034381.419493500,1034381.449164500,0,sent:HOLD
3066,1034381.450865300,0.000349800,0.030000000,0.030000000,1034381.451215100,1034381.480865300,0,
3067,1034381.481196600,0.000425000,0.030000000,0.030000000,1034381.481621600,1034381.511196600,0,sent:HOLD
3068,1034381.511816500,0.001042500,0.030000000,0.030000000,1034381.512859000,1034381.541816500,0,
3069,1034381.543040900,0.000576000,0.030000000,0.030000000,1034381.543616900,1034381.573040900,0,sent:HOLD
3070,1034381.574699700,0.000986300,0.030000000,0.030000000,1034381.575686000,1034381.604699700,0,sent:HOLD
3071,1034381.590092400,0.000613300,0.030000000,0.030000000,1034381.590705700,1034381.620092400,0,
3072,1034381.621120900,0.000871800,0.030000000,0.030000000,1034381.621992700,1034381.651120900,0,sent:HOLD
3073,1034381.651654800,0.000449900,0.030000000,0.030000000,1034381.652104700,1034381.681654800,0,
3074,1034381.682512700,0.000374400,0.030000000,0.030000000,1034381.682887100,1034381.712512700,0,sent:HOLD
3075,1034381.713514500,0.000277100,0.030000000,0.030000000,1034381.713791600,1034381.743514500,0,
3076,1034381.744811800,0.000359000,0.030000000,0.030000000,1034381.745170800,1034381.774811800,0,sent:HOLD
3077,1034381.776535300,0.000259400,0.030000000,0.030000000,1034381.776794700,1034381.806535300,0,sent:HOLD
3078,1034381.806914300,0.000482200,0.030000000,0.030000000,1034381.807396500,1034381.836914300,0,
3079,1034381.839556800,0.000475200,0.030000000,0.030000000,1034381.840032000,1034381.869556800,0,sent:HOLD
3080,1034381.868577800,0.001291200,0.030000000,0.030000000,1034381.869869000,1034381.898577800,0,
3081,1034381.899621500,0.000639600,0.030000000,0.030000000,1034381.900261100,1034381.929621500,0,sent:HOLD
3082,1034381.929556500,0.000643500,0.030000000,0.030000000,1034381.930200000,1034381.959556500,0,sent:HOLD
3083,1034381.960612800,0.001142300,0.030000000,0.030000000,1034381.961755100,1034381.990612800,0,
3084,1034381.992224500,0.000471000,0.030000000,0.030000000,1034381.992695500,1034382.022224500,0,sent:HOLD
3085,1034382.023123500,0.000479300,0.030000000,0.030000000,1034382.023602800,1034382.053123500,0,sent:HOLD
3086,1034382.053542500,0.000596300,0.030000000,0.030000000,1034382.054138800,1034382.083542500,0,
3087,1034382.085410500,0.000390500,0.030000000,0.030000000,1034382.085801000,1034382.115410500,0,sent:HOLD
3088,1034382.100285100,0.000442600,0.030000000,0.030000000,1034382.100727700,1034382.130285100,0,
3089,1034382.131015400,0.000430500,0.030000000,0.030000000,1034382.131445900,1034382.161015400,0,sent:HOLD
3090,1034382.163289100,0.000495300,0.030000000,0.030000000,1034382.163784400,1034382.193289100,0,sent:HOLD
3091,1034382.193807900,0.000434000,0.030000000,0.030000000,1034382.194241900,1034382.223807900,0,
3092,1034382.224583700,0.000482900,0.030000000,0.030000000,1034382.225066600,1034382.254583700,0,sent:HOLD
3093,1034382.255133300,0.000826800,0.030000000,0.030000000,1034382.255960100,1034382.285133300,0,
3094,1034382.286240300,0.000526900,0.030000000,0.030000000,1034382.286767200,1034382.316240300,0,sent:HOLD
3095,1034382.317674000,0.001175500,0.030000000,0.030000000,1034382.318849500,1034382.347674000,0,sent:HOLD
3096,1034382.348983100,0.001074700,0.030000000,0.030000000,1034382.350057800,1034382.378983100,0,
3097,1034382.380938500,0.001202600,0.030000000,0.030000000,1034382.382141100,1034382.410938500,0,sent:HOLD
3098,1034382.412303400,0.000948400,0.030000000,0.030000000,1034382.413251800,1034382.442303400,0,
3099,1034382.443358300,0.000939400,0.030000000,0.030000000,1034382.444297700,1034382.473358300,0,sent:HOLD
3100,1034382.475036200,0.000511000,0.030000000,0.030000000,1034382.475547200,1034382.505036200,0,sent:HOLD
3101,1034382.490375100,0.001188600,0.030000000,0.030000000,1034382.491563700,1034382.520375100,0,
3102,1034382.523357800,0.000644900,0.030000000,0.030000000,1034382.524002700,1034382.553357800,0,sent:HOLD
3103,1034382.554481300,0.000612000,0.030000000,0.030000000,1034382.555093300,1034382.584481300,0,
3104,1034382.585191200,0.000562200,0.030000000,0.030000000,1034382.585753400,1034382.615191200,0,sent:HOLD
3105,1034382.617516100,0.000432700,0.030000000,0.030000000,1034382.617948800,1034382.647516100,0,sent:HOLD
3106,1034382.648004200,0.000390600,0.030000000,0.030000000,1034382.648394800,1034382.678004200,0,
3107,1034382.678998900,0.001058000,0.030000000,0.030000000,1034382.680056900,1034382.708998900,0,sent:HOLD
3108,1034382.710586400,0.000964400,0.030000000,0.030000000,1034382.711550800,1034382.740586400,0,
3109,1034382.745285500,0.000688100,0.030000000,0.030000000,1034382.745973600,1034382.775285500,0,sent:HOLD
3110,1034382.759843600,0.000590900,0.030000000,0.030000000,1034382.760434500,1034382.789843600,0,
3111,1034382.791564400,0.000991500,0.030000000,0.030000000,1034382.792555900,1034382.821564400,0,sent:HOLD
3112,1034382.822616800,0.000495000,0.030000000,0.030000000,1034382.823111800,1034382.852616800,0,sent:HOLD
3113,1034382.853788600,0.000596200,0.030000000,0.030000000,1034382.854384800,1034382.883788600,0,
3114,1034382.885695100,0.000471400,0.030000000,0.030000000,1034382.886166500,1034382.915695100,0,sent:HOLD
3115,1034382.917354200,0.000469300,0.030000000,0.030000000,1034382.917823500,1034382.947354200,0,sent:HOLD
3116,1034382.947744300,0.000423400,0.030000000,0.030000000,1034382.948167700,1034382.977744300,0,
3117,1034382.979812900,0.000491100,0.030000000,0.030000000,1034382.980304000,1034383.009812900,0,sent:HOLD
3118,1034383.010918800,0.001086800,0.030000000,0.030000000,1034383.012005600,1034383.040918800,0,
3119,1034383.042370900,0.000527000,0.030000000,0.030000000,1034383.042897900,1034383.072370900,0,sent:HOLD
3120,1034383.073625500,0.000421200,0.030000000,0.030000000,1034383.074046700,1034383.103625500,0,sent:HOLD
3121,1034383.104923100,0.001434700,0.030000000,0.030000000,1034383.106357800,1034383.134923100,0,
3122,1034383.120880600,0.000490000,0.030000000,0.030000000,1034383.121370600,1034383.150880600,0,
3123,1034383.151648200,0.000471200,0.030000000,0.030000000,1034383.152119400,1034383.181648200,0,sent:HOLD
3124,1034383.182259900,0.000602100,0.030000000,0.030000000,1034383.182862000,1034383.212259900,0,sent:HOLD
3125,1034383.213582400,0.000622700,0.030000000,0.030000000,1034383.214205100,1034383.243582400,0,
3126,1034383.245792500,0.000488200,0.030000000,0.030000000,1034383.246280700,1034383.275792500,0,sent:HOLD
3127,1034383.275576200,0.001756800,0.030000000,0.030000000,1034383.277333000,1034383.305576200,0,sent:HOLD
3128,1034383.306733200,0.000477400,0.030000000,0.030000000,1034383.307210600,1034383.336733200,0,
3129,1034383.338612000,0.000499100,0.030000000,0.030000000,1034383.339111100,1034383.368612000,0,sent:HOLD
3130,1034383.369942200,0.000631900,0.030000000,0.030000000,1034383.370574100,1034383.399942200,0,sent:HOLD
3131,1034383.400141600,0.000990200,0.030000000,0.030000000,1034383.401131800,1034383.430141600,0,
3132,1034383.431196300,0.000739000,0.030000000,0.030000000,1034383.431935300,1034383.461196300,0,sent:HOLD
3133,1034383.463242700,0.002026800,0.030000000,0.030000000,1034383.465269500,1034383.493242700,0,
3134,1034383.493857300,0.000496700,0.030000000,0.030000000,1034383.494354000,1034383.523857300,0,sent:HOLD
3135,1034383.511118200,0.000534300,0.030000000,0.030000000,1034383.511652500,1034383.541118200,0,sent:HOLD
3136,1034383.555247700,0.000616800,0.030000000,0.030000000,1034383.555864500,1034383.585247700,0,
3137,1034383.570860400,0.000931900,0.030000000,0.030000000,1034383.571792300,1034383.600860400,0,sent:HOLD
3138,1034383.602847900,0.000369100,0.030000000,0.030000000,1034383.603217000,1034383.632847900,0,
3139,1034383.635238400,0.000512800,0.030000000,0.030000000,1034383.635751200,1034383.665238400,0,sent:HOLD
3140,1034383.667197600,0.001155200,0.030000000,0.030000000,1034383.668352800,1034383.697197600,0,sent:HOLD
3141,1034383.697396400,0.001167400,0.030000000,0.030000000,1034383.698563800,1034383.727396400,0,
3142,1034383.729907200,0.000435100,0.030000000,0.030000000,1034383.730342300,1034383.759907200,0,sent:HOLD
3143,1034383.759726500,0.000560900,0.030000000,0.030000000,1034383.760287400,1034383.789726500,0,
3144,1034383.790801900,0.000523500,0.030000000,0.030000000,1034383.791325400,1034383.820801900,0,sent:HOLD
3145,1034383.822338800,0.000925100,0.030000000,0.030000000,1034383.823263900,1034383.852338800,0,
3146,1034383.853820200,0.000530000,0.030000000,0.030000000,1034383.854350200,1034383.883820200,0,sent:HOLD
3147,1034383.869498800,0.000522300,0.030000000,0.030000000,1034383.870021100,1034383.899498800,0,sent:HOLD
3148,1034383.914702100,0.000914000,0.030000000,0.030000000,1034383.915616100,1034383.944702100,0,
3149,1034383.930666900,0.000822500,0.030000000,0.030000000,1034383.931489400,1034383.960666900,0,sent:HOLD
3150,1034383.962920200,0.000663400,0.030000000,0.030000000,1034383.963583600,1034383.992920200,0,
3151,1034383.993597900,0.000428000,0.030000000,0.030000000,1034383.994025900,1034384.023597900,0,sent:HOLD
3152,1034384.028999200,0.000777000,0.030000000,0.030000000,1034384.029776200,1034384.058999200,0,sent:HOLD
3153,1034384.056101400,0.000609300,0.030000000,0.030000000,1034384.056710700,1034384.086101400,0,
3154,1034384.087450700,0.000489900,0.030000000,0.030000000,1034384.087940600,1034384.117450700,0,sent:HOLD
3155,1034384.118653400,0.000960900,0.030000000,0.030000000,1034384.119614300,1034384.148653400,0,
3156,1034384.149037800,0.000544900,0.030000000,0.030000000,1034384.149582700,1034384.179037800,0,sent:HOLD
3157,1034384.178469200,0.000897200,0.030000000,0.030000000,1034384.179366400,1034384.208469200,0,sent:HOLD
3158,1034384.211117000,0.000496700,0.030000000,0.030000000,1034384.211613700,1034384.241117000,0,sent:HOLD
3159,1034384.241948300,0.000354600,0.030000000,0.030000000,1034384.242302900,1034384.271948300,0,
3160,1034384.271679500,0.000986600,0.030000000,0.030000000,1034384.272666100,1034384.301679500,0,
3161,1034384.303809700,0.000741100,0.030000000,0.030000000,1034384.304550800,1034384.333809700,0,sent:HOLD
3162,1034384.334930700,0.000999700,0.030000000,0.030000000,1034384.335930400,1034384.364930700,0,sent:HOLD
3163,1034384.350509400,0.000489000,0.030000000,0.030000000,1034384.350998400,1034384.380509400,0,
3164,1034384.382367200,0.000356000,0.030000000,0.030000000,1034384.382723200,1034384.412367200,0,sent:HOLD
3165,1034384.413343200,0.001345800,0.030000000,0.030000000,1034384.414689000,1034384.443343200,0,
3166,1034384.445341500,0.000840800,0.030000000,0.030000000,1034384.446182300,1034384.475341500,0,sent:HOLD
3167,1034384.475919700,0.000918400,0.030000000,0.030000000,1034384.476838100,1034384.505919700,0,sent:HOLD
3168,1034384.506868100,0.000397400,0.030000000,0.030000000,1034384.507265500,1034384.536868100,0,
3169,1034384.539764200,0.000896800,0.030000000,0.030000000,1034384.540661000,1034384.569764200,0,sent:HOLD
3170,1034384.570330500,0.000943800,0.030000000,0.030000000,1034384.571274300,1034384.600330500,0,
3171,1034384.601178300,0.000367700,0.030000000,0.030000000,1034384.601546000,1034384.631178300,0,sent:HOLD
3172,1034384.631635600,0.000412100,0.030000000,0.030000000,1034384.632047700,1034384.661635600,0,sent:HOLD
3173,1034384.662090700,0.000848300,0.030000000,0.030000000,1034384.662939000,1034384.692090700,0,
3174,1034384.693231000,0.000326000,0.030000000,0.030000000,1034384.693557000,1034384.723231000,0,sent:HOLD
3175,1034384.724598200,0.000292800,0.030000000,0.030000000,1034384.724891000,1034384.754598200,0,sent:HOLD
3176,1034384.739478900,0.000256700,0.030000000,0.030000000,1034384.739735600,1034384.769478900,0,
3177,1034384.770783900,0.000465100,0.030000000,0.030000000,1034384.771249000,1034384.800783900,0,sent:HOLD
3178,1034384.801107500,0.000434900,0.030000000,0.030000000,1034384.801542400,1034384.831107500,0,
3179,1034384.832004200,0.000350100,0.030000000,0.030000000,1034384.832354300,1034384.862004200,0,sent:HOLD
3180,1034384.862293600,0.000590400,0.030000000,0.030000000,1034384.862884000,1034384.892293600,0,
3181,1034384.892679300,0.000366300,0.030000000,0.030000000,1034384.893045600,1034384.922679300,0,sent:HOLD
3182,1034384.924174400,0.000414400,0.030000000,0.030000000,1034384.924588800,1034384.954174400,0,sent:HOLD
3183,1034384.954950300,0.000597300,0.030000000,0.030000000,1034384.955547600,1034384.984950300,0,
3184,1034384.986525400,0.000375600,0.030000000,0.030000000,1034384.986901000,1034385.016525400,0,sent:HOLD
3185,1034385.017208600,0.000377500,0.030000000,0.030000000,1034385.017586100,1034385.047208600,0,sent:HOLD
3186,1034385.048898900,0.000385000,0.030000000,0.030000000,1034385.049283900,1034385.078898900,0,
3187,1034385.081164800,0.000884700,0.030000000,0.030000000,1034385.082049500,1034385.111164800,0,sent:HOLD
3188,1034385.112155000,0.001706900,0.030000000,0.030000000,1034385.113861900,1034385.142155000,0,
3189,1034385.142683400,0.000687800,0.030000000,0.030000000,1034385.143371200,1034385.172683400,0,sent:HOLD
3190,1034385.173726900,0.000565900,0.030000000,0.030000000,1034385.174292800,1034385.203726900,0,sent:HOLD
3191,1034385.204370600,0.000955000,0.030000000,0.030000000,1034385.205325600,1034385.234370600,0,
3192,1034385.220434100,0.000517100,0.030000000,0.030000000,1034385.220951200,1034385.250434100,0,sent:HOLD
3193,1034385.251306200,0.000564700,0.030000000,0.030000000,1034385.251870900,1034385.281306200,0,
3194,1034385.283687600,0.000352700,0.030000000,0.030000000,1034385.284040300,1034385.313687600,0,sent:HOLD
3195,1034385.313752400,0.000234200,0.030000000,0.030000000,1034385.313986600,1034385.343752400,0,sent:HOLD
3196,1034385.348059500,0.000575200,0.030000000,0.030000000,1034385.348634700,1034385.378059500,0,
3197,1034385.375934600,0.001418300,0.030000000,0.030000000,1034385.377352900,1034385.405934600,0,sent:HOLD
3198,1034385.408894800,0.000419500,0.030000000,0.030000000,1034385.409314300,1034385.438894800,0,
3199,1034385.437687300,0.000488500,0.030000000,0.030000000,1034385.438175800,1034385.467687300,0,sent:HOLD
3200,1034385.469461000,0.000731000,0.030000000,0.030000000,1034385.470192000,1034385.499461000,0,
3201,1034385.502674700,0.000414600,0.030000000,0.030000000,1034385.503089300,1034385.532674700,0,sent:HOLD
3202,1034385.532912300,0.000647700,0.030000000,0.030000000,1034385.533560000,1034385.562912300,0,sent:HOLD
3203,1034385.568210600,0.000559400,0.030000000,0.030000000,1034385.568770000,1034385.598210600,0,
3204,1034385.591016700,0.000381900,0.030000000,0.030000000,1034385.591398600,1034385.621016700,0,sent:HOLD
3205,1034385.623007000,0.000676300,0.030000000,0.030000000,1034385.623683300,1034385.653007000,0,sent:HOLD
3206,1034385.654932600,0.003881300,0.030000000,0.030000000,1034385.658813900,1034385.684932600,0,
3207,1034385.684102600,0.000365900,0.030000000,0.030000000,1034385.684468500,1034385.714102600,0,sent:HOLD
3208,1034385.717930800,0.000778200,0.030000000,0.030000000,1034385.718709000,1034385.747930800,0,sent:HOLD
3209,1034385.730025500,0.000256500,0.030000000,0.030000000,1034385.730282000,1034385.760025500,0,
3210,1034385.765092700,0.000335700,0.030000000,0.030000000,1034385.765428400,1034385.795092700,0,
3211,1034385.801121000,0.000843000,0.030000000,0.030000000,1034385.801964000,1034385.831121000,0,sent:HOLD
3212,1034385.823980400,0.001694100,0.030000000,0.030000000,1034385.825674500,1034385.853980400,0,
3213,1034385.856640800,0.000438000,0.030000000,0.030000000,1034385.857078800,1034385.886640800,0,sent:HOLD
3214,1034385.886006100,0.003748700,0.030000000,0.030000000,1034385.889754800,1034385.916006100,0,sent:HOLD
3215,1034385.917040300,0.000707900,0.030000000,0.030000000,1034385.917748200,1034385.947040300,0,
3216,1034385.951149500,0.000487300,0.030000000,0.030000000,1034385.951636800,1034385.981149500,0,sent:HOLD
3217,1034385.980800900,0.000672100,0.030000000,0.030000000,1034385.981473000,1034386.010800900,0,sent:HOLD
3218,1034386.010525400,0.000640100,0.030000000,0.030000000,1034386.011165500,1034386.040525400,0,
3219,1034386.041202200,0.001109400,0.030000000,0.030000000,1034386.042311600,1034386.071202200,0,sent:HOLD
3220,1034386.072552700,0.000779400,0.030000000,0.030000000,1034386.073332100,1034386.102552700,0,
3221,1034386.105086600,0.001069400,0.030000000,0.030000000,1034386.106156000,1034386.135086600,0,sent:HOLD
3222,1034386.135641000,0.000487300,0.030000000,0.030000000,1034386.136128300,1034386.165641000,0,sent:HOLD
3223,1034386.153924100,0.000444500,0.030000000,0.030000000,1034386.154368600,1034386.183924100,0,
3224,1034386.181730900,0.000490300,0.030000000,0.030000000,1034386.182221200,1034386.211730900,0,sent:HOLD
3225,1034386.212952000,0.002300900,0.030000000,0.030000000,1034386.215252900,1034386.242952000,0,
3226,1034386.244519500,0.000359900,0.030000000,0.030000000,1034386.244879400,1034386.274519500,0,sent:HOLD
3227,1034386.274984000,0.000370000,0.030000000,0.030000000,1034386.275354000,1034386.304984000,0,sent:HOLD
3228,1034386.305602100,0.000694800,0.030000000,0.030000000,1034386.306296900,1034386.335602100,0,
3229,1034386.337171900,0.000809500,0.030000000,0.030000000,1034386.337981400,1034386.367171900,0,sent:HOLD
3230,1034386.369577400,0.000804100,0.030000000,0.030000000,1034386.370381500,1034386.399577400,0,sent:DEGRADE
3231,1034386.401190400,0.001538600,0.030000000,0.030000000,1034386.402729000,1034386.431190400,0,sent:HOLD
3232,1034386.432828500,0.000466100,0.030000000,0.030000000,1034386.433294600,1034386.462828500,0,sent:HOLD
3233,1034386.465585000,0.001960300,0.030000000,0.030000000,1034386.467545300,1034386.495585000,0,
3234,1034386.493738800,0.001936700,0.030000000,0.030000000,1034386.495675500,1034386.523738800,0,sent:HOLD
3235,1034386.526588800,0.001090100,0.030000000,0.030000000,1034386.527678900,1034386.556588800,0,
3236,1034386.541233900,0.000521700,0.030000000,0.030000000,1034386.541755600,1034386.571233900,0,sent:HOLD
3237,1034386.571563700,0.000477000,0.030000000,0.030000000,1034386.572040700,1034386.601563700,0,sent:DEGRADE
3238,1034386.603047900,0.000600800,0.030000000,0.030000000,1034386.603648700,1034386.633047900,0,sent:DEGRADE
3239,1034386.633371500,0.000516400,0.030000000,0.030000000,1034386.633887900,1034386.663371500,0,sent:DEGRADE
3240,1034386.663754700,0.002166800,0.030000000,0.030000000,1034386.665921500,1034386.693754700,0,sent:DEGRADE
3241,1034386.694860200,0.000519700,0.030000000,0.030000000,1034386.695379900,1034386.724860200,0,sent:DEGRADE
3242,1034386.724898000,0.000692000,0.030000000,0.030000000,1034386.725590000,1034386.754898000,0,sent:HOLD
3243,1034386.756045200,0.000522500,0.030000000,0.030000000,1034386.756567700,1034386.786045200,0,sent:DEGRADE
3244,1034386.788199200,0.000640500,0.030000000,0.030000000,1034386.788839700,1034386.818199200,0,sent:DEGRADE
3245,1034386.818604200,0.000629700,0.030000000,0.030000000,1034386.819233900,1034386.848604200,0,sent:DEGRADE
3246,1034386.849096500,0.000928500,0.030000000,0.030000000,1034386.850025000,1034386.879096500,0,sent:DEGRADE
3247,1034386.881723200,0.000428300,0.030000000,0.030000000,1034386.882151500,1034386.911723200,0,sent:DEGRADE
3248,1034386.912428300,0.000437500,0.030000000,0.030000000,1034386.912865800,1034386.942428300,0,sent:DEGRADE
3249,1034386.942559600,0.000388900,0.030000000,0.030000000,1034386.942948500,1034386.972559600,0,sent:DEGRADE
3250,1034386.973780000,0.000675500,0.030000000,0.030000000,1034386.974455500,1034387.003780000,0,sent:DEGRADE
3251,1034386.989757000,0.000636000,0.030000000,0.030000000,1034386.990393000,1034387.019757000,0,sent:DEGRADE
3252,1034387.021218500,0.000282300,0.030000000,0.030000000,1034387.021500800,1034387.051218500,0,sent:HOLD
3253,1034387.051503900,0.000494200,0.030000000,0.030000000,1034387.051998100,1034387.081503900,0,
3254,1034387.081859700,0.000578000,0.030000000,0.030000000,1034387.082437700,1034387.111859700,0,sent:HOLD
3255,1034387.113248800,0.000443500,0.030000000,0.030000000,1034387.113692300,1034387.143248800,0,sent:HOLD
3256,1034387.143709400,0.000272500,0.030000000,0.030000000,1034387.143981900,1034387.173709400,0,
3257,1034387.174698600,0.000347300,0.030000000,0.030000000,1034387.175045900,1034387.204698600,0,sent:HOLD
3258,1034387.204810300,0.000432200,0.030000000,0.030000000,1034387.205242500,1034387.234810300,0,
3259,1034387.234994100,0.000453500,0.030000000,0.030000000,1034387.235447600,1034387.264994100,0,sent:HOLD
3260,1034387.266921900,0.000430000,0.030000000,0.030000000,1034387.267351900,1034387.296921900,0,sent:HOLD
3261,1034387.296927800,0.000443300,0.030000000,0.030000000,1034387.297371100,1034387.326927800,0,
3262,1034387.327727100,0.000267100,0.030000000,0.030000000,1034387.327994200,1034387.357727100,0,sent:HOLD
3263,1034387.359338600,0.000338600,0.030000000,0.030000000,1034387.359677200,1034387.389338600,0,
3264,1034387.389621800,0.000211400,0.030000000,0.030000000,1034387.389833200,1034387.419621800,0,sent:HOLD
3265,1034387.420505300,0.000580400,0.030000000,0.030000000,1034387.421085700,1034387.450505300,0,
3266,1034387.451409400,0.000425400,0.030000000,0.030000000,1034387.451834800,1034387.481409400,0,sent:HOLD
3267,1034387.481975700,0.000486700,0.030000000,0.030000000,1034387.482462400,1034387.511975700,0,sent:HOLD
3268,1034387.512170100,0.000219500,0.030000000,0.030000000,1034387.512389600,1034387.542170100,0,
3269,1034387.542388000,0.000598400,0.030000000,0.030000000,1034387.542986400,1034387.572388000,0,sent:HOLD
3270,1034387.573638400,0.000176100,0.030000000,0.030000000,1034387.573814500,1034387.603638400,0,
3271,1034387.604239400,0.000721300,0.030000000,0.030000000,1034387.604960700,1034387.634239400,0,sent:HOLD
3272,1034387.634704500,0.000246100,0.030000000,0.030000000,1034387.634950600,1034387.664704500,0,sent:HOLD
3273,1034387.650284900,0.000309100,0.030000000,0.030000000,1034387.650594000,1034387.680284900,0,
3274,1034387.680692700,0.000373100,0.030000000,0.030000000,1034387.681065800,1034387.710692700,0,sent:HOLD
3275,1034387.713254700,0.001006700,0.030000000,0.030000000,1034387.714261400,1034387.743254700,0,sent:HOLD
3276,1034387.743664400,0.000504200,0.030000000,0.030000000,1034387.744168600,1034387.773664400,0,
3277,1034387.774933200,0.000238400,0.030000000,0.030000000,1034387.775171600,1034387.804933200,0,sent:HOLD
3278,1034387.806142800,0.000133200,0.030000000,0.030000000,1034387.806276000,1034387.836142800,0,
3279,1034387.836671800,0.000226400,0.030000000,0.030000000,1034387.836898200,1034387.866671800,0,sent:HOLD
3280,1034387.867422500,0.000264700,0.030000000,0.030000000,1034387.867687200,1034387.897422500,0,sent:HOLD
3281,1034387.897863800,0.000249700,0.030000000,0.030000000,1034387.898113500,1034387.927863800,0,
3282,1034387.927495100,0.000421100,0.030000000,0.030000000,1034387.927916200,1034387.957495100,0,sent:HOLD
3283,1034387.958854200,0.000362500,0.030000000,0.030000000,1034387.959216700,1034387.988854200,0,
3284,1034387.989185000,0.000259300,0.030000000,0.030000000,1034387.989444300,1034388.019185000,0,sent:HOLD
3285,1034388.020663900,0.000568400,0.030000000,0.030000000,1034388.021232300,1034388.050663900,0,
3286,1034388.051351900,0.000307000,0.030000000,0.030000000,1034388.051658900,1034388.081351900,0,sent:HOLD
3287,1034388.082344500,0.000168700,0.030000000,0.030000000,1034388.082513200,1034388.112344500,0,sent:HOLD
3288,1034388.112946500,0.000739700,0.030000000,0.030000000,1034388.113686200,1034388.142946500,0,
3289,1034388.144786300,0.000706400,0.030000000,0.030000000,1034388.145492700,1034388.174786300,0,sent:HOLD
3290,1034388.160702600,0.000531300,0.030000000,0.030000000,1034388.161233900,1034388.190702600,0,
3291,1034388.191718200,0.000378200,0.030000000,0.030000000,1034388.192096400,1034388.221718200,0,sent:HOLD
3292,1034388.222540100,0.000186500,0.030000000,0.030000000,1034388.222726600,1034388.252540100,0,
3293,1034388.253702200,0.000186200,0.030000000,0.030000000,1034388.253888400,1034388.283702200,0,sent:HOLD
3294,1034388.284689900,0.000607600,0.030000000,0.030000000,1034388.285297500,1034388.314689900,0,sent:HOLD
3295,1034388.316395000,0.000303300,0.030000000,0.030000000,1034388.316698300,1034388.346395000,0,
3296,1034388.347735100,0.000316600,0.030000000,0.030000000,1034388.348051700,1034388.377735100,0,sent:HOLD
3297,1034388.377617900,0.000206600,0.030000000,0.030000000,1034388.377824500,1034388.407617900,0,sent:HOLD
3298,1034388.408867100,0.000572800,0.030000000,0.030000000,1034388.409439900,1034388.438867100,0,
3299,1034388.438840300,0.000198100,0.030000000,0.030000000,1034388.439038400,1034388.468840300,0,sent:HOLD
3300,1034388.469824400,0.000196900,0.030000000,0.030000000,1034388.470021300,1034388.499824400,0,sent:HOLD
3301,1034388.501460100,0.000272900,0.030000000,0.030000000,1034388.501733000,1034388.531460100,0,
3302,1034388.532660100,0.000368000,0.030000000,0.030000000,1034388.533028100,1034388.562660100,0,sent:HOLD
3303,1034388.564222300,0.000287500,0.030000000,0.030000000,1034388.564509800,1034388.594222300,0,
3304,1034388.580269900,0.000188500,0.030000000,0.030000000,1034388.580458400,1034388.610269900,0,sent:HOLD
3305,1034388.612107800,0.000581100,0.030000000,0.030000000,1034388.612688900,1034388.642107800,0,
3306,1034388.643077700,0.000310900,0.030000000,0.030000000,1034388.643388600,1034388.673077700,0,sent:HOLD
3307,1034388.674026300,0.000316400,0.030000000,0.030000000,1034388.674342700,1034388.704026300,0,sent:HOLD
3308,1034388.704692100,0.000237500,0.030000000,0.030000000,1034388.704929600,1034388.734692100,0,
3309,1034388.736296800,0.000181700,0.030000000,0.030000000,1034388.736478500,1034388.766296800,0,sent:HOLD
3310,1034388.768659500,0.000324600,0.030000000,0.030000000,1034388.768984100,1034388.798659500,0,sent:HOLD
3311,1034388.799506500,0.000798800,0.030000000,0.030000000,1034388.800305300,1034388.829506500,0,
3312,1034388.830358300,0.000319000,0.030000000,0.030000000,1034388.830677300,1034388.860358300,0,sent:HOLD
3313,1034388.861142300,0.000819000,0.030000000,0.030000000,1034388.861961300,1034388.891142300,0,
3314,1034388.892677800,0.000247000,0.030000000,0.030000000,1034388.892924800,1034388.922677800,0,sent:HOLD
3315,1034388.923199900,0.000503100,0.030000000,0.030000000,1034388.923703000,1034388.953199900,0,
3316,1034388.955027800,0.000320600,0.030000000,0.030000000,1034388.955348400,1034388.985027800,0,sent:HOLD
3317,1034388.971238300,0.000869500,0.030000000,0.030000000,1034388.972107800,1034389.001238300,0,sent:HOLD
3318,1034389.001594400,0.000550500,0.030000000,0.030000000,1034389.002144900,1034389.031594400,0,
3319,1034389.032037000,0.000307900,0.030000000,0.030000000,1034389.032344900,1034389.062037000,0,sent:HOLD
3320,1034389.063245400,0.000294000,0.030000000,0.030000000,1034389.063539400,1034389.093245400,0,
3321,1034389.094079400,0.000207200,0.030000000,0.030000000,1034389.094286600,1034389.124079400,0,sent:HOLD
3322,1034389.125032300,0.000209600,0.030000000,0.030000000,1034389.125241900,1034389.155032300,0,sent:HOLD
3323,1034389.156476100,0.000247600,0.030000000,0.030000000,1034389.156723700,1034389.186476100,0,
3324,1034389.187338400,0.000454300,0.030000000,0.030000000,1034389.187792700,1034389.217338400,0,sent:HOLD
3325,1034389.218344100,0.000472800,0.030000000,0.030000000,1034389.218816900,1034389.248344100,0,sent:HOLD
3326,1034389.248878100,0.000378200,0.030000000,0.030000000,1034389.249256300,1034389.278878100,0,
3327,1034389.279863300,0.000225800,0.030000000,0.030000000,1034389.280089100,1034389.309863300,0,sent:HOLD
3328,1034389.311031600,0.000836200,0.030000000,0.030000000,1034389.311867800,1034389.341031600,0,
3329,1034389.342502200,0.001477900,0.030000000,0.030000000,1034389.343980100,1034389.372502200,0,sent:HOLD
3330,1034389.374535000,0.000772500,0.030000000,0.030000000,1034389.375307500,1034389.404535000,0,
3331,1034389.403201800,0.000545000,0.030000000,0.030000000,1034389.403746800,1034389.433201800,0,sent:HOLD
3332,1034389.434120700,0.000258100,0.030000000,0.030000000,1034389.434378800,1034389.464120700,0,sent:HOLD
3333,1034389.464786200,0.000796900,0.030000000,0.030000000,1034389.465583100,1034389.494786200,0,
3334,1034389.481519700,0.000469900,0.030000000,0.030000000,1034389.481989600,1034389.511519700,0,sent:HOLD
3335,1034389.512024400,0.001017800,0.030000000,0.030000000,1034389.513042200,1034389.542024400,0,
3336,1034389.543496200,0.000359200,0.030000000,0.030000000,1034389.543855400,1034389.573496200,0,sent:HOLD
3337,1034389.575690800,0.000314300,0.030000000,0.030000000,1034389.576005100,1034389.605690800,0,sent:HOLD
3338,1034389.605709400,0.000304000,0.030000000,0.030000000,1034389.606013400,1034389.635709400,0,
3339,1034389.636979600,0.000252200,0.030000000,0.030000000,1034389.637231800,1034389.666979600,0,sent:HOLD
3340,1034389.668090600,0.000240900,0.030000000,0.030000000,1034389.668331500,1034389.698090600,0,
3341,1034389.697547000,0.000417300,0.030000000,0.030000000,1034389.697964300,1034389.727547000,0,sent:HOLD
3342,1034389.729031800,0.000355700,0.030000000,0.030000000,1034389.729387500,1034389.759031800,0,sent:HOLD
3343,1034389.760869200,0.000618400,0.030000000,0.030000000,1034389.761487600,1034389.790869200,0,
3344,1034389.792666500,0.000380500,0.030000000,0.030000000,1034389.793047000,1034389.822666500,0,sent:HOLD
3345,1034389.823281700,0.000722300,0.030000000,0.030000000,1034389.824004000,1034389.853281700,0,
3346,1034389.853920900,0.000515600,0.030000000,0.030000000,1034389.854436500,1034389.883920900,0,sent:HOLD
3347,1034389.870021400,0.000202800,0.030000000,0.030000000,1034389.870224200,1034389.900021400,0,sent:HOLD
3348,1034389.900802000,0.000197000,0.030000000,0.030000000,1034389.900999000,1034389.930802000,0,
3349,1034389.932229200,0.000276100,0.030000000,0.030000000,1034389.932505300,1034389.962229200,0,sent:HOLD
3350,1034389.962770600,0.000468000,0.030000000,0.030000000,1034389.963238600,1034389.992770600,0,
3351,1034389.993076100,0.000643700,0.030000000,0.030000000,1034389.993719800,1034390.023076100,0,sent:HOLD
3352,1034390.023154800,0.000177200,0.030000000,0.030000000,1034390.023332000,1034390.053154800,0,sent:HOLD
3353,1034390.054742200,0.000156500,0.030000000,0.030000000,1034390.054898700,1034390.084742200,0,
3354,1034390.085257900,0.000174200,0.030000000,0.030000000,1034390.085432100,1034390.115257900,0,sent:HOLD
3355,1034390.116902100,0.000204400,0.030000000,0.030000000,1034390.117106500,1034390.146902100,0,sent:HOLD
3356,1034390.147649400,0.000870000,0.030000000,0.030000000,1034390.148519400,1034390.177649400,0,
3357,1034390.177698800,0.000310900,0.030000000,0.030000000,1034390.178009700,1034390.207698800,0,sent:HOLD
3358,1034390.207569600,0.000519800,0.030000000,0.030000000,1034390.208089400,1034390.237569600,0,
3359,1034390.237681800,0.000470400,0.030000000,0.030000000,1034390.238152200,1034390.267681800,0,sent:HOLD
3360,1034390.269374500,0.000864600,0.030000000,0.030000000,1034390.270239100,1034390.299374500,0,
3361,1034390.299976300,0.000503400,0.030000000,0.030000000,1034390.300479700,1034390.329976300,0,sent:HOLD
3362,1034390.330292900,0.000919100,0.030000000,0.030000000,1034390.331212000,1034390.360292900,0,sent:HOLD
3363,1034390.361347600,0.000503000,0.030000000,0.030000000,1034390.361850600,1034390.391347600,0,
3364,1034390.393529700,0.000371900,0.030000000,0.030000000,1034390.393901600,1034390.423529700,0,sent:HOLD
3365,1034390.423677900,0.000707100,0.030000000,0.030000000,1034390.424385000,1034390.453677900,0,sent:HOLD
3366,1034390.439979200,0.000496900,0.030000000,0.030000000,1034390.440476100,1034390.469979200,0,
3367,1034390.471316500,0.000749300,0.030000000,0.030000000,1034390.472065800,1034390.501316500,0,
3368,1034390.501801800,0.000369500,0.030000000,0.030000000,1034390.502171300,1034390.531801800,0,sent:HOLD
3369,1034390.532594500,0.000250700,0.030000000,0.030000000,1034390.532845200,1034390.562594500,0,sent:HOLD
3370,1034390.564836400,0.000310400,0.030000000,0.030000000,1034390.565146800,1034390.594836400,0,
3371,1034390.594731900,0.000264200,0.030000000,0.030000000,1034390.594996100,1034390.624731900,0,sent:HOLD
3372,1034390.625364900,0.000556900,0.030000000,0.030000000,1034390.625921800,1034390.655364900,0,sent:HOLD
3373,1034390.656577800,0.000387900,0.030000000,0.030000000,1034390.656965700,1034390.686577800,0,
3374,1034390.687467000,0.000258800,0.030000000,0.030000000,1034390.687725800,1034390.717467000,0,sent:HOLD
3375,1034390.718235000,0.000265000,0.030000000,0.030000000,1034390.718500000,1034390.748235000,0,
3376,1034390.749324700,0.000338600,0.030000000,0.030000000,1034390.749663300,1034390.779324700,0,sent:HOLD
3377,1034390.780281700,0.000270700,0.030000000,0.030000000,1034390.780552400,1034390.810281700,0,sent:HOLD
3378,1034390.811623000,0.000619600,0.030000000,0.030000000,1034390.812242600,1034390.841623000,0,
3379,1034390.841984200,0.000339100,0.030000000,0.030000000,1034390.842323300,1034390.871984200,0,sent:HOLD
3380,1034390.873106300,0.000238900,0.030000000,0.030000000,1034390.873345200,1034390.903106300,0,sent:HOLD
3381,1034390.904039800,0.000622800,0.030000000,0.030000000,1034390.904662600,1034390.934039800,0,
3382,1034390.920081700,0.000226800,0.030000000,0.030000000,1034390.920308500,1034390.950081700,0,sent:HOLD
3383,1034390.951228400,0.000279100,0.030000000,0.030000000,1034390.951507500,1034390.981228400,0,
3384,1034390.981858400,0.000218200,0.030000000,0.030000000,1034390.982076600,1034391.011858400,0,sent:HOLD
3385,1034391.014129000,0.000287900,0.030000000,0.030000000,1034391.014416900,1034391.044129000,0,sent:HOLD
3386,1034391.044713300,0.000292600,0.030000000,0.030000000,1034391.045005900,1034391.074713300,0,
3387,1034391.074745600,0.000272000,0.030000000,0.030000000,1034391.075017600,1034391.104745600,0,sent:HOLD
3388,1034391.106387400,0.000393800,0.030000000,0.030000000,1034391.106781200,1034391.136387400,0,
3389,1034391.137169200,0.000231800,0.030000000,0.030000000,1034391.137401000,1034391.167169200,0,sent:HOLD
3390,1034391.167950600,0.000366000,0.030000000,0.030000000,1034391.168316600,1034391.197950600,0,
3391,1034391.198447900,0.000405400,0.030000000,0.030000000,1034391.198853300,1034391.228447900,0,sent:HOLD
3392,1034391.228976800,0.000444700,0.030000000,0.030000000,1034391.229421500,1034391.258976800,0,sent:HOLD
3393,1034391.259821900,0.000291700,0.030000000,0.030000000,1034391.260113600,1034391.289821900,0,
3394,1034391.290599600,0.000908400,0.030000000,0.030000000,1034391.291508000,1034391.320599600,0,sent:HOLD
3395,1034391.321876600,0.000881500,0.030000000,0.030000000,1034391.322758100,1034391.351876600,0,
3396,1034391.351665600,0.000432200,0.030000000,0.030000000,1034391.352097800,1034391.381665600,0,sent:HOLD
3397,1034391.383379400,0.000407100,0.030000000,0.030000000,1034391.383786500,1034391.413379400,0,sent:HOLD
3398,1034391.414695300,0.000196500,0.030000000,0.030000000,1034391.414891800,1034391.444695300,0,
3399,1034391.430246300,0.000208600,0.030000000,0.030000000,1034391.430454900,1034391.460246300,0,sent:HOLD
3400,1034391.461028200,0.000204100,0.030000000,0.030000000,1034391.461232300,1034391.491028200,0,
3401,1034391.491879000,0.000514800,0.030000000,0.030000000,1034391.492393800,1034391.521879000,0,sent:HOLD
3402,1034391.522849200,0.000371900,0.030000000,0.030000000,1034391.523221100,1034391.552849200,0,sent:HOLD
3403,1034391.554077200,0.000392100,0.030000000,0.030000000,1034391.554469300,1034391.584077200,0,
3404,1034391.584886400,0.000627400,0.030000000,0.030000000,1034391.585513800,1034391.614886400,0,sent:HOLD
3405,1034391.616333300,0.000465100,0.030000000,0.030000000,1034391.616798400,1034391.646333300,0,sent:HOLD
3406,1034391.646404500,0.000685800,0.030000000,0.030000000,1034391.647090300,1034391.676404500,0,
3407,1034391.677495600,0.000720000,0.030000000,0.030000000,1034391.678215600,1034391.707495600,0,sent:HOLD
3408,1034391.707611700,0.000759500,0.030000000,0.030000000,1034391.708371200,1034391.737611700,0,
3409,1034391.737916200,0.000444200,0.030000000,0.030000000,1034391.738360400,1034391.767916200,0,sent:HOLD
3410,1034391.769773900,0.000710400,0.030000000,0.030000000,1034391.770484300,1034391.799773900,0,
3411,1034391.801275700,0.000372200,0.030000000,0.030000000,1034391.801647900,1034391.831275700,0,sent:HOLD
3412,1034391.832507700,0.000403000,0.030000000,0.030000000,1034391.832910700,1034391.862507700,0,sent:HOLD
3413,1034391.863432200,0.000452800,0.030000000,0.030000000,1034391.863885000,1034391.893432200,0,
3414,1034391.895218600,0.000367700,0.030000000,0.030000000,1034391.895586300,1034391.925218600,0,sent:HOLD
3415,1034391.911530600,0.000355400,0.030000000,0.030000000,1034391.911886000,1034391.941530600,0,sent:HOLD
3416,1034391.941591900,0.000345200,0.030000000,0.030000000,1034391.941937100,1034391.971591900,0,
3417,1034391.973671000,0.000272600,0.030000000,0.030000000,1034391.973943600,1034392.003671000,0,sent:HOLD
3418,1034392.004366900,0.000401900,0.030000000,0.030000000,1034392.004768800,1034392.034366900,0,
3419,1034392.034943500,0.000215800,0.030000000,0.030000000,1034392.035159300,1034392.064943500,0,sent:HOLD
3420,1034392.065610600,0.000485400,0.030000000,0.030000000,1034392.066096000,1034392.095610600,0,sent:HOLD
3421,1034392.097218600,0.000492900,0.030000000,0.030000000,1034392.097711500,1034392.127218600,0,
3422,1034392.127926500,0.000466900,0.030000000,0.030000000,1034392.128393400,1034392.157926500,0,sent:HOLD
3423,1034392.159218300,0.000685000,0.030000000,0.030000000,1034392.159903300,1034392.189218300,0,
3424,1034392.189888900,0.000332900,0.030000000,0.030000000,1034392.190221800,1034392.219888900,0,sent:HOLD
3425,1034392.221132100,0.000604500,0.030000000,0.030000000,1034392.221736600,1034392.251132100,0,sent:HOLD
3426,1034392.251359000,0.000534400,0.030000000,0.030000000,1034392.251893400,1034392.281359000,0,
3427,1034392.281709800,0.000321100,0.030000000,0.030000000,1034392.282030900,1034392.311709800,0,sent:HOLD
3428,1034392.312501500,0.001009800,0.030000000,0.030000000,1034392.313511300,1034392.342501500,0,
3429,1034392.343795700,0.000677600,0.030000000,0.030000000,1034392.344473300,1034392.373795700,0,sent:HOLD
3430,1034392.374154300,0.000397900,0.030000000,0.030000000,1034392.374552200,1034392.404154300,0,
3431,1034392.389949800,0.000141100,0.030000000,0.030000000,1034392.390090900,1034392.419949800,0,sent:HOLD
3432,1034392.421328300,0.000269500,0.030000000,0.030000000,1034392.421597800,1034392.451328300,0,sent:HOLD
3433,1034392.452727200,0.000371600,0.030000000,0.030000000,1034392.453098800,1034392.482727200,0,
3434,1034392.483420300,0.000254000,0.030000000,0.030000000,1034392.483674300,1034392.513420300,0,sent:HOLD
3435,1034392.514708200,0.000328000,0.030000000,0.030000000,1034392.515036200,1034392.544708200,0,
3436,1034392.545243400,0.000184500,0.030000000,0.030000000,1034392.545427900,1034392.575243400,0,sent:HOLD
3437,1034392.576484100,0.000182000,0.030000000,0.030000000,1034392.576666100,1034392.606484100,0,sent:HOLD
3438,1034392.606257400,0.000165800,0.030000000,0.030000000,1034392.606423200,1034392.636257400,0,
3439,1034392.638043100,0.000261400,0.030000000,0.030000000,1034392.638304500,1034392.668043100,0,sent:HOLD
3440,1034392.669217400,0.000391800,0.030000000,0.030000000,1034392.669609200,1034392.699217400,0,sent:HOLD
3441,1034392.700934100,0.000304800,0.030000000,0.030000000,1034392.701238900,1034392.730934100,0,
3442,1034392.732148500,0.000143600,0.030000000,0.030000000,1034392.732292100,1034392.762148500,0,sent:HOLD
3443,1034392.764133600,0.000316400,0.030000000,0.030000000,1034392.764450000,1034392.794133600,0,
3444,1034392.779955100,0.000166000,0.030000000,0.030000000,1034392.780121100,1034392.809955100,0,sent:HOLD
3445,1034392.811762700,0.000164300,0.030000000,0.030000000,1034392.811927000,1034392.841762700,0,sent:HOLD
3446,1034392.842148000,0.000224000,0.030000000,0.030000000,1034392.842372000,1034392.872148000,0,
3447,1034392.873668000,0.000188500,0.030000000,0.030000000,1034392.873856500,1034392.903668000,0,sent:HOLD
3448,1034392.904648200,0.000148000,0.030000000,0.030000000,1034392.904796200,1034392.934648200,0,
3449,1034392.935439900,0.000213200,0.030000000,0.030000000,1034392.935653100,1034392.965439900,0,sent:HOLD
3450,1034392.967133200,0.000525400,0.030000000,0.030000000,1034392.967658600,1034392.997133200,0,
3451,1034392.998737200,0.000229100,0.030000000,0.030000000,1034392.998966300,1034393.028737200,0,sent:HOLD
3452,1034393.030649500,0.000550700,0.030000000,0.030000000,1034393.031200200,1034393.060649500,0,sent:HOLD
3453,1034393.062414900,0.000476500,0.030000000,0.030000000,1034393.062891400,1034393.092414900,0,
3454,1034393.094563600,0.000204500,0.030000000,0.030000000,1034393.094768100,1034393.124563600,0,sent:HOLD
3455,1034393.111118600,0.000442000,0.030000000,0.030000000,1034393.111560600,1034393.141118600,0,sent:HOLD
3456,1034393.140958000,0.000159300,0.030000000,0.030000000,1034393.141117300,1034393.170958000,0,
3457,1034393.173405400,0.000170500,0.030000000,0.030000000,1034393.173575900,1034393.203405400,0,sent:HOLD
3458,1034393.204231000,0.000393000,0.030000000,0.030000000,1034393.204624000,1034393.234231000,0,
3459,1034393.236298800,0.000307700,0.030000000,0.030000000,1034393.236606500,1034393.266298800,0,sent:HOLD
3460,1034393.267434900,0.000397800,0.030000000,0.030000000,1034393.267832700,1034393.297434900,0,
3461,1034393.298767200,0.000269000,0.030000000,0.030000000,1034393.299036200,1034393.328767200,0,sent:HOLD
3462,1034393.330508700,0.000567600,0.030000000,0.030000000,1034393.331076300,1034393.360508700,0,sent:HOLD
3463,1034393.363083900,0.000309200,0.030000000,0.030000000,1034393.363393100,1034393.393083900,0,
3464,1034393.394810700,0.000389900,0.030000000,0.030000000,1034393.395200600,1034393.424810700,0,sent:HOLD
3465,1034393.410727500,0.000356000,0.030000000,0.030000000,1034393.411083500,1034393.440727500,0,
3466,1034393.442410700,0.000199400,0.030000000,0.030000000,1034393.442610100,1034393.472410700,0,sent:HOLD
3467,1034393.474183600,0.000156900,0.030000000,0.030000000,1034393.474340500,1034393.504183600,0,sent:HOLD
3468,1034393.505082300,0.000367800,0.030000000,0.030000000,1034393.505450100,1034393.535082300,0,
3469,1034393.537230200,0.000170500,0.030000000,0.030000000,1034393.537400700,1034393.567230200,0,sent:HOLD
3470,1034393.568763300,0.000380700,0.030000000,0.030000000,1034393.569144000,1034393.598763300,0,
3471,1034393.599699500,0.000191700,0.030000000,0.030000000,1034393.599891200,1034393.629699500,0,sent:HOLD
3472,1034393.630613200,0.000167900,0.030000000,0.030000000,1034393.630781100,1034393.660613200,0,sent:HOLD
3473,1034393.663048800,0.000799900,0.030000000,0.030000000,1034393.663848700,1034393.693048800,0,
3474,1034393.693704100,0.000594300,0.030000000,0.030000000,1034393.694298400,1034393.723704100,0,sent:HOLD
3475,1034393.709849400,0.000604000,0.030000000,0.030000000,1034393.710453400,1034393.739849400,0,
3476,1034393.740899500,0.000169800,0.030000000,0.030000000,1034393.741069300,1034393.770899500,0,sent:HOLD
3477,1034393.772097500,0.000182800,0.030000000,0.030000000,1034393.772280300,1034393.802097500,0,sent:HOLD
3478,1034393.803090200,0.000251500,0.030000000,0.030000000,1034393.803341700,1034393.833090200,0,
3479,1034393.834342600,0.000161900,0.030000000,0.030000000,1034393.834504500,1034393.864342600,0,sent:HOLD
3480,1034393.865892100,0.000209000,0.030000000,0.030000000,1034393.866101100,1034393.895892100,0,sent:HOLD
3481,1034393.896853200,0.000204100,0.030000000,0.030000000,1034393.897057300,1034393.926853200,0,
3482,1034393.927727800,0.000220800,0.030000000,0.030000000,1034393.927948600,1034393.957727800,0,sent:HOLD
3483,1034393.958361100,0.000263500,0.030000000,0.030000000,1034393.958624600,1034393.988361100,0,
3484,1034393.988781900,0.000183300,0.030000000,0.030000000,1034393.988965200,1034394.018781900,0,sent:HOLD
3485,1034394.020074700,0.000191100,0.030000000,0.030000000,1034394.020265800,1034394.050074700,0,
3486,1034394.051596900,0.000282800,0.030000000,0.030000000,1034394.051879700,1034394.081596900,0,sent:HOLD
3487,1034394.082368600,0.000292100,0.030000000,0.030000000,1034394.082660700,1034394.112368600,0,sent:HOLD
3488,1034394.113670900,0.000189900,0.030000000,0.030000000,1034394.113860800,1034394.143670900,0,
3489,1034394.144273800,0.000359100,0.030000000,0.030000000,1034394.144632900,1034394.174273800,0,sent:HOLD
3490,1034394.160141200,0.000444000,0.030000000,0.030000000,1034394.160585200,1034394.190141200,0,
3491,1034394.192043300,0.000200400,0.030000000,0.030000000,1034394.192243700,1034394.222043300,0,sent:HOLD
3492,1034394.223310800,0.000163900,0.030000000,0.030000000,1034394.223474700,1034394.253310800,0,sent:HOLD
3493,1034394.254525700,0.000217100,0.030000000,0.030000000,1034394.254742800,1034394.284525700,0,
3494,1034394.285371000,0.000138500,0.030000000,0.030000000,1034394.285509500,1034394.315371000,0,sent:HOLD
3495,1034394.317050600,0.000239700,0.030000000,0.030000000,1034394.317290300,1034394.347050600,0,sent:HOLD
3496,1034394.347509300,0.000336200,0.030000000,0.030000000,1034394.347845500,1034394.377509300,0,
3497,1034394.377913800,0.000385500,0.030000000,0.030000000,1034394.378299300,1034394.407913800,0,sent:HOLD
3498,1034394.409174000,0.001004700,0.030000000,0.030000000,1034394.410178700,1034394.439174000,0,
3499,1034394.439715100,0.000493300,0.030000000,0.030000000,1034394.440208400,1034394.469715100,0,sent:HOLD
3500,1034394.470278200,0.001543300,0.030000000,0.030000000,1034394.471821500,1034394.500278200,0,
3501,1034394.502746700,0.000511000,0.030000000,0.030000000,1034394.503257700,1034394.532746700,0,sent:HOLD
3502,1034394.533946100,0.000990500,0.030000000,0.030000000,1034394.534936600,1034394.563946100,0,sent:HOLD
3503,1034394.564579900,0.001173300,0.030000000,0.030000000,1034394.565753200,1034394.594579900,0,
3504,1034394.580209700,0.000627600,0.030000000,0.030000000,1034394.580837300,1034394.610209700,0,sent:HOLD
3505,1034394.611469300,0.000401500,0.030000000,0.030000000,1034394.611870800,1034394.641469300,0,
3506,1034394.643057500,0.000214400,0.030000000,0.030000000,1034394.643271900,1034394.673057500,0,sent:HOLD
3507,1034394.674810100,0.000184100,0.030000000,0.030000000,1034394.674994200,1034394.704810100,0,sent:HOLD
3508,1034394.705444600,0.000655600,0.030000000,0.030000000,1034394.706100200,1034394.735444600,0,
3509,1034394.736736500,0.000215600,0.030000000,0.030000000,1034394.736952100,1034394.766736500,0,sent:HOLD
3510,1034394.768467100,0.000168100,0.030000000,0.030000000,1034394.768635200,1034394.798467100,0,sent:HOLD
3511,1034394.799798200,0.000182000,0.030000000,0.030000000,1034394.799980200,1034394.829798200,0,
3512,1034394.830663400,0.000315900,0.030000000,0.030000000,1034394.830979300,1034394.860663400,0,sent:HOLD
3513,1034394.861444700,0.000391700,0.030000000,0.030000000,1034394.861836400,1034394.891444700,0,
3514,1034394.892963800,0.000484400,0.030000000,0.030000000,1034394.893448200,1034394.922963800,0,sent:HOLD
3515,1034394.923715000,0.000506100,0.030000000,0.030000000,1034394.924221100,1034394.953715000,0,
3516,1034394.954684900,0.000191100,0.030000000,0.030000000,1034394.954876000,1034394.984684900,0,sent:HOLD
3517,1034394.971384900,0.000431400,0.030000000,0.030000000,1034394.971816300,1034395.001384900,0,sent:HOLD
3518,1034395.002114800,0.000285200,0.030000000,0.030000000,1034395.002400000,1034395.032114800,0,
3519,1034395.032976400,0.000301200,0.030000000,0.030000000,1034395.033277600,1034395.062976400,0,sent:HOLD
3520,1034395.063450800,0.000480300,0.030000000,0.030000000,1034395.063931100,1034395.093450800,0,
3521,1034395.094458700,0.000500300,0.030000000,0.030000000,1034395.094959000,1034395.124458700,0,sent:HOLD
3522,1034395.125340000,0.000372800,0.030000000,0.030000000,1034395.125712800,1034395.155340000,0,sent:HOLD
3523,1034395.156044500,0.000206600,0.030000000,0.030000000,1034395.156251100,1034395.186044500,0,
3524,1034395.187193900,0.000399500,0.030000000,0.030000000,1034395.187593400,1034395.217193900,0,sent:HOLD
3525,1034395.217785600,0.000199900,0.030000000,0.030000000,1034395.217985500,1034395.247785600,0,sent:HOLD
3526,1034395.249134500,0.000405400,0.030000000,0.030000000,1034395.249539900,1034395.279134500,0,
3527,1034395.279726900,0.000851700,0.030000000,0.030000000,1034395.280578600,1034395.309726900,0,sent:HOLD
3528,1034395.311118400,0.000155500,0.030000000,0.030000000,1034395.311273900,1034395.341118400,0,sent:HOLD
3529,1034395.342408600,0.000438000,0.030000000,0.030000000,1034395.342846600,1034395.372408600,0,
3530,1034395.373394100,0.000498900,0.030000000,0.030000000,1034395.373893000,1034395.403394100,0,
3531,1034395.403961600,0.000300100,0.030000000,0.030000000,1034395.404261700,1034395.433961600,0,sent:HOLD
3532,1034395.434156200,0.000272300,0.030000000,0.030000000,1034395.434428500,1034395.464156200,0,sent:HOLD
3533,1034395.449767400,0.000410800,0.030000000,0.030000000,1034395.450178200,1034395.479767400,0,
3534,1034395.479796000,0.000395100,0.030000000,0.030000000,1034395.480191100,1034395.509796000,0,sent:HOLD
3535,1034395.512041300,0.000431700,0.030000000,0.030000000,1034395.512473000,1034395.542041300,0,
3536,1034395.543009600,0.000440800,0.030000000,0.030000000,1034395.543450400,1034395.573009600,0,sent:HOLD
3537,1034395.574826500,0.000226300,0.030000000,0.030000000,1034395.575052800,1034395.604826500,0,sent:HOLD
3538,1034395.604785500,0.000259300,0.030000000,0.030000000,1034395.605044800,1034395.634785500,0,
3539,1034395.635912000,0.000205800,0.030000000,0.030000000,1034395.636117800,1034395.665912000,0,sent:HOLD
3540,1034395.666495300,0.000300000,0.030000000,0.030000000,1034395.666795300,1034395.696495300,0,
3541,1034395.697278500,0.000262300,0.030000000,0.030000000,1034395.697540800,1034395.727278500,0,sent:HOLD
3542,1034395.728743000,0.000328900,0.030000000,0.030000000,1034395.729071900,1034395.758743000,0,sent:HOLD
3543,1034395.760444800,0.000283500,0.030000000,0.030000000,1034395.760728300,1034395.790444800,0,sent:HOLD
3544,1034395.791215800,0.000248400,0.030000000,0.030000000,1034395.791464200,1034395.821215800,0,
3545,1034395.822482700,0.000618500,0.030000000,0.030000000,1034395.823101200,1034395.852482700,0,
3546,1034395.854030200,0.000420200,0.030000000,0.030000000,1034395.854450400,1034395.884030200,0,sent:HOLD
3547,1034395.871147400,0.000349200,0.030000000,0.030000000,1034395.871496600,1034395.901147400,0,sent:HOLD
3548,1034395.901062900,0.000499400,0.030000000,0.030000000,1034395.901562300,1034395.931062900,0,
3549,1034395.932843200,0.000342200,0.030000000,0.030000000,1034395.933185400,1034395.962843200,0,sent:HOLD
3550,1034395.964735100,0.000638300,0.030000000,0.030000000,1034395.965373400,1034395.994735100,0,sent:HOLD
3551,1034395.996075100,0.000150100,0.030000000,0.030000000,1034395.996225200,1034396.026075100,0,
3552,1034396.026992600,0.000215500,0.030000000,0.030000000,1034396.027208100,1034396.056992600,0,sent:HOLD
3553,1034396.057742900,0.000279000,0.030000000,0.030000000,1034396.058021900,1034396.087742900,0,
3554,1034396.088841700,0.000368800,0.030000000,0.030000000,1034396.089210500,1034396.118841700,0,sent:HOLD
3555,1034396.119254300,0.000438300,0.030000000,0.030000000,1034396.119692600,1034396.149254300,0,
3556,1034396.148930700,0.000332900,0.030000000,0.030000000,1034396.149263600,1034396.178930700,0,sent:HOLD
3557,1034396.180504500,0.000328100,0.030000000,0.030000000,1034396.180832600,1034396.210504500,0,sent:HOLD
3558,1034396.213162200,0.000345500,0.030000000,0.030000000,1034396.213507700,1034396.243162200,0,
3559,1034396.243642600,0.000475300,0.030000000,0.030000000,1034396.244117900,1034396.273642600,0,sent:HOLD
3560,1034396.274580300,0.000304300,0.030000000,0.030000000,1034396.274884600,1034396.304580300,0,sent:HOLD
3561,1034396.289633300,0.000880800,0.030000000,0.030000000,1034396.290514100,1034396.319633300,0,
3562,1034396.321168700,0.000190500,0.030000000,0.030000000,1034396.321359200,1034396.351168700,0,sent:HOLD
3563,1034396.352327000,0.000198700,0.030000000,0.030000000,1034396.352525700,1034396.382327000,0,
3564,1034396.384301300,0.000174900,0.030000000,0.030000000,1034396.384476200,1034396.414301300,0,sent:HOLD
3565,1034396.415918300,0.000219200,0.030000000,0.030000000,1034396.416137500,1034396.445918300,0,
3566,1034396.447363300,0.000443100,0.030000000,0.030000000,1034396.447806400,1034396.477363300,0,sent:HOLD
3567,1034396.479045700,0.000229500,0.030000000,0.030000000,1034396.479275200,1034396.509045700,0,sent:HOLD
3568,1034396.509853600,0.000292500,0.030000000,0.030000000,1034396.510146100,1034396.539853600,0,
3569,1034396.540719900,0.000484100,0.030000000,0.030000000,1034396.541204000,1034396.570719900,0,sent:HOLD
3570,1034396.572521300,0.000310000,0.030000000,0.030000000,1034396.572831300,1034396.602521300,0,sent:HOLD
3571,1034396.607565600,0.000345400,0.030000000,0.030000000,1034396.607911000,1034396.637565600,0,
3572,1034396.621974900,0.000308400,0.030000000,0.030000000,1034396.622283300,1034396.651974900,0,sent:HOLD
3573,1034396.653603600,0.000478500,0.030000000,0.030000000,1034396.654082100,1034396.683603600,0,
3574,1034396.685643800,0.000496000,0.030000000,0.030000000,1034396.686139800,1034396.715643800,0,sent:HOLD
3575,1034396.718595900,0.000831800,0.030000000,0.030000000,1034396.719427700,1034396.748595900,0,
3576,1034396.749224400,0.000379200,0.030000000,0.030000000,1034396.749603600,1034396.779224400,0,sent:HOLD
3577,1034396.780139000,0.000391000,0.030000000,0.030000000,1034396.780530000,1034396.810139000,0,sent:HOLD
3578,1034396.812527000,0.001473500,0.030000000,0.030000000,1034396.814000500,1034396.842527000,0,
3579,1034396.842873700,0.000773700,0.030000000,0.030000000,1034396.843647400,1034396.872873700,0,sent:HOLD
3580,1034396.873133200,0.000593300,0.030000000,0.030000000,1034396.873726500,1034396.903133200,0,
3581,1034396.903430400,0.000738400,0.030000000,0.030000000,1034396.904168800,1034396.933430400,0,sent:HOLD
3582,1034396.935244100,0.000828500,0.030000000,0.030000000,1034396.936072600,1034396.965244100,0,sent:HOLD
3583,1034396.966071500,0.000497500,0.030000000,0.030000000,1034396.966569000,1034396.996071500,0,sent:HOLD
3584,1034396.980837000,0.000641600,0.030000000,0.030000000,1034396.981478600,1034397.010837000,0,
3585,1034397.015353100,0.000531900,0.030000000,0.030000000,1034397.015885000,1034397.045353100,0,sent:HOLD
3586,1034397.041986000,0.000356500,0.030000000,0.030000000,1034397.042342500,1034397.071986000,0,
3587,1034397.073683400,0.000185900,0.030000000,0.030000000,1034397.073869300,1034397.103683400,0,sent:HOLD
3588,1034397.104179300,0.000393400,0.030000000,0.030000000,1034397.104572700,1034397.134179300,0,
3589,1034397.136366100,0.000412600,0.030000000,0.030000000,1034397.136778700,1034397.166366100,0,sent:HOLD
3590,1034397.166428400,0.000524400,0.030000000,0.030000000,1034397.166952800,1034397.196428400,0,
3591,1034397.197211900,0.000350800,0.030000000,0.030000000,1034397.197562700,1034397.227211900,0,sent:HOLD
3592,1034397.228398400,0.000971400,0.030000000,0.030000000,1034397.229369800,1034397.258398400,0,sent:HOLD
3593,1034397.259842200,0.000478000,0.030000000,0.030000000,1034397.260320200,1034397.289842200,0,
3594,1034397.290589600,0.000751500,0.030000000,0.030000000,1034397.291341100,1034397.320589600,0,sent:HOLD
3595,1034397.322429600,0.000281900,0.030000000,0.030000000,1034397.322711500,1034397.352429600,0,sent:HOLD
3596,1034397.351919800,0.000338100,0.030000000,0.030000000,1034397.352257900,1034397.381919800,0,
3597,1034397.383324800,0.000517000,0.030000000,0.030000000,1034397.383841800,1034397.413324800,0,sent:HOLD
3598,1034397.414079600,0.000563300,0.030000000,0.030000000,1034397.414642900,1034397.444079600,0,
3599,1034397.430263700,0.000408700,0.030000000,0.030000000,1034397.430672400,1034397.460263700,0,sent:HOLD
3600,1034397.462188700,0.000241100,0.030000000,0.030000000,1034397.462429800,1034397.492188700,0,
3601,1034397.493700500,0.000330100,0.030000000,0.030000000,1034397.494030600,1034397.523700500,0,sent:HOLD
3602,1034397.525243500,0.000429000,0.030000000,0.030000000,1034397.525672500,1034397.555243500,0,sent:HOLD
3603,1034397.555608600,0.000230400,0.030000000,0.030000000,1034397.555839000,1034397.585608600,0,
3604,1034397.587103200,0.000657300,0.030000000,0.030000000,1034397.587760500,1034397.617103200,0,sent:HOLD
3605,1034397.618231700,0.000381700,0.030000000,0.030000000,1034397.618613400,1034397.648231700,0,sent:HOLD
3606,1034397.648836800,0.000221400,0.030000000,0.030000000,1034397.649058200,1034397.678836800,0,
3607,1034397.680217900,0.000700300,0.030000000,0.030000000,1034397.680918200,1034397.710217900,0,sent:HOLD
3608,1034397.712227300,0.000350200,0.030000000,0.030000000,1034397.712577500,1034397.742227300,0,sent:HOLD
3609,1034397.742090900,0.000359900,0.030000000,0.030000000,1034397.742450800,1034397.772090900,0,
3610,1034397.773614500,0.000800800,0.030000000,0.030000000,1034397.774415300,1034397.803614500,0,sent:HOLD
3611,1034397.804220000,0.000237100,0.030000000,0.030000000,1034397.804457100,1034397.834220000,0,
3612,1034397.820562800,0.000254200,0.030000000,0.030000000,1034397.820817000,1034397.850562800,0,sent:HOLD
3613,1034397.850337300,0.000172500,0.030000000,0.030000000,1034397.850509800,1034397.880337300,0,
3614,1034397.880901700,0.000365900,0.030000000,0.030000000,1034397.881267600,1034397.910901700,0,sent:HOLD
3615,1034397.911385800,0.000262600,0.030000000,0.030000000,1034397.911648400,1034397.941385800,0,sent:HOLD
3616,1034397.941015500,0.000392700,0.030000000,0.030000000,1034397.941408200,1034397.971015500,0,
3617,1034397.972772100,0.000342600,0.030000000,0.030000000,1034397.973114700,1034398.002772100,0,sent:HOLD
3618,1034398.002556900,0.000246100,0.030000000,0.030000000,1034398.002803000,1034398.032556900,0,
3619,1034398.033732500,0.000155100,0.030000000,0.030000000,1034398.033887600,1034398.063732500,0,sent:HOLD
3620,1034398.065869600,0.000195700,0.030000000,0.030000000,1034398.066065300,1034398.095869600,0,sent:HOLD
3621,1034398.097111500,0.000424200,0.030000000,0.030000000,1034398.097535700,1034398.127111500,0,
3622,1034398.127805600,0.000360800,0.030000000,0.030000000,1034398.128166400,1034398.157805600,0,sent:HOLD
3623,1034398.158117500,0.000310600,0.030000000,0.030000000,1034398.158428100,1034398.188117500,0,
3624,1034398.188797900,0.000353500,0.030000000,0.030000000,1034398.189151400,1034398.218797900,0,sent:HOLD
3625,1034398.220246700,0.000488100,0.030000000,0.030000000,1034398.220734800,1034398.250246700,0,sent:HOLD
3626,1034398.251033100,0.000222800,0.030000000,0.030000000,1034398.251255900,1034398.281033100,0,
3627,1034398.281748000,0.000296800,0.030000000,0.030000000,1034398.282044800,1034398.311748000,0,sent:HOLD
3628,1034398.312639900,0.000858000,0.030000000,0.030000000,1034398.313497900,1034398.342639900,0,
3629,1034398.344757400,0.000411300,0.030000000,0.030000000,1034398.345168700,1034398.374757400,0,sent:HOLD
3630,1034398.374685300,0.000440700,0.030000000,0.030000000,1034398.375126000,1034398.404685300,0,sent:HOLD
3631,1034398.390715200,0.000277600,0.030000000,0.030000000,1034398.390992800,1034398.420715200,0,
3632,1034398.422214500,0.000271500,0.030000000,0.030000000,1034398.422486000,1034398.452214500,0,sent:HOLD
3633,1034398.452414100,0.000262700,0.030000000,0.030000000,1034398.452676800,1034398.482414100,0,
3634,1034398.483939400,0.000490800,0.030000000,0.030000000,1034398.484430200,1034398.513939400,0,sent:HOLD
3635,1034398.515340300,0.000344800,0.030000000,0.030000000,1034398.515685100,1034398.545340300,0,sent:HOLD
3636,1034398.547348400,0.000276200,0.030000000,0.030000000,1034398.547624600,1034398.577348400,0,
3637,1034398.576823700,0.000422300,0.030000000,0.030000000,1034398.577246000,1034398.606823700,0,sent:HOLD
3638,1034398.607703500,0.000246900,0.030000000,0.030000000,1034398.607950400,1034398.637703500,0,
3639,1034398.638355800,0.000258100,0.030000000,0.030000000,1034398.638613900,1034398.668355800,0,sent:HOLD
3640,1034398.669440300,0.000746700,0.030000000,0.030000000,1034398.670187000,1034398.699440300,0,
3641,1034398.700074100,0.000453400,0.030000000,0.030000000,1034398.700527500,1034398.730074100,0,sent:HOLD
3642,1034398.731821100,0.000293500,0.030000000,0.030000000,1034398.732114600,1034398.761821100,0,sent:HOLD
3643,1034398.762091400,0.000525600,0.030000000,0.030000000,1034398.762617000,1034398.792091400,0,
3644,1034398.793388100,0.000270000,0.030000000,0.030000000,1034398.793658100,1034398.823388100,0,sent:HOLD
3645,1034398.810391100,0.000342600,0.030000000,0.030000000,1034398.810733700,1034398.840391100,0,
3646,1034398.841033100,0.000308100,0.030000000,0.030000000,1034398.841341200,1034398.871033100,0,sent:HOLD
3647,1034398.872560700,0.000256700,0.030000000,0.030000000,1034398.872817400,1034398.902560700,0,sent:HOLD
3648,1034398.902479500,0.000299400,0.030000000,0.030000000,1034398.902778900,1034398.932479500,0,
3649,1034398.934400000,0.000447800,0.030000000,0.030000000,1034398.934847800,1034398.964400000,0,sent:HOLD
3650,1034398.964819800,0.000366600,0.030000000,0.030000000,1034398.965186400,1034398.994819800,0,sent:HOLD
3651,1034398.994617400,0.000215700,0.030000000,0.030000000,1034398.994833100,1034399.024617400,0,
3652,1034399.025561300,0.001014800,0.030000000,0.030000000,1034399.026576100,1034399.055561300,0,sent:HOLD
3653,1034399.057152500,0.000479500,0.030000000,0.030000000,1034399.057632000,1034399.087152500,0,
3654,1034399.088463400,0.000232400,0.030000000,0.030000000,1034399.088695800,1034399.118463400,0,sent:HOLD
3655,1034399.119627300,0.000666600,0.030000000,0.030000000,1034399.120293900,1034399.149627300,0,
3656,1034399.151033200,0.000262800,0.030000000,0.030000000,1034399.151296000,1034399.181033200,0,sent:HOLD
3657,1034399.182058900,0.000363300,0.030000000,0.030000000,1034399.182422200,1034399.212058900,0,sent:HOLD
3658,1034399.213455900,0.000668400,0.030000000,0.030000000,1034399.214124300,1034399.243455900,0,
3659,1034399.244116900,0.000303500,0.030000000,0.030000000,1034399.244420400,1034399.274116900,0,sent:HOLD
3660,1034399.261272300,0.009786000,0.030000000,0.030000000,1034399.271058300,1034399.291272300,0,
3661,1034399.291077900,0.000637700,0.030000000,0.030000000,1034399.291715600,1034399.321077900,0,sent:HOLD
3662,1034399.323480100,0.000497800,0.030000000,0.030000000,1034399.323977900,1034399.353480100,0,sent:HOLD
3663,1034399.354076900,0.001272400,0.030000000,0.030000000,1034399.355349300,1034399.384076900,0,
>>>>>>> 02ee8c3bfd403264429dd7a7c37e7633ce5d11d3
