release_idx,release_time,exec_time_s,period_s,deadline_s,finish_time,deadline_abs,missed_deadline,note
<<<<<<< HEAD
0,511260.144765600,0.000034100,0.020000000,0.020000000,511260.144799700,511260.164765600,0,perception_unhealthy
1,511260.177915000,0.000024600,0.020000000,0.020000000,511260.177939600,511260.197915000,0,perception_unhealthy
2,511260.192871300,0.000010000,0.020000000,0.020000000,511260.192881300,511260.212871300,0,perception_unhealthy
3,511260.208211200,0.000012000,0.020000000,0.020000000,511260.208223200,511260.228211200,0,perception_unhealthy
4,511260.239288700,0.000010000,0.020000000,0.020000000,511260.239298700,511260.259288700,0,perception_unhealthy
5,511260.253768600,0.000011100,0.020000000,0.020000000,511260.253779700,511260.273768600,0,perception_unhealthy
6,511260.269796500,0.000014900,0.020000000,0.020000000,511260.269811400,511260.289796500,0,perception_unhealthy
7,511260.299321600,0.000015100,0.020000000,0.020000000,511260.299336700,511260.319321600,0,perception_unhealthy
8,511260.315253800,0.000011400,0.020000000,0.020000000,511260.315265200,511260.335253800,0,perception_unhealthy
9,511260.332854900,0.000009300,0.020000000,0.020000000,511260.332864200,511260.352854900,0,perception_unhealthy
10,511260.346254300,0.000021700,0.020000000,0.020000000,511260.346276000,511260.366254300,0,perception_unhealthy
11,511260.377792600,0.000007700,0.020000000,0.020000000,511260.377800300,511260.397792600,0,perception_unhealthy
12,511260.393145300,0.000015200,0.020000000,0.020000000,511260.393160500,511260.413145300,0,perception_unhealthy
13,511260.409625300,0.000011500,0.020000000,0.020000000,511260.409636800,511260.429625300,0,perception_unhealthy
14,511260.440745100,0.000014400,0.020000000,0.020000000,511260.440759500,511260.460745100,0,perception_unhealthy
15,511260.456255600,0.000018400,0.020000000,0.020000000,511260.456274000,511260.476255600,0,perception_unhealthy
16,511260.472025100,0.000009800,0.020000000,0.020000000,511260.472034900,511260.492025100,0,perception_unhealthy
17,511260.487908100,0.000014700,0.020000000,0.020000000,511260.487922800,511260.507908100,0,perception_unhealthy
18,511260.519510800,0.000017500,0.020000000,0.020000000,511260.519528300,511260.539510800,0,perception_unhealthy
19,511260.533899500,0.000019200,0.020000000,0.020000000,511260.533918700,511260.553899500,0,perception_unhealthy
20,511260.549814200,0.000013600,0.020000000,0.020000000,511260.549827800,511260.569814200,0,perception_unhealthy
21,511260.564531700,0.000015500,0.020000000,0.020000000,511260.564547200,511260.584531700,0,
22,511260.595303700,0.000023900,0.020000000,0.020000000,511260.595327600,511260.615303700,0,
23,511260.611303800,0.000016500,0.020000000,0.020000000,511260.611320300,511260.631303800,0,
24,511260.625830800,0.000014000,0.020000000,0.020000000,511260.625844800,511260.645830800,0,
25,511260.657005500,0.000009200,0.020000000,0.020000000,511260.657014700,511260.677005500,0,
26,511260.672399100,0.000016700,0.020000000,0.020000000,511260.672415800,511260.692399100,0,
27,511260.688215800,0.000013000,0.020000000,0.020000000,511260.688228800,511260.708215800,0,
28,511260.719702800,0.000011800,0.020000000,0.020000000,511260.719714600,511260.739702800,0,
29,511260.730646900,0.000008200,0.020000000,0.020000000,511260.730655100,511260.750646900,0,
30,511260.751373300,0.000020500,0.020000000,0.020000000,511260.751393800,511260.771373300,0,
31,511260.765645700,0.000022300,0.020000000,0.020000000,511260.765668000,511260.785645700,0,
32,511260.797521200,0.000019400,0.020000000,0.020000000,511260.797540600,511260.817521200,0,
33,511260.814283700,0.000019500,0.020000000,0.020000000,511260.814303200,511260.834283700,0,
34,511260.830707600,0.000019800,0.020000000,0.020000000,511260.830727400,511260.850707600,0,
35,511260.859416300,0.000017700,0.020000000,0.020000000,511260.859434000,511260.879416300,0,
36,511260.876647600,0.000020100,0.020000000,0.020000000,511260.876667700,511260.896647600,0,
37,511260.890692400,0.000021700,0.020000000,0.020000000,511260.890714100,511260.910692400,0,
38,511260.906711900,0.000022700,0.020000000,0.020000000,511260.906734600,511260.926711900,0,
39,511260.937140100,0.000018100,0.020000000,0.020000000,511260.937158200,511260.957140100,0,
40,511260.951301200,0.000020900,0.020000000,0.020000000,511260.951322100,511260.971301200,0,
41,511260.966615400,0.000020600,0.020000000,0.020000000,511260.966636000,511260.986615400,0,
42,511260.999660900,0.000019700,0.020000000,0.020000000,511260.999680600,511261.019660900,0,
43,511261.015890000,0.000021900,0.020000000,0.020000000,511261.015911900,511261.035890000,0,
44,511261.030046100,0.000021000,0.020000000,0.020000000,511261.030067100,511261.050046100,0,
45,511261.061139700,0.000013900,0.020000000,0.020000000,511261.061153600,511261.081139700,0,
46,511261.075732700,0.000020600,0.020000000,0.020000000,511261.075753300,511261.095732700,0,
47,511261.093421200,0.000020600,0.020000000,0.020000000,511261.093441800,511261.113421200,0,
48,511261.108114100,0.000011800,0.020000000,0.020000000,511261.108125900,511261.128114100,0,
49,511261.137870900,0.000017500,0.020000000,0.020000000,511261.137888400,511261.157870900,0,
50,511261.151988400,0.000018300,0.020000000,0.020000000,511261.152006700,511261.171988400,0,
51,511261.168069300,0.000024100,0.020000000,0.020000000,511261.168093400,511261.188069300,0,
52,511261.199855500,0.000010300,0.020000000,0.020000000,511261.199865800,511261.219855500,0,
53,511261.214791300,0.000013300,0.020000000,0.020000000,511261.214804600,511261.234791300,0,
54,511261.230923700,0.000013200,0.020000000,0.020000000,511261.230936900,511261.250923700,0,
55,511261.246678400,0.000010700,0.020000000,0.020000000,511261.246689100,511261.266678400,0,
56,511261.277189700,0.000020900,0.020000000,0.020000000,511261.277210600,511261.297189700,0,
57,511261.292865400,0.000017800,0.020000000,0.020000000,511261.292883200,511261.312865400,0,
58,511261.308324700,0.000008200,0.020000000,0.020000000,511261.308332900,511261.328324700,0,
59,511261.339330000,0.000011000,0.020000000,0.020000000,511261.339341000,511261.359330000,0,
60,511261.354712100,0.000006300,0.020000000,0.020000000,511261.354718400,511261.374712100,0,
61,511261.369509900,0.000013800,0.020000000,0.020000000,511261.369523700,511261.389509900,0,
62,511261.400756800,0.000015100,0.020000000,0.020000000,511261.400771900,511261.420756800,0,
63,511261.415916900,0.000012400,0.020000000,0.020000000,511261.415929300,511261.435916900,0,
64,511261.431043000,0.000015700,0.020000000,0.020000000,511261.431058700,511261.451043000,0,
65,511261.446999200,0.000007800,0.020000000,0.020000000,511261.447007000,511261.466999200,0,
66,511261.477608600,0.000008400,0.020000000,0.020000000,511261.477617000,511261.497608600,0,
67,511261.491759800,0.000012300,0.020000000,0.020000000,511261.491772100,511261.511759800,0,
68,511261.507271200,0.000011600,0.020000000,0.020000000,511261.507282800,511261.527271200,0,
69,511261.538107900,0.000004600,0.020000000,0.020000000,511261.538112500,511261.558107900,0,
70,511261.554419300,0.000007600,0.020000000,0.020000000,511261.554426900,511261.574419300,0,
71,511261.569481400,0.000021800,0.020000000,0.020000000,511261.569503200,511261.589481400,0,
72,511261.600607300,0.000014700,0.020000000,0.020000000,511261.600622000,511261.620607300,0,
73,511261.615895600,0.000052500,0.020000000,0.020000000,511261.615948100,511261.635895600,0,
74,511261.631334900,0.000016900,0.020000000,0.020000000,511261.631351800,511261.651334900,0,
75,511261.646777800,0.000007500,0.020000000,0.020000000,511261.646785300,511261.666777800,0,
76,511261.677168900,0.000015000,0.020000000,0.020000000,511261.677183900,511261.697168900,0,
77,511261.692963100,0.000006500,0.020000000,0.020000000,511261.692969600,511261.712963100,0,
78,511261.710554200,0.000007800,0.020000000,0.020000000,511261.710562000,511261.730554200,0,
79,511261.741168200,0.000007100,0.020000000,0.020000000,511261.741175300,511261.761168200,0,
80,511261.757231100,0.000006900,0.020000000,0.020000000,511261.757238000,511261.777231100,0,
81,511261.772228700,0.000009000,0.020000000,0.020000000,511261.772237700,511261.792228700,0,
82,511261.788498700,0.000005100,0.020000000,0.020000000,511261.788503800,511261.808498700,0,
83,511261.819451400,0.000017100,0.020000000,0.020000000,511261.819468500,511261.839451400,0,
84,511261.834770300,0.000009700,0.020000000,0.020000000,511261.834780000,511261.854770300,0,
85,511261.849986900,0.000006100,0.020000000,0.020000000,511261.849993000,511261.869986900,0,
86,511261.880311500,0.000007900,0.020000000,0.020000000,511261.880319400,511261.900311500,0,
87,511261.896203200,0.000031000,0.020000000,0.020000000,511261.896234200,511261.916203200,0,
88,511261.911750600,0.000014700,0.020000000,0.020000000,511261.911765300,511261.931750600,0,
89,511261.926710100,0.000011600,0.020000000,0.020000000,511261.926721700,511261.946710100,0,
90,511261.957453500,0.000005200,0.020000000,0.020000000,511261.957458700,511261.977453500,0,
91,511261.973508300,0.000005200,0.020000000,0.020000000,511261.973513500,511261.993508300,0,
92,511261.988722800,0.000004700,0.020000000,0.020000000,511261.988727500,511262.008722800,0,
93,511262.020424100,0.000006600,0.020000000,0.020000000,511262.020430700,511262.040424100,0,
94,511262.035624000,0.000008700,0.020000000,0.020000000,511262.035632700,511262.055624000,0,
95,511262.052249200,0.000006300,0.020000000,0.020000000,511262.052255500,511262.072249200,0,
96,511262.067308300,0.000005900,0.020000000,0.020000000,511262.067314200,511262.087308300,0,
97,511262.098224300,0.000011100,0.020000000,0.020000000,511262.098235400,511262.118224300,0,
98,511262.114158200,0.000006700,0.020000000,0.020000000,511262.114164900,511262.134158200,0,
99,511262.129363000,0.000006300,0.020000000,0.020000000,511262.129369300,511262.149363000,0,
100,511262.159048300,0.000012300,0.020000000,0.020000000,511262.159060600,511262.179048300,0,
101,511262.174106100,0.000007600,0.020000000,0.020000000,511262.174113700,511262.194106100,0,
102,511262.189746300,0.000012500,0.020000000,0.020000000,511262.189758800,511262.209746300,0,
103,511262.205240800,0.000004000,0.020000000,0.020000000,511262.205244800,511262.225240800,0,
104,511262.236283300,0.000010700,0.020000000,0.020000000,511262.236294000,511262.256283300,0,
105,511262.252403900,0.000016200,0.020000000,0.020000000,511262.252420100,511262.272403900,0,
106,511262.267373700,0.000007500,0.020000000,0.020000000,511262.267381200,511262.287373700,0,
107,511262.298654600,0.000015900,0.020000000,0.020000000,511262.298670500,511262.318654600,0,
108,511262.314276500,0.000010600,0.020000000,0.020000000,511262.314287100,511262.334276500,0,
109,511262.330345900,0.000020500,0.020000000,0.020000000,511262.330366400,511262.350345900,0,
110,511262.346401700,0.000015800,0.020000000,0.020000000,511262.346417500,511262.366401700,0,
111,511262.377774300,0.000011800,0.020000000,0.020000000,511262.377786100,511262.397774300,0,
112,511262.393533100,0.000011700,0.020000000,0.020000000,511262.393544800,511262.413533100,0,
113,511262.409418500,0.000003600,0.020000000,0.020000000,511262.409422100,511262.429418500,0,
114,511262.439145400,0.000010300,0.020000000,0.020000000,511262.439155700,511262.459145400,0,
115,511262.455053500,0.000008000,0.020000000,0.020000000,511262.455061500,511262.475053500,0,
116,511262.470933500,0.000006300,0.020000000,0.020000000,511262.470939800,511262.490933500,0,
117,511262.486652300,0.000017100,0.020000000,0.020000000,511262.486669400,511262.506652300,0,
118,511262.517856300,0.000009300,0.020000000,0.020000000,511262.517865600,511262.537856300,0,
119,511262.533997500,0.000016400,0.020000000,0.020000000,511262.534013900,511262.553997500,0,
120,511262.549215800,0.000010900,0.020000000,0.020000000,511262.549226700,511262.569215800,0,
121,511262.581060300,0.000009400,0.020000000,0.020000000,511262.581069700,511262.601060300,0,
122,511262.596961500,0.000016800,0.020000000,0.020000000,511262.596978300,511262.616961500,0,
123,511262.611579300,0.000036500,0.020000000,0.020000000,511262.611615800,511262.631579300,0,
124,511262.628030100,0.000018500,0.020000000,0.020000000,511262.628048600,511262.648030100,0,
125,511262.659721600,0.000008300,0.020000000,0.020000000,511262.659729900,511262.679721600,0,
126,511262.674250800,0.000014400,0.020000000,0.020000000,511262.674265200,511262.694250800,0,
127,511262.689893800,0.000007500,0.020000000,0.020000000,511262.689901300,511262.709893800,0,
128,511262.705318900,0.000007000,0.020000000,0.020000000,511262.705325900,511262.725318900,0,
129,511262.736927900,0.000014000,0.020000000,0.020000000,511262.736941900,511262.756927900,0,
130,511262.751986900,0.000016500,0.020000000,0.020000000,511262.752003400,511262.771986900,0,
131,511262.768124000,0.000008400,0.020000000,0.020000000,511262.768132400,511262.788124000,0,
132,511262.799799000,0.000017500,0.020000000,0.020000000,511262.799816500,511262.819799000,0,
133,511262.814793800,0.000011600,0.020000000,0.020000000,511262.814805400,511262.834793800,0,
134,511262.830695700,0.000014300,0.020000000,0.020000000,511262.830710000,511262.850695700,0,
135,511262.847331100,0.000018500,0.020000000,0.020000000,511262.847349600,511262.867331100,0,
136,511262.877299300,0.000017400,0.020000000,0.020000000,511262.877316700,511262.897299300,0,
137,511262.892803900,0.000010600,0.020000000,0.020000000,511262.892814500,511262.912803900,0,
138,511262.908367100,0.000012400,0.020000000,0.020000000,511262.908379500,511262.928367100,0,
139,511262.939061600,0.000016500,0.020000000,0.020000000,511262.939078100,511262.959061600,0,
140,511262.954425300,0.000016100,0.020000000,0.020000000,511262.954441400,511262.974425300,0,
141,511262.969457000,0.000007600,0.020000000,0.020000000,511262.969464600,511262.989457000,0,
142,511263.000168800,0.000015400,0.020000000,0.020000000,511263.000184200,511263.020168800,0,
143,511263.015788600,0.000019800,0.020000000,0.020000000,511263.015808400,511263.035788600,0,
144,511263.032032000,0.000007000,0.020000000,0.020000000,511263.032039000,511263.052032000,0,
145,511263.047468700,0.000017200,0.020000000,0.020000000,511263.047485900,511263.067468700,0,
146,511263.078314900,0.000010800,0.020000000,0.020000000,511263.078325700,511263.098314900,0,
147,511263.092786400,0.000013900,0.020000000,0.020000000,511263.092800300,511263.112786400,0,
148,511263.108253600,0.000009100,0.020000000,0.020000000,511263.108262700,511263.128253600,0,
149,511263.139316300,0.000013900,0.020000000,0.020000000,511263.139330200,511263.159316300,0,
150,511263.154995800,0.000008000,0.020000000,0.020000000,511263.155003800,511263.174995800,0,
151,511263.170165300,0.000010800,0.020000000,0.020000000,511263.170176100,511263.190165300,0,
152,511263.185895800,0.000008300,0.020000000,0.020000000,511263.185904100,511263.205895800,0,
153,511263.216293000,0.000008300,0.020000000,0.020000000,511263.216301300,511263.236293000,0,
154,511263.230913800,0.000012000,0.020000000,0.020000000,511263.230925800,511263.250913800,0,
155,511263.247074900,0.000007000,0.020000000,0.020000000,511263.247081900,511263.267074900,0,
156,511263.279221200,0.000009600,0.020000000,0.020000000,511263.279230800,511263.299221200,0,
157,511263.294777800,0.000012700,0.020000000,0.020000000,511263.294790500,511263.314777800,0,
158,511263.318482500,0.000019900,0.020000000,0.020000000,511263.318502400,511263.338482500,0,
159,511263.326311800,0.000015900,0.020000000,0.020000000,511263.326327700,511263.346311800,0,
160,511263.356187100,0.000022400,0.020000000,0.020000000,511263.356209500,511263.376187100,0,
161,511263.372131100,0.000010700,0.020000000,0.020000000,511263.372141800,511263.392131100,0,
162,511263.387479100,0.000005300,0.020000000,0.020000000,511263.387484400,511263.407479100,0,
163,511263.418098400,0.000016800,0.020000000,0.020000000,511263.418115200,511263.438098400,0,
164,511263.433339900,0.000010900,0.020000000,0.020000000,511263.433350800,511263.453339900,0,
165,511263.449578100,0.000012800,0.020000000,0.020000000,511263.449590900,511263.469578100,0,
166,511263.480122800,0.000009000,0.020000000,0.020000000,511263.480131800,511263.500122800,0,
167,511263.496422200,0.000015700,0.020000000,0.020000000,511263.496437900,511263.516422200,0,
168,511263.511857700,0.000012600,0.020000000,0.020000000,511263.511870300,511263.531857700,0,
169,511263.527991900,0.000013900,0.020000000,0.020000000,511263.528005800,511263.547991900,0,
170,511263.559572300,0.000009900,0.020000000,0.020000000,511263.559582200,511263.579572300,0,
171,511263.575782800,0.000013700,0.020000000,0.020000000,511263.575796500,511263.595782800,0,
172,511263.592129000,0.000013400,0.020000000,0.020000000,511263.592142400,511263.612129000,0,
173,511263.606603800,0.000006900,0.020000000,0.020000000,511263.606610700,511263.626603800,0,
174,511263.637552100,0.000010700,0.020000000,0.020000000,511263.637562800,511263.657552100,0,
175,511263.653280800,0.000006700,0.020000000,0.020000000,511263.653287500,511263.673280800,0,
176,511263.669230000,0.000009800,0.020000000,0.020000000,511263.669239800,511263.689230000,0,
177,511263.699379300,0.000005900,0.020000000,0.020000000,511263.699385200,511263.719379300,0,
178,511263.714734100,0.000010900,0.020000000,0.020000000,511263.714745000,511263.734734100,0,
179,511263.730364100,0.000011800,0.020000000,0.020000000,511263.730375900,511263.750364100,0,
180,511263.746167700,0.000006600,0.020000000,0.020000000,511263.746174300,511263.766167700,0,
181,511263.777945400,0.000010200,0.020000000,0.020000000,511263.777955600,511263.797945400,0,
182,511263.793634400,0.000012600,0.020000000,0.020000000,511263.793647000,511263.813634400,0,
183,511263.810259400,0.000005100,0.020000000,0.020000000,511263.810264500,511263.830259400,0,
184,511263.839125300,0.000008200,0.020000000,0.020000000,511263.839133500,511263.859125300,0,
185,511263.855969200,0.000010500,0.020000000,0.020000000,511263.855979700,511263.875969200,0,
186,511263.871543100,0.000015300,0.020000000,0.020000000,511263.871558400,511263.891543100,0,
187,511263.886759400,0.000003800,0.020000000,0.020000000,511263.886763200,511263.906759400,0,
188,511263.917522300,0.000007900,0.020000000,0.020000000,511263.917530200,511263.937522300,0,
189,511263.933591400,0.000005400,0.020000000,0.020000000,511263.933596800,511263.953591400,0,
190,511263.949711300,0.000011100,0.020000000,0.020000000,511263.949722400,511263.969711300,0,
191,511263.965118200,0.000011600,0.020000000,0.020000000,511263.965129800,511263.985118200,0,
192,511263.995899600,0.000010200,0.020000000,0.020000000,511263.995909800,511264.015899600,0,
193,511264.010823400,0.000004900,0.020000000,0.020000000,511264.010828300,511264.030823400,0,
194,511264.026187800,0.000008100,0.020000000,0.020000000,511264.026195900,511264.046187800,0,
195,511264.058171500,0.000011400,0.020000000,0.020000000,511264.058182900,511264.078171500,0,
196,511264.073517900,0.000006000,0.020000000,0.020000000,511264.073523900,511264.093517900,0,
197,511264.088537100,0.000007200,0.020000000,0.020000000,511264.088544300,511264.108537100,0,
198,511264.119906300,0.000019700,0.020000000,0.020000000,511264.119926000,511264.139906300,0,
199,511264.135152400,0.000009000,0.020000000,0.020000000,511264.135161400,511264.155152400,0,
200,511264.150639500,0.000008100,0.020000000,0.020000000,511264.150647600,511264.170639500,0,
201,511264.166412900,0.000014000,0.020000000,0.020000000,511264.166426900,511264.186412900,0,
202,511264.196630100,0.000004900,0.020000000,0.020000000,511264.196635000,511264.216630100,0,
203,511264.211909700,0.000009000,0.020000000,0.020000000,511264.211918700,511264.231909700,0,
204,511264.228199600,0.000008500,0.020000000,0.020000000,511264.228208100,511264.248199600,0,
205,511264.259926700,0.000005300,0.020000000,0.020000000,511264.259932000,511264.279926700,0,
206,511264.275683400,0.000010400,0.020000000,0.020000000,511264.275693800,511264.295683400,0,
207,511264.291371600,0.000011700,0.020000000,0.020000000,511264.291383300,511264.311371600,0,
208,511264.307725000,0.000008700,0.020000000,0.020000000,511264.307733700,511264.327725000,0,
209,511264.339523900,0.000012700,0.020000000,0.020000000,511264.339536600,511264.359523900,0,
210,511264.355303600,0.000018800,0.020000000,0.020000000,511264.355322400,511264.375303600,0,
211,511264.371092000,0.000007000,0.020000000,0.020000000,511264.371099000,511264.391092000,0,
212,511264.385703100,0.000013600,0.020000000,0.020000000,511264.385716700,511264.405703100,0,
213,511264.417935300,0.000010600,0.020000000,0.020000000,511264.417945900,511264.437935300,0,
214,511264.433555800,0.000010100,0.020000000,0.020000000,511264.433565900,511264.453555800,0,
215,511264.449504700,0.000007800,0.020000000,0.020000000,511264.449512500,511264.469504700,0,
216,511264.479166500,0.000014400,0.020000000,0.020000000,511264.479180900,511264.499166500,0,
217,511264.495239400,0.000013200,0.020000000,0.020000000,511264.495252600,511264.515239400,0,
218,511264.511911900,0.000012000,0.020000000,0.020000000,511264.511923900,511264.531911900,0,
219,511264.527896500,0.000011700,0.020000000,0.020000000,511264.527908200,511264.547896500,0,
220,511264.558982000,0.000003900,0.020000000,0.020000000,511264.558985900,511264.578982000,0,
221,511264.573948300,0.000013200,0.020000000,0.020000000,511264.573961500,511264.593948300,0,
222,511264.589920700,0.000167900,0.020000000,0.020000000,511264.590088600,511264.609920700,0,
223,511264.605019000,0.000009300,0.020000000,0.020000000,511264.605028300,511264.625019000,0,
224,511264.636062500,0.000010200,0.020000000,0.020000000,511264.636072700,511264.656062500,0,
225,511264.651948300,0.000008200,0.020000000,0.020000000,511264.651956500,511264.671948300,0,
226,511264.666817800,0.000017000,0.020000000,0.020000000,511264.666834800,511264.686817800,0,
227,511264.696665100,0.000008100,0.020000000,0.020000000,511264.696673200,511264.716665100,0,
228,511264.712115300,0.000012600,0.020000000,0.020000000,511264.712127900,511264.732115300,0,
229,511264.728468300,0.000007300,0.020000000,0.020000000,511264.728475600,511264.748468300,0,
230,511264.758492600,0.000006800,0.020000000,0.020000000,511264.758499400,511264.778492600,0,
231,511264.774373000,0.000013400,0.020000000,0.020000000,511264.774386400,511264.794373000,0,
232,511264.790649800,0.000006600,0.020000000,0.020000000,511264.790656400,511264.810649800,0,
233,511264.806324700,0.000004000,0.020000000,0.020000000,511264.806328700,511264.826324700,0,
234,511264.837393900,0.000008000,0.020000000,0.020000000,511264.837401900,511264.857393900,0,
235,511264.852967900,0.000005500,0.020000000,0.020000000,511264.852973400,511264.872967900,0,
236,511264.867776500,0.000005100,0.020000000,0.020000000,511264.867781600,511264.887776500,0,
237,511264.899660500,0.000006100,0.020000000,0.020000000,511264.899666600,511264.919660500,0,
238,511264.914084300,0.000009500,0.020000000,0.020000000,511264.914093800,511264.934084300,0,
239,511264.929572800,0.000012100,0.020000000,0.020000000,511264.929584900,511264.949572800,0,
240,511264.960224200,0.000013800,0.020000000,0.020000000,511264.960238000,511264.980224200,0,
241,511264.975352800,0.000018600,0.020000000,0.020000000,511264.975371400,511264.995352800,0,
242,511264.991696500,0.000007200,0.020000000,0.020000000,511264.991703700,511265.011696500,0,
243,511265.007305200,0.000006800,0.020000000,0.020000000,511265.007312000,511265.027305200,0,
244,511265.038365200,0.000007600,0.020000000,0.020000000,511265.038372800,511265.058365200,0,
245,511265.054329200,0.000011900,0.020000000,0.020000000,511265.054341100,511265.074329200,0,
246,511265.069614600,0.000013300,0.020000000,0.020000000,511265.069627900,511265.089614600,0,
247,511265.101022900,0.000014200,0.020000000,0.020000000,511265.101037100,511265.121022900,0,
248,511265.115808200,0.000011300,0.020000000,0.020000000,511265.115819500,511265.135808200,0,
249,511265.130897700,0.000014100,0.020000000,0.020000000,511265.130911800,511265.150897700,0,
250,511265.146880400,0.000006400,0.020000000,0.020000000,511265.146886800,511265.166880400,0,
251,511265.178536400,0.000018300,0.020000000,0.020000000,511265.178554700,511265.198536400,0,
252,511265.194256200,0.000011000,0.020000000,0.020000000,511265.194267200,511265.214256200,0,
253,511265.209747500,0.000007400,0.020000000,0.020000000,511265.209754900,511265.229747500,0,
254,511265.225106400,0.000013000,0.020000000,0.020000000,511265.225119400,511265.245106400,0,
255,511265.256215100,0.000010800,0.020000000,0.020000000,511265.256225900,511265.276215100,0,
256,511265.271599100,0.000021000,0.020000000,0.020000000,511265.271620100,511265.291599100,0,
257,511265.287854600,0.000012700,0.020000000,0.020000000,511265.287867300,511265.307854600,0,
258,511265.317412300,0.000057200,0.020000000,0.020000000,511265.317469500,511265.337412300,0,
259,511265.333620600,0.000011700,0.020000000,0.020000000,511265.333632300,511265.353620600,0,
260,511265.349736400,0.000009000,0.020000000,0.020000000,511265.349745400,511265.369736400,0,
261,511265.364784300,0.000012100,0.020000000,0.020000000,511265.364796400,511265.384784300,0,
262,511265.395822300,0.000010000,0.020000000,0.020000000,511265.395832300,511265.415822300,0,
263,511265.411445900,0.000010900,0.020000000,0.020000000,511265.411456800,511265.431445900,0,
264,511265.427409900,0.000004000,0.020000000,0.020000000,511265.427413900,511265.447409900,0,
265,511265.459492200,0.000009200,0.020000000,0.020000000,511265.459501400,511265.479492200,0,
266,511265.475182000,0.000005700,0.020000000,0.020000000,511265.475187700,511265.495182000,0,
267,511265.490664700,0.000010000,0.020000000,0.020000000,511265.490674700,511265.510664700,0,
268,511265.506315600,0.000009000,0.020000000,0.020000000,511265.506324600,511265.526315600,0,
269,511265.537318900,0.000005300,0.020000000,0.020000000,511265.537324200,511265.557318900,0,
270,511265.552913100,0.000006300,0.020000000,0.020000000,511265.552919400,511265.572913100,0,
271,511265.567247800,0.000016500,0.020000000,0.020000000,511265.567264300,511265.587247800,0,
272,511265.597511800,0.000020400,0.020000000,0.020000000,511265.597532200,511265.617511800,0,
273,511265.614181200,0.000010300,0.020000000,0.020000000,511265.614191500,511265.634181200,0,
274,511265.629674800,0.000006700,0.020000000,0.020000000,511265.629681500,511265.649674800,0,
275,511265.660737700,0.000009000,0.020000000,0.020000000,511265.660746700,511265.680737700,0,
276,511265.676350000,0.000007800,0.020000000,0.020000000,511265.676357800,511265.696350000,0,
277,511265.691654300,0.000012900,0.020000000,0.020000000,511265.691667200,511265.711654300,0,
278,511265.708176800,0.000008300,0.020000000,0.020000000,511265.708185100,511265.728176800,0,
279,511265.739800400,0.000013900,0.020000000,0.020000000,511265.739814300,511265.759800400,0,
280,511265.756016100,0.000007700,0.020000000,0.020000000,511265.756023800,511265.776016100,0,
281,511265.771275000,0.000011300,0.020000000,0.020000000,511265.771286300,511265.791275000,0,
282,511265.786800300,0.000011100,0.020000000,0.020000000,511265.786811400,511265.806800300,0,
283,511265.818683300,0.000011800,0.020000000,0.020000000,511265.818695100,511265.838683300,0,
284,511265.834646300,0.000008700,0.020000000,0.020000000,511265.834655000,511265.854646300,0,
285,511265.849513700,0.000010600,0.020000000,0.020000000,511265.849524300,511265.869513700,0,
286,511265.880774800,0.000009200,0.020000000,0.020000000,511265.880784000,511265.900774800,0,
287,511265.896343000,0.000048100,0.020000000,0.020000000,511265.896391100,511265.916343000,0,
288,511265.912064400,0.000008300,0.020000000,0.020000000,511265.912072700,511265.932064400,0,
289,511265.927227700,0.000005500,0.020000000,0.020000000,511265.927233200,511265.947227700,0,
290,511265.957911600,0.000005700,0.020000000,0.020000000,511265.957917300,511265.977911600,0,
291,511265.973739200,0.000009400,0.020000000,0.020000000,511265.973748600,511265.993739200,0,
292,511265.988629300,0.000008600,0.020000000,0.020000000,511265.988637900,511266.008629300,0,
293,511266.019331400,0.000015800,0.020000000,0.020000000,511266.019347200,511266.039331400,0,
294,511266.034754000,0.000011700,0.020000000,0.020000000,511266.034765700,511266.054754000,0,
295,511266.050432600,0.000004100,0.020000000,0.020000000,511266.050436700,511266.070432600,0,
296,511266.065516300,0.000009500,0.020000000,0.020000000,511266.065525800,511266.085516300,0,
297,511266.097576800,0.000019700,0.020000000,0.020000000,511266.097596500,511266.117576800,0,
298,511266.112594000,0.000009800,0.020000000,0.020000000,511266.112603800,511266.132594000,0,
299,511266.127770900,0.000011300,0.020000000,0.020000000,511266.127782200,511266.147770900,0,
300,511266.159435000,0.000011900,0.020000000,0.020000000,511266.159446900,511266.179435000,0,
301,511266.175335400,0.000007400,0.020000000,0.020000000,511266.175342800,511266.195335400,0,
302,511266.190515600,0.000009300,0.020000000,0.020000000,511266.190524900,511266.210515600,0,
303,511266.205698400,0.000009200,0.020000000,0.020000000,511266.205707600,511266.225698400,0,
304,511266.236960300,0.000007100,0.020000000,0.020000000,511266.236967400,511266.256960300,0,
305,511266.252714600,0.000005300,0.020000000,0.020000000,511266.252719900,511266.272714600,0,
306,511266.268275100,0.000005000,0.020000000,0.020000000,511266.268280100,511266.288275100,0,
307,511266.298502400,0.000010800,0.020000000,0.020000000,511266.298513200,511266.318502400,0,
308,511266.313939600,0.000011100,0.020000000,0.020000000,511266.313950700,511266.333939600,0,
309,511266.329579100,0.000010000,0.020000000,0.020000000,511266.329589100,511266.349579100,0,
310,511266.360198000,0.000006400,0.020000000,0.020000000,511266.360204400,511266.380198000,0,
311,511266.376193800,0.000008800,0.020000000,0.020000000,511266.376202600,511266.396193800,0,
312,511266.391660100,0.000012800,0.020000000,0.020000000,511266.391672900,511266.411660100,0,
313,511266.408489200,0.000015900,0.020000000,0.020000000,511266.408505100,511266.428489200,0,
314,511266.438108000,0.000011500,0.020000000,0.020000000,511266.438119500,511266.458108000,0,
315,511266.454162800,0.000009900,0.020000000,0.020000000,511266.454172700,511266.474162800,0,
316,511266.469882500,0.000005200,0.020000000,0.020000000,511266.469887700,511266.489882500,0,
317,511266.485235600,0.000010000,0.020000000,0.020000000,511266.485245600,511266.505235600,0,
318,511266.516413500,0.000020100,0.020000000,0.020000000,511266.516433600,511266.536413500,0,
319,511266.530915100,0.000010800,0.020000000,0.020000000,511266.530925900,511266.550915100,0,
320,511266.546801800,0.000008300,0.020000000,0.020000000,511266.546810100,511266.566801800,0,
321,511266.578665700,0.000008100,0.020000000,0.020000000,511266.578673800,511266.598665700,0,
322,511266.594146300,0.000012600,0.020000000,0.020000000,511266.594158900,511266.614146300,0,
323,511266.610135700,0.000005600,0.020000000,0.020000000,511266.610141300,511266.630135700,0,
324,511266.625016900,0.000007300,0.020000000,0.020000000,511266.625024200,511266.645016900,0,
325,511266.655278300,0.000004900,0.020000000,0.020000000,511266.655283200,511266.675278300,0,
326,511266.670851500,0.000004700,0.020000000,0.020000000,511266.670856200,511266.690851500,0,
327,511266.686355200,0.000004100,0.020000000,0.020000000,511266.686359300,511266.706355200,0,
328,511266.718045400,0.000009600,0.020000000,0.020000000,511266.718055000,511266.738045400,0,
329,511266.733118100,0.000009600,0.020000000,0.020000000,511266.733127700,511266.753118100,0,
330,511266.749504700,0.000006500,0.020000000,0.020000000,511266.749511200,511266.769504700,0,
331,511266.779959200,0.000006600,0.020000000,0.020000000,511266.779965800,511266.799959200,0,
332,511266.794696700,0.000005900,0.020000000,0.020000000,511266.794702600,511266.814696700,0,
333,511266.809907800,0.000008000,0.020000000,0.020000000,511266.809915800,511266.829907800,0,
334,511266.825115800,0.000010500,0.020000000,0.020000000,511266.825126300,511266.845115800,0,
335,511266.856218400,0.000016200,0.020000000,0.020000000,511266.856234600,511266.876218400,0,
336,511266.871668800,0.000075300,0.020000000,0.020000000,511266.871744100,511266.891668800,0,
337,511266.887112000,0.000012000,0.020000000,0.020000000,511266.887124000,511266.907112000,0,
338,511266.919471200,0.000006200,0.020000000,0.020000000,511266.919477400,511266.939471200,0,
339,511266.934997800,0.000010800,0.020000000,0.020000000,511266.935008600,511266.954997800,0,
340,511266.950223400,0.000006600,0.020000000,0.020000000,511266.950230000,511266.970223400,0,
341,511266.965968100,0.000012100,0.020000000,0.020000000,511266.965980200,511266.985968100,0,
342,511266.996552700,0.000011000,0.020000000,0.020000000,511266.996563700,511267.016552700,0,
343,511267.012546900,0.000013000,0.020000000,0.020000000,511267.012559900,511267.032546900,0,
344,511267.028008400,0.000009600,0.020000000,0.020000000,511267.028018000,511267.048008400,0,
345,511267.059479200,0.000013500,0.020000000,0.020000000,511267.059492700,511267.079479200,0,
346,511267.074921600,0.000010700,0.020000000,0.020000000,511267.074932300,511267.094921600,0,
347,511267.090857200,0.000006900,0.020000000,0.020000000,511267.090864100,511267.110857200,0,
348,511267.106153700,0.000007000,0.020000000,0.020000000,511267.106160700,511267.126153700,0,
349,511267.137631900,0.000007700,0.020000000,0.020000000,511267.137639600,511267.157631900,0,
350,511267.152852700,0.000010600,0.020000000,0.020000000,511267.152863300,511267.172852700,0,
351,511267.169329000,0.000010300,0.020000000,0.020000000,511267.169339300,511267.189329000,0,
352,511267.200394300,0.000005400,0.020000000,0.020000000,511267.200399700,511267.220394300,0,
353,511267.214974000,0.000011600,0.020000000,0.020000000,511267.214985600,511267.234974000,0,
354,511267.230424200,0.000009500,0.020000000,0.020000000,511267.230433700,511267.250424200,0,
355,511267.245834400,0.000014000,0.020000000,0.020000000,511267.245848400,511267.265834400,0,
356,511267.277658100,0.000011500,0.020000000,0.020000000,511267.277669600,511267.297658100,0,
357,511267.293801400,0.000007500,0.020000000,0.020000000,511267.293808900,511267.313801400,0,
358,511267.309530800,0.000008800,0.020000000,0.020000000,511267.309539600,511267.329530800,0,
359,511267.340965700,0.000007400,0.020000000,0.020000000,511267.340973100,511267.360965700,0,
360,511267.356578700,0.000008500,0.020000000,0.020000000,511267.356587200,511267.376578700,0,
361,511267.372796100,0.000011400,0.020000000,0.020000000,511267.372807500,511267.392796100,0,
362,511267.387043300,0.000006500,0.020000000,0.020000000,511267.387049800,511267.407043300,0,
363,511267.417258000,0.000013000,0.020000000,0.020000000,511267.417271000,511267.437258000,0,
364,511267.432758600,0.000017400,0.020000000,0.020000000,511267.432776000,511267.452758600,0,
365,511267.448481000,0.000010100,0.020000000,0.020000000,511267.448491100,511267.468481000,0,
366,511267.478556500,0.000025200,0.020000000,0.020000000,511267.478581700,511267.498556500,0,
367,511267.494727000,0.000007200,0.020000000,0.020000000,511267.494734200,511267.514727000,0,
368,511267.510723900,0.000009900,0.020000000,0.020000000,511267.510733800,511267.530723900,0,
369,511267.526164500,0.000010900,0.020000000,0.020000000,511267.526175400,511267.546164500,0,
370,511267.556577800,0.000006200,0.020000000,0.020000000,511267.556584000,511267.576577800,0,
371,511267.572495600,0.000008100,0.020000000,0.020000000,511267.572503700,511267.592495600,0,
372,511267.587429100,0.000011100,0.020000000,0.020000000,511267.587440200,511267.607429100,0,
373,511267.618462400,0.000016900,0.020000000,0.020000000,511267.618479300,511267.638462400,0,
374,511267.634138600,0.000015500,0.020000000,0.020000000,511267.634154100,511267.654138600,0,
375,511267.649831900,0.000006000,0.020000000,0.020000000,511267.649837900,511267.669831900,0,
376,511267.664529700,0.000025200,0.020000000,0.020000000,511267.664554900,511267.684529700,0,
377,511267.694898900,0.000006600,0.020000000,0.020000000,511267.694905500,511267.714898900,0,
378,511267.710452400,0.000011000,0.020000000,0.020000000,511267.710463400,511267.730452400,0,
379,511267.726292500,0.000014300,0.020000000,0.020000000,511267.726306800,511267.746292500,0,
380,511267.757462500,0.000005600,0.020000000,0.020000000,511267.757468100,511267.777462500,0,
381,511267.772477500,0.000008300,0.020000000,0.020000000,511267.772485800,511267.792477500,0,
382,511267.787854100,0.000009400,0.020000000,0.020000000,511267.787863500,511267.807854100,0,
383,511267.819278500,0.000005500,0.020000000,0.020000000,511267.819284000,511267.839278500,0,
384,511267.834600800,0.000006900,0.020000000,0.020000000,511267.834607700,511267.854600800,0,
385,511267.849466200,0.000010700,0.020000000,0.020000000,511267.849476900,511267.869466200,0,
386,511267.880600300,0.000010700,0.020000000,0.020000000,511267.880611000,511267.900600300,0,
387,511267.896768600,0.000010000,0.020000000,0.020000000,511267.896778600,511267.916768600,0,
388,511267.911990700,0.000008500,0.020000000,0.020000000,511267.911999200,511267.931990700,0,
389,511267.927371200,0.000008400,0.020000000,0.020000000,511267.927379600,511267.947371200,0,
390,511267.958459900,0.000011900,0.020000000,0.020000000,511267.958471800,511267.978459900,0,
391,511267.973531200,0.000006300,0.020000000,0.020000000,511267.973537500,511267.993531200,0,
392,511267.988921500,0.000008800,0.020000000,0.020000000,511267.988930300,511268.008921500,0,
393,511268.019245200,0.000006200,0.020000000,0.020000000,511268.019251400,511268.039245200,0,
394,511268.034718300,0.000013300,0.020000000,0.020000000,511268.034731600,511268.054718300,0,
395,511268.050549700,0.000005600,0.020000000,0.020000000,511268.050555300,511268.070549700,0,
396,511268.066205100,0.000007500,0.020000000,0.020000000,511268.066212600,511268.086205100,0,
397,511268.096803700,0.000007300,0.020000000,0.020000000,511268.096811000,511268.116803700,0,
398,511268.112827300,0.000008200,0.020000000,0.020000000,511268.112835500,511268.132827300,0,
399,511268.128500800,0.000007900,0.020000000,0.020000000,511268.128508700,511268.148500800,0,
400,511268.159800600,0.000008000,0.020000000,0.020000000,511268.159808600,511268.179800600,0,
401,511268.174759700,0.000010800,0.020000000,0.020000000,511268.174770500,511268.194759700,0,
402,511268.190789100,0.000008400,0.020000000,0.020000000,511268.190797500,511268.210789100,0,
403,511268.206246400,0.000008400,0.020000000,0.020000000,511268.206254800,511268.226246400,0,
404,511268.237109600,0.000012800,0.020000000,0.020000000,511268.237122400,511268.257109600,0,
405,511268.252952300,0.000004700,0.020000000,0.020000000,511268.252957000,511268.272952300,0,
406,511268.269372700,0.000008900,0.020000000,0.020000000,511268.269381600,511268.289372700,0,
407,511268.299943300,0.000011000,0.020000000,0.020000000,511268.299954300,511268.319943300,0,
408,511268.315320700,0.000006300,0.020000000,0.020000000,511268.315327000,511268.335320700,0,
409,511268.330635200,0.000009000,0.020000000,0.020000000,511268.330644200,511268.350635200,0,
410,511268.346275600,0.000009000,0.020000000,0.020000000,511268.346284600,511268.366275600,0,
411,511268.377827800,0.000010100,0.020000000,0.020000000,511268.377837900,511268.397827800,0,
412,511268.393635800,0.000009700,0.020000000,0.020000000,511268.393645500,511268.413635800,0,
413,511268.410212400,0.000005300,0.020000000,0.020000000,511268.410217700,511268.430212400,0,
414,511268.424888600,0.000009600,0.020000000,0.020000000,511268.424898200,511268.444888600,0,
415,511268.455342000,0.000012100,0.020000000,0.020000000,511268.455354100,511268.475342000,0,
416,511268.471460400,0.000007500,0.020000000,0.020000000,511268.471467900,511268.491460400,0,
417,511268.487283400,0.000007900,0.020000000,0.020000000,511268.487291300,511268.507283400,0,
418,511268.518302100,0.000010800,0.020000000,0.020000000,511268.518312900,511268.538302100,0,
419,511268.533022900,0.000009800,0.020000000,0.020000000,511268.533032700,511268.553022900,0,
420,511268.548799700,0.000010700,0.020000000,0.020000000,511268.548810400,511268.568799700,0,
421,511268.579521600,0.000012600,0.020000000,0.020000000,511268.579534200,511268.599521600,0,
422,511268.596062700,0.000006000,0.020000000,0.020000000,511268.596068700,511268.616062700,0,
423,511268.610788000,0.000004400,0.020000000,0.020000000,511268.610792400,511268.630788000,0,
424,511268.626183000,0.000012200,0.020000000,0.020000000,511268.626195200,511268.646183000,0,
425,511268.657577200,0.000005900,0.020000000,0.020000000,511268.657583100,511268.677577200,0,
426,511268.673506300,0.000007500,0.020000000,0.020000000,511268.673513800,511268.693506300,0,
427,511268.689838200,0.000014400,0.020000000,0.020000000,511268.689852600,511268.709838200,0,
428,511268.705077900,0.000009600,0.020000000,0.020000000,511268.705087500,511268.725077900,0,
429,511268.736758700,0.000005800,0.020000000,0.020000000,511268.736764500,511268.756758700,0,
430,511268.752139800,0.000010200,0.020000000,0.020000000,511268.752150000,511268.772139800,0,
431,511268.768001100,0.000008500,0.020000000,0.020000000,511268.768009600,511268.788001100,0,
432,511268.799752300,0.000006100,0.020000000,0.020000000,511268.799758400,511268.819752300,0,
433,511268.814584200,0.000009300,0.020000000,0.020000000,511268.814593500,511268.834584200,0,
434,511268.829594700,0.000006700,0.020000000,0.020000000,511268.829601400,511268.849594700,0,
435,511268.860892000,0.000033100,0.020000000,0.020000000,511268.860925100,511268.880892000,0,
436,511268.876845700,0.000011500,0.020000000,0.020000000,511268.876857200,511268.896845700,0,
437,511268.893113100,0.000005800,0.020000000,0.020000000,511268.893118900,511268.913113100,0,
438,511268.908663700,0.000005200,0.020000000,0.020000000,511268.908668900,511268.928663700,0,
439,511268.939177100,0.000013700,0.020000000,0.020000000,511268.939190800,511268.959177100,0,
440,511268.955755300,0.000007200,0.020000000,0.020000000,511268.955762500,511268.975755300,0,
441,511268.971158100,0.000009400,0.020000000,0.020000000,511268.971167500,511268.991158100,0,
442,511268.986391700,0.000009100,0.020000000,0.020000000,511268.986400800,511269.006391700,0,
443,511269.018343500,0.000009600,0.020000000,0.020000000,511269.018353100,511269.038343500,0,
444,511269.033456400,0.000012400,0.020000000,0.020000000,511269.033468800,511269.053456400,0,
445,511269.049634100,0.000003900,0.020000000,0.020000000,511269.049638000,511269.069634100,0,
446,511269.080269400,0.000005300,0.020000000,0.020000000,511269.080274700,511269.100269400,0,
447,511269.095269200,0.000008000,0.020000000,0.020000000,511269.095277200,511269.115269200,0,
448,511269.110844500,0.000007500,0.020000000,0.020000000,511269.110852000,511269.130844500,0,
449,511269.125935700,0.000008000,0.020000000,0.020000000,511269.125943700,511269.145935700,0,
450,511269.156969100,0.000004600,0.020000000,0.020000000,511269.156973700,511269.176969100,0,
451,511269.172486000,0.000011400,0.020000000,0.020000000,511269.172497400,511269.192486000,0,
452,511269.188059100,0.000008000,0.020000000,0.020000000,511269.188067100,511269.208059100,0,
453,511269.219195300,0.000010200,0.020000000,0.020000000,511269.219205500,511269.239195300,0,
454,511269.234724600,0.000010400,0.020000000,0.020000000,511269.234735000,511269.254724600,0,
455,511269.250311000,0.000010600,0.020000000,0.020000000,511269.250321600,511269.270311000,0,
456,511269.266271400,0.000004300,0.020000000,0.020000000,511269.266275700,511269.286271400,0,
457,511269.296456900,0.000018800,0.020000000,0.020000000,511269.296475700,511269.316456900,0,
458,511269.311758200,0.000006800,0.020000000,0.020000000,511269.311765000,511269.331758200,0,
459,511269.327058800,0.000012600,0.020000000,0.020000000,511269.327071400,511269.347058800,0,
460,511269.357780700,0.000005300,0.020000000,0.020000000,511269.357786000,511269.377780700,0,
461,511269.373109400,0.000011100,0.020000000,0.020000000,511269.373120500,511269.393109400,0,
462,511269.389259900,0.000009900,0.020000000,0.020000000,511269.389269800,511269.409259900,0,
463,511269.419473400,0.000007100,0.020000000,0.020000000,511269.419480500,511269.439473400,0,
464,511269.434293100,0.000011500,0.020000000,0.020000000,511269.434304600,511269.454293100,0,
465,511269.450806400,0.000009100,0.020000000,0.020000000,511269.450815500,511269.470806400,0,
466,511269.466612900,0.000009600,0.020000000,0.020000000,511269.466622500,511269.486612900,0,
467,511269.497091000,0.000006400,0.020000000,0.020000000,511269.497097400,511269.517091000,0,
468,511269.512840400,0.000006700,0.020000000,0.020000000,511269.512847100,511269.532840400,0,
469,511269.527846300,0.000007100,0.020000000,0.020000000,511269.527853400,511269.547846300,0,
470,511269.559285000,0.000013100,0.020000000,0.020000000,511269.559298100,511269.579285000,0,
471,511269.575183600,0.000007600,0.020000000,0.020000000,511269.575191200,511269.595183600,0,
472,511269.590949200,0.000010400,0.020000000,0.020000000,511269.590959600,511269.610949200,0,
473,511269.606889300,0.000008500,0.020000000,0.020000000,511269.606897800,511269.626889300,0,
474,511269.637603900,0.000007700,0.020000000,0.020000000,511269.637611600,511269.657603900,0,
475,511269.653249000,0.000010700,0.020000000,0.020000000,511269.653259700,511269.673249000,0,
476,511269.669752700,0.000004600,0.020000000,0.020000000,511269.669757300,511269.689752700,0,
477,511269.685663300,0.000006100,0.020000000,0.020000000,511269.685669400,511269.705663300,0,
478,511269.716845100,0.000007900,0.020000000,0.020000000,511269.716853000,511269.736845100,0,
479,511269.731896700,0.000008400,0.020000000,0.020000000,511269.731905100,511269.751896700,0,
480,511269.747717100,0.000005900,0.020000000,0.020000000,511269.747723000,511269.767717100,0,
481,511269.779904700,0.000011000,0.020000000,0.020000000,511269.779915700,511269.799904700,0,
482,511269.795776100,0.000011100,0.020000000,0.020000000,511269.795787200,511269.815776100,0,
483,511269.811344300,0.000013900,0.020000000,0.020000000,511269.811358200,511269.831344300,0,
484,511269.826700200,0.000018100,0.020000000,0.020000000,511269.826718300,511269.846700200,0,
485,511269.857474700,0.000006200,0.020000000,0.020000000,511269.857480900,511269.877474700,0,
486,511269.872896200,0.000013700,0.020000000,0.020000000,511269.872909900,511269.892896200,0,
487,511269.887739200,0.000009200,0.020000000,0.020000000,511269.887748400,511269.907739200,0,
488,511269.918620400,0.000012200,0.020000000,0.020000000,511269.918632600,511269.938620400,0,
489,511269.933477300,0.000006800,0.020000000,0.020000000,511269.933484100,511269.953477300,0,
490,511269.949669800,0.000006900,0.020000000,0.020000000,511269.949676700,511269.969669800,0,
491,511269.979699600,0.000013900,0.020000000,0.020000000,511269.979713500,511269.999699600,0,
492,511269.995856900,0.000020400,0.020000000,0.020000000,511269.995877300,511270.015856900,0,
493,511270.011548000,0.000010500,0.020000000,0.020000000,511270.011558500,511270.031548000,0,
494,511270.026909300,0.000008900,0.020000000,0.020000000,511270.026918200,511270.046909300,0,
495,511270.057842100,0.000008700,0.020000000,0.020000000,511270.057850800,511270.077842100,0,
496,511270.073326600,0.000004500,0.020000000,0.020000000,511270.073331100,511270.093326600,0,
497,511270.089384500,0.000007300,0.020000000,0.020000000,511270.089391800,511270.109384500,0,
498,511270.120325300,0.000007200,0.020000000,0.020000000,511270.120332500,511270.140325300,0,
499,511270.135591000,0.000009700,0.020000000,0.020000000,511270.135600700,511270.155591000,0,
500,511270.151058800,0.000012700,0.020000000,0.020000000,511270.151071500,511270.171058800,0,
501,511270.166461100,0.000010100,0.020000000,0.020000000,511270.166471200,511270.186461100,0,
502,511270.196364800,0.000016600,0.020000000,0.020000000,511270.196381400,511270.216364800,0,
503,511270.212107400,0.000008000,0.020000000,0.020000000,511270.212115400,511270.232107400,0,
504,511270.227964900,0.000010900,0.020000000,0.020000000,511270.227975800,511270.247964900,0,
505,511270.259532800,0.000010500,0.020000000,0.020000000,511270.259543300,511270.279532800,0,
506,511270.275124300,0.000012800,0.020000000,0.020000000,511270.275137100,511270.295124300,0,
507,511270.290579500,0.000010500,0.020000000,0.020000000,511270.290590000,511270.310579500,0,
508,511270.305160500,0.000011800,0.020000000,0.020000000,511270.305172300,511270.325160500,0,
509,511270.336343200,0.000017200,0.020000000,0.020000000,511270.336360400,511270.356343200,0,
510,511270.352010800,0.000009900,0.020000000,0.020000000,511270.352020700,511270.372010800,0,
511,511270.367874400,0.000013100,0.020000000,0.020000000,511270.367887500,511270.387874400,0,
512,511270.398531100,0.000012800,0.020000000,0.020000000,511270.398543900,511270.418531100,0,
513,511270.414592200,0.000014000,0.020000000,0.020000000,511270.414606200,511270.434592200,0,
514,511270.430269600,0.000013300,0.020000000,0.020000000,511270.430282900,511270.450269600,0,
515,511270.445759100,0.000016500,0.020000000,0.020000000,511270.445775600,511270.465759100,0,
516,511270.477619700,0.000011900,0.020000000,0.020000000,511270.477631600,511270.497619700,0,
517,511270.492572700,0.000011900,0.020000000,0.020000000,511270.492584600,511270.512572700,0,
518,511270.509302000,0.000010300,0.020000000,0.020000000,511270.509312300,511270.529302000,0,
519,511270.540692100,0.000007700,0.020000000,0.020000000,511270.540699800,511270.560692100,0,
520,511270.556034100,0.000014300,0.020000000,0.020000000,511270.556048400,511270.576034100,0,
521,511270.571430000,0.000016700,0.020000000,0.020000000,511270.571446700,511270.591430000,0,
522,511270.587522200,0.000011200,0.020000000,0.020000000,511270.587533400,511270.607522200,0,
523,511270.617476700,0.000009000,0.020000000,0.020000000,511270.617485700,511270.637476700,0,
524,511270.632832500,0.000011600,0.020000000,0.020000000,511270.632844100,511270.652832500,0,
525,511270.648187300,0.000010100,0.020000000,0.020000000,511270.648197400,511270.668187300,0,
526,511270.679712000,0.000018300,0.020000000,0.020000000,511270.679730300,511270.699712000,0,
527,511270.695222600,0.000014400,0.020000000,0.020000000,511270.695237000,511270.715222600,0,
528,511270.710786300,0.000007800,0.020000000,0.020000000,511270.710794100,511270.730786300,0,
529,511270.726113000,0.000020000,0.020000000,0.020000000,511270.726133000,511270.746113000,0,
530,511270.758038000,0.000012200,0.020000000,0.020000000,511270.758050200,511270.778038000,0,
531,511270.773699500,0.000013600,0.020000000,0.020000000,511270.773713100,511270.793699500,0,
532,511270.789679100,0.000011800,0.020000000,0.020000000,511270.789690900,511270.809679100,0,
533,511270.820616800,0.000018100,0.020000000,0.020000000,511270.820634900,511270.840616800,0,
534,511270.836370100,0.000006400,0.020000000,0.020000000,511270.836376500,511270.856370100,0,
535,511270.852605400,0.000011700,0.020000000,0.020000000,511270.852617100,511270.872605400,0,
536,511270.868812800,0.000019000,0.020000000,0.020000000,511270.868831800,511270.888812800,0,
537,511270.898138800,0.000019300,0.020000000,0.020000000,511270.898158100,511270.918138800,0,
538,511270.913548900,0.000010000,0.020000000,0.020000000,511270.913558900,511270.933548900,0,
539,511270.929608600,0.000012800,0.020000000,0.020000000,511270.929621400,511270.949608600,0,
540,511270.960659700,0.000013500,0.020000000,0.020000000,511270.960673200,511270.980659700,0,
541,511270.976920600,0.000020400,0.020000000,0.020000000,511270.976941000,511270.996920600,0,
542,511270.991639700,0.000022900,0.020000000,0.020000000,511270.991662600,511271.011639700,0,
543,511271.007431600,0.000017800,0.020000000,0.020000000,511271.007449400,511271.027431600,0,
544,511271.037123600,0.000015800,0.020000000,0.020000000,511271.037139400,511271.057123600,0,
545,511271.052915400,0.000019400,0.020000000,0.020000000,511271.052934800,511271.072915400,0,
546,511271.069579700,0.000018800,0.020000000,0.020000000,511271.069598500,511271.089579700,0,
547,511271.100796300,0.000015500,0.020000000,0.020000000,511271.100811800,511271.120796300,0,
548,511271.116426900,0.000007700,0.020000000,0.020000000,511271.116434600,511271.136426900,0,
549,511271.131147200,0.000022500,0.020000000,0.020000000,511271.131169700,511271.151147200,0,
550,511271.146664300,0.000014600,0.020000000,0.020000000,511271.146678900,511271.166664300,0,
551,511271.178473200,0.000011700,0.020000000,0.020000000,511271.178484900,511271.198473200,0,
552,511271.195062900,0.000018200,0.020000000,0.020000000,511271.195081100,511271.215062900,0,
553,511271.210847500,0.000014400,0.020000000,0.020000000,511271.210861900,511271.230847500,0,
554,511271.225418600,0.000016000,0.020000000,0.020000000,511271.225434600,511271.245418600,0,
555,511271.256039100,0.000026600,0.020000000,0.020000000,511271.256065700,511271.276039100,0,
556,511271.280674600,0.000019500,0.020000000,0.020000000,511271.280694100,511271.300674600,0,
557,511271.286436100,0.000013300,0.020000000,0.020000000,511271.286449400,511271.306436100,0,
558,511271.317755400,0.000013600,0.020000000,0.020000000,511271.317769000,511271.337755400,0,
559,511271.333744000,0.000016100,0.020000000,0.020000000,511271.333760100,511271.353744000,0,
560,511271.350226000,0.000013300,0.020000000,0.020000000,511271.350239300,511271.370226000,0,
561,511271.380439700,0.000077000,0.020000000,0.020000000,511271.380516700,511271.400439700,0,
562,511271.396075600,0.000029600,0.020000000,0.020000000,511271.396105200,511271.416075600,0,
563,511271.411744200,0.000009200,0.020000000,0.020000000,511271.411753400,511271.431744200,0,
564,511271.427477100,0.000016200,0.020000000,0.020000000,511271.427493300,511271.447477100,0,
565,511271.459094600,0.000015700,0.020000000,0.020000000,511271.459110300,511271.479094600,0,
566,511271.474291200,0.000056900,0.020000000,0.020000000,511271.474348100,511271.494291200,0,
567,511271.490579900,0.000017700,0.020000000,0.020000000,511271.490597600,511271.510579900,0,
568,511271.506634300,0.000015500,0.020000000,0.020000000,511271.506649800,511271.526634300,0,
569,511271.536698700,0.000032900,0.020000000,0.020000000,511271.536731600,511271.556698700,0,
570,511271.552614600,0.000058200,0.020000000,0.020000000,511271.552672800,511271.572614600,0,
571,511271.568526900,0.000014900,0.020000000,0.020000000,511271.568541800,511271.588526900,0,
572,511271.599369700,0.000010800,0.020000000,0.020000000,511271.599380500,511271.619369700,0,
573,511271.614760100,0.000018400,0.020000000,0.020000000,511271.614778500,511271.634760100,0,
574,511271.629469000,0.000009600,0.020000000,0.020000000,511271.629478600,511271.649469000,0,
575,511271.660419100,0.000019000,0.020000000,0.020000000,511271.660438100,511271.680419100,0,
576,511271.675890600,0.000005900,0.020000000,0.020000000,511271.675896500,511271.695890600,0,
577,511271.691066700,0.000009400,0.020000000,0.020000000,511271.691076100,511271.711066700,0,
578,511271.706362200,0.000010400,0.020000000,0.020000000,511271.706372600,511271.726362200,0,
579,511271.737346100,0.000009700,0.020000000,0.020000000,511271.737355800,511271.757346100,0,
580,511271.753256100,0.000006300,0.020000000,0.020000000,511271.753262400,511271.773256100,0,
581,511271.768436700,0.000007000,0.020000000,0.020000000,511271.768443700,511271.788436700,0,
582,511271.800618400,0.000010300,0.020000000,0.020000000,511271.800628700,511271.820618400,0,
583,511271.816189600,0.000007800,0.020000000,0.020000000,511271.816197400,511271.836189600,0,
584,511271.832089800,0.000013100,0.020000000,0.020000000,511271.832102900,511271.852089800,0,
585,511271.847097000,0.000017500,0.020000000,0.020000000,511271.847114500,511271.867097000,0,
586,511271.878804700,0.000017500,0.020000000,0.020000000,511271.878822200,511271.898804700,0,
587,511271.894135600,0.000014100,0.020000000,0.020000000,511271.894149700,511271.914135600,0,
588,511271.910232200,0.000007900,0.020000000,0.020000000,511271.910240100,511271.930232200,0,
589,511271.925032600,0.000025100,0.020000000,0.020000000,511271.925057700,511271.945032600,0,
590,511271.956024500,0.000012400,0.020000000,0.020000000,511271.956036900,511271.976024500,0,
591,511271.971549600,0.000018900,0.020000000,0.020000000,511271.971568500,511271.991549600,0,
592,511271.986892800,0.000007900,0.020000000,0.020000000,511271.986900700,511272.006892800,0,
593,511272.018369500,0.000010500,0.020000000,0.020000000,511272.018380000,511272.038369500,0,
594,511272.033578500,0.000011500,0.020000000,0.020000000,511272.033590000,511272.053578500,0,
595,511272.049834400,0.000005900,0.020000000,0.020000000,511272.049840300,511272.069834400,0,
596,511272.064975600,0.000008400,0.020000000,0.020000000,511272.064984000,511272.084975600,0,
597,511272.096016300,0.000006600,0.020000000,0.020000000,511272.096022900,511272.116016300,0,
598,511272.110927200,0.000010900,0.020000000,0.020000000,511272.110938100,511272.130927200,0,
599,511272.126736700,0.000008000,0.020000000,0.020000000,511272.126744700,511272.146736700,0,
600,511272.158471300,0.000008700,0.020000000,0.020000000,511272.158480000,511272.178471300,0,
601,511272.174196100,0.000004900,0.020000000,0.020000000,511272.174201000,511272.194196100,0,
602,511272.189944000,0.000007700,0.020000000,0.020000000,511272.189951700,511272.209944000,0,
603,511272.204909200,0.000009700,0.020000000,0.020000000,511272.204918900,511272.224909200,0,
604,511272.236556600,0.000012900,0.020000000,0.020000000,511272.236569500,511272.256556600,0,
605,511272.252354700,0.000010100,0.020000000,0.020000000,511272.252364800,511272.272354700,0,
606,511272.268516000,0.000006400,0.020000000,0.020000000,511272.268522400,511272.288516000,0,
607,511272.299991600,0.000010900,0.020000000,0.020000000,511272.300002500,511272.319991600,0,
608,511272.314754800,0.000008600,0.020000000,0.020000000,511272.314763400,511272.334754800,0,
609,511272.331250000,0.000016500,0.020000000,0.020000000,511272.331266500,511272.351250000,0,
610,511272.346353100,0.000006700,0.020000000,0.020000000,511272.346359800,511272.366353100,0,
611,511272.376900500,0.000007300,0.020000000,0.020000000,511272.376907800,511272.396900500,0,
612,511272.391829200,0.000013100,0.020000000,0.020000000,511272.391842300,511272.411829200,0,
613,511272.407105100,0.000012200,0.020000000,0.020000000,511272.407117300,511272.427105100,0,
614,511272.438309000,0.000008000,0.020000000,0.020000000,511272.438317000,511272.458309000,0,
615,511272.453927000,0.000011400,0.020000000,0.020000000,511272.453938400,511272.473927000,0,
616,511272.469875100,0.000010900,0.020000000,0.020000000,511272.469886000,511272.489875100,0,
617,511272.485657200,0.000010600,0.020000000,0.020000000,511272.485667800,511272.505657200,0,
618,511272.516433700,0.000013400,0.020000000,0.020000000,511272.516447100,511272.536433700,0,
619,511272.532182500,0.000007600,0.020000000,0.020000000,511272.532190100,511272.552182500,0,
620,511272.547957300,0.000009000,0.020000000,0.020000000,511272.547966300,511272.567957300,0,
621,511272.579274400,0.000013800,0.020000000,0.020000000,511272.579288200,511272.599274400,0,
622,511272.595100100,0.000013100,0.020000000,0.020000000,511272.595113200,511272.615100100,0,
623,511272.611173300,0.000006900,0.020000000,0.020000000,511272.611180200,511272.631173300,0,
624,511272.627066500,0.000007100,0.020000000,0.020000000,511272.627073600,511272.647066500,0,
625,511272.657228200,0.000007100,0.020000000,0.020000000,511272.657235300,511272.677228200,0,
626,511272.672403900,0.000010400,0.020000000,0.020000000,511272.672414300,511272.692403900,0,
627,511272.688355400,0.000005300,0.020000000,0.020000000,511272.688360700,511272.708355400,0,
628,511272.719296700,0.000019700,0.020000000,0.020000000,511272.719316400,511272.739296700,0,
629,511272.734881000,0.000062900,0.020000000,0.020000000,511272.734943900,511272.754881000,0,
630,511272.750173100,0.000014200,0.020000000,0.020000000,511272.750187300,511272.770173100,0,
631,511272.765326500,0.000017200,0.020000000,0.020000000,511272.765343700,511272.785326500,0,
632,511272.796806300,0.000008500,0.020000000,0.020000000,511272.796814800,511272.816806300,0,
633,511272.812334400,0.000009900,0.020000000,0.020000000,511272.812344300,511272.832334400,0,
634,511272.828404000,0.000006400,0.020000000,0.020000000,511272.828410400,511272.848404000,0,
635,511272.858691600,0.000005800,0.020000000,0.020000000,511272.858697400,511272.878691600,0,
636,511272.874307900,0.000012500,0.020000000,0.020000000,511272.874320400,511272.894307900,0,
637,511272.890671100,0.000008200,0.020000000,0.020000000,511272.890679300,511272.910671100,0,
638,511272.907162600,0.000010200,0.020000000,0.020000000,511272.907172800,511272.927162600,0,
639,511272.937116400,0.000008000,0.020000000,0.020000000,511272.937124400,511272.957116400,0,
640,511272.952546400,0.000009800,0.020000000,0.020000000,511272.952556200,511272.972546400,0,
641,511272.968620100,0.000008000,0.020000000,0.020000000,511272.968628100,511272.988620100,0,
642,511272.999567200,0.000013000,0.020000000,0.020000000,511272.999580200,511273.019567200,0,
643,511273.014819200,0.000008900,0.020000000,0.020000000,511273.014828100,511273.034819200,0,
644,511273.030848700,0.000007100,0.020000000,0.020000000,511273.030855800,511273.050848700,0,
645,511273.046229400,0.000011600,0.020000000,0.020000000,511273.046241000,511273.066229400,0,
646,511273.077899600,0.000011900,0.020000000,0.020000000,511273.077911500,511273.097899600,0,
647,511273.094079700,0.000004500,0.020000000,0.020000000,511273.094084200,511273.114079700,0,
648,511273.109761400,0.000008200,0.020000000,0.020000000,511273.109769600,511273.129761400,0,
649,511273.125843800,0.000005800,0.020000000,0.020000000,511273.125849600,511273.145843800,0,
650,511273.158132000,0.000008300,0.020000000,0.020000000,511273.158140300,511273.178132000,0,
651,511273.173433900,0.000008500,0.020000000,0.020000000,511273.173442400,511273.193433900,0,
652,511273.189400200,0.000009500,0.020000000,0.020000000,511273.189409700,511273.209400200,0,
653,511273.219437900,0.000010600,0.020000000,0.020000000,511273.219448500,511273.239437900,0,
654,511273.234766800,0.000009800,0.020000000,0.020000000,511273.234776600,511273.254766800,0,
655,511273.249607600,0.000010500,0.020000000,0.020000000,511273.249618100,511273.269607600,0,
656,511273.280526200,0.000011000,0.020000000,0.020000000,511273.280537200,511273.300526200,0,
657,511273.295982100,0.000009400,0.020000000,0.020000000,511273.295991500,511273.315982100,0,
658,511273.310630000,0.000010300,0.020000000,0.020000000,511273.310640300,511273.330630000,0,
659,511273.326053600,0.000006300,0.020000000,0.020000000,511273.326059900,511273.346053600,0,
660,511273.356205200,0.000004700,0.020000000,0.020000000,511273.356209900,511273.376205200,0,
661,511273.371524100,0.000010200,0.020000000,0.020000000,511273.371534300,511273.391524100,0,
662,511273.387035900,0.000005300,0.020000000,0.020000000,511273.387041200,511273.407035900,0,
663,511273.418066200,0.000014600,0.020000000,0.020000000,511273.418080800,511273.438066200,0,
664,511273.433631900,0.000015400,0.020000000,0.020000000,511273.433647300,511273.453631900,0,
665,511273.449291900,0.000010300,0.020000000,0.020000000,511273.449302200,511273.469291900,0,
666,511273.479658300,0.000007600,0.020000000,0.020000000,511273.479665900,511273.499658300,0,
667,511273.495551500,0.000010700,0.020000000,0.020000000,511273.495562200,511273.515551500,0,
668,511273.510984000,0.000004200,0.020000000,0.020000000,511273.510988200,511273.530984000,0,
669,511273.526352100,0.000010000,0.020000000,0.020000000,511273.526362100,511273.546352100,0,
670,511273.557287800,0.000005400,0.020000000,0.020000000,511273.557293200,511273.577287800,0,
671,511273.572595100,0.000010000,0.020000000,0.020000000,511273.572605100,511273.592595100,0,
672,511273.588482300,0.000005000,0.020000000,0.020000000,511273.588487300,511273.608482300,0,
673,511273.619321700,0.000009100,0.020000000,0.020000000,511273.619330800,511273.639321700,0,
674,511273.634370800,0.000006900,0.020000000,0.020000000,511273.634377700,511273.654370800,0,
675,511273.649466900,0.000009200,0.020000000,0.020000000,511273.649476100,511273.669466900,0,
676,511273.680537500,0.000004500,0.020000000,0.020000000,511273.680542000,511273.700537500,0,
677,511273.696294900,0.000004900,0.020000000,0.020000000,511273.696299800,511273.716294900,0,
678,511273.711672800,0.000009000,0.020000000,0.020000000,511273.711681800,511273.731672800,0,
679,511273.727513500,0.000010200,0.020000000,0.020000000,511273.727523700,511273.747513500,0,
680,511273.759802000,0.000009500,0.020000000,0.020000000,511273.759811500,511273.779802000,0,
681,511273.776016900,0.000007800,0.020000000,0.020000000,511273.776024700,511273.796016900,0,
682,511273.790947800,0.000008700,0.020000000,0.020000000,511273.790956500,511273.810947800,0,
683,511273.806530700,0.000007500,0.020000000,0.020000000,511273.806538200,511273.826530700,0,
684,511273.836679100,0.000010400,0.020000000,0.020000000,511273.836689500,511273.856679100,0,
685,511273.852291000,0.000005000,0.020000000,0.020000000,511273.852296000,511273.872291000,0,
686,511273.867744400,0.000004600,0.020000000,0.020000000,511273.867749000,511273.887744400,0,
687,511273.898318900,0.000012900,0.020000000,0.020000000,511273.898331800,511273.918318900,0,
688,511273.914164700,0.000009900,0.020000000,0.020000000,511273.914174600,511273.934164700,0,
689,511273.929953900,0.000009400,0.020000000,0.020000000,511273.929963300,511273.949953900,0,
690,511273.945258800,0.000010000,0.020000000,0.020000000,511273.945268800,511273.965258800,0,
691,511273.977118500,0.000007900,0.020000000,0.020000000,511273.977126400,511273.997118500,0,
692,511273.992795300,0.000010500,0.020000000,0.020000000,511273.992805800,511274.012795300,0,
693,511274.008396500,0.000008500,0.020000000,0.020000000,511274.008405000,511274.028396500,0,
694,511274.039673500,0.000011000,0.020000000,0.020000000,511274.039684500,511274.059673500,0,
695,511274.054869200,0.000018500,0.020000000,0.020000000,511274.054887700,511274.074869200,0,
696,511274.070478500,0.000010400,0.020000000,0.020000000,511274.070488900,511274.090478500,0,
697,511274.086246300,0.000007100,0.020000000,0.020000000,511274.086253400,511274.106246300,0,
698,511274.116514400,0.000012600,0.020000000,0.020000000,511274.116527000,511274.136514400,0,
699,511274.131413400,0.000007300,0.020000000,0.020000000,511274.131420700,511274.151413400,0,
700,511274.146865000,0.000012600,0.020000000,0.020000000,511274.146877600,511274.166865000,0,
701,511274.179413300,0.000014000,0.020000000,0.020000000,511274.179427300,511274.199413300,0,
702,511274.194951900,0.000012300,0.020000000,0.020000000,511274.194964200,511274.214951900,0,
703,511274.210814000,0.000006400,0.020000000,0.020000000,511274.210820400,511274.230814000,0,
704,511274.227033900,0.000011000,0.020000000,0.020000000,511274.227044900,511274.247033900,0,
705,511274.256828400,0.000012800,0.020000000,0.020000000,511274.256841200,511274.276828400,0,
706,511274.272545500,0.000010700,0.020000000,0.020000000,511274.272556200,511274.292545500,0,
707,511274.288307900,0.000008800,0.020000000,0.020000000,511274.288316700,511274.308307900,0,
708,511274.319381700,0.000009500,0.020000000,0.020000000,511274.319391200,511274.339381700,0,
709,511274.334661300,0.000007200,0.020000000,0.020000000,511274.334668500,511274.354661300,0,
710,511274.349793000,0.000008600,0.020000000,0.020000000,511274.349801600,511274.369793000,0,
711,511274.365403800,0.000008900,0.020000000,0.020000000,511274.365412700,511274.385403800,0,
712,511274.396503300,0.000009200,0.020000000,0.020000000,511274.396512500,511274.416503300,0,
713,511274.411876700,0.000014200,0.020000000,0.020000000,511274.411890900,511274.431876700,0,
714,511274.427367300,0.000009700,0.020000000,0.020000000,511274.427377000,511274.447367300,0,
715,511274.459569200,0.000012900,0.020000000,0.020000000,511274.459582100,511274.479569200,0,
716,511274.475064300,0.000010200,0.020000000,0.020000000,511274.475074500,511274.495064300,0,
717,511274.491184000,0.000011000,0.020000000,0.020000000,511274.491195000,511274.511184000,0,
718,511274.506471900,0.000008000,0.020000000,0.020000000,511274.506479900,511274.526471900,0,
719,511274.537794200,0.000011700,0.020000000,0.020000000,511274.537805900,511274.557794200,0,
720,511274.552837500,0.000014500,0.020000000,0.020000000,511274.552852000,511274.572837500,0,
721,511274.568115700,0.000015500,0.020000000,0.020000000,511274.568131200,511274.588115700,0,
722,511274.600142700,0.000013500,0.020000000,0.020000000,511274.600156200,511274.620142700,0,
723,511274.615990800,0.000010100,0.020000000,0.020000000,511274.616000900,511274.635990800,0,
724,511274.631268000,0.000014700,0.020000000,0.020000000,511274.631282700,511274.651268000,0,
725,511274.647109000,0.000019100,0.020000000,0.020000000,511274.647128100,511274.667109000,0,
726,511274.677121800,0.000006300,0.020000000,0.020000000,511274.677128100,511274.697121800,0,
727,511274.692105200,0.000011500,0.020000000,0.020000000,511274.692116700,511274.712105200,0,
728,511274.707517700,0.000009900,0.020000000,0.020000000,511274.707527600,511274.727517700,0,
729,511274.738874700,0.000009300,0.020000000,0.020000000,511274.738884000,511274.758874700,0,
730,511274.754001400,0.000011000,0.020000000,0.020000000,511274.754012400,511274.774001400,0,
731,511274.769972000,0.000006400,0.020000000,0.020000000,511274.769978400,511274.789972000,0,
732,511274.785277200,0.000018200,0.020000000,0.020000000,511274.785295400,511274.805277200,0,
733,511274.816307100,0.000008800,0.020000000,0.020000000,511274.816315900,511274.836307100,0,
734,511274.831662300,0.000018200,0.020000000,0.020000000,511274.831680500,511274.851662300,0,
735,511274.848082300,0.000011100,0.020000000,0.020000000,511274.848093400,511274.868082300,0,
736,511274.878417500,0.000008800,0.020000000,0.020000000,511274.878426300,511274.898417500,0,
737,511274.894697900,0.000018500,0.020000000,0.020000000,511274.894716400,511274.914697900,0,
738,511274.910341300,0.000009900,0.020000000,0.020000000,511274.910351200,511274.930341300,0,
739,511274.925889700,0.000011500,0.020000000,0.020000000,511274.925901200,511274.945889700,0,
740,511274.956551600,0.000009600,0.020000000,0.020000000,511274.956561200,511274.976551600,0,
741,511274.971590600,0.000011100,0.020000000,0.020000000,511274.971601700,511274.991590600,0,
742,511274.987300300,0.000016000,0.020000000,0.020000000,511274.987316300,511275.007300300,0,
743,511275.019776200,0.000016200,0.020000000,0.020000000,511275.019792400,511275.039776200,0,
744,511275.035089900,0.000007900,0.020000000,0.020000000,511275.035097800,511275.055089900,0,
745,511275.049960400,0.000005800,0.020000000,0.020000000,511275.049966200,511275.069960400,0,
746,511275.065984800,0.000011400,0.020000000,0.020000000,511275.065996200,511275.085984800,0,
747,511275.096600800,0.000010900,0.020000000,0.020000000,511275.096611700,511275.116600800,0,
748,511275.111599100,0.000010200,0.020000000,0.020000000,511275.111609300,511275.131599100,0,
749,511275.127755300,0.000006300,0.020000000,0.020000000,511275.127761600,511275.147755300,0,
750,511275.159530300,0.000021200,0.020000000,0.020000000,511275.159551500,511275.179530300,0,
751,511275.175023900,0.000017200,0.020000000,0.020000000,511275.175041100,511275.195023900,0,
752,511275.190973900,0.000014000,0.020000000,0.020000000,511275.190987900,511275.210973900,0,
753,511275.206308700,0.000016600,0.020000000,0.020000000,511275.206325300,511275.226308700,0,
754,511275.236627700,0.000011900,0.020000000,0.020000000,511275.236639600,511275.256627700,0,
755,511275.251736900,0.000020600,0.020000000,0.020000000,511275.251757500,511275.271736900,0,
756,511275.267997900,0.000023700,0.020000000,0.020000000,511275.268021600,511275.287997900,0,
757,511275.300712400,0.000022400,0.020000000,0.020000000,511275.300734800,511275.320712400,0,
758,511275.314739900,0.000022800,0.020000000,0.020000000,511275.314762700,511275.334739900,0,
759,511275.332051000,0.000019700,0.020000000,0.020000000,511275.332070700,511275.352051000,0,
760,511275.345869900,0.000155400,0.020000000,0.020000000,511275.346025300,511275.365869900,0,
761,511275.376198700,0.000023200,0.020000000,0.020000000,511275.376221900,511275.396198700,0,
762,511275.391255700,0.000021100,0.020000000,0.020000000,511275.391276800,511275.411255700,0,
763,511275.406868300,0.000023200,0.020000000,0.020000000,511275.406891500,511275.426868300,0,
764,511275.438015900,0.000026100,0.020000000,0.020000000,511275.438042000,511275.458015900,0,
765,511275.452149100,0.000024500,0.020000000,0.020000000,511275.452173600,511275.472149100,0,
766,511275.467811800,0.000021800,0.020000000,0.020000000,511275.467833600,511275.487811800,0,
767,511275.499587600,0.000032200,0.020000000,0.020000000,511275.499619800,511275.519587600,0,
768,511275.515661100,0.000015600,0.020000000,0.020000000,511275.515676700,511275.535661100,0,
769,511275.531056100,0.000018600,0.020000000,0.020000000,511275.531074700,511275.551056100,0,
770,511275.546999600,0.000015600,0.020000000,0.020000000,511275.547015200,511275.566999600,0,
771,511275.577059700,0.000090600,0.020000000,0.020000000,511275.577150300,511275.597059700,0,
772,511275.593412800,0.000014500,0.020000000,0.020000000,511275.593427300,511275.613412800,0,
773,511275.608513500,0.000009900,0.020000000,0.020000000,511275.608523400,511275.628513500,0,
774,511275.640581800,0.000020200,0.020000000,0.020000000,511275.640602000,511275.660581800,0,
775,511275.655404200,0.000017400,0.020000000,0.020000000,511275.655421600,511275.675404200,0,
776,511275.670657900,0.000015200,0.020000000,0.020000000,511275.670673100,511275.690657900,0,
777,511275.686572700,0.000017200,0.020000000,0.020000000,511275.686589900,511275.706572700,0,
778,511275.716446100,0.000011600,0.020000000,0.020000000,511275.716457700,511275.736446100,0,
779,511275.731569600,0.000027700,0.020000000,0.020000000,511275.731597300,511275.751569600,0,
780,511275.747589700,0.000010700,0.020000000,0.020000000,511275.747600400,511275.767589700,0,
781,511275.779363300,0.000020800,0.020000000,0.020000000,511275.779384100,511275.799363300,0,
782,511275.795100800,0.000017400,0.020000000,0.020000000,511275.795118200,511275.815100800,0,
783,511275.811722100,0.000014900,0.020000000,0.020000000,511275.811737000,511275.831722100,0,
784,511275.825219700,0.000012700,0.020000000,0.020000000,511275.825232400,511275.845219700,0,
785,511275.856810800,0.000018600,0.020000000,0.020000000,511275.856829400,511275.876810800,0,
786,511275.872533200,0.000014800,0.020000000,0.020000000,511275.872548000,511275.892533200,0,
787,511275.888565300,0.000011400,0.020000000,0.020000000,511275.888576700,511275.908565300,0,
788,511275.920217800,0.000006300,0.020000000,0.020000000,511275.920224100,511275.940217800,0,
789,511275.936209300,0.000022000,0.020000000,0.020000000,511275.936231300,511275.956209300,0,
790,511275.951882100,0.000017100,0.020000000,0.020000000,511275.951899200,511275.971882100,0,
791,511275.967736600,0.000012100,0.020000000,0.020000000,511275.967748700,511275.987736600,0,
792,511275.997860600,0.000013000,0.020000000,0.020000000,511275.997873600,511276.017860600,0,
793,511276.013245200,0.000015600,0.020000000,0.020000000,511276.013260800,511276.033245200,0,
794,511276.027686000,0.000024000,0.020000000,0.020000000,511276.027710000,511276.047686000,0,
795,511276.059795800,0.000006500,0.020000000,0.020000000,511276.059802300,511276.079795800,0,
796,511276.075120000,0.000017100,0.020000000,0.020000000,511276.075137100,511276.095120000,0,
797,511276.090466600,0.000018700,0.020000000,0.020000000,511276.090485300,511276.110466600,0,
798,511276.105257400,0.000006900,0.020000000,0.020000000,511276.105264300,511276.125257400,0,
799,511276.135524700,0.000008900,0.020000000,0.020000000,511276.135533600,511276.155524700,0,
800,511276.151627300,0.000010700,0.020000000,0.020000000,511276.151638000,511276.171627300,0,
801,511276.166892900,0.000013800,0.020000000,0.020000000,511276.166906700,511276.186892900,0,
802,511276.197902500,0.000011400,0.020000000,0.020000000,511276.197913900,511276.217902500,0,
803,511276.213951100,0.000020600,0.020000000,0.020000000,511276.213971700,511276.233951100,0,
804,511276.229346700,0.000019000,0.020000000,0.020000000,511276.229365700,511276.249346700,0,
805,511276.260400100,0.000010300,0.020000000,0.020000000,511276.260410400,511276.280400100,0,
806,511276.275270400,0.000010500,0.020000000,0.020000000,511276.275280900,511276.295270400,0,
807,511276.290331900,0.000010700,0.020000000,0.020000000,511276.290342600,511276.310331900,0,
808,511276.305456200,0.000012600,0.020000000,0.020000000,511276.305468800,511276.325456200,0,
809,511276.335615500,0.000012300,0.020000000,0.020000000,511276.335627800,511276.355615500,0,
810,511276.351417600,0.000010600,0.020000000,0.020000000,511276.351428200,511276.371417600,0,
811,511276.367242800,0.000015300,0.020000000,0.020000000,511276.367258100,511276.387242800,0,
812,511276.398056600,0.000017800,0.020000000,0.020000000,511276.398074400,511276.418056600,0,
813,511276.413431800,0.000011000,0.020000000,0.020000000,511276.413442800,511276.433431800,0,
814,511276.429597200,0.000019300,0.020000000,0.020000000,511276.429616500,511276.449597200,0,
815,511276.460906700,0.000007800,0.020000000,0.020000000,511276.460914500,511276.480906700,0,
816,511276.476342200,0.000007700,0.020000000,0.020000000,511276.476349900,511276.496342200,0,
817,511276.490806100,0.000013600,0.020000000,0.020000000,511276.490819700,511276.510806100,0,
818,511276.507137900,0.000016700,0.020000000,0.020000000,511276.507154600,511276.527137900,0,
819,511276.539241500,0.000010900,0.020000000,0.020000000,511276.539252400,511276.559241500,0,
820,511276.555506000,0.000006200,0.020000000,0.020000000,511276.555512200,511276.575506000,0,
821,511276.571077000,0.000018100,0.020000000,0.020000000,511276.571095100,511276.591077000,0,
822,511276.586536100,0.000010700,0.020000000,0.020000000,511276.586546800,511276.606536100,0,
823,511276.617461500,0.000019100,0.020000000,0.020000000,511276.617480600,511276.637461500,0,
824,511276.632240800,0.000013400,0.020000000,0.020000000,511276.632254200,511276.652240800,0,
825,511276.647815100,0.000009700,0.020000000,0.020000000,511276.647824800,511276.667815100,0,
826,511276.679654600,0.000010800,0.020000000,0.020000000,511276.679665400,511276.699654600,0,
827,511276.695251700,0.000009900,0.020000000,0.020000000,511276.695261600,511276.715251700,0,
828,511276.710862300,0.000008800,0.020000000,0.020000000,511276.710871100,511276.730862300,0,
829,511276.725869400,0.000013000,0.020000000,0.020000000,511276.725882400,511276.745869400,0,
830,511276.756895300,0.000010300,0.020000000,0.020000000,511276.756905600,511276.776895300,0,
831,511276.773206800,0.000010200,0.020000000,0.020000000,511276.773217000,511276.793206800,0,
832,511276.789448500,0.000007900,0.020000000,0.020000000,511276.789456400,511276.809448500,0,
833,511276.819430100,0.000011200,0.020000000,0.020000000,511276.819441300,511276.839430100,0,
834,511276.834796600,0.000006200,0.020000000,0.020000000,511276.834802800,511276.854796600,0,
835,511276.850542500,0.000014500,0.020000000,0.020000000,511276.850557000,511276.870542500,0,
836,511276.866799200,0.000009300,0.020000000,0.020000000,511276.866808500,511276.886799200,0,
837,511276.898176400,0.000015000,0.020000000,0.020000000,511276.898191400,511276.918176400,0,
838,511276.914239500,0.000016700,0.020000000,0.020000000,511276.914256200,511276.934239500,0,
839,511276.929632700,0.000022500,0.020000000,0.020000000,511276.929655200,511276.949632700,0,
840,511276.960628000,0.000005000,0.020000000,0.020000000,511276.960633000,511276.980628000,0,
841,511276.976544800,0.000022700,0.020000000,0.020000000,511276.976567500,511276.996544800,0,
842,511276.991053000,0.000015600,0.020000000,0.020000000,511276.991068600,511277.011053000,0,
843,511277.007441400,0.000018400,0.020000000,0.020000000,511277.007459800,511277.027441400,0,
844,511277.037876600,0.000011200,0.020000000,0.020000000,511277.037887800,511277.057876600,0,
845,511277.053853500,0.000014000,0.020000000,0.020000000,511277.053867500,511277.073853500,0,
846,511277.069609400,0.000012300,0.020000000,0.020000000,511277.069621700,511277.089609400,0,
847,511277.085516000,0.000011200,0.020000000,0.020000000,511277.085527200,511277.105516000,0,
848,511277.117447700,0.000019600,0.020000000,0.020000000,511277.117467300,511277.137447700,0,
849,511277.132792800,0.000010200,0.020000000,0.020000000,511277.132803000,511277.152792800,0,
850,511277.148285800,0.000017900,0.020000000,0.020000000,511277.148303700,511277.168285800,0,
851,511277.179151200,0.000024200,0.020000000,0.020000000,511277.179175400,511277.199151200,0,
852,511277.194466500,0.000017800,0.020000000,0.020000000,511277.194484300,511277.214466500,0,
853,511277.210067000,0.000008800,0.020000000,0.020000000,511277.210075800,511277.230067000,0,
854,511277.226085600,0.000014300,0.020000000,0.020000000,511277.226099900,511277.246085600,0,
855,511277.258068900,0.000011900,0.020000000,0.020000000,511277.258080800,511277.278068900,0,
856,511277.273191100,0.000016200,0.020000000,0.020000000,511277.273207300,511277.293191100,0,
857,511277.288814700,0.000011600,0.020000000,0.020000000,511277.288826300,511277.308814700,0,
858,511277.319650800,0.000021900,0.020000000,0.020000000,511277.319672700,511277.339650800,0,
859,511277.334489200,0.000015300,0.020000000,0.020000000,511277.334504500,511277.354489200,0,
860,511277.350434300,0.000008600,0.020000000,0.020000000,511277.350442900,511277.370434300,0,
861,511277.365894200,0.000013500,0.020000000,0.020000000,511277.365907700,511277.385894200,0,
862,511277.396756500,0.000085600,0.020000000,0.020000000,511277.396842100,511277.416756500,0,
863,511277.412719300,0.000012400,0.020000000,0.020000000,511277.412731700,511277.432719300,0,
864,511277.427419200,0.000019900,0.020000000,0.020000000,511277.427439100,511277.447419200,0,
865,511277.460338600,0.000018300,0.020000000,0.020000000,511277.460356900,511277.480338600,0,
866,511277.475579400,0.000019800,0.020000000,0.020000000,511277.475599200,511277.495579400,0,
867,511277.490776300,0.000012100,0.020000000,0.020000000,511277.490788400,511277.510776300,0,
868,511277.507254200,0.000017700,0.020000000,0.020000000,511277.507271900,511277.527254200,0,
869,511277.538960400,0.000016200,0.020000000,0.020000000,511277.538976600,511277.558960400,0,
870,511277.554808500,0.000012900,0.020000000,0.020000000,511277.554821400,511277.574808500,0,
871,511277.569324000,0.000018200,0.020000000,0.020000000,511277.569342200,511277.589324000,0,
872,511277.600416900,0.000015000,0.020000000,0.020000000,511277.600431900,511277.620416900,0,
873,511277.615948600,0.000013000,0.020000000,0.020000000,511277.615961600,511277.635948600,0,
874,511277.631437400,0.000016100,0.020000000,0.020000000,511277.631453500,511277.651437400,0,
875,511277.647925000,0.000010500,0.020000000,0.020000000,511277.647935500,511277.667925000,0,
876,511277.679096300,0.000021600,0.020000000,0.020000000,511277.679117900,511277.699096300,0,
877,511277.694904900,0.000013500,0.020000000,0.020000000,511277.694918400,511277.714904900,0,
878,511277.710663200,0.000016100,0.020000000,0.020000000,511277.710679300,511277.730663200,0,
879,511277.725131400,0.000018400,0.020000000,0.020000000,511277.725149800,511277.745131400,0,
880,511277.757098000,0.000015500,0.020000000,0.020000000,511277.757113500,511277.777098000,0,
881,511277.771919400,0.000018100,0.020000000,0.020000000,511277.771937500,511277.791919400,0,
882,511277.787771600,0.000022200,0.020000000,0.020000000,511277.787793800,511277.807771600,0,
883,511277.819231600,0.000017100,0.020000000,0.020000000,511277.819248700,511277.839231600,0,
884,511277.835269700,0.000017000,0.020000000,0.020000000,511277.835286700,511277.855269700,0,
885,511277.851984600,0.000023200,0.020000000,0.020000000,511277.852007800,511277.871984600,0,
886,511277.866861100,0.000015300,0.020000000,0.020000000,511277.866876400,511277.886861100,0,
887,511277.897030400,0.000015600,0.020000000,0.020000000,511277.897046000,511277.917030400,0,
888,511277.912936900,0.000014400,0.020000000,0.020000000,511277.912951300,511277.932936900,0,
889,511277.928260400,0.000016700,0.020000000,0.020000000,511277.928277100,511277.948260400,0,
890,511277.958861900,0.000008900,0.020000000,0.020000000,511277.958870800,511277.978861900,0,
891,511277.975324100,0.000010900,0.020000000,0.020000000,511277.975335000,511277.995324100,0,
892,511277.990651500,0.000017300,0.020000000,0.020000000,511277.990668800,511278.010651500,0,
893,511278.006870000,0.000011700,0.020000000,0.020000000,511278.006881700,511278.026870000,0,
894,511278.038041000,0.000014300,0.020000000,0.020000000,511278.038055300,511278.058041000,0,
895,511278.053801500,0.000027300,0.020000000,0.020000000,511278.053828800,511278.073801500,0,
896,511278.069736300,0.000021100,0.020000000,0.020000000,511278.069757400,511278.089736300,0,
897,511278.085585700,0.000016700,0.020000000,0.020000000,511278.085602400,511278.105585700,0,
898,511278.117408500,0.000043400,0.020000000,0.020000000,511278.117451900,511278.137408500,0,
899,511278.133025800,0.000025800,0.020000000,0.020000000,511278.133051600,511278.153025800,0,
900,511278.149488400,0.000016100,0.020000000,0.020000000,511278.149504500,511278.169488400,0,
901,511278.179513700,0.000015900,0.020000000,0.020000000,511278.179529600,511278.199513700,0,
902,511278.194929800,0.000016200,0.020000000,0.020000000,511278.194946000,511278.214929800,0,
903,511278.211157600,0.000017600,0.020000000,0.020000000,511278.211175200,511278.231157600,0,
904,511278.226427800,0.000013900,0.020000000,0.020000000,511278.226441700,511278.246427800,0,
905,511278.258488200,0.000005900,0.020000000,0.020000000,511278.258494100,511278.278488200,0,
906,511278.273758600,0.000017700,0.020000000,0.020000000,511278.273776300,511278.293758600,0,
907,511278.288312600,0.000012400,0.020000000,0.020000000,511278.288325000,511278.308312600,0,
908,511278.319701500,0.000012600,0.020000000,0.020000000,511278.319714100,511278.339701500,0,
909,511278.334771400,0.000020100,0.020000000,0.020000000,511278.334791500,511278.354771400,0,
910,511278.349959900,0.000011900,0.020000000,0.020000000,511278.349971800,511278.369959900,0,
911,511278.365784400,0.000019400,0.020000000,0.020000000,511278.365803800,511278.385784400,0,
912,511278.397340600,0.000024000,0.020000000,0.020000000,511278.397364600,511278.417340600,0,
913,511278.412691300,0.000019800,0.020000000,0.020000000,511278.412711100,511278.432691300,0,
914,511278.428659400,0.000011600,0.020000000,0.020000000,511278.428671000,511278.448659400,0,
915,511278.461084500,0.000013100,0.020000000,0.020000000,511278.461097600,511278.481084500,0,
916,511278.474239000,0.000017800,0.020000000,0.020000000,511278.474256800,511278.494239000,0,
917,511278.490800900,0.000012300,0.020000000,0.020000000,511278.490813200,511278.510800900,0,
918,511278.505816500,0.000006100,0.020000000,0.020000000,511278.505822600,511278.525816500,0,
919,511278.536833900,0.000007600,0.020000000,0.020000000,511278.536841500,511278.556833900,0,
920,511278.551997000,0.000012600,0.020000000,0.020000000,511278.552009600,511278.571997000,0,
921,511278.567089700,0.000015400,0.020000000,0.020000000,511278.567105100,511278.587089700,0,
922,511278.598745900,0.000022600,0.020000000,0.020000000,511278.598768500,511278.618745900,0,
923,511278.613998700,0.000017000,0.020000000,0.020000000,511278.614015700,511278.633998700,0,
924,511278.629908400,0.000011600,0.020000000,0.020000000,511278.629920000,511278.649908400,0,
925,511278.645657100,0.000019400,0.020000000,0.020000000,511278.645676500,511278.665657100,0,
926,511278.677387600,0.000021800,0.020000000,0.020000000,511278.677409400,511278.697387600,0,
927,511278.693561300,0.000017700,0.020000000,0.020000000,511278.693579000,511278.713561300,0,
928,511278.709863200,0.000016100,0.020000000,0.020000000,511278.709879300,511278.729863200,0,
929,511278.725220500,0.000012200,0.020000000,0.020000000,511278.725232700,511278.745220500,0,
930,511278.757291200,0.000016600,0.020000000,0.020000000,511278.757307800,511278.777291200,0,
931,511278.772631100,0.000011700,0.020000000,0.020000000,511278.772642800,511278.792631100,0,
932,511278.788035700,0.000015400,0.020000000,0.020000000,511278.788051100,511278.808035700,0,
933,511278.819919900,0.000024000,0.020000000,0.020000000,511278.819943900,511278.839919900,0,
934,511278.834808800,0.000019100,0.020000000,0.020000000,511278.834827900,511278.854808800,0,
935,511278.850764800,0.000013800,0.020000000,0.020000000,511278.850778600,511278.870764800,0,
936,511278.865850500,0.000079400,0.020000000,0.020000000,511278.865929900,511278.885850500,0,
937,511278.897428300,0.000023400,0.020000000,0.020000000,511278.897451700,511278.917428300,0,
938,511278.912162800,0.000013300,0.020000000,0.020000000,511278.912176100,511278.932162800,0,
939,511278.927716000,0.000019600,0.020000000,0.020000000,511278.927735600,511278.947716000,0,
940,511278.957817800,0.000020500,0.020000000,0.020000000,511278.957838300,511278.977817800,0,
941,511278.973936500,0.000024000,0.020000000,0.020000000,511278.973960500,511278.993936500,0,
942,511278.990013900,0.000010100,0.020000000,0.020000000,511278.990024000,511279.010013900,0,
943,511279.005189700,0.000015100,0.020000000,0.020000000,511279.005204800,511279.025189700,0,
944,511279.036692400,0.000012100,0.020000000,0.020000000,511279.036704500,511279.056692400,0,
945,511279.051860600,0.000022500,0.020000000,0.020000000,511279.051883100,511279.071860600,0,
946,511279.067093700,0.000006900,0.020000000,0.020000000,511279.067100600,511279.087093700,0,
947,511279.098936900,0.000022900,0.020000000,0.020000000,511279.098959800,511279.118936900,0,
948,511279.113492800,0.000075000,0.020000000,0.020000000,511279.113567800,511279.133492800,0,
949,511279.129395700,0.000022000,0.020000000,0.020000000,511279.129417700,511279.149395700,0,
950,511279.145609300,0.000020200,0.020000000,0.020000000,511279.145629500,511279.165609300,0,
951,511279.176685100,0.000017500,0.020000000,0.020000000,511279.176702600,511279.196685100,0,
952,511279.191427800,0.000021300,0.020000000,0.020000000,511279.191449100,511279.211427800,0,
953,511279.208363500,0.000021300,0.020000000,0.020000000,511279.208384800,511279.228363500,0,
954,511279.237855800,0.000013600,0.020000000,0.020000000,511279.237869400,511279.257855800,0,
955,511279.253247300,0.000013400,0.020000000,0.020000000,511279.253260700,511279.273247300,0,
956,511279.270601400,0.000017000,0.020000000,0.020000000,511279.270618400,511279.290601400,0,
957,511279.299938000,0.000014500,0.020000000,0.020000000,511279.299952500,511279.319938000,0,
958,511279.315081200,0.000013500,0.020000000,0.020000000,511279.315094700,511279.335081200,0,
959,511279.331059400,0.000009100,0.020000000,0.020000000,511279.331068500,511279.351059400,0,
960,511279.346043400,0.000020700,0.020000000,0.020000000,511279.346064100,511279.366043400,0,
961,511279.378242900,0.000016800,0.020000000,0.020000000,511279.378259700,511279.398242900,0,
962,511279.394050500,0.000012300,0.020000000,0.020000000,511279.394062800,511279.414050500,0,
963,511279.409485700,0.000021300,0.020000000,0.020000000,511279.409507000,511279.429485700,0,
964,511279.441242600,0.000012200,0.020000000,0.020000000,511279.441254800,511279.461242600,0,
965,511279.456926800,0.000008000,0.020000000,0.020000000,511279.456934800,511279.476926800,0,
966,511279.472709600,0.000019500,0.020000000,0.020000000,511279.472729100,511279.492709600,0,
967,511279.487642700,0.000020300,0.020000000,0.020000000,511279.487663000,511279.507642700,0,
968,511279.518029000,0.000053400,0.020000000,0.020000000,511279.518082400,511279.538029000,0,
969,511279.533752000,0.000302900,0.020000000,0.020000000,511279.534054900,511279.553752000,0,
970,511279.549301700,0.000020400,0.020000000,0.020000000,511279.549322100,511279.569301700,0,
971,511279.579920600,0.000015200,0.020000000,0.020000000,511279.579935800,511279.599920600,0,
972,511279.595514000,0.000017700,0.020000000,0.020000000,511279.595531700,511279.615514000,0,
973,511279.611464200,0.000030500,0.020000000,0.020000000,511279.611494700,511279.631464200,0,
974,511279.627513600,0.000017700,0.020000000,0.020000000,511279.627531300,511279.647513600,0,
975,511279.658460500,0.000018200,0.020000000,0.020000000,511279.658478700,511279.678460500,0,
976,511279.674077700,0.000017800,0.020000000,0.020000000,511279.674095500,511279.694077700,0,
977,511279.691275800,0.000024100,0.020000000,0.020000000,511279.691299900,511279.711275800,0,
978,511279.706311400,0.000024900,0.020000000,0.020000000,511279.706336300,511279.726311400,0,
979,511279.737205800,0.000013500,0.020000000,0.020000000,511279.737219300,511279.757205800,0,
980,511279.752172500,0.000024800,0.020000000,0.020000000,511279.752197300,511279.772172500,0,
981,511279.768706600,0.000014700,0.020000000,0.020000000,511279.768721300,511279.788706600,0,
982,511279.800139900,0.000016400,0.020000000,0.020000000,511279.800156300,511279.820139900,0,
983,511279.814669100,0.000034800,0.020000000,0.020000000,511279.814703900,511279.834669100,0,
984,511279.831247800,0.000025400,0.020000000,0.020000000,511279.831273200,511279.851247800,0,
985,511279.846130400,0.000026100,0.020000000,0.020000000,511279.846156500,511279.866130400,0,
986,511279.877851000,0.000015400,0.020000000,0.020000000,511279.877866400,511279.897851000,0,
987,511279.893118400,0.000020000,0.020000000,0.020000000,511279.893138400,511279.913118400,0,
988,511279.908791900,0.000011200,0.020000000,0.020000000,511279.908803100,511279.928791900,0,
989,511279.924156700,0.000018900,0.020000000,0.020000000,511279.924175600,511279.944156700,0,
990,511279.955956000,0.000024100,0.020000000,0.020000000,511279.955980100,511279.975956000,0,
991,511279.971215400,0.000022100,0.020000000,0.020000000,511279.971237500,511279.991215400,0,
992,511279.987510500,0.000022600,0.020000000,0.020000000,511279.987533100,511280.007510500,0,
993,511280.018504400,0.000018200,0.020000000,0.020000000,511280.018522600,511280.038504400,0,
994,511280.033693600,0.000022000,0.020000000,0.020000000,511280.033715600,511280.053693600,0,
995,511280.049631900,0.000018300,0.020000000,0.020000000,511280.049650200,511280.069631900,0,
996,511280.080806100,0.000022500,0.020000000,0.020000000,511280.080828600,511280.100806100,0,
997,511280.096500900,0.000019800,0.020000000,0.020000000,511280.096520700,511280.116500900,0,
998,511280.111808400,0.000016400,0.020000000,0.020000000,511280.111824800,511280.131808400,0,
999,511280.128394600,0.000012400,0.020000000,0.020000000,511280.128407000,511280.148394600,0,
1000,511280.159867200,0.000027000,0.020000000,0.020000000,511280.159894200,511280.179867200,0,
1001,511280.174983200,0.000022500,0.020000000,0.020000000,511280.175005700,511280.194983200,0,
1002,511280.191153100,0.000020600,0.020000000,0.020000000,511280.191173700,511280.211153100,0,
1003,511280.207333000,0.000020400,0.020000000,0.020000000,511280.207353400,511280.227333000,0,
1004,511280.238714700,0.000021800,0.020000000,0.020000000,511280.238736500,511280.258714700,0,
1005,511280.252425900,0.000026200,0.020000000,0.020000000,511280.252452100,511280.272425900,0,
1006,511280.267948900,0.000023100,0.020000000,0.020000000,511280.267972000,511280.287948900,0,
1007,511280.299679600,0.000017200,0.020000000,0.020000000,511280.299696800,511280.319679600,0,
1008,511280.314589900,0.000010500,0.020000000,0.020000000,511280.314600400,511280.334589900,0,
1009,511280.330208200,0.000025600,0.020000000,0.020000000,511280.330233800,511280.350208200,0,
1010,511280.346094500,0.000012900,0.020000000,0.020000000,511280.346107400,511280.366094500,0,
1011,511280.376833900,0.000020300,0.020000000,0.020000000,511280.376854200,511280.396833900,0,
1012,511280.391191000,0.000020200,0.020000000,0.020000000,511280.391211200,511280.411191000,0,
1013,511280.408410900,0.000018000,0.020000000,0.020000000,511280.408428900,511280.428410900,0,
1014,511280.438618000,0.000023700,0.020000000,0.020000000,511280.438641700,511280.458618000,0,
1015,511280.453570900,0.000061400,0.020000000,0.020000000,511280.453632300,511280.473570900,0,
1016,511280.469751700,0.000019600,0.020000000,0.020000000,511280.469771300,511280.489751700,0,
1017,511280.485234600,0.000019400,0.020000000,0.020000000,511280.485254000,511280.505234600,0,
1018,511280.515617500,0.000022300,0.020000000,0.020000000,511280.515639800,511280.535617500,0,
1019,511280.532100100,0.000020100,0.020000000,0.020000000,511280.532120200,511280.552100100,0,
1020,511280.562632500,0.000016300,0.020000000,0.020000000,511280.562648800,511280.582632500,0,
1021,511280.577073500,0.000025000,0.020000000,0.020000000,511280.577098500,511280.597073500,0,
1022,511280.594020700,0.000028700,0.020000000,0.020000000,511280.594049400,511280.614020700,0,
1023,511280.611623000,0.000020200,0.020000000,0.020000000,511280.611643200,511280.631623000,0,
1024,511280.641247500,0.000027500,0.020000000,0.020000000,511280.641275000,511280.661247500,0,
1025,511280.656513000,0.000009400,0.020000000,0.020000000,511280.656522400,511280.676513000,0,
1026,511280.671544300,0.000013200,0.020000000,0.020000000,511280.671557500,511280.691544300,0,
1027,511280.687214100,0.000014200,0.020000000,0.020000000,511280.687228300,511280.707214100,0,
1028,511280.718276600,0.000026000,0.020000000,0.020000000,511280.718302600,511280.738276600,0,
1029,511280.733011700,0.000020700,0.020000000,0.020000000,511280.733032400,511280.753011700,0,
1030,511280.748510400,0.000016500,0.020000000,0.020000000,511280.748526900,511280.768510400,0,
1031,511280.780571200,0.000020000,0.020000000,0.020000000,511280.780591200,511280.800571200,0,
1032,511280.795485100,0.000027100,0.020000000,0.020000000,511280.795512200,511280.815485100,0,
1033,511280.812087200,0.000015600,0.020000000,0.020000000,511280.812102800,511280.832087200,0,
1034,511280.826621900,0.000025000,0.020000000,0.020000000,511280.826646900,511280.846621900,0,
1035,511280.859084000,0.000021500,0.020000000,0.020000000,511280.859105500,511280.879084000,0,
1036,511280.873486500,0.000022200,0.020000000,0.020000000,511280.873508700,511280.893486500,0,
1037,511280.889336300,0.000020900,0.020000000,0.020000000,511280.889357200,511280.909336300,0,
1038,511280.921021700,0.000019600,0.020000000,0.020000000,511280.921041300,511280.941021700,0,
1039,511280.934949500,0.000022100,0.020000000,0.020000000,511280.934971600,511280.954949500,0,
1040,511280.950698200,0.000018100,0.020000000,0.020000000,511280.950716300,511280.970698200,0,
1041,511280.966708800,0.000022900,0.020000000,0.020000000,511280.966731700,511280.986708800,0,
1042,511280.998490700,0.000023200,0.020000000,0.020000000,511280.998513900,511281.018490700,0,
1043,511281.012415200,0.000031800,0.020000000,0.020000000,511281.012447000,511281.032415200,0,
1044,511281.028863100,0.000022100,0.020000000,0.020000000,511281.028885200,511281.048863100,0,
1045,511281.061206100,0.000030600,0.020000000,0.020000000,511281.061236700,511281.081206100,0,
1046,511281.075268400,0.000018000,0.020000000,0.020000000,511281.075286400,511281.095268400,0,
1047,511281.090873500,0.000022900,0.020000000,0.020000000,511281.090896400,511281.110873500,0,
1048,511281.106014400,0.000023500,0.020000000,0.020000000,511281.106037900,511281.126014400,0,
1049,511281.137162300,0.000019800,0.020000000,0.020000000,511281.137182100,511281.157162300,0,
1050,511281.153525900,0.000014000,0.020000000,0.020000000,511281.153539900,511281.173525900,0,
1051,511281.169775200,0.000015300,0.020000000,0.020000000,511281.169790500,511281.189775200,0,
1052,511281.185834300,0.000030200,0.020000000,0.020000000,511281.185864500,511281.205834300,0,
1053,511281.216607200,0.000016700,0.020000000,0.020000000,511281.216623900,511281.236607200,0,
1054,511281.231556300,0.000017600,0.020000000,0.020000000,511281.231573900,511281.251556300,0,
1055,511281.248068400,0.000018600,0.020000000,0.020000000,511281.248087000,511281.268068400,0,
1056,511281.280112600,0.000023700,0.020000000,0.020000000,511281.280136300,511281.300112600,0,
1057,511281.295282400,0.000021500,0.020000000,0.020000000,511281.295303900,511281.315282400,0,
1058,511281.311543100,0.000055000,0.020000000,0.020000000,511281.311598100,511281.331543100,0,
1059,511281.326064600,0.000019900,0.020000000,0.020000000,511281.326084500,511281.346064600,0,
1060,511281.356112600,0.000018100,0.020000000,0.020000000,511281.356130700,511281.376112600,0,
1061,511281.371128400,0.000028500,0.020000000,0.020000000,511281.371156900,511281.391128400,0,
1062,511281.386661500,0.000014000,0.020000000,0.020000000,511281.386675500,511281.406661500,0,
1063,511281.418297300,0.000019800,0.020000000,0.020000000,511281.418317100,511281.438297300,0,
1064,511281.434483200,0.000022600,0.020000000,0.020000000,511281.434505800,511281.454483200,0,
1065,511281.450058200,0.000025500,0.020000000,0.020000000,511281.450083700,511281.470058200,0,
1066,511281.465526300,0.000022800,0.020000000,0.020000000,511281.465549100,511281.485526300,0,
1067,511281.497538100,0.000019500,0.020000000,0.020000000,511281.497557600,511281.517538100,0,
1068,511281.512959600,0.000017700,0.020000000,0.020000000,511281.512977300,511281.532959600,0,
1069,511281.529746300,0.000022100,0.020000000,0.020000000,511281.529768400,511281.549746300,0,
1070,511281.544978100,0.000025200,0.020000000,0.020000000,511281.545003300,511281.564978100,0,
1071,511281.575155300,0.000022200,0.020000000,0.020000000,511281.575177500,511281.595155300,0,
1072,511281.590933500,0.000018400,0.020000000,0.020000000,511281.590951900,511281.610933500,0,
1073,511281.606372800,0.000006700,0.020000000,0.020000000,511281.606379500,511281.626372800,0,
1074,511281.637478000,0.000017300,0.020000000,0.020000000,511281.637495300,511281.657478000,0,
1075,511281.652154800,0.000018400,0.020000000,0.020000000,511281.652173200,511281.672154800,0,
1076,511281.667644800,0.000014400,0.020000000,0.020000000,511281.667659200,511281.687644800,0,
1077,511281.700873600,0.000019300,0.020000000,0.020000000,511281.700892900,511281.720873600,0,
1078,511281.714740300,0.000020000,0.020000000,0.020000000,511281.714760300,511281.734740300,0,
1079,511281.730608700,0.000012900,0.020000000,0.020000000,511281.730621600,511281.750608700,0,
1080,511281.746888600,0.000016700,0.020000000,0.020000000,511281.746905300,511281.766888600,0,
1081,511281.778692900,0.000016300,0.020000000,0.020000000,511281.778709200,511281.798692900,0,
1082,511281.794285800,0.000089300,0.020000000,0.020000000,511281.794375100,511281.814285800,0,
1083,511281.811176400,0.000020500,0.020000000,0.020000000,511281.811196900,511281.831176400,0,
1084,511281.840430700,0.000029900,0.020000000,0.020000000,511281.840460600,511281.860430700,0,
1085,511281.855822900,0.000018900,0.020000000,0.020000000,511281.855841800,511281.875822900,0,
1086,511281.870661500,0.000021100,0.020000000,0.020000000,511281.870682600,511281.890661500,0,
1087,511281.885924900,0.000022100,0.020000000,0.020000000,511281.885947000,511281.905924900,0,
1088,511281.918001700,0.000026200,0.020000000,0.020000000,511281.918027900,511281.938001700,0,
1089,511281.933751400,0.000025100,0.020000000,0.020000000,511281.933776500,511281.953751400,0,
1090,511281.949591100,0.000009500,0.020000000,0.020000000,511281.949600600,511281.969591100,0,
1091,511281.979738400,0.000025600,0.020000000,0.020000000,511281.979764000,511281.999738400,0,
1092,511281.995883600,0.000012200,0.020000000,0.020000000,511281.995895800,511282.015883600,0,
1093,511282.010989700,0.000018300,0.020000000,0.020000000,511282.011008000,511282.030989700,0,
1094,511282.026497600,0.000011400,0.020000000,0.020000000,511282.026509000,511282.046497600,0,
1095,511282.057288800,0.000013100,0.020000000,0.020000000,511282.057301900,511282.077288800,0,
1096,511282.073191300,0.000011100,0.020000000,0.020000000,511282.073202400,511282.093191300,0,
1097,511282.089170300,0.000018300,0.020000000,0.020000000,511282.089188600,511282.109170300,0,
1098,511282.120882500,0.000518500,0.020000000,0.020000000,511282.121401000,511282.140882500,0,
1099,511282.135442600,0.000075400,0.020000000,0.020000000,511282.135518000,511282.155442600,0,
1100,511282.150800300,0.000020900,0.020000000,0.020000000,511282.150821200,511282.170800300,0,
1101,511282.165235100,0.000023200,0.020000000,0.020000000,511282.165258300,511282.185235100,0,
1102,511282.196081400,0.000024400,0.020000000,0.020000000,511282.196105800,511282.216081400,0,
1103,511282.211356600,0.000019300,0.020000000,0.020000000,511282.211375900,511282.231356600,0,
1104,511282.228549500,0.000018000,0.020000000,0.020000000,511282.228567500,511282.248549500,0,
1105,511282.259551700,0.000019000,0.020000000,0.020000000,511282.259570700,511282.279551700,0,
1106,511282.275062900,0.000014900,0.020000000,0.020000000,511282.275077800,511282.295062900,0,
1107,511282.290409000,0.000014400,0.020000000,0.020000000,511282.290423400,511282.310409000,0,
1108,511282.305263200,0.000018700,0.020000000,0.020000000,511282.305281900,511282.325263200,0,
1109,511282.335740500,0.000208100,0.020000000,0.020000000,511282.335948600,511282.355740500,0,
1110,511282.351387500,0.000015400,0.020000000,0.020000000,511282.351402900,511282.371387500,0,
1111,511282.366908100,0.000016800,0.020000000,0.020000000,511282.366924900,511282.386908100,0,
1112,511282.398403900,0.000008300,0.020000000,0.020000000,511282.398412200,511282.418403900,0,
1113,511282.413939300,0.000012200,0.020000000,0.020000000,511282.413951500,511282.433939300,0,
1114,511282.429062400,0.000021800,0.020000000,0.020000000,511282.429084200,511282.449062400,0,
1115,511282.460400100,0.000013800,0.020000000,0.020000000,511282.460413900,511282.480400100,0,
1116,511282.476575400,0.000011600,0.020000000,0.020000000,511282.476587000,511282.496575400,0,
1117,511282.491024900,0.000018800,0.020000000,0.020000000,511282.491043700,511282.511024900,0,
1118,511282.506292900,0.000019700,0.020000000,0.020000000,511282.506312600,511282.526292900,0,
1119,511282.537407700,0.000013400,0.020000000,0.020000000,511282.537421100,511282.557407700,0,
1120,511282.552352500,0.000017400,0.020000000,0.020000000,511282.552369900,511282.572352500,0,
1121,511282.568260500,0.000019000,0.020000000,0.020000000,511282.568279500,511282.588260500,0,
1122,511282.597801100,0.000024900,0.020000000,0.020000000,511282.597826000,511282.617801100,0,
1123,511282.613437100,0.000019100,0.020000000,0.020000000,511282.613456200,511282.633437100,0,
1124,511282.628272600,0.000018200,0.020000000,0.020000000,511282.628290800,511282.648272600,0,
1125,511282.660163700,0.000020800,0.020000000,0.020000000,511282.660184500,511282.680163700,0,
1126,511282.675005100,0.000016600,0.020000000,0.020000000,511282.675021700,511282.695005100,0,
1127,511282.690572400,0.000015200,0.020000000,0.020000000,511282.690587600,511282.710572400,0,
1128,511282.707048900,0.000012900,0.020000000,0.020000000,511282.707061800,511282.727048900,0,
1129,511282.738625600,0.000007100,0.020000000,0.020000000,511282.738632700,511282.758625600,0,
1130,511282.753940500,0.000032100,0.020000000,0.020000000,511282.753972600,511282.773940500,0,
1131,511282.769911800,0.000015900,0.020000000,0.020000000,511282.769927700,511282.789911800,0,
1132,511282.785426100,0.000083400,0.020000000,0.020000000,511282.785509500,511282.805426100,0,
1133,511282.816101200,0.000016600,0.020000000,0.020000000,511282.816117800,511282.836101200,0,
1134,511282.830943300,0.000015200,0.020000000,0.020000000,511282.830958500,511282.850943300,0,
1135,511282.846512200,0.000018100,0.020000000,0.020000000,511282.846530300,511282.866512200,0,
1136,511282.878484700,0.000032100,0.020000000,0.020000000,511282.878516800,511282.898484700,0,
1137,511282.892896900,0.000020300,0.020000000,0.020000000,511282.892917200,511282.912896900,0,
1138,511282.909213400,0.000133000,0.020000000,0.020000000,511282.909346400,511282.929213400,0,
1139,511282.941128100,0.000019500,0.020000000,0.020000000,511282.941147600,511282.961128100,0,
1140,511282.955112200,0.000027300,0.020000000,0.020000000,511282.955139500,511282.975112200,0,
1141,511282.969766700,0.000019600,0.020000000,0.020000000,511282.969786300,511282.989766700,0,
1142,511283.000322500,0.000020000,0.020000000,0.020000000,511283.000342500,511283.020322500,0,
1143,511283.016125100,0.000015400,0.020000000,0.020000000,511283.016140500,511283.036125100,0,
1144,511283.030398800,0.000026300,0.020000000,0.020000000,511283.030425100,511283.050398800,0,
1145,511283.046723300,0.000022100,0.020000000,0.020000000,511283.046745400,511283.066723300,0,
1146,511283.079432700,0.000009300,0.020000000,0.020000000,511283.079442000,511283.099432700,0,
1147,511283.095245700,0.000018600,0.020000000,0.020000000,511283.095264300,511283.115245700,0,
1148,511283.110718700,0.000009500,0.020000000,0.020000000,511283.110728200,511283.130718700,0,
1149,511283.125483900,0.000009200,0.020000000,0.020000000,511283.125493100,511283.145483900,0,
1150,511283.157382600,0.000016300,0.020000000,0.020000000,511283.157398900,511283.177382600,0,
1151,511283.172646500,0.000017900,0.020000000,0.020000000,511283.172664400,511283.192646500,0,
1152,511283.188357600,0.000008900,0.020000000,0.020000000,511283.188366500,511283.208357600,0,
1153,511283.220030800,0.000027700,0.020000000,0.020000000,511283.220058500,511283.240030800,0,
1154,511283.235842300,0.000021200,0.020000000,0.020000000,511283.235863500,511283.255842300,0,
1155,511283.251094200,0.000017500,0.020000000,0.020000000,511283.251111700,511283.271094200,0,
1156,511283.267026900,0.000008600,0.020000000,0.020000000,511283.267035500,511283.287026900,0,
1157,511283.297789500,0.000024000,0.020000000,0.020000000,511283.297813500,511283.317789500,0,
1158,511283.313120700,0.000016000,0.020000000,0.020000000,511283.313136700,511283.333120700,0,
1159,511283.327834000,0.000017800,0.020000000,0.020000000,511283.327851800,511283.347834000,0,
1160,511283.359812000,0.000062200,0.020000000,0.020000000,511283.359874200,511283.379812000,0,
1161,511283.375579600,0.000026100,0.020000000,0.020000000,511283.375605700,511283.395579600,0,
1162,511283.390286200,0.000018200,0.020000000,0.020000000,511283.390304400,511283.410286200,0,
1163,511283.405515500,0.000007700,0.020000000,0.020000000,511283.405523200,511283.425515500,0,
1164,511283.436206000,0.000017100,0.020000000,0.020000000,511283.436223100,511283.456206000,0,
1165,511283.450756800,0.000017700,0.020000000,0.020000000,511283.450774500,511283.470756800,0,
1166,511283.466407200,0.000017900,0.020000000,0.020000000,511283.466425100,511283.486407200,0,
1167,511283.497371500,0.000018500,0.020000000,0.020000000,511283.497390000,511283.517371500,0,
1168,511283.513009400,0.000015800,0.020000000,0.020000000,511283.513025200,511283.533009400,0,
1169,511283.527937600,0.000012600,0.020000000,0.020000000,511283.527950200,511283.547937600,0,
1170,511283.558393900,0.000025400,0.020000000,0.020000000,511283.558419300,511283.578393900,0,
1171,511283.574509300,0.000023500,0.020000000,0.020000000,511283.574532800,511283.594509300,0,
1172,511283.589140400,0.000016500,0.020000000,0.020000000,511283.589156900,511283.609140400,0,
1173,511283.620629200,0.000006900,0.020000000,0.020000000,511283.620636100,511283.640629200,0,
1174,511283.636872200,0.000021400,0.020000000,0.020000000,511283.636893600,511283.656872200,0,
1175,511283.651556000,0.000021200,0.020000000,0.020000000,511283.651577200,511283.671556000,0,
1176,511283.667872600,0.000015700,0.020000000,0.020000000,511283.667888300,511283.687872600,0,
1177,511283.698724400,0.000008700,0.020000000,0.020000000,511283.698733100,511283.718724400,0,
1178,511283.713232500,0.000015400,0.020000000,0.020000000,511283.713247900,511283.733232500,0,
1179,511283.728242900,0.000009300,0.020000000,0.020000000,511283.728252200,511283.748242900,0,
1180,511283.759222700,0.000016700,0.020000000,0.020000000,511283.759239400,511283.779222700,0,
1181,511283.774730400,0.000011400,0.020000000,0.020000000,511283.774741800,511283.794730400,0,
1182,511283.790442200,0.000011500,0.020000000,0.020000000,511283.790453700,511283.810442200,0,
1183,511283.806706300,0.000006700,0.020000000,0.020000000,511283.806713000,511283.826706300,0,
1184,511283.837504400,0.000017700,0.020000000,0.020000000,511283.837522100,511283.857504400,0,
1185,511283.853284500,0.000024900,0.020000000,0.020000000,511283.853309400,511283.873284500,0,
1186,511283.869791400,0.000010200,0.020000000,0.020000000,511283.869801600,511283.889791400,0,
1187,511283.885152100,0.000015900,0.020000000,0.020000000,511283.885168000,511283.905152100,0,
1188,511283.916490300,0.000016300,0.020000000,0.020000000,511283.916506600,511283.936490300,0,
1189,511283.931413000,0.000022200,0.020000000,0.020000000,511283.931435200,511283.951413000,0,
1190,511283.946474300,0.000021900,0.020000000,0.020000000,511283.946496200,511283.966474300,0,
1191,511283.977025200,0.000015100,0.020000000,0.020000000,511283.977040300,511283.997025200,0,
1192,511283.991928400,0.000017300,0.020000000,0.020000000,511283.991945700,511284.011928400,0,
1193,511284.006985500,0.000016200,0.020000000,0.020000000,511284.007001700,511284.026985500,0,
1194,511284.038269700,0.000010700,0.020000000,0.020000000,511284.038280400,511284.058269700,0,
1195,511284.054004400,0.000011800,0.020000000,0.020000000,511284.054016200,511284.074004400,0,
1196,511284.069852300,0.000009700,0.020000000,0.020000000,511284.069862000,511284.089852300,0,
1197,511284.085133400,0.000012900,0.020000000,0.020000000,511284.085146300,511284.105133400,0,
1198,511284.116814300,0.000014800,0.020000000,0.020000000,511284.116829100,511284.136814300,0,
1199,511284.133095400,0.000010000,0.020000000,0.020000000,511284.133105400,511284.153095400,0,
1200,511284.148415200,0.000017000,0.020000000,0.020000000,511284.148432200,511284.168415200,0,
1201,511284.179518000,0.000221000,0.020000000,0.020000000,511284.179739000,511284.199518000,0,
1202,511284.194961800,0.000026400,0.020000000,0.020000000,511284.194988200,511284.214961800,0,
1203,511284.210819300,0.000008900,0.020000000,0.020000000,511284.210828200,511284.230819300,0,
1204,511284.226106800,0.000017100,0.020000000,0.020000000,511284.226123900,511284.246106800,0,
1205,511284.257061900,0.000027700,0.020000000,0.020000000,511284.257089600,511284.277061900,0,
1206,511284.272521000,0.000013800,0.020000000,0.020000000,511284.272534800,511284.292521000,0,
1207,511284.288101900,0.000012500,0.020000000,0.020000000,511284.288114400,511284.308101900,0,
1208,511284.318568300,0.000011900,0.020000000,0.020000000,511284.318580200,511284.338568300,0,
1209,511284.334506000,0.000012200,0.020000000,0.020000000,511284.334518200,511284.354506000,0,
1210,511284.350322700,0.000005600,0.020000000,0.020000000,511284.350328300,511284.370322700,0,
1211,511284.366457200,0.000013100,0.020000000,0.020000000,511284.366470300,511284.386457200,0,
1212,511284.396707600,0.000014400,0.020000000,0.020000000,511284.396722000,511284.416707600,0,
1213,511284.412416700,0.000011100,0.020000000,0.020000000,511284.412427800,511284.432416700,0,
1214,511284.428463000,0.000012600,0.020000000,0.020000000,511284.428475600,511284.448463000,0,
1215,511284.459362200,0.000014100,0.020000000,0.020000000,511284.459376300,511284.479362200,0,
1216,511284.475568800,0.000025000,0.020000000,0.020000000,511284.475593800,511284.495568800,0,
1217,511284.491289000,0.000018000,0.020000000,0.020000000,511284.491307000,511284.511289000,0,
1218,511284.506810400,0.000010200,0.020000000,0.020000000,511284.506820600,511284.526810400,0,
1219,511284.536761800,0.000019300,0.020000000,0.020000000,511284.536781100,511284.556761800,0,
1220,511284.553543500,0.000019500,0.020000000,0.020000000,511284.553563000,511284.573543500,0,
1221,511284.569209200,0.000020300,0.020000000,0.020000000,511284.569229500,511284.589209200,0,
1222,511284.599050300,0.000014400,0.020000000,0.020000000,511284.599064700,511284.619050300,0,
1223,511284.614318200,0.000014000,0.020000000,0.020000000,511284.614332200,511284.634318200,0,
1224,511284.630605700,0.000010500,0.020000000,0.020000000,511284.630616200,511284.650605700,0,
1225,511284.646661100,0.000009400,0.020000000,0.020000000,511284.646670500,511284.666661100,0,
1226,511284.676765200,0.000013500,0.020000000,0.020000000,511284.676778700,511284.696765200,0,
1227,511284.692573500,0.000013100,0.020000000,0.020000000,511284.692586600,511284.712573500,0,
1228,511284.709626800,0.000018200,0.020000000,0.020000000,511284.709645000,511284.729626800,0,
1229,511284.739671400,0.000011600,0.020000000,0.020000000,511284.739683000,511284.759671400,0,
1230,511284.755555300,0.000012800,0.020000000,0.020000000,511284.755568100,511284.775555300,0,
1231,511284.770886600,0.000013900,0.020000000,0.020000000,511284.770900500,511284.790886600,0,
1232,511284.786337900,0.000009600,0.020000000,0.020000000,511284.786347500,511284.806337900,0,
1233,511284.817522600,0.000017100,0.020000000,0.020000000,511284.817539700,511284.837522600,0,
1234,511284.833401600,0.000013300,0.020000000,0.020000000,511284.833414900,511284.853401600,0,
1235,511284.849475200,0.000022400,0.020000000,0.020000000,511284.849497600,511284.869475200,0,
1236,511284.879803500,0.000080800,0.020000000,0.020000000,511284.879884300,511284.899803500,0,
1237,511284.895192600,0.000013300,0.020000000,0.020000000,511284.895205900,511284.915192600,0,
1238,511284.911141900,0.000007900,0.020000000,0.020000000,511284.911149800,511284.931141900,0,
1239,511284.926847200,0.000013700,0.020000000,0.020000000,511284.926860900,511284.946847200,0,
1240,511284.957657600,0.000008900,0.020000000,0.020000000,511284.957666500,511284.977657600,0,
1241,511284.973807700,0.000011300,0.020000000,0.020000000,511284.973819000,511284.993807700,0,
1242,511284.989364900,0.000015700,0.020000000,0.020000000,511284.989380600,511285.009364900,0,
1243,511285.006314000,0.000008200,0.020000000,0.020000000,511285.006322200,511285.026314000,0,
1244,511285.036431200,0.000017900,0.020000000,0.020000000,511285.036449100,511285.056431200,0,
1245,511285.052410700,0.000007400,0.020000000,0.020000000,511285.052418100,511285.072410700,0,
1246,511285.068368800,0.000013400,0.020000000,0.020000000,511285.068382200,511285.088368800,0,
1247,511285.099268900,0.000085900,0.020000000,0.020000000,511285.099354800,511285.119268900,0,
1248,511285.115301900,0.000008000,0.020000000,0.020000000,511285.115309900,511285.135301900,0,
1249,511285.130890100,0.000009900,0.020000000,0.020000000,511285.130900000,511285.150890100,0,
1250,511285.146648500,0.000007600,0.020000000,0.020000000,511285.146656100,511285.166648500,0,
1251,511285.178287800,0.000011200,0.020000000,0.020000000,511285.178299000,511285.198287800,0,
1252,511285.194137000,0.000013300,0.020000000,0.020000000,511285.194150300,511285.214137000,0,
1253,511285.209636200,0.000012000,0.020000000,0.020000000,511285.209648200,511285.229636200,0,
1254,511285.225777100,0.000033100,0.020000000,0.020000000,511285.225810200,511285.245777100,0,
1255,511285.257090500,0.000008100,0.020000000,0.020000000,511285.257098600,511285.277090500,0,
1256,511285.272339900,0.000020600,0.020000000,0.020000000,511285.272360500,511285.292339900,0,
1257,511285.287730100,0.000016000,0.020000000,0.020000000,511285.287746100,511285.307730100,0,
1258,511285.318370100,0.000011400,0.020000000,0.020000000,511285.318381500,511285.338370100,0,
1259,511285.334087000,0.000022800,0.020000000,0.020000000,511285.334109800,511285.354087000,0,
1260,511285.350172900,0.000013200,0.020000000,0.020000000,511285.350186100,511285.370172900,0,
1261,511285.365737300,0.000014400,0.020000000,0.020000000,511285.365751700,511285.385737300,0,
1262,511285.397027300,0.000014400,0.020000000,0.020000000,511285.397041700,511285.417027300,0,
1263,511285.412096100,0.000012400,0.020000000,0.020000000,511285.412108500,511285.432096100,0,
1264,511285.427394300,0.000012600,0.020000000,0.020000000,511285.427406900,511285.447394300,0,
1265,511285.459592000,0.000008200,0.020000000,0.020000000,511285.459600200,511285.479592000,0,
1266,511285.475087900,0.000007200,0.020000000,0.020000000,511285.475095100,511285.495087900,0,
1267,511285.489920500,0.000015600,0.020000000,0.020000000,511285.489936100,511285.509920500,0,
1268,511285.505516800,0.000008900,0.020000000,0.020000000,511285.505525700,511285.525516800,0,
1269,511285.537670300,0.000013200,0.020000000,0.020000000,511285.537683500,511285.557670300,0,
1270,511285.551670400,0.000007700,0.020000000,0.020000000,511285.551678100,511285.571670400,0,
1271,511285.567439300,0.000013900,0.020000000,0.020000000,511285.567453200,511285.587439300,0,
1272,511285.599296200,0.000016400,0.020000000,0.020000000,511285.599312600,511285.619296200,0,
1273,511285.614937600,0.000028600,0.020000000,0.020000000,511285.614966200,511285.634937600,0,
1274,511285.630640300,0.000014500,0.020000000,0.020000000,511285.630654800,511285.650640300,0,
1275,511285.646051400,0.000020100,0.020000000,0.020000000,511285.646071500,511285.666051400,0,
1276,511285.676549800,0.000013900,0.020000000,0.020000000,511285.676563700,511285.696549800,0,
1277,511285.692489500,0.000011300,0.020000000,0.020000000,511285.692500800,511285.712489500,0,
1278,511285.707942200,0.000014200,0.020000000,0.020000000,511285.707956400,511285.727942200,0,
1279,511285.737693000,0.000018400,0.020000000,0.020000000,511285.737711400,511285.757693000,0,
1280,511285.753193900,0.000015000,0.020000000,0.020000000,511285.753208900,511285.773193900,0,
1281,511285.770042900,0.000016000,0.020000000,0.020000000,511285.770058900,511285.790042900,0,
1282,511285.785645300,0.000013200,0.020000000,0.020000000,511285.785658500,511285.805645300,0,
1283,511285.816098600,0.000013100,0.020000000,0.020000000,511285.816111700,511285.836098600,0,
1284,511285.831090200,0.000016400,0.020000000,0.020000000,511285.831106600,511285.851090200,0,
1285,511285.847644100,0.000006500,0.020000000,0.020000000,511285.847650600,511285.867644100,0,
1286,511285.877440200,0.000012400,0.020000000,0.020000000,511285.877452600,511285.897440200,0,
1287,511285.893942700,0.000013900,0.020000000,0.020000000,511285.893956600,511285.913942700,0,
1288,511285.910090900,0.000007200,0.020000000,0.020000000,511285.910098100,511285.930090900,0,
1289,511285.925193800,0.000016600,0.020000000,0.020000000,511285.925210400,511285.945193800,0,
1290,511285.957723700,0.000020000,0.020000000,0.020000000,511285.957743700,511285.977723700,0,
1291,511285.972491200,0.000017800,0.020000000,0.020000000,511285.972509000,511285.992491200,0,
1292,511285.988500300,0.000017200,0.020000000,0.020000000,511285.988517500,511286.008500300,0,
1293,511286.019358600,0.000029500,0.020000000,0.020000000,511286.019388100,511286.039358600,0,
1294,511286.035436800,0.000023300,0.020000000,0.020000000,511286.035460100,511286.055436800,0,
1295,511286.050323600,0.000016900,0.020000000,0.020000000,511286.050340500,511286.070323600,0,
1296,511286.065938400,0.000017800,0.020000000,0.020000000,511286.065956200,511286.085938400,0,
1297,511286.097124800,0.000020300,0.020000000,0.020000000,511286.097145100,511286.117124800,0,
1298,511286.111621500,0.000015100,0.020000000,0.020000000,511286.111636600,511286.131621500,0,
1299,511286.126965600,0.000012300,0.020000000,0.020000000,511286.126977900,511286.146965600,0,
1300,511286.158727400,0.000016700,0.020000000,0.020000000,511286.158744100,511286.178727400,0,
1301,511286.174370900,0.000015000,0.020000000,0.020000000,511286.174385900,511286.194370900,0,
1302,511286.190790900,0.000011700,0.020000000,0.020000000,511286.190802600,511286.210790900,0,
1303,511286.206446800,0.000010900,0.020000000,0.020000000,511286.206457700,511286.226446800,0,
1304,511286.236910600,0.000019600,0.020000000,0.020000000,511286.236930200,511286.256910600,0,
1305,511286.252188800,0.000016300,0.020000000,0.020000000,511286.252205100,511286.272188800,0,
1306,511286.267521700,0.000010000,0.020000000,0.020000000,511286.267531700,511286.287521700,0,
1307,511286.298853700,0.000019900,0.020000000,0.020000000,511286.298873600,511286.318853700,0,
1308,511286.313055900,0.000008500,0.020000000,0.020000000,511286.313064400,511286.333055900,0,
1309,511286.329423300,0.000012200,0.020000000,0.020000000,511286.329435500,511286.349423300,0,
1310,511286.359405100,0.000020800,0.020000000,0.020000000,511286.359425900,511286.379405100,0,
1311,511286.375161700,0.000008600,0.020000000,0.020000000,511286.375170300,511286.395161700,0,
1312,511286.391255800,0.000014800,0.020000000,0.020000000,511286.391270600,511286.411255800,0,
1313,511286.406579900,0.000009000,0.020000000,0.020000000,511286.406588900,511286.426579900,0,
1314,511286.437544400,0.000023400,0.020000000,0.020000000,511286.437567800,511286.457544400,0,
1315,511286.452946900,0.000021500,0.020000000,0.020000000,511286.452968400,511286.472946900,0,
1316,511286.470004300,0.000008800,0.020000000,0.020000000,511286.470013100,511286.490004300,0,
1317,511286.485135600,0.000019300,0.020000000,0.020000000,511286.485154900,511286.505135600,0,
1318,511286.515716700,0.000013900,0.020000000,0.020000000,511286.515730600,511286.535716700,0,
1319,511286.531949100,0.000011900,0.020000000,0.020000000,511286.531961000,511286.551949100,0,
1320,511286.547953200,0.000014200,0.020000000,0.020000000,511286.547967400,511286.567953200,0,
1321,511286.579512500,0.000007900,0.020000000,0.020000000,511286.579520400,511286.599512500,0,
1322,511286.594796800,0.000015500,0.020000000,0.020000000,511286.594812300,511286.614796800,0,
1323,511286.610369300,0.000015200,0.020000000,0.020000000,511286.610384500,511286.630369300,0,
1324,511286.626249500,0.000010400,0.020000000,0.020000000,511286.626259900,511286.646249500,0,
1325,511286.657556100,0.000013100,0.020000000,0.020000000,511286.657569200,511286.677556100,0,
1326,511286.673123500,0.000011400,0.020000000,0.020000000,511286.673134900,511286.693123500,0,
1327,511286.689190300,0.000014000,0.020000000,0.020000000,511286.689204300,511286.709190300,0,
1328,511286.705593500,0.000008400,0.020000000,0.020000000,511286.705601900,511286.725593500,0,
1329,511286.736271200,0.000012200,0.020000000,0.020000000,511286.736283400,511286.756271200,0,
1330,511286.751138700,0.000013100,0.020000000,0.020000000,511286.751151800,511286.771138700,0,
1331,511286.766524000,0.000014900,0.020000000,0.020000000,511286.766538900,511286.786524000,0,
1332,511286.798096900,0.000012300,0.020000000,0.020000000,511286.798109200,511286.818096900,0,
1333,511286.812646800,0.000019800,0.020000000,0.020000000,511286.812666600,511286.832646800,0,
1334,511286.828569400,0.000016400,0.020000000,0.020000000,511286.828585800,511286.848569400,0,
1335,511286.860466300,0.000035100,0.020000000,0.020000000,511286.860501400,511286.880466300,0,
1336,511286.875940800,0.000015300,0.020000000,0.020000000,511286.875956100,511286.895940800,0,
1337,511286.891979000,0.000017700,0.020000000,0.020000000,511286.891996700,511286.911979000,0,
1338,511286.908433500,0.000010400,0.020000000,0.020000000,511286.908443900,511286.928433500,0,
1339,511286.940400500,0.000014500,0.020000000,0.020000000,511286.940415000,511286.960400500,0,
1340,511286.956798600,0.000007400,0.020000000,0.020000000,511286.956806000,511286.976798600,0,
1341,511286.972320500,0.000007200,0.020000000,0.020000000,511286.972327700,511286.992320500,0,
1342,511286.987451200,0.000014500,0.020000000,0.020000000,511286.987465700,511287.007451200,0,
1343,511287.018062700,0.000012600,0.020000000,0.020000000,511287.018075300,511287.038062700,0,
1344,511287.033186000,0.000014800,0.020000000,0.020000000,511287.033200800,511287.053186000,0,
1345,511287.049547800,0.000012400,0.020000000,0.020000000,511287.049560200,511287.069547800,0,
1346,511287.080655700,0.000008600,0.020000000,0.020000000,511287.080664300,511287.100655700,0,
1347,511287.096207500,0.000011800,0.020000000,0.020000000,511287.096219300,511287.116207500,0,
1348,511287.111807500,0.000032400,0.020000000,0.020000000,511287.111839900,511287.131807500,0,
1349,511287.127913600,0.000013200,0.020000000,0.020000000,511287.127926800,511287.147913600,0,
1350,511287.159118300,0.000011400,0.020000000,0.020000000,511287.159129700,511287.179118300,0,
1351,511287.174191300,0.000019400,0.020000000,0.020000000,511287.174210700,511287.194191300,0,
1352,511287.190414700,0.000018000,0.020000000,0.020000000,511287.190432700,511287.210414700,0,
1353,511287.206522500,0.000017700,0.020000000,0.020000000,511287.206540200,511287.226522500,0,
1354,511287.238133600,0.000022500,0.020000000,0.020000000,511287.238156100,511287.258133600,0,
1355,511287.253881300,0.000024800,0.020000000,0.020000000,511287.253906100,511287.273881300,0,
1356,511287.269376900,0.000013400,0.020000000,0.020000000,511287.269390300,511287.289376900,0,
1357,511287.299477900,0.000056600,0.020000000,0.020000000,511287.299534500,511287.319477900,0,
1358,511287.315463000,0.000014800,0.020000000,0.020000000,511287.315477800,511287.335463000,0,
1359,511287.331053200,0.000015200,0.020000000,0.020000000,511287.331068400,511287.351053200,0,
1360,511287.347221400,0.000007400,0.020000000,0.020000000,511287.347228800,511287.367221400,0,
1361,511287.377517700,0.000007500,0.020000000,0.020000000,511287.377525200,511287.397517700,0,
1362,511287.392801100,0.000013200,0.020000000,0.020000000,511287.392814300,511287.412801100,0,
1363,511287.408225700,0.000013600,0.020000000,0.020000000,511287.408239300,511287.428225700,0,
1364,511287.439546900,0.000014300,0.020000000,0.020000000,511287.439561200,511287.459546900,0,
1365,511287.456277400,0.000011400,0.020000000,0.020000000,511287.456288800,511287.476277400,0,
1366,511287.471423400,0.000015900,0.020000000,0.020000000,511287.471439300,511287.491423400,0,
1367,511287.486865100,0.000012000,0.020000000,0.020000000,511287.486877100,511287.506865100,0,
1368,511287.518212400,0.000014400,0.020000000,0.020000000,511287.518226800,511287.538212400,0,
1369,511287.534545700,0.000013600,0.020000000,0.020000000,511287.534559300,511287.554545700,0,
1370,511287.550489200,0.000007000,0.020000000,0.020000000,511287.550496200,511287.570489200,0,
1371,511287.566079700,0.000013400,0.020000000,0.020000000,511287.566093100,511287.586079700,0,
1372,511287.596481400,0.000015700,0.020000000,0.020000000,511287.596497100,511287.616481400,0,
1373,511287.612179000,0.000008200,0.020000000,0.020000000,511287.612187200,511287.632179000,0,
1374,511287.627447300,0.000014400,0.020000000,0.020000000,511287.627461700,511287.647447300,0,
1375,511287.658840100,0.000007400,0.020000000,0.020000000,511287.658847500,511287.678840100,0,
1376,511287.673477200,0.000011900,0.020000000,0.020000000,511287.673489100,511287.693477200,0,
1377,511287.689374700,0.000013500,0.020000000,0.020000000,511287.689388200,511287.709374700,0,
1378,511287.720739200,0.000013900,0.020000000,0.020000000,511287.720753100,511287.740739200,0,
1379,511287.736290300,0.000013800,0.020000000,0.020000000,511287.736304100,511287.756290300,0,
1380,511287.751904700,0.000013300,0.020000000,0.020000000,511287.751918000,511287.771904700,0,
1381,511287.768306100,0.000016200,0.020000000,0.020000000,511287.768322300,511287.788306100,0,
1382,511287.798678900,0.000014000,0.020000000,0.020000000,511287.798692900,511287.818678900,0,
1383,511287.813800700,0.000012100,0.020000000,0.020000000,511287.813812800,511287.833800700,0,
1384,511287.829640500,0.000011000,0.020000000,0.020000000,511287.829651500,511287.849640500,0,
1385,511287.845542300,0.000007000,0.020000000,0.020000000,511287.845549300,511287.865542300,0,
1386,511287.876517600,0.000017500,0.020000000,0.020000000,511287.876535100,511287.896517600,0,
1387,511287.891151900,0.000085900,0.020000000,0.020000000,511287.891237800,511287.911151900,0,
1388,511287.906869700,0.000014400,0.020000000,0.020000000,511287.906884100,511287.926869700,0,
1389,511287.937635200,0.000078000,0.020000000,0.020000000,511287.937713200,511287.957635200,0,
1390,511287.953766200,0.000013400,0.020000000,0.020000000,511287.953779600,511287.973766200,0,
1391,511287.968333500,0.000012600,0.020000000,0.020000000,511287.968346100,511287.988333500,0,
1392,511287.999805200,0.000012800,0.020000000,0.020000000,511287.999818000,511288.019805200,0,
1393,511288.014731600,0.000006400,0.020000000,0.020000000,511288.014738000,511288.034731600,0,
1394,511288.029868400,0.000013800,0.020000000,0.020000000,511288.029882200,511288.049868400,0,
1395,511288.046292500,0.000008300,0.020000000,0.020000000,511288.046300800,511288.066292500,0,
1396,511288.077713900,0.000013900,0.020000000,0.020000000,511288.077727800,511288.097713900,0,
1397,511288.093800600,0.000018600,0.020000000,0.020000000,511288.093819200,511288.113800600,0,
1398,511288.109613000,0.000013100,0.020000000,0.020000000,511288.109626100,511288.129613000,0,
1399,511288.140887100,0.000016300,0.020000000,0.020000000,511288.140903400,511288.160887100,0,
1400,511288.157218800,0.000007900,0.020000000,0.020000000,511288.157226700,511288.177218800,0,
1401,511288.172548400,0.000010100,0.020000000,0.020000000,511288.172558500,511288.192548400,0,
1402,511288.188158700,0.000014600,0.020000000,0.020000000,511288.188173300,511288.208158700,0,
1403,511288.219798000,0.000013700,0.020000000,0.020000000,511288.219811700,511288.239798000,0,
1404,511288.235152400,0.000017600,0.020000000,0.020000000,511288.235170000,511288.255152400,0,
1405,511288.250854000,0.000012900,0.020000000,0.020000000,511288.250866900,511288.270854000,0,
1406,511288.266118200,0.000014900,0.020000000,0.020000000,511288.266133100,511288.286118200,0,
1407,511288.296856100,0.000017000,0.020000000,0.020000000,511288.296873100,511288.316856100,0,
1408,511288.312318200,0.000019300,0.020000000,0.020000000,511288.312337500,511288.332318200,0,
1409,511288.328626100,0.000015300,0.020000000,0.020000000,511288.328641400,511288.348626100,0,
1410,511288.359676300,0.000009900,0.020000000,0.020000000,511288.359686200,511288.379676300,0,
1411,511288.374968200,0.000014700,0.020000000,0.020000000,511288.374982900,511288.394968200,0,
1412,511288.391211100,0.000012800,0.020000000,0.020000000,511288.391223900,511288.411211100,0,
1413,511288.407407600,0.000015100,0.020000000,0.020000000,511288.407422700,511288.427407600,0,
1414,511288.438747700,0.000010900,0.020000000,0.020000000,511288.438758600,511288.458747700,0,
1415,511288.454740600,0.000012400,0.020000000,0.020000000,511288.454753000,511288.474740600,0,
1416,511288.469786400,0.000014200,0.020000000,0.020000000,511288.469800600,511288.489786400,0,
1417,511288.500195700,0.000013600,0.020000000,0.020000000,511288.500209300,511288.520195700,0,
1418,511288.515993200,0.000018100,0.020000000,0.020000000,511288.516011300,511288.535993200,0,
1419,511288.531829200,0.000051300,0.020000000,0.020000000,511288.531880500,511288.551829200,0,
1420,511288.547241000,0.000016000,0.020000000,0.020000000,511288.547257000,511288.567241000,0,
1421,511288.579942000,0.000025200,0.020000000,0.020000000,511288.579967200,511288.599942000,0,
1422,511288.595535000,0.000008200,0.020000000,0.020000000,511288.595543200,511288.615535000,0,
1423,511288.610916800,0.000013800,0.020000000,0.020000000,511288.610930600,511288.630916800,0,
1424,511288.626850400,0.000039100,0.020000000,0.020000000,511288.626889500,511288.646850400,0,
1425,511288.658635700,0.000008600,0.020000000,0.020000000,511288.658644300,511288.678635700,0,
1426,511288.673517800,0.000014200,0.020000000,0.020000000,511288.673532000,511288.693517800,0,
1427,511288.690105400,0.000012500,0.020000000,0.020000000,511288.690117900,511288.710105400,0,
1428,511288.705764200,0.000013400,0.020000000,0.020000000,511288.705777600,511288.725764200,0,
1429,511288.736167100,0.000014600,0.020000000,0.020000000,511288.736181700,511288.756167100,0,
1430,511288.751537900,0.000014700,0.020000000,0.020000000,511288.751552600,511288.771537900,0,
1431,511288.766471700,0.000014400,0.020000000,0.020000000,511288.766486100,511288.786471700,0,
1432,511288.796994100,0.000016000,0.020000000,0.020000000,511288.797010100,511288.816994100,0,
1433,511288.812440600,0.000015100,0.020000000,0.020000000,511288.812455700,511288.832440600,0,
1434,511288.827761500,0.000012500,0.020000000,0.020000000,511288.827774000,511288.847761500,0,
1435,511288.859628400,0.000017800,0.020000000,0.020000000,511288.859646200,511288.879628400,0,
1436,511288.874939600,0.000016000,0.020000000,0.020000000,511288.874955600,511288.894939600,0,
1437,511288.891023500,0.000015200,0.020000000,0.020000000,511288.891038700,511288.911023500,0,
1438,511288.907581200,0.000011500,0.020000000,0.020000000,511288.907592700,511288.927581200,0,
1439,511288.938951200,0.000014500,0.020000000,0.020000000,511288.938965700,511288.958951200,0,
1440,511288.954083600,0.000007000,0.020000000,0.020000000,511288.954090600,511288.974083600,0,
1441,511288.969410400,0.000037200,0.020000000,0.020000000,511288.969447600,511288.989410400,0,
1442,511289.000015300,0.000017800,0.020000000,0.020000000,511289.000033100,511289.020015300,0,
1443,511289.015490700,0.000013300,0.020000000,0.020000000,511289.015504000,511289.035490700,0,
1444,511289.031533400,0.000016700,0.020000000,0.020000000,511289.031550100,511289.051533400,0,
1445,511289.047353400,0.000007000,0.020000000,0.020000000,511289.047360400,511289.067353400,0,
1446,511289.078769500,0.000012900,0.020000000,0.020000000,511289.078782400,511289.098769500,0,
1447,511289.093726100,0.000016000,0.020000000,0.020000000,511289.093742100,511289.113726100,0,
1448,511289.109163700,0.000010100,0.020000000,0.020000000,511289.109173800,511289.129163700,0,
1449,511289.124687500,0.000015500,0.020000000,0.020000000,511289.124703000,511289.144687500,0,
1450,511289.157288000,0.000014500,0.020000000,0.020000000,511289.157302500,511289.177288000,0,
1451,511289.172089200,0.000014200,0.020000000,0.020000000,511289.172103400,511289.192089200,0,
1452,511289.187970600,0.000012300,0.020000000,0.020000000,511289.187982900,511289.207970600,0,
1453,511289.219512900,0.000018100,0.020000000,0.020000000,511289.219531000,511289.239512900,0,
1454,511289.235336500,0.000016000,0.020000000,0.020000000,511289.235352500,511289.255336500,0,
1455,511289.250301500,0.000015700,0.020000000,0.020000000,511289.250317200,511289.270301500,0,
1456,511289.265907800,0.000018200,0.020000000,0.020000000,511289.265926000,511289.285907800,0,
1457,511289.296767300,0.000014100,0.020000000,0.020000000,511289.296781400,511289.316767300,0,
1458,511289.312100900,0.000016400,0.020000000,0.020000000,511289.312117300,511289.332100900,0,
1459,511289.327598500,0.000023600,0.020000000,0.020000000,511289.327622100,511289.347598500,0,
1460,511289.358311900,0.000021800,0.020000000,0.020000000,511289.358333700,511289.378311900,0,
1461,511289.374893000,0.000012200,0.020000000,0.020000000,511289.374905200,511289.394893000,0,
1462,511289.389738500,0.000011100,0.020000000,0.020000000,511289.389749600,511289.409738500,0,
1463,511289.405437000,0.000012000,0.020000000,0.020000000,511289.405449000,511289.425437000,0,
1464,511289.436548100,0.000008900,0.020000000,0.020000000,511289.436557000,511289.456548100,0,
1465,511289.451806900,0.000016700,0.020000000,0.020000000,511289.451823600,511289.471806900,0,
1466,511289.468229800,0.000006300,0.020000000,0.020000000,511289.468236100,511289.488229800,0,
1467,511289.499645400,0.000014100,0.020000000,0.020000000,511289.499659500,511289.519645400,0,
1468,511289.515267900,0.000013100,0.020000000,0.020000000,511289.515281000,511289.535267900,0,
1469,511289.531093400,0.000010900,0.020000000,0.020000000,511289.531104300,511289.551093400,0,
1470,511289.546148600,0.000015700,0.020000000,0.020000000,511289.546164300,511289.566148600,0,
1471,511289.576580400,0.000016100,0.020000000,0.020000000,511289.576596500,511289.596580400,0,
1472,511289.592735800,0.000012800,0.020000000,0.020000000,511289.592748600,511289.612735800,0,
1473,511289.608848900,0.000014800,0.020000000,0.020000000,511289.608863700,511289.628848900,0,
1474,511289.639486500,0.000012600,0.020000000,0.020000000,511289.639499100,511289.659486500,0,
1475,511289.654043200,0.000013800,0.020000000,0.020000000,511289.654057000,511289.674043200,0,
1476,511289.669560900,0.000007900,0.020000000,0.020000000,511289.669568800,511289.689560900,0,
1477,511289.701438400,0.000007100,0.020000000,0.020000000,511289.701445500,511289.721438400,0,
1478,511289.716957200,0.000013800,0.020000000,0.020000000,511289.716971000,511289.736957200,0,
1479,511289.732915200,0.000011100,0.020000000,0.020000000,511289.732926300,511289.752915200,0,
1480,511289.748432600,0.000012300,0.020000000,0.020000000,511289.748444900,511289.768432600,0,
1481,511289.778501300,0.000012400,0.020000000,0.020000000,511289.778513700,511289.798501300,0,
1482,511289.794814200,0.000008800,0.020000000,0.020000000,511289.794823000,511289.814814200,0,
1483,511289.810441600,0.000012600,0.020000000,0.020000000,511289.810454200,511289.830441600,0,
1484,511289.826082900,0.000008800,0.020000000,0.020000000,511289.826091700,511289.846082900,0,
1485,511289.857409500,0.000012600,0.020000000,0.020000000,511289.857422100,511289.877409500,0,
1486,511289.872749300,0.000009100,0.020000000,0.020000000,511289.872758400,511289.892749300,0,
1487,511289.888381700,0.000010900,0.020000000,0.020000000,511289.888392600,511289.908381700,0,
1488,511289.919853400,0.000011900,0.020000000,0.020000000,511289.919865300,511289.939853400,0,
1489,511289.935550100,0.000010000,0.020000000,0.020000000,511289.935560100,511289.955550100,0,
1490,511289.950881700,0.000014000,0.020000000,0.020000000,511289.950895700,511289.970881700,0,
1491,511289.967151200,0.000010600,0.020000000,0.020000000,511289.967161800,511289.987151200,0,
1492,511289.997375400,0.000014200,0.020000000,0.020000000,511289.997389600,511290.017375400,0,
1493,511290.012563000,0.000014600,0.020000000,0.020000000,511290.012577600,511290.032563000,0,
1494,511290.028642800,0.000018900,0.020000000,0.020000000,511290.028661700,511290.048642800,0,
1495,511290.059424600,0.000013700,0.020000000,0.020000000,511290.059438300,511290.079424600,0,
1496,511290.074323800,0.000049000,0.020000000,0.020000000,511290.074372800,511290.094323800,0,
1497,511290.090584700,0.000019800,0.020000000,0.020000000,511290.090604500,511290.110584700,0,
1498,511290.106240500,0.000009700,0.020000000,0.020000000,511290.106250200,511290.126240500,0,
1499,511290.137725100,0.000023200,0.020000000,0.020000000,511290.137748300,511290.157725100,0,
1500,511290.152228100,0.000008000,0.020000000,0.020000000,511290.152236100,511290.172228100,0,
1501,511290.168329600,0.000011300,0.020000000,0.020000000,511290.168340900,511290.188329600,0,
1502,511290.200134600,0.000016200,0.020000000,0.020000000,511290.200150800,511290.220134600,0,
1503,511290.215665900,0.000015300,0.020000000,0.020000000,511290.215681200,511290.235665900,0,
1504,511290.230963200,0.000013000,0.020000000,0.020000000,511290.230976200,511290.250963200,0,
1505,511290.246558800,0.000010900,0.020000000,0.020000000,511290.246569700,511290.266558800,0,
1506,511290.278369600,0.000011000,0.020000000,0.020000000,511290.278380600,511290.298369600,0,
1507,511290.294021900,0.000014500,0.020000000,0.020000000,511290.294036400,511290.314021900,0,
1508,511290.310353900,0.000008400,0.020000000,0.020000000,511290.310362300,511290.330353900,0,
1509,511290.325686300,0.000016100,0.020000000,0.020000000,511290.325702400,511290.345686300,0,
1510,511290.357505500,0.000022100,0.020000000,0.020000000,511290.357527600,511290.377505500,0,
1511,511290.372974300,0.000019000,0.020000000,0.020000000,511290.372993300,511290.392974300,0,
1512,511290.387878900,0.000015700,0.020000000,0.020000000,511290.387894600,511290.407878900,0,
1513,511290.419390600,0.000016400,0.020000000,0.020000000,511290.419407000,511290.439390600,0,
1514,511290.435077600,0.000068200,0.020000000,0.020000000,511290.435145800,511290.455077600,0,
1515,511290.450691300,0.000017300,0.020000000,0.020000000,511290.450708600,511290.470691300,0,
1516,511290.466431900,0.000013200,0.020000000,0.020000000,511290.466445100,511290.486431900,0,
1517,511290.497555200,0.000017400,0.020000000,0.020000000,511290.497572600,511290.517555200,0,
1518,511290.512897300,0.000014900,0.020000000,0.020000000,511290.512912200,511290.532897300,0,
1519,511290.529458700,0.000013500,0.020000000,0.020000000,511290.529472200,511290.549458700,0,
1520,511290.560534200,0.000013000,0.020000000,0.020000000,511290.560547200,511290.580534200,0,
1521,511290.576249700,0.000007500,0.020000000,0.020000000,511290.576257200,511290.596249700,0,
1522,511290.590764600,0.000012000,0.020000000,0.020000000,511290.590776600,511290.610764600,0,
1523,511290.606414400,0.000008300,0.020000000,0.020000000,511290.606422700,511290.626414400,0,
1524,511290.637093200,0.000015100,0.020000000,0.020000000,511290.637108300,511290.657093200,0,
1525,511290.653018900,0.000011900,0.020000000,0.020000000,511290.653030800,511290.673018900,0,
1526,511290.668403500,0.000016100,0.020000000,0.020000000,511290.668419600,511290.688403500,0,
1527,511290.699966600,0.000010000,0.020000000,0.020000000,511290.699976600,511290.719966600,0,
1528,511290.714790000,0.000014500,0.020000000,0.020000000,511290.714804500,511290.734790000,0,
1529,511290.730482600,0.000014000,0.020000000,0.020000000,511290.730496600,511290.750482600,0,
1530,511290.745952200,0.000013000,0.020000000,0.020000000,511290.745965200,511290.765952200,0,
1531,511290.777846200,0.000014500,0.020000000,0.020000000,511290.777860700,511290.797846200,0,
1532,511290.793652800,0.000012100,0.020000000,0.020000000,511290.793664900,511290.813652800,0,
1533,511290.809769300,0.000009900,0.020000000,0.020000000,511290.809779200,511290.829769300,0,
1534,511290.825133900,0.000015700,0.020000000,0.020000000,511290.825149600,511290.845133900,0,
1535,511290.856752400,0.000016000,0.020000000,0.020000000,511290.856768400,511290.876752400,0,
1536,511290.872817900,0.000020600,0.020000000,0.020000000,511290.872838500,511290.892817900,0,
1537,511290.887629900,0.000013900,0.020000000,0.020000000,511290.887643800,511290.907629900,0,
1538,511290.919358400,0.000069700,0.020000000,0.020000000,511290.919428100,511290.939358400,0,
1539,511290.935930900,0.000016300,0.020000000,0.020000000,511290.935947200,511290.955930900,0,
1540,511290.950148100,0.000020600,0.020000000,0.020000000,511290.950168700,511290.970148100,0,
1541,511290.966026200,0.000011200,0.020000000,0.020000000,511290.966037400,511290.986026200,0,
1542,511290.996325100,0.000018200,0.020000000,0.020000000,511290.996343300,511291.016325100,0,
1543,511291.011982200,0.000013400,0.020000000,0.020000000,511291.011995600,511291.031982200,0,
1544,511291.027426900,0.000026500,0.020000000,0.020000000,511291.027453400,511291.047426900,0,
1545,511291.058953500,0.000011300,0.020000000,0.020000000,511291.058964800,511291.078953500,0,
1546,511291.074451700,0.000014500,0.020000000,0.020000000,511291.074466200,511291.094451700,0,
1547,511291.090687400,0.000015900,0.020000000,0.020000000,511291.090703300,511291.110687400,0,
1548,511291.106395500,0.000013500,0.020000000,0.020000000,511291.106409000,511291.126395500,0,
1549,511291.137126500,0.000009200,0.020000000,0.020000000,511291.137135700,511291.157126500,0,
1550,511291.152412400,0.000010500,0.020000000,0.020000000,511291.152422900,511291.172412400,0,
1551,511291.167175900,0.000014500,0.020000000,0.020000000,511291.167190400,511291.187175900,0,
1552,511291.198215500,0.000011000,0.020000000,0.020000000,511291.198226500,511291.218215500,0,
1553,511291.213405900,0.000008000,0.020000000,0.020000000,511291.213413900,511291.233405900,0,
1554,511291.229381100,0.000014600,0.020000000,0.020000000,511291.229395700,511291.249381100,0,
1555,511291.245721800,0.000015800,0.020000000,0.020000000,511291.245737600,511291.265721800,0,
1556,511291.276064600,0.000019100,0.020000000,0.020000000,511291.276083700,511291.296064600,0,
1557,511291.292546700,0.000014900,0.020000000,0.020000000,511291.292561600,511291.312546700,0,
1558,511291.308460800,0.000009900,0.020000000,0.020000000,511291.308470700,511291.328460800,0,
1559,511291.341366700,0.000014200,0.020000000,0.020000000,511291.341380900,511291.361366700,0,
1560,511291.356868700,0.000013600,0.020000000,0.020000000,511291.356882300,511291.376868700,0,
1561,511291.372140400,0.000008700,0.020000000,0.020000000,511291.372149100,511291.392140400,0,
1562,511291.387633300,0.000014800,0.020000000,0.020000000,511291.387648100,511291.407633300,0,
1563,511291.419306800,0.000015600,0.020000000,0.020000000,511291.419322400,511291.439306800,0,
1564,511291.435161800,0.000014300,0.020000000,0.020000000,511291.435176100,511291.455161800,0,
1565,511291.451437200,0.000014100,0.020000000,0.020000000,511291.451451300,511291.471437200,0,
1566,511291.467002400,0.000014100,0.020000000,0.020000000,511291.467016500,511291.487002400,0,
1567,511291.497473600,0.000063900,0.020000000,0.020000000,511291.497537500,511291.517473600,0,
1568,511291.513559700,0.000020300,0.020000000,0.020000000,511291.513580000,511291.533559700,0,
1569,511291.529506300,0.000007900,0.020000000,0.020000000,511291.529514200,511291.549506300,0,
1570,511291.560194900,0.000017100,0.020000000,0.020000000,511291.560212000,511291.580194900,0,
1571,511291.575986500,0.000008300,0.020000000,0.020000000,511291.575994800,511291.595986500,0,
1572,511291.591262800,0.000008300,0.020000000,0.020000000,511291.591271100,511291.611262800,0,
1573,511291.606304700,0.000007700,0.020000000,0.020000000,511291.606312400,511291.626304700,0,
1574,511291.636998500,0.000012700,0.020000000,0.020000000,511291.637011200,511291.656998500,0,
1575,511291.652445200,0.000007500,0.020000000,0.020000000,511291.652452700,511291.672445200,0,
1576,511291.667000100,0.000018100,0.020000000,0.020000000,511291.667018200,511291.687000100,0,
1577,511291.697910300,0.000008600,0.020000000,0.020000000,511291.697918900,511291.717910300,0,
1578,511291.713333900,0.000011000,0.020000000,0.020000000,511291.713344900,511291.733333900,0,
1579,511291.728195700,0.000013400,0.020000000,0.020000000,511291.728209100,511291.748195700,0,
1580,511291.759846400,0.000007700,0.020000000,0.020000000,511291.759854100,511291.779846400,0,
1581,511291.775152800,0.000014500,0.020000000,0.020000000,511291.775167300,511291.795152800,0,
1582,511291.790002500,0.000012300,0.020000000,0.020000000,511291.790014800,511291.810002500,0,
1583,511291.806251600,0.000012800,0.020000000,0.020000000,511291.806264400,511291.826251600,0,
1584,511291.837508400,0.000014500,0.020000000,0.020000000,511291.837522900,511291.857508400,0,
1585,511291.852223200,0.000014300,0.020000000,0.020000000,511291.852237500,511291.872223200,0,
1586,511291.868482200,0.000009900,0.020000000,0.020000000,511291.868492100,511291.888482200,0,
1587,511291.900133800,0.000013100,0.020000000,0.020000000,511291.900146900,511291.920133800,0,
1588,511291.915961000,0.000013500,0.020000000,0.020000000,511291.915974500,511291.935961000,0,
1589,511291.931076500,0.000015500,0.020000000,0.020000000,511291.931092000,511291.951076500,0,
1590,511291.946642200,0.000007100,0.020000000,0.020000000,511291.946649300,511291.966642200,0,
1591,511291.977816100,0.000019000,0.020000000,0.020000000,511291.977835100,511291.997816100,0,
1592,511291.992801900,0.000018900,0.020000000,0.020000000,511291.992820800,511292.012801900,0,
1593,511292.009562100,0.000011500,0.020000000,0.020000000,511292.009573600,511292.029562100,0,
1594,511292.040112100,0.000020800,0.020000000,0.020000000,511292.040132900,511292.060112100,0,
1595,511292.055432800,0.000015200,0.020000000,0.020000000,511292.055448000,511292.075432800,0,
1596,511292.071256100,0.000011800,0.020000000,0.020000000,511292.071267900,511292.091256100,0,
1597,511292.086530300,0.000014300,0.020000000,0.020000000,511292.086544600,511292.106530300,0,
1598,511292.118332500,0.000008300,0.020000000,0.020000000,511292.118340800,511292.138332500,0,
1599,511292.134566800,0.000011400,0.020000000,0.020000000,511292.134578200,511292.154566800,0,
1600,511292.150049800,0.000010500,0.020000000,0.020000000,511292.150060300,511292.170049800,0,
1601,511292.165689400,0.000020200,0.020000000,0.020000000,511292.165709600,511292.185689400,0,
1602,511292.196233100,0.000017100,0.020000000,0.020000000,511292.196250200,511292.216233100,0,
1603,511292.212378400,0.000006200,0.020000000,0.020000000,511292.212384600,511292.232378400,0,
1604,511292.227489700,0.000013200,0.020000000,0.020000000,511292.227502900,511292.247489700,0,
1605,511292.258912400,0.000014900,0.020000000,0.020000000,511292.258927300,511292.278912400,0,
1606,511292.274780000,0.000014300,0.020000000,0.020000000,511292.274794300,511292.294780000,0,
1607,511292.290792000,0.000015600,0.020000000,0.020000000,511292.290807600,511292.310792000,0,
1608,511292.307625200,0.000007300,0.020000000,0.020000000,511292.307632500,511292.327625200,0,
1609,511292.338527000,0.000008400,0.020000000,0.020000000,511292.338535400,511292.358527000,0,
1610,511292.356038200,0.000019800,0.020000000,0.020000000,511292.356058000,511292.376038200,0,
1611,511292.370204400,0.000011200,0.020000000,0.020000000,511292.370215600,511292.390204400,0,
1612,511292.385540800,0.000019600,0.020000000,0.020000000,511292.385560400,511292.405540800,0,
1613,511292.417027600,0.000030200,0.020000000,0.020000000,511292.417057800,511292.437027600,0,
1614,511292.432680700,0.000010300,0.020000000,0.020000000,511292.432691000,511292.452680700,0,
1615,511292.448240700,0.000017000,0.020000000,0.020000000,511292.448257700,511292.468240700,0,
1616,511292.480081200,0.000018800,0.020000000,0.020000000,511292.480100000,511292.500081200,0,
1617,511292.494980300,0.000016100,0.020000000,0.020000000,511292.494996400,511292.514980300,0,
1618,511292.511058600,0.000013200,0.020000000,0.020000000,511292.511071800,511292.531058600,0,
1619,511292.527086600,0.000006900,0.020000000,0.020000000,511292.527093500,511292.547086600,0,
1620,511292.558338000,0.000009600,0.020000000,0.020000000,511292.558347600,511292.578338000,0,
1621,511292.573175400,0.000012800,0.020000000,0.020000000,511292.573188200,511292.593175400,0,
1622,511292.589626900,0.000011900,0.020000000,0.020000000,511292.589638800,511292.609626900,0,
1623,511292.605874700,0.000022100,0.020000000,0.020000000,511292.605896800,511292.625874700,0,
1624,511292.639999300,0.000011800,0.020000000,0.020000000,511292.640011100,511292.659999300,0,
1625,511292.653469000,0.000020700,0.020000000,0.020000000,511292.653489700,511292.673469000,0,
1626,511292.668651900,0.000019300,0.020000000,0.020000000,511292.668671200,511292.688651900,0,
1627,511292.703566900,0.000022200,0.020000000,0.020000000,511292.703589100,511292.723566900,0,
1628,511292.715330100,0.000021300,0.020000000,0.020000000,511292.715351400,511292.735330100,0,
1629,511292.731552600,0.000021000,0.020000000,0.020000000,511292.731573600,511292.751552600,0,
1630,511292.746786400,0.000021900,0.020000000,0.020000000,511292.746808300,511292.766786400,0,
1631,511292.780217300,0.000025000,0.020000000,0.020000000,511292.780242300,511292.800217300,0,
1632,511292.793091200,0.000019600,0.020000000,0.020000000,511292.793110800,511292.813091200,0,
1633,511292.811029400,0.000016700,0.020000000,0.020000000,511292.811046100,511292.831029400,0,
1634,511292.825775900,0.000024000,0.020000000,0.020000000,511292.825799900,511292.845775900,0,
1635,511292.859294100,0.000013100,0.020000000,0.020000000,511292.859307200,511292.879294100,0,
1636,511292.873611700,0.000022300,0.020000000,0.020000000,511292.873634000,511292.893611700,0,
1637,511292.890645200,0.000019200,0.020000000,0.020000000,511292.890664400,511292.910645200,0,
1638,511292.905806200,0.000019000,0.020000000,0.020000000,511292.905825200,511292.925806200,0,
1639,511292.936497800,0.000016700,0.020000000,0.020000000,511292.936514500,511292.956497800,0,
1640,511292.952603800,0.000017300,0.020000000,0.020000000,511292.952621100,511292.972603800,0,
1641,511292.968020300,0.000015300,0.020000000,0.020000000,511292.968035600,511292.988020300,0,
1642,511292.998174600,0.000013000,0.020000000,0.020000000,511292.998187600,511293.018174600,0,
1643,511293.013631400,0.000015700,0.020000000,0.020000000,511293.013647100,511293.033631400,0,
1644,511293.029269400,0.000013000,0.020000000,0.020000000,511293.029282400,511293.049269400,0,
1645,511293.060232600,0.000015900,0.020000000,0.020000000,511293.060248500,511293.080232600,0,
1646,511293.075813900,0.000022600,0.020000000,0.020000000,511293.075836500,511293.095813900,0,
1647,511293.091358100,0.000017500,0.020000000,0.020000000,511293.091375600,511293.111358100,0,
1648,511293.107711200,0.000015000,0.020000000,0.020000000,511293.107726200,511293.127711200,0,
1649,511293.138259800,0.000015700,0.020000000,0.020000000,511293.138275500,511293.158259800,0,
1650,511293.155087300,0.000013000,0.020000000,0.020000000,511293.155100300,511293.175087300,0,
1651,511293.169705600,0.000013600,0.020000000,0.020000000,511293.169719200,511293.189705600,0,
1652,511293.185257700,0.000009900,0.020000000,0.020000000,511293.185267600,511293.205257700,0,
1653,511293.216319100,0.000013600,0.020000000,0.020000000,511293.216332700,511293.236319100,0,
1654,511293.231227000,0.000023000,0.020000000,0.020000000,511293.231250000,511293.251227000,0,
1655,511293.247294600,0.000014800,0.020000000,0.020000000,511293.247309400,511293.267294600,0,
1656,511293.279398600,0.000018100,0.020000000,0.020000000,511293.279416700,511293.299398600,0,
1657,511293.296195100,0.000021400,0.020000000,0.020000000,511293.296216500,511293.316195100,0,
1658,511293.310849300,0.000013000,0.020000000,0.020000000,511293.310862300,511293.330849300,0,
1659,511293.325945600,0.000015200,0.020000000,0.020000000,511293.325960800,511293.345945600,0,
1660,511293.358080400,0.000013700,0.020000000,0.020000000,511293.358094100,511293.378080400,0,
1661,511293.374178700,0.000013100,0.020000000,0.020000000,511293.374191800,511293.394178700,0,
1662,511293.389888300,0.000011700,0.020000000,0.020000000,511293.389900000,511293.409888300,0,
1663,511293.419293800,0.000014800,0.020000000,0.020000000,511293.419308600,511293.439293800,0,
1664,511293.434662800,0.000011600,0.020000000,0.020000000,511293.434674400,511293.454662800,0,
1665,511293.450261200,0.000012800,0.020000000,0.020000000,511293.450274000,511293.470261200,0,
1666,511293.466166900,0.000015600,0.020000000,0.020000000,511293.466182500,511293.486166900,0,
1667,511293.496520500,0.000012500,0.020000000,0.020000000,511293.496533000,511293.516520500,0,
1668,511293.511830000,0.000014100,0.020000000,0.020000000,511293.511844100,511293.531830000,0,
1669,511293.526868500,0.000013500,0.020000000,0.020000000,511293.526882000,511293.546868500,0,
1670,511293.558068300,0.000010000,0.020000000,0.020000000,511293.558078300,511293.578068300,0,
1671,511293.572602900,0.000011600,0.020000000,0.020000000,511293.572614500,511293.592602900,0,
1672,511293.587817800,0.000013800,0.020000000,0.020000000,511293.587831600,511293.607817800,0,
1673,511293.619617700,0.000011000,0.020000000,0.020000000,511293.619628700,511293.639617700,0,
1674,511293.635089900,0.000011000,0.020000000,0.020000000,511293.635100900,511293.655089900,0,
1675,511293.651030400,0.000011200,0.020000000,0.020000000,511293.651041600,511293.671030400,0,
1676,511293.667259300,0.000013300,0.020000000,0.020000000,511293.667272600,511293.687259300,0,
1677,511293.698436500,0.000007800,0.020000000,0.020000000,511293.698444300,511293.718436500,0,
1678,511293.713717200,0.000014800,0.020000000,0.020000000,511293.713732000,511293.733717200,0,
1679,511293.729682600,0.000008200,0.020000000,0.020000000,511293.729690800,511293.749682600,0,
1680,511293.759571400,0.000017500,0.020000000,0.020000000,511293.759588900,511293.779571400,0,
1681,511293.774876100,0.000085700,0.020000000,0.020000000,511293.774961800,511293.794876100,0,
1682,511293.790331000,0.000009800,0.020000000,0.020000000,511293.790340800,511293.810331000,0,
1683,511293.805967100,0.000014200,0.020000000,0.020000000,511293.805981300,511293.825967100,0,
1684,511293.836762400,0.000047500,0.020000000,0.020000000,511293.836809900,511293.856762400,0,
1685,511293.852518000,0.000018100,0.020000000,0.020000000,511293.852536100,511293.872518000,0,
1686,511293.868827000,0.000015000,0.020000000,0.020000000,511293.868842000,511293.888827000,0,
1687,511293.899745400,0.000013900,0.020000000,0.020000000,511293.899759300,511293.919745400,0,
1688,511293.914700200,0.000017500,0.020000000,0.020000000,511293.914717700,511293.934700200,0,
1689,511293.930453000,0.000014000,0.020000000,0.020000000,511293.930467000,511293.950453000,0,
1690,511293.945501200,0.000014200,0.020000000,0.020000000,511293.945515400,511293.965501200,0,
1691,511293.977537100,0.000017100,0.020000000,0.020000000,511293.977554200,511293.997537100,0,
1692,511293.993494400,0.000010700,0.020000000,0.020000000,511293.993505100,511294.013494400,0,
1693,511294.009314300,0.000013900,0.020000000,0.020000000,511294.009328200,511294.029314300,0,
1694,511294.039782100,0.000044500,0.020000000,0.020000000,511294.039826600,511294.059782100,0,
1695,511294.055349000,0.000009900,0.020000000,0.020000000,511294.055358900,511294.075349000,0,
1696,511294.070546400,0.000023500,0.020000000,0.020000000,511294.070569900,511294.090546400,0,
1697,511294.086227700,0.000018400,0.020000000,0.020000000,511294.086246100,511294.106227700,0,
1698,511294.117475600,0.000014500,0.020000000,0.020000000,511294.117490100,511294.137475600,0,
1699,511294.133245600,0.000019900,0.020000000,0.020000000,511294.133265500,511294.153245600,0,
1700,511294.149452000,0.000014400,0.020000000,0.020000000,511294.149466400,511294.169452000,0,
1701,511294.165449700,0.000013700,0.020000000,0.020000000,511294.165463400,511294.185449700,0,
1702,511294.197297700,0.000012800,0.020000000,0.020000000,511294.197310500,511294.217297700,0,
1703,511294.212620400,0.000046700,0.020000000,0.020000000,511294.212667100,511294.232620400,0,
1704,511294.228476800,0.000013300,0.020000000,0.020000000,511294.228490100,511294.248476800,0,
1705,511294.259371500,0.000017500,0.020000000,0.020000000,511294.259389000,511294.279371500,0,
1706,511294.275179600,0.000016400,0.020000000,0.020000000,511294.275196000,511294.295179600,0,
1707,511294.291397900,0.000009500,0.020000000,0.020000000,511294.291407400,511294.311397900,0,
1708,511294.307318400,0.000007800,0.020000000,0.020000000,511294.307326200,511294.327318400,0,
1709,511294.339234500,0.000017300,0.020000000,0.020000000,511294.339251800,511294.359234500,0,
1710,511294.355551900,0.000008100,0.020000000,0.020000000,511294.355560000,511294.375551900,0,
1711,511294.370915600,0.000015100,0.020000000,0.020000000,511294.370930700,511294.390915600,0,
1712,511294.386777700,0.000015700,0.020000000,0.020000000,511294.386793400,511294.406777700,0,
1713,511294.416735300,0.000017000,0.020000000,0.020000000,511294.416752300,511294.436735300,0,
1714,511294.432812700,0.000018000,0.020000000,0.020000000,511294.432830700,511294.452812700,0,
1715,511294.448975600,0.000009500,0.020000000,0.020000000,511294.448985100,511294.468975600,0,
1716,511294.479858700,0.000006300,0.020000000,0.020000000,511294.479865000,511294.499858700,0,
1717,511294.493936200,0.000008400,0.020000000,0.020000000,511294.493944600,511294.513936200,0,
1718,511294.509785300,0.000006400,0.020000000,0.020000000,511294.509791700,511294.529785300,0,
1719,511294.524864900,0.000015800,0.020000000,0.020000000,511294.524880700,511294.544864900,0,
1720,511294.554863400,0.000015800,0.020000000,0.020000000,511294.554879200,511294.574863400,0,
1721,511294.570898700,0.000011400,0.020000000,0.020000000,511294.570910100,511294.590898700,0,
1722,511294.586154800,0.000012400,0.020000000,0.020000000,511294.586167200,511294.606154800,0,
1723,511294.616278200,0.000014900,0.020000000,0.020000000,511294.616293100,511294.636278200,0,
1724,511294.631282400,0.000063200,0.020000000,0.020000000,511294.631345600,511294.651282400,0,
1725,511294.646959800,0.000015400,0.020000000,0.020000000,511294.646975200,511294.666959800,0,
1726,511294.678707500,0.000013700,0.020000000,0.020000000,511294.678721200,511294.698707500,0,
1727,511294.694030200,0.000083300,0.020000000,0.020000000,511294.694113500,511294.714030200,0,
1728,511294.710163900,0.000012800,0.020000000,0.020000000,511294.710176700,511294.730163900,0,
1729,511294.725800300,0.000014900,0.020000000,0.020000000,511294.725815200,511294.745800300,0,
1730,511294.758262500,0.000006700,0.020000000,0.020000000,511294.758269200,511294.778262500,0,
1731,511294.773453300,0.000018100,0.020000000,0.020000000,511294.773471400,511294.793453300,0,
1732,511294.789687100,0.000019000,0.020000000,0.020000000,511294.789706100,511294.809687100,0,
1733,511294.805548700,0.000008800,0.020000000,0.020000000,511294.805557500,511294.825548700,0,
1734,511294.836285000,0.000015000,0.020000000,0.020000000,511294.836300000,511294.856285000,0,
1735,511294.852229000,0.000016000,0.020000000,0.020000000,511294.852245000,511294.872229000,0,
1736,511294.867528600,0.000010200,0.020000000,0.020000000,511294.867538800,511294.887528600,0,
1737,511294.898293800,0.000017000,0.020000000,0.020000000,511294.898310800,511294.918293800,0,
1738,511294.914297600,0.000100000,0.020000000,0.020000000,511294.914397600,511294.934297600,0,
1739,511294.930305000,0.000009400,0.020000000,0.020000000,511294.930314400,511294.950305000,0,
1740,511294.945872400,0.000015100,0.020000000,0.020000000,511294.945887500,511294.965872400,0,
1741,511294.977324200,0.000020500,0.020000000,0.020000000,511294.977344700,511294.997324200,0,
1742,511294.993076600,0.000089900,0.020000000,0.020000000,511294.993166500,511295.013076600,0,
1743,511295.008629500,0.000012500,0.020000000,0.020000000,511295.008642000,511295.028629500,0,
1744,511295.040348600,0.000021500,0.020000000,0.020000000,511295.040370100,511295.060348600,0,
1745,511295.056715800,0.000010900,0.020000000,0.020000000,511295.056726700,511295.076715800,0,
1746,511295.072096100,0.000009500,0.020000000,0.020000000,511295.072105600,511295.092096100,0,
1747,511295.087606100,0.000014400,0.020000000,0.020000000,511295.087620500,511295.107606100,0,
1748,511295.119161900,0.000015400,0.020000000,0.020000000,511295.119177300,511295.139161900,0,
1749,511295.135524000,0.000012800,0.020000000,0.020000000,511295.135536800,511295.155524000,0,
1750,511295.150806400,0.000015000,0.020000000,0.020000000,511295.150821400,511295.170806400,0,
1751,511295.167088300,0.000013600,0.020000000,0.020000000,511295.167101900,511295.187088300,0,
1752,511295.199897800,0.000009900,0.020000000,0.020000000,511295.199907700,511295.219897800,0,
1753,511295.214775200,0.000014500,0.020000000,0.020000000,511295.214789700,511295.234775200,0,
1754,511295.230904600,0.000006300,0.020000000,0.020000000,511295.230910900,511295.250904600,0,
1755,511295.245999500,0.000016500,0.020000000,0.020000000,511295.246016000,511295.265999500,0,
1756,511295.276563300,0.000058500,0.020000000,0.020000000,511295.276621800,511295.296563300,0,
1757,511295.292702100,0.000016000,0.020000000,0.020000000,511295.292718100,511295.312702100,0,
1758,511295.308869800,0.000011700,0.020000000,0.020000000,511295.308881500,511295.328869800,0,
1759,511295.324411800,0.000021100,0.020000000,0.020000000,511295.324432900,511295.344411800,0,
1760,511295.356574300,0.000012400,0.020000000,0.020000000,511295.356586700,511295.376574300,0,
1761,511295.371375400,0.000017600,0.020000000,0.020000000,511295.371393000,511295.391375400,0,
1762,511295.388068100,0.000022800,0.020000000,0.020000000,511295.388090900,511295.408068100,0,
1763,511295.417228800,0.000009500,0.020000000,0.020000000,511295.417238300,511295.437228800,0,
1764,511295.431947900,0.000019100,0.020000000,0.020000000,511295.431967000,511295.451947900,0,
1765,511295.447763800,0.000014100,0.020000000,0.020000000,511295.447777900,511295.467763800,0,
1766,511295.479357200,0.000021600,0.020000000,0.020000000,511295.479378800,511295.499357200,0,
1767,511295.494670500,0.000013300,0.020000000,0.020000000,511295.494683800,511295.514670500,0,
1768,511295.509910700,0.000008400,0.020000000,0.020000000,511295.509919100,511295.529910700,0,
1769,511295.524898600,0.000014400,0.020000000,0.020000000,511295.524913000,511295.544898600,0,
1770,511295.556838300,0.000012900,0.020000000,0.020000000,511295.556851200,511295.576838300,0,
1771,511295.571744500,0.000014400,0.020000000,0.020000000,511295.571758900,511295.591744500,0,
1772,511295.587427800,0.000016800,0.020000000,0.020000000,511295.587444600,511295.607427800,0,
1773,511295.618036300,0.000015300,0.020000000,0.020000000,511295.618051600,511295.638036300,0,
1774,511295.634084900,0.000013800,0.020000000,0.020000000,511295.634098700,511295.654084900,0,
1775,511295.650890200,0.000010700,0.020000000,0.020000000,511295.650900900,511295.670890200,0,
1776,511295.665878800,0.000012000,0.020000000,0.020000000,511295.665890800,511295.685878800,0,
1777,511295.696771700,0.000015300,0.020000000,0.020000000,511295.696787000,511295.716771700,0,
1778,511295.712555000,0.000013700,0.020000000,0.020000000,511295.712568700,511295.732555000,0,
1779,511295.727456100,0.000013600,0.020000000,0.020000000,511295.727469700,511295.747456100,0,
1780,511295.759830700,0.000009800,0.020000000,0.020000000,511295.759840500,511295.779830700,0,
1781,511295.775603200,0.000015000,0.020000000,0.020000000,511295.775618200,511295.795603200,0,
1782,511295.790733300,0.000015100,0.020000000,0.020000000,511295.790748400,511295.810733300,0,
1783,511295.806600100,0.000009900,0.020000000,0.020000000,511295.806610000,511295.826600100,0,
1784,511295.837419800,0.000008000,0.020000000,0.020000000,511295.837427800,511295.857419800,0,
1785,511295.852126600,0.000019300,0.020000000,0.020000000,511295.852145900,511295.872126600,0,
1786,511295.867929500,0.000010400,0.020000000,0.020000000,511295.867939900,511295.887929500,0,
1787,511295.897623700,0.000010000,0.020000000,0.020000000,511295.897633700,511295.917623700,0,
1788,511295.913728600,0.000071000,0.020000000,0.020000000,511295.913799600,511295.933728600,0,
1789,511295.928405300,0.000017500,0.020000000,0.020000000,511295.928422800,511295.948405300,0,
1790,511295.960485200,0.000021400,0.020000000,0.020000000,511295.960506600,511295.980485200,0,
1791,511295.976449700,0.000009700,0.020000000,0.020000000,511295.976459400,511295.996449700,0,
1792,511295.991146100,0.000014300,0.020000000,0.020000000,511295.991160400,511296.011146100,0,
1793,511296.006846900,0.000016900,0.020000000,0.020000000,511296.006863800,511296.026846900,0,
1794,511296.038221600,0.000007600,0.020000000,0.020000000,511296.038229200,511296.058221600,0,
1795,511296.053818000,0.000017300,0.020000000,0.020000000,511296.053835300,511296.073818000,0,
1796,511296.069823800,0.000007600,0.020000000,0.020000000,511296.069831400,511296.089823800,0,
1797,511296.085359100,0.000015000,0.020000000,0.020000000,511296.085374100,511296.105359100,0,
1798,511296.117257700,0.000009700,0.020000000,0.020000000,511296.117267400,511296.137257700,0,
1799,511296.133097600,0.000016700,0.020000000,0.020000000,511296.133114300,511296.153097600,0,
1800,511296.149586600,0.000013800,0.020000000,0.020000000,511296.149600400,511296.169586600,0,
1801,511296.180603800,0.000015200,0.020000000,0.020000000,511296.180619000,511296.200603800,0,
1802,511296.196929300,0.000009700,0.020000000,0.020000000,511296.196939000,511296.216929300,0,
1803,511296.212240600,0.000013300,0.020000000,0.020000000,511296.212253900,511296.232240600,0,
1804,511296.227480600,0.000014100,0.020000000,0.020000000,511296.227494700,511296.247480600,0,
1805,511296.259509100,0.000007200,0.020000000,0.020000000,511296.259516300,511296.279509100,0,
1806,511296.274791800,0.000014700,0.020000000,0.020000000,511296.274806500,511296.294791800,0,
1807,511296.290547100,0.000021300,0.020000000,0.020000000,511296.290568400,511296.310547100,0,
1808,511296.321378600,0.000015100,0.020000000,0.020000000,511296.321393700,511296.341378600,0,
1809,511296.337587500,0.000013700,0.020000000,0.020000000,511296.337601200,511296.357587500,0,
1810,511296.352303100,0.000017600,0.020000000,0.020000000,511296.352320700,511296.372303100,0,
1811,511296.368642400,0.000023800,0.020000000,0.020000000,511296.368666200,511296.388642400,0,
1812,511296.384913400,0.000020900,0.020000000,0.020000000,511296.384934300,511296.404913400,0,
1813,511296.417054600,0.000015400,0.020000000,0.020000000,511296.417070000,511296.437054600,0,
1814,511296.430703100,0.000017300,0.020000000,0.020000000,511296.430720400,511296.450703100,0,
1815,511296.446696100,0.000016400,0.020000000,0.020000000,511296.446712500,511296.466696100,0,
1816,511296.478203200,0.000008400,0.020000000,0.020000000,511296.478211600,511296.498203200,0,
1817,511296.493984300,0.000015000,0.020000000,0.020000000,511296.493999300,511296.513984300,0,
1818,511296.509988900,0.000007300,0.020000000,0.020000000,511296.509996200,511296.529988900,0,
1819,511296.524721000,0.000014200,0.020000000,0.020000000,511296.524735200,511296.544721000,0,
1820,511296.556048300,0.000006200,0.020000000,0.020000000,511296.556054500,511296.576048300,0,
1821,511296.571397100,0.000016100,0.020000000,0.020000000,511296.571413200,511296.591397100,0,
1822,511296.587004800,0.000012600,0.020000000,0.020000000,511296.587017400,511296.607004800,0,
1823,511296.617859600,0.000090800,0.020000000,0.020000000,511296.617950400,511296.637859600,0,
1824,511296.634234200,0.000011200,0.020000000,0.020000000,511296.634245400,511296.654234200,0,
1825,511296.649808300,0.000012900,0.020000000,0.020000000,511296.649821200,511296.669808300,0,
1826,511296.665267100,0.000014900,0.020000000,0.020000000,511296.665282000,511296.685267100,0,
1827,511296.696533000,0.000009100,0.020000000,0.020000000,511296.696542100,511296.716533000,0,
1828,511296.711835400,0.000013700,0.020000000,0.020000000,511296.711849100,511296.731835400,0,
1829,511296.728291400,0.000009000,0.020000000,0.020000000,511296.728300400,511296.748291400,0,
1830,511296.760015500,0.000007100,0.020000000,0.020000000,511296.760022600,511296.780015500,0,
1831,511296.775067400,0.000013200,0.020000000,0.020000000,511296.775080600,511296.795067400,0,
1832,511296.790708000,0.000012500,0.020000000,0.020000000,511296.790720500,511296.810708000,0,
1833,511296.805566600,0.000010500,0.020000000,0.020000000,511296.805577100,511296.825566600,0,
1834,511296.836146300,0.000017000,0.020000000,0.020000000,511296.836163300,511296.856146300,0,
1835,511296.851364200,0.000015100,0.020000000,0.020000000,511296.851379300,511296.871364200,0,
1836,511296.867142700,0.000015300,0.020000000,0.020000000,511296.867158000,511296.887142700,0,
1837,511296.898406700,0.000015400,0.020000000,0.020000000,511296.898422100,511296.918406700,0,
1838,511296.913117100,0.000014000,0.020000000,0.020000000,511296.913131100,511296.933117100,0,
1839,511296.928227700,0.000013800,0.020000000,0.020000000,511296.928241500,511296.948227700,0,
1840,511296.960167600,0.000020400,0.020000000,0.020000000,511296.960188000,511296.980167600,0,
1841,511296.975009900,0.000014200,0.020000000,0.020000000,511296.975024100,511296.995009900,0,
1842,511296.990904200,0.000023500,0.020000000,0.020000000,511296.990927700,511297.010904200,0,
1843,511297.006346000,0.000017300,0.020000000,0.020000000,511297.006363300,511297.026346000,0,
1844,511297.036373300,0.000019700,0.020000000,0.020000000,511297.036393000,511297.056373300,0,
1845,511297.052095400,0.000024800,0.020000000,0.020000000,511297.052120200,511297.072095400,0,
1846,511297.068408800,0.000013300,0.020000000,0.020000000,511297.068422100,511297.088408800,0,
1847,511297.100092400,0.000029600,0.020000000,0.020000000,511297.100122000,511297.120092400,0,
1848,511297.115361400,0.000017000,0.020000000,0.020000000,511297.115378400,511297.135361400,0,
1849,511297.130359700,0.000015100,0.020000000,0.020000000,511297.130374800,511297.150359700,0,
1850,511297.161876600,0.000015800,0.020000000,0.020000000,511297.161892400,511297.181876600,0,
1851,511297.177525500,0.000013500,0.020000000,0.020000000,511297.177539000,511297.197525500,0,
1852,511297.193307100,0.000015500,0.020000000,0.020000000,511297.193322600,511297.213307100,0,
1853,511297.209822600,0.000007300,0.020000000,0.020000000,511297.209829900,511297.229822600,0,
1854,511297.225022300,0.000013200,0.020000000,0.020000000,511297.225035500,511297.245022300,0,
1855,511297.257161000,0.000016800,0.020000000,0.020000000,511297.257177800,511297.277161000,0,
1856,511297.272188800,0.000013600,0.020000000,0.020000000,511297.272202400,511297.292188800,0,
1857,511297.287812700,0.000016700,0.020000000,0.020000000,511297.287829400,511297.307812700,0,
1858,511297.318224700,0.000015100,0.020000000,0.020000000,511297.318239800,511297.338224700,0,
1859,511297.334226000,0.000012400,0.020000000,0.020000000,511297.334238400,511297.354226000,0,
1860,511297.349720400,0.000014500,0.020000000,0.020000000,511297.349734900,511297.369720400,0,
1861,511297.365303200,0.000015200,0.020000000,0.020000000,511297.365318400,511297.385303200,0,
1862,511297.397048500,0.000016200,0.020000000,0.020000000,511297.397064700,511297.417048500,0,
1863,511297.411939700,0.000022700,0.020000000,0.020000000,511297.411962400,511297.431939700,0,
1864,511297.428302700,0.000013400,0.020000000,0.020000000,511297.428316100,511297.448302700,0,
1865,511297.458602600,0.000009000,0.020000000,0.020000000,511297.458611600,511297.478602600,0,
1866,511297.474916200,0.000021500,0.020000000,0.020000000,511297.474937700,511297.494916200,0,
1867,511297.490485900,0.000069100,0.020000000,0.020000000,511297.490555000,511297.510485900,0,
1868,511297.521076400,0.000020200,0.020000000,0.020000000,511297.521096600,511297.541076400,0,
1869,511297.537489900,0.000020000,0.020000000,0.020000000,511297.537509900,511297.557489900,0,
1870,511297.552262200,0.000009400,0.020000000,0.020000000,511297.552271600,511297.572262200,0,
1871,511297.567937400,0.000022600,0.020000000,0.020000000,511297.567960000,511297.587937400,0,
1872,511297.600185500,0.000017000,0.020000000,0.020000000,511297.600202500,511297.620185500,0,
1873,511297.613753500,0.000020600,0.020000000,0.020000000,511297.613774100,511297.633753500,0,
1874,511297.630060800,0.000021800,0.020000000,0.020000000,511297.630082600,511297.650060800,0,
1875,511297.661413900,0.000012800,0.020000000,0.020000000,511297.661426700,511297.681413900,0,
1876,511297.676238200,0.000014800,0.020000000,0.020000000,511297.676253000,511297.696238200,0,
1877,511297.691048900,0.000016300,0.020000000,0.020000000,511297.691065200,511297.711048900,0,
1878,511297.707435200,0.000011000,0.020000000,0.020000000,511297.707446200,511297.727435200,0,
1879,511297.739713100,0.000014700,0.020000000,0.020000000,511297.739727800,511297.759713100,0,
1880,511297.755172700,0.000014200,0.020000000,0.020000000,511297.755186900,511297.775172700,0,
1881,511297.770687600,0.000011800,0.020000000,0.020000000,511297.770699400,511297.790687600,0,
1882,511297.786101200,0.000022100,0.020000000,0.020000000,511297.786123300,511297.806101200,0,
1883,511297.816730900,0.000018400,0.020000000,0.020000000,511297.816749300,511297.836730900,0,
1884,511297.832848300,0.000032800,0.020000000,0.020000000,511297.832881100,511297.852848300,0,
1885,511297.848784900,0.000017100,0.020000000,0.020000000,511297.848802000,511297.868784900,0,
1886,511297.879056000,0.000019900,0.020000000,0.020000000,511297.879075900,511297.899056000,0,
1887,511297.894479400,0.000019800,0.020000000,0.020000000,511297.894499200,511297.914479400,0,
1888,511297.910277100,0.000017200,0.020000000,0.020000000,511297.910294300,511297.930277100,0,
1889,511297.941130100,0.000021400,0.020000000,0.020000000,511297.941151500,511297.961130100,0,
1890,511297.955891500,0.000019900,0.020000000,0.020000000,511297.955911400,511297.975891500,0,
1891,511297.971397200,0.000017700,0.020000000,0.020000000,511297.971414900,511297.991397200,0,
1892,511297.987566200,0.000013100,0.020000000,0.020000000,511297.987579300,511298.007566200,0,
1893,511298.019907000,0.000012200,0.020000000,0.020000000,511298.019919200,511298.039907000,0,
1894,511298.034845800,0.000010000,0.020000000,0.020000000,511298.034855800,511298.054845800,0,
1895,511298.049835600,0.000014000,0.020000000,0.020000000,511298.049849600,511298.069835600,0,
1896,511298.065714300,0.000014400,0.020000000,0.020000000,511298.065728700,511298.085714300,0,
1897,511298.097088000,0.000015700,0.020000000,0.020000000,511298.097103700,511298.117088000,0,
1898,511298.112621800,0.000013900,0.020000000,0.020000000,511298.112635700,511298.132621800,0,
1899,511298.128773300,0.000015200,0.020000000,0.020000000,511298.128788500,511298.148773300,0,
1900,511298.160000500,0.000010700,0.020000000,0.020000000,511298.160011200,511298.180000500,0,
1901,511298.175219500,0.000011700,0.020000000,0.020000000,511298.175231200,511298.195219500,0,
1902,511298.190417300,0.000012400,0.020000000,0.020000000,511298.190429700,511298.210417300,0,
1903,511298.206411100,0.000014000,0.020000000,0.020000000,511298.206425100,511298.226411100,0,
1904,511298.236997900,0.000014900,0.020000000,0.020000000,511298.237012800,511298.256997900,0,
1905,511298.251982800,0.000052700,0.020000000,0.020000000,511298.252035500,511298.271982800,0,
1906,511298.267106300,0.000015700,0.020000000,0.020000000,511298.267122000,511298.287106300,0,
1907,511298.299184900,0.000016000,0.020000000,0.020000000,511298.299200900,511298.319184900,0,
1908,511298.314558900,0.000011700,0.020000000,0.020000000,511298.314570600,511298.334558900,0,
1909,511298.329787200,0.000012000,0.020000000,0.020000000,511298.329799200,511298.349787200,0,
1910,511298.345479900,0.000014400,0.020000000,0.020000000,511298.345494300,511298.365479900,0,
1911,511298.377003400,0.000014200,0.020000000,0.020000000,511298.377017600,511298.397003400,0,
1912,511298.393424900,0.000012200,0.020000000,0.020000000,511298.393437100,511298.413424900,0,
1913,511298.409587200,0.000006600,0.020000000,0.020000000,511298.409593800,511298.429587200,0,
1914,511298.441144100,0.000011500,0.020000000,0.020000000,511298.441155600,511298.461144100,0,
1915,511298.456566700,0.000013000,0.020000000,0.020000000,511298.456579700,511298.476566700,0,
1916,511298.472169700,0.000019200,0.020000000,0.020000000,511298.472188900,511298.492169700,0,
1917,511298.487824200,0.000015300,0.020000000,0.020000000,511298.487839500,511298.507824200,0,
1918,511298.518255900,0.000013700,0.020000000,0.020000000,511298.518269600,511298.538255900,0,
1919,511298.533965700,0.000014200,0.020000000,0.020000000,511298.533979900,511298.553965700,0,
1920,511298.549935400,0.000018000,0.020000000,0.020000000,511298.549953400,511298.569935400,0,
1921,511298.579632300,0.000010800,0.020000000,0.020000000,511298.579643100,511298.599632300,0,
1922,511298.594363100,0.000015200,0.020000000,0.020000000,511298.594378300,511298.614363100,0,
1923,511298.610763600,0.000021400,0.020000000,0.020000000,511298.610785000,511298.630763600,0,
1924,511298.625593700,0.000021500,0.020000000,0.020000000,511298.625615200,511298.645593700,0,
1925,511298.656953700,0.000011300,0.020000000,0.020000000,511298.656965000,511298.676953700,0,
1926,511298.671360400,0.000017200,0.020000000,0.020000000,511298.671377600,511298.691360400,0,
1927,511298.687118000,0.000020800,0.020000000,0.020000000,511298.687138800,511298.707118000,0,
1928,511298.718153700,0.000014600,0.020000000,0.020000000,511298.718168300,511298.738153700,0,
1929,511298.732969000,0.000014400,0.020000000,0.020000000,511298.732983400,511298.752969000,0,
1930,511298.749233200,0.000018800,0.020000000,0.020000000,511298.749252000,511298.769233200,0,
1931,511298.779982900,0.000015600,0.020000000,0.020000000,511298.779998500,511298.799982900,0,
1932,511298.795889100,0.000020400,0.020000000,0.020000000,511298.795909500,511298.815889100,0,
1933,511298.811656800,0.000021400,0.020000000,0.020000000,511298.811678200,511298.831656800,0,
1934,511298.826808800,0.000016500,0.020000000,0.020000000,511298.826825300,511298.846808800,0,
1935,511298.860048900,0.000012900,0.020000000,0.020000000,511298.860061800,511298.880048900,0,
1936,511298.874930800,0.000014700,0.020000000,0.020000000,511298.874945500,511298.894930800,0,
1937,511298.891384200,0.000013500,0.020000000,0.020000000,511298.891397700,511298.911384200,0,
1938,511298.906323300,0.000006900,0.020000000,0.020000000,511298.906330200,511298.926323300,0,
1939,511298.936908100,0.000017000,0.020000000,0.020000000,511298.936925100,511298.956908100,0,
1940,511298.953372300,0.000007600,0.020000000,0.020000000,511298.953379900,511298.973372300,0,
1941,511298.969198200,0.000016200,0.020000000,0.020000000,511298.969214400,511298.989198200,0,
1942,511298.999648900,0.000008900,0.020000000,0.020000000,511298.999657800,511299.019648900,0,
1943,511299.015032100,0.000016600,0.020000000,0.020000000,511299.015048700,511299.035032100,0,
1944,511299.030596200,0.000014000,0.020000000,0.020000000,511299.030610200,511299.050596200,0,
1945,511299.045452900,0.000015700,0.020000000,0.020000000,511299.045468600,511299.065452900,0,
1946,511299.077548100,0.000109900,0.020000000,0.020000000,511299.077658000,511299.097548100,0,
1947,511299.094291900,0.000009800,0.020000000,0.020000000,511299.094301700,511299.114291900,0,
1948,511299.109549200,0.000012000,0.020000000,0.020000000,511299.109561200,511299.129549200,0,
1949,511299.140621500,0.000019800,0.020000000,0.020000000,511299.140641300,511299.160621500,0,
1950,511299.157718600,0.000016500,0.020000000,0.020000000,511299.157735100,511299.177718600,0,
1951,511299.171994300,0.000020500,0.020000000,0.020000000,511299.172014800,511299.191994300,0,
1952,511299.187996000,0.000015300,0.020000000,0.020000000,511299.188011300,511299.207996000,0,
1953,511299.218437500,0.000007100,0.020000000,0.020000000,511299.218444600,511299.238437500,0,
1954,511299.234316500,0.000015800,0.020000000,0.020000000,511299.234332300,511299.254316500,0,
1955,511299.249986400,0.000008300,0.020000000,0.020000000,511299.249994700,511299.269986400,0,
1956,511299.265187700,0.000014500,0.020000000,0.020000000,511299.265202200,511299.285187700,0,
1957,511299.296367500,0.000015000,0.020000000,0.020000000,511299.296382500,511299.316367500,0,
1958,511299.311384100,0.000014100,0.020000000,0.020000000,511299.311398200,511299.331384100,0,
1959,511299.326604800,0.000014300,0.020000000,0.020000000,511299.326619100,511299.346604800,0,
1960,511299.356756800,0.000020300,0.020000000,0.020000000,511299.356777100,511299.376756800,0,
1961,511299.372570200,0.000015200,0.020000000,0.020000000,511299.372585400,511299.392570200,0,
1962,511299.387489800,0.000015000,0.020000000,0.020000000,511299.387504800,511299.407489800,0,
1963,511299.419825200,0.000014500,0.020000000,0.020000000,511299.419839700,511299.439825200,0,
1964,511299.435291200,0.000013000,0.020000000,0.020000000,511299.435304200,511299.455291200,0,
1965,511299.450923300,0.000007200,0.020000000,0.020000000,511299.450930500,511299.470923300,0,
1966,511299.466869500,0.000015800,0.020000000,0.020000000,511299.466885300,511299.486869500,0,
1967,511299.498480100,0.000014400,0.020000000,0.020000000,511299.498494500,511299.518480100,0,
1968,511299.513917700,0.000017800,0.020000000,0.020000000,511299.513935500,511299.533917700,0,
1969,511299.529592100,0.000012800,0.020000000,0.020000000,511299.529604900,511299.549592100,0,
1970,511299.561211800,0.000016900,0.020000000,0.020000000,511299.561228700,511299.581211800,0,
1971,511299.576799200,0.000016900,0.020000000,0.020000000,511299.576816100,511299.596799200,0,
1972,511299.591152900,0.000014900,0.020000000,0.020000000,511299.591167800,511299.611152900,0,
1973,511299.606794000,0.000009200,0.020000000,0.020000000,511299.606803200,511299.626794000,0,
1974,511299.637633400,0.000014300,0.020000000,0.020000000,511299.637647700,511299.657633400,0,
1975,511299.653094300,0.000013500,0.020000000,0.020000000,511299.653107800,511299.673094300,0,
1976,511299.669601500,0.000006500,0.020000000,0.020000000,511299.669608000,511299.689601500,0,
1977,511299.700599500,0.000006700,0.020000000,0.020000000,511299.700606200,511299.720599500,0,
1978,511299.715133900,0.000007500,0.020000000,0.020000000,511299.715141400,511299.735133900,0,
1979,511299.730096200,0.000014200,0.020000000,0.020000000,511299.730110400,511299.750096200,0,
1980,511299.745714400,0.000013000,0.020000000,0.020000000,511299.745727400,511299.765714400,0,
1981,511299.777287100,0.000017100,0.020000000,0.020000000,511299.777304200,511299.797287100,0,
1982,511299.792970800,0.000012700,0.020000000,0.020000000,511299.792983500,511299.812970800,0,
1983,511299.810236700,0.000007900,0.020000000,0.020000000,511299.810244600,511299.830236700,0,
1984,511299.825156400,0.000014500,0.020000000,0.020000000,511299.825170900,511299.845156400,0,
1985,511299.856561600,0.000007800,0.020000000,0.020000000,511299.856569400,511299.876561600,0,
1986,511299.872092900,0.000012300,0.020000000,0.020000000,511299.872105200,511299.892092900,0,
1987,511299.887772600,0.000013200,0.020000000,0.020000000,511299.887785800,511299.907772600,0,
1988,511299.919099400,0.000015400,0.020000000,0.020000000,511299.919114800,511299.939099400,0,
1989,511299.935201200,0.000008800,0.020000000,0.020000000,511299.935210000,511299.955201200,0,
1990,511299.951021900,0.000012000,0.020000000,0.020000000,511299.951033900,511299.971021900,0,
1991,511299.966213900,0.000010600,0.020000000,0.020000000,511299.966224500,511299.986213900,0,
1992,511299.996862200,0.000008600,0.020000000,0.020000000,511299.996870800,511300.016862200,0,
1993,511300.012353000,0.000012800,0.020000000,0.020000000,511300.012365800,511300.032353000,0,
1994,511300.028701400,0.000007600,0.020000000,0.020000000,511300.028709000,511300.048701400,0,
1995,511300.044440700,0.000013100,0.020000000,0.020000000,511300.044453800,511300.064440700,0,
1996,511300.076128100,0.000020300,0.020000000,0.020000000,511300.076148400,511300.096128100,0,
1997,511300.091113000,0.000056300,0.020000000,0.020000000,511300.091169300,511300.111113000,0,
1998,511300.107778200,0.000022600,0.020000000,0.020000000,511300.107800800,511300.127778200,0,
1999,511300.138005400,0.000030100,0.020000000,0.020000000,511300.138035500,511300.158005400,0,
2000,511300.154037100,0.000014100,0.020000000,0.020000000,511300.154051200,511300.174037100,0,
2001,511300.169983500,0.000015100,0.020000000,0.020000000,511300.169998600,511300.189983500,0,
2002,511300.185042300,0.000015500,0.020000000,0.020000000,511300.185057800,511300.205042300,0,
2003,511300.216876000,0.000013300,0.020000000,0.020000000,511300.216889300,511300.236876000,0,
2004,511300.233136200,0.000015800,0.020000000,0.020000000,511300.233152000,511300.253136200,0,
2005,511300.248520200,0.000015400,0.020000000,0.020000000,511300.248535600,511300.268520200,0,
2006,511300.279552500,0.000013600,0.020000000,0.020000000,511300.279566100,511300.299552500,0,
2007,511300.295736000,0.000010500,0.020000000,0.020000000,511300.295746500,511300.315736000,0,
2008,511300.311197600,0.000009700,0.020000000,0.020000000,511300.311207300,511300.331197600,0,
2009,511300.326048600,0.000014600,0.020000000,0.020000000,511300.326063200,511300.346048600,0,
2010,511300.356744800,0.000010400,0.020000000,0.020000000,511300.356755200,511300.376744800,0,
2011,511300.371602700,0.000014800,0.020000000,0.020000000,511300.371617500,511300.391602700,0,
2012,511300.387302600,0.000015000,0.020000000,0.020000000,511300.387317600,511300.407302600,0,
2013,511300.418026100,0.000012100,0.020000000,0.020000000,511300.418038200,511300.438026100,0,
2014,511300.433559000,0.000020600,0.020000000,0.020000000,511300.433579600,511300.453559000,0,
2015,511300.449543000,0.000009100,0.020000000,0.020000000,511300.449552100,511300.469543000,0,
2016,511300.481423800,0.000018700,0.020000000,0.020000000,511300.481442500,511300.501423800,0,
2017,511300.496046400,0.000023000,0.020000000,0.020000000,511300.496069400,511300.516046400,0,
2018,511300.510593200,0.000014600,0.020000000,0.020000000,511300.510607800,511300.530593200,0,
2019,511300.526497900,0.000014700,0.020000000,0.020000000,511300.526512600,511300.546497900,0,
2020,511300.558807600,0.000012700,0.020000000,0.020000000,511300.558820300,511300.578807600,0,
2021,511300.574470400,0.000012400,0.020000000,0.020000000,511300.574482800,511300.594470400,0,
2022,511300.589725600,0.000014800,0.020000000,0.020000000,511300.589740400,511300.609725600,0,
2023,511300.619706900,0.000009000,0.020000000,0.020000000,511300.619715900,511300.639706900,0,
2024,511300.635269000,0.000012600,0.020000000,0.020000000,511300.635281600,511300.655269000,0,
2025,511300.650531900,0.000010200,0.020000000,0.020000000,511300.650542100,511300.670531900,0,
2026,511300.665221100,0.000013800,0.020000000,0.020000000,511300.665234900,511300.685221100,0,
2027,511300.697085600,0.000008700,0.020000000,0.020000000,511300.697094300,511300.717085600,0,
2028,511300.712766600,0.000011600,0.020000000,0.020000000,511300.712778200,511300.732766600,0,
2029,511300.728023900,0.000016300,0.020000000,0.020000000,511300.728040200,511300.748023900,0,
2030,511300.759441200,0.000013600,0.020000000,0.020000000,511300.759454800,511300.779441200,0,
2031,511300.774980100,0.000020400,0.020000000,0.020000000,511300.775000500,511300.794980100,0,
2032,511300.791330700,0.000012600,0.020000000,0.020000000,511300.791343300,511300.811330700,0,
2033,511300.807187100,0.000012400,0.020000000,0.020000000,511300.807199500,511300.827187100,0,
2034,511300.838048600,0.000015500,0.020000000,0.020000000,511300.838064100,511300.858048600,0,
2035,511300.853351700,0.000013400,0.020000000,0.020000000,511300.853365100,511300.873351700,0,
2036,511300.869513400,0.000008100,0.020000000,0.020000000,511300.869521500,511300.889513400,0,
2037,511300.900892200,0.000010500,0.020000000,0.020000000,511300.900902700,511300.920892200,0,
2038,511300.916055900,0.000014600,0.020000000,0.020000000,511300.916070500,511300.936055900,0,
2039,511300.931891400,0.000015400,0.020000000,0.020000000,511300.931906800,511300.951891400,0,
2040,511300.947714200,0.000014000,0.020000000,0.020000000,511300.947728200,511300.967714200,0,
2041,511300.979389600,0.000014800,0.020000000,0.020000000,511300.979404400,511300.999389600,0,
2042,511300.994732500,0.000013200,0.020000000,0.020000000,511300.994745700,511301.014732500,0,
2043,511301.011605600,0.000013500,0.020000000,0.020000000,511301.011619100,511301.031605600,0,
2044,511301.025945700,0.000014300,0.020000000,0.020000000,511301.025960000,511301.045945700,0,
2045,511301.057529300,0.000012300,0.020000000,0.020000000,511301.057541600,511301.077529300,0,
2046,511301.072387700,0.000016000,0.020000000,0.020000000,511301.072403700,511301.092387700,0,
2047,511301.087826900,0.000014100,0.020000000,0.020000000,511301.087841000,511301.107826900,0,
2048,511301.119410300,0.000013300,0.020000000,0.020000000,511301.119423600,511301.139410300,0,
2049,511301.135372400,0.000014500,0.020000000,0.020000000,511301.135386900,511301.155372400,0,
2050,511301.151461800,0.000014800,0.020000000,0.020000000,511301.151476600,511301.171461800,0,
2051,511301.167335900,0.000122300,0.020000000,0.020000000,511301.167458200,511301.187335900,0,
2052,511301.199429600,0.000016500,0.020000000,0.020000000,511301.199446100,511301.219429600,0,
2053,511301.215219300,0.000012600,0.020000000,0.020000000,511301.215231900,511301.235219300,0,
2054,511301.230933600,0.000012000,0.020000000,0.020000000,511301.230945600,511301.250933600,0,
2055,511301.246082400,0.000014900,0.020000000,0.020000000,511301.246097300,511301.266082400,0,
2056,511301.276685900,0.000013200,0.020000000,0.020000000,511301.276699100,511301.296685900,0,
2057,511301.291895200,0.000014800,0.020000000,0.020000000,511301.291910000,511301.311895200,0,
2058,511301.307619600,0.000008000,0.020000000,0.020000000,511301.307627600,511301.327619600,0,
2059,511301.339247100,0.000016700,0.020000000,0.020000000,511301.339263800,511301.359247100,0,
2060,511301.355687200,0.000013200,0.020000000,0.020000000,511301.355700400,511301.375687200,0,
2061,511301.370839300,0.000016400,0.020000000,0.020000000,511301.370855700,511301.390839300,0,
2062,511301.386527800,0.000014100,0.020000000,0.020000000,511301.386541900,511301.406527800,0,
2063,511301.417192400,0.000008100,0.020000000,0.020000000,511301.417200500,511301.437192400,0,
2064,511301.433102100,0.000008800,0.020000000,0.020000000,511301.433110900,511301.453102100,0,
2065,511301.448785400,0.000012200,0.020000000,0.020000000,511301.448797600,511301.468785400,0,
2066,511301.479436300,0.000019400,0.020000000,0.020000000,511301.479455700,511301.499436300,0,
2067,511301.495084700,0.000009900,0.020000000,0.020000000,511301.495094600,511301.515084700,0,
2068,511301.509833900,0.000014600,0.020000000,0.020000000,511301.509848500,511301.529833900,0,
2069,511301.525970000,0.000014600,0.020000000,0.020000000,511301.525984600,511301.545970000,0,
2070,511301.556672200,0.000011900,0.020000000,0.020000000,511301.556684100,511301.576672200,0,
2071,511301.571198600,0.000013600,0.020000000,0.020000000,511301.571212200,511301.591198600,0,
2072,511301.587069900,0.000013500,0.020000000,0.020000000,511301.587083400,511301.607069900,0,
2073,511301.617456500,0.000011500,0.020000000,0.020000000,511301.617468000,511301.637456500,0,
2074,511301.633072800,0.000010800,0.020000000,0.020000000,511301.633083600,511301.653072800,0,
2075,511301.650001500,0.000010700,0.020000000,0.020000000,511301.650012200,511301.670001500,0,
2076,511301.681263400,0.000016500,0.020000000,0.020000000,511301.681279900,511301.701263400,0,
2077,511301.696200900,0.000013400,0.020000000,0.020000000,511301.696214300,511301.716200900,0,
2078,511301.711591000,0.000014800,0.020000000,0.020000000,511301.711605800,511301.731591000,0,
2079,511301.727410800,0.000015700,0.020000000,0.020000000,511301.727426500,511301.747410800,0,
2080,511301.757540300,0.000017800,0.020000000,0.020000000,511301.757558100,511301.777540300,0,
2081,511301.773120300,0.000019300,0.020000000,0.020000000,511301.773139600,511301.793120300,0,
2082,511301.789506900,0.000013300,0.020000000,0.020000000,511301.789520200,511301.809506900,0,
2083,511301.805676900,0.000009200,0.020000000,0.020000000,511301.805686100,511301.825676900,0,
2084,511301.836140200,0.000017000,0.020000000,0.020000000,511301.836157200,511301.856140200,0,
2085,511301.851721700,0.000016200,0.020000000,0.020000000,511301.851737900,511301.871721700,0,
2086,511301.866898700,0.000016900,0.020000000,0.020000000,511301.866915600,511301.886898700,0,
2087,511301.897594700,0.000016100,0.020000000,0.020000000,511301.897610800,511301.917594700,0,
2088,511301.913095900,0.000013300,0.020000000,0.020000000,511301.913109200,511301.933095900,0,
2089,511301.929789200,0.000014000,0.020000000,0.020000000,511301.929803200,511301.949789200,0,
2090,511301.945210100,0.000013200,0.020000000,0.020000000,511301.945223300,511301.965210100,0,
2091,511301.977123200,0.000010000,0.020000000,0.020000000,511301.977133200,511301.997123200,0,
2092,511301.992803700,0.000015800,0.020000000,0.020000000,511301.992819500,511302.012803700,0,
2093,511302.008158900,0.000006700,0.020000000,0.020000000,511302.008165600,511302.028158900,0,
2094,511302.040047000,0.000007900,0.020000000,0.020000000,511302.040054900,511302.060047000,0,
2095,511302.055338800,0.000006600,0.020000000,0.020000000,511302.055345400,511302.075338800,0,
2096,511302.070766000,0.000009700,0.020000000,0.020000000,511302.070775700,511302.090766000,0,
2097,511302.086201100,0.000013800,0.020000000,0.020000000,511302.086214900,511302.106201100,0,
2098,511302.117739100,0.000020000,0.020000000,0.020000000,511302.117759100,511302.137739100,0,
2099,511302.134104300,0.000012900,0.020000000,0.020000000,511302.134117200,511302.154104300,0,
2100,511302.149748900,0.000012700,0.020000000,0.020000000,511302.149761600,511302.169748900,0,
2101,511302.164406500,0.000015200,0.020000000,0.020000000,511302.164421700,511302.184406500,0,
2102,511302.195370700,0.000013200,0.020000000,0.020000000,511302.195383900,511302.215370700,0,
2103,511302.210823500,0.000006800,0.020000000,0.020000000,511302.210830300,511302.230823500,0,
2104,511302.226458100,0.000013000,0.020000000,0.020000000,511302.226471100,511302.246458100,0,
2105,511302.258514500,0.000007400,0.020000000,0.020000000,511302.258521900,511302.278514500,0,
2106,511302.274096900,0.000012900,0.020000000,0.020000000,511302.274109800,511302.294096900,0,
2107,511302.290286200,0.000015700,0.020000000,0.020000000,511302.290301900,511302.310286200,0,
2108,511302.306626100,0.000011200,0.020000000,0.020000000,511302.306637300,511302.326626100,0,
2109,511302.337525100,0.000012800,0.020000000,0.020000000,511302.337537900,511302.357525100,0,
2110,511302.353644900,0.000008100,0.020000000,0.020000000,511302.353653000,511302.373644900,0,
2111,511302.368383900,0.000012300,0.020000000,0.020000000,511302.368396200,511302.388383900,0,
2112,511302.400353500,0.000012400,0.020000000,0.020000000,511302.400365900,511302.420353500,0,
2113,511302.415364400,0.000010800,0.020000000,0.020000000,511302.415375200,511302.435364400,0,
2114,511302.431470600,0.000017400,0.020000000,0.020000000,511302.431488000,511302.451470600,0,
2115,511302.446860700,0.000018700,0.020000000,0.020000000,511302.446879400,511302.466860700,0,
2116,511302.478205300,0.000023800,0.020000000,0.020000000,511302.478229100,511302.498205300,0,
2117,511302.492966700,0.000018400,0.020000000,0.020000000,511302.492985100,511302.512966700,0,
2118,511302.509588700,0.000016000,0.020000000,0.020000000,511302.509604700,511302.529588700,0,
2119,511302.540677100,0.000184300,0.020000000,0.020000000,511302.540861400,511302.560677100,0,
2120,511302.557007700,0.000018300,0.020000000,0.020000000,511302.557026000,511302.577007700,0,
2121,511302.570609400,0.000023900,0.020000000,0.020000000,511302.570633300,511302.590609400,0,
2122,511302.586713400,0.000144700,0.020000000,0.020000000,511302.586858100,511302.606713400,0,
2123,511302.618552700,0.000017800,0.020000000,0.020000000,511302.618570500,511302.638552700,0,
2124,511302.634217400,0.000029200,0.020000000,0.020000000,511302.634246600,511302.654217400,0,
2125,511302.649807600,0.000012600,0.020000000,0.020000000,511302.649820200,511302.669807600,0,
2126,511302.664948300,0.000022800,0.020000000,0.020000000,511302.664971100,511302.684948300,0,
2127,511302.697116700,0.000022100,0.020000000,0.020000000,511302.697138800,511302.717116700,0,
2128,511302.711295700,0.000035200,0.020000000,0.020000000,511302.711330900,511302.731295700,0,
2129,511302.726661600,0.000020900,0.020000000,0.020000000,511302.726682500,511302.746661600,0,
2130,511302.757686200,0.000028900,0.020000000,0.020000000,511302.757715100,511302.777686200,0,
2131,511302.772200300,0.000017700,0.020000000,0.020000000,511302.772218000,511302.792200300,0,
2132,511302.788082400,0.000015800,0.020000000,0.020000000,511302.788098200,511302.808082400,0,
2133,511302.819525900,0.000020200,0.020000000,0.020000000,511302.819546100,511302.839525900,0,
2134,511302.834669700,0.000026000,0.020000000,0.020000000,511302.834695700,511302.854669700,0,
2135,511302.850758300,0.000013600,0.020000000,0.020000000,511302.850771900,511302.870758300,0,
2136,511302.865985600,0.000018500,0.020000000,0.020000000,511302.866004100,511302.885985600,0,
2137,511302.896472500,0.000019700,0.020000000,0.020000000,511302.896492200,511302.916472500,0,
2138,511302.911434300,0.000022900,0.020000000,0.020000000,511302.911457200,511302.931434300,0,
2139,511302.927476700,0.000017400,0.020000000,0.020000000,511302.927494100,511302.947476700,0,
2140,511302.957962900,0.000017400,0.020000000,0.020000000,511302.957980300,511302.977962900,0,
2141,511302.973930700,0.000014200,0.020000000,0.020000000,511302.973944900,511302.993930700,0,
2142,511302.989866300,0.000017100,0.020000000,0.020000000,511302.989883400,511303.009866300,0,
2143,511303.005662100,0.000018200,0.020000000,0.020000000,511303.005680300,511303.025662100,0,
2144,511303.036456300,0.000015800,0.020000000,0.020000000,511303.036472100,511303.056456300,0,
2145,511303.052450400,0.000013800,0.020000000,0.020000000,511303.052464200,511303.072450400,0,
2146,511303.067193200,0.000015500,0.020000000,0.020000000,511303.067208700,511303.087193200,0,
2147,511303.099205900,0.000014900,0.020000000,0.020000000,511303.099220800,511303.119205900,0,
2148,511303.115039800,0.000018300,0.020000000,0.020000000,511303.115058100,511303.135039800,0,
2149,511303.130783000,0.000013700,0.020000000,0.020000000,511303.130796700,511303.150783000,0,
2150,511303.146558500,0.000009700,0.020000000,0.020000000,511303.146568200,511303.166558500,0,
2151,511303.177946900,0.000012300,0.020000000,0.020000000,511303.177959200,511303.197946900,0,
2152,511303.194098900,0.000019200,0.020000000,0.020000000,511303.194118100,511303.214098900,0,
2153,511303.209983800,0.000017800,0.020000000,0.020000000,511303.210001600,511303.229983800,0,
2154,511303.224931700,0.000014300,0.020000000,0.020000000,511303.224946000,511303.244931700,0,
2155,511303.255003400,0.000016100,0.020000000,0.020000000,511303.255019500,511303.275003400,0,
2156,511303.270653600,0.000019400,0.020000000,0.020000000,511303.270673000,511303.290653600,0,
2157,511303.286255500,0.000014200,0.020000000,0.020000000,511303.286269700,511303.306255500,0,
2158,511303.318076300,0.000013800,0.020000000,0.020000000,511303.318090100,511303.338076300,0,
2159,511303.334171300,0.000075900,0.020000000,0.020000000,511303.334247200,511303.354171300,0,
2160,511303.350448100,0.000020200,0.020000000,0.020000000,511303.350468300,511303.370448100,0,
2161,511303.365988900,0.000015300,0.020000000,0.020000000,511303.366004200,511303.385988900,0,
2162,511303.397080600,0.000022300,0.020000000,0.020000000,511303.397102900,511303.417080600,0,
2163,511303.411772200,0.000017500,0.020000000,0.020000000,511303.411789700,511303.431772200,0,
2164,511303.428396200,0.000017000,0.020000000,0.020000000,511303.428413200,511303.448396200,0,
2165,511303.460054100,0.000010200,0.020000000,0.020000000,511303.460064300,511303.480054100,0,
2166,511303.475346400,0.000013100,0.020000000,0.020000000,511303.475359500,511303.495346400,0,
2167,511303.491420000,0.000014100,0.020000000,0.020000000,511303.491434100,511303.511420000,0,
2168,511303.506929600,0.000018000,0.020000000,0.020000000,511303.506947600,511303.526929600,0,
2169,511303.537792800,0.000014000,0.020000000,0.020000000,511303.537806800,511303.557792800,0,
2170,511303.553178300,0.000014800,0.020000000,0.020000000,511303.553193100,511303.573178300,0,
2171,511303.569979700,0.000009300,0.020000000,0.020000000,511303.569989000,511303.589979700,0,
2172,511303.585223900,0.000013900,0.020000000,0.020000000,511303.585237800,511303.605223900,0,
2173,511303.615617800,0.000012800,0.020000000,0.020000000,511303.615630600,511303.635617800,0,
2174,511303.631883100,0.000011700,0.020000000,0.020000000,511303.631894800,511303.651883100,0,
2175,511303.647304200,0.000006500,0.020000000,0.020000000,511303.647310700,511303.667304200,0,
2176,511303.679438800,0.000013700,0.020000000,0.020000000,511303.679452500,511303.699438800,0,
2177,511303.694951600,0.000013800,0.020000000,0.020000000,511303.694965400,511303.714951600,0,
2178,511303.710120400,0.000008100,0.020000000,0.020000000,511303.710128500,511303.730120400,0,
2179,511303.725086600,0.000039100,0.020000000,0.020000000,511303.725125700,511303.745086600,0,
2180,511303.756793000,0.000012000,0.020000000,0.020000000,511303.756805000,511303.776793000,0,
2181,511303.772617100,0.000010300,0.020000000,0.020000000,511303.772627400,511303.792617100,0,
2182,511303.787559400,0.000015000,0.020000000,0.020000000,511303.787574400,511303.807559400,0,
2183,511303.821605800,0.000024900,0.020000000,0.020000000,511303.821630700,511303.841605800,0,
2184,511303.832902700,0.000023200,0.020000000,0.020000000,511303.832925900,511303.852902700,0,
2185,511303.850492000,0.000018300,0.020000000,0.020000000,511303.850510300,511303.870492000,0,
2186,511303.879674600,0.000015200,0.020000000,0.020000000,511303.879689800,511303.899674600,0,
2187,511303.895997600,0.000016400,0.020000000,0.020000000,511303.896014000,511303.915997600,0,
2188,511303.911132700,0.000015900,0.020000000,0.020000000,511303.911148600,511303.931132700,0,
2189,511303.926476200,0.000013500,0.020000000,0.020000000,511303.926489700,511303.946476200,0,
2190,511303.957075200,0.000017900,0.020000000,0.020000000,511303.957093100,511303.977075200,0,
2191,511303.971962500,0.000017000,0.020000000,0.020000000,511303.971979500,511303.991962500,0,
2192,511303.987670800,0.000014700,0.020000000,0.020000000,511303.987685500,511304.007670800,0,
2193,511304.018079900,0.000013200,0.020000000,0.020000000,511304.018093100,511304.038079900,0,
2194,511304.033954900,0.000015100,0.020000000,0.020000000,511304.033970000,511304.053954900,0,
2195,511304.049654700,0.000014200,0.020000000,0.020000000,511304.049668900,511304.069654700,0,
2196,511304.065645200,0.000014300,0.020000000,0.020000000,511304.065659500,511304.085645200,0,
2197,511304.096704500,0.000017300,0.020000000,0.020000000,511304.096721800,511304.116704500,0,
2198,511304.111528000,0.000014700,0.020000000,0.020000000,511304.111542700,511304.131528000,0,
2199,511304.127811700,0.000010700,0.020000000,0.020000000,511304.127822400,511304.147811700,0,
2200,511304.159339900,0.000009000,0.020000000,0.020000000,511304.159348900,511304.179339900,0,
2201,511304.174766000,0.000019000,0.020000000,0.020000000,511304.174785000,511304.194766000,0,
2202,511304.191377200,0.000018600,0.020000000,0.020000000,511304.191395800,511304.211377200,0,
2203,511304.207395200,0.000018300,0.020000000,0.020000000,511304.207413500,511304.227395200,0,
2204,511304.238565100,0.000012300,0.020000000,0.020000000,511304.238577400,511304.258565100,0,
2205,511304.253946600,0.000039300,0.020000000,0.020000000,511304.253985900,511304.273946600,0,
2206,511304.270196600,0.000022700,0.020000000,0.020000000,511304.270219300,511304.290196600,0,
2207,511304.285336900,0.000015200,0.020000000,0.020000000,511304.285352100,511304.305336900,0,
2208,511304.315336400,0.000022500,0.020000000,0.020000000,511304.315358900,511304.335336400,0,
2209,511304.330673700,0.000011600,0.020000000,0.020000000,511304.330685300,511304.350673700,0,
2210,511304.345999100,0.000019000,0.020000000,0.020000000,511304.346018100,511304.365999100,0,
2211,511304.376124600,0.000017900,0.020000000,0.020000000,511304.376142500,511304.396124600,0,
2212,511304.392295500,0.000017400,0.020000000,0.020000000,511304.392312900,511304.412295500,0,
2213,511304.408020100,0.000018000,0.020000000,0.020000000,511304.408038100,511304.428020100,0,
2214,511304.440731400,0.000017600,0.020000000,0.020000000,511304.440749000,511304.460731400,0,
2215,511304.454706100,0.000023800,0.020000000,0.020000000,511304.454729900,511304.474706100,0,
2216,511304.470762500,0.000018300,0.020000000,0.020000000,511304.470780800,511304.490762500,0,
2217,511304.486584000,0.000022900,0.020000000,0.020000000,511304.486606900,511304.506584000,0,
2218,511304.517210600,0.000023100,0.020000000,0.020000000,511304.517233700,511304.537210600,0,
2219,511304.531897100,0.000019700,0.020000000,0.020000000,511304.531916800,511304.551897100,0,
2220,511304.547468100,0.000017600,0.020000000,0.020000000,511304.547485700,511304.567468100,0,
2221,511304.579640000,0.000023200,0.020000000,0.020000000,511304.579663200,511304.599640000,0,
2222,511304.595324500,0.000019400,0.020000000,0.020000000,511304.595343900,511304.615324500,0,
2223,511304.610982200,0.000011900,0.020000000,0.020000000,511304.610994100,511304.630982200,0,
2224,511304.626200300,0.000015800,0.020000000,0.020000000,511304.626216100,511304.646200300,0,
2225,511304.657508200,0.000016200,0.020000000,0.020000000,511304.657524400,511304.677508200,0,
2226,511304.672276900,0.000078600,0.020000000,0.020000000,511304.672355500,511304.692276900,0,
2227,511304.688176700,0.000017800,0.020000000,0.020000000,511304.688194500,511304.708176700,0,
2228,511304.717982200,0.000014800,0.020000000,0.020000000,511304.717997000,511304.737982200,0,
2229,511304.734267400,0.000015800,0.020000000,0.020000000,511304.734283200,511304.754267400,0,
2230,511304.749766900,0.000015200,0.020000000,0.020000000,511304.749782100,511304.769766900,0,
2231,511304.764568400,0.000021800,0.020000000,0.020000000,511304.764590200,511304.784568400,0,
2232,511304.795495700,0.000016400,0.020000000,0.020000000,511304.795512100,511304.815495700,0,
2233,511304.811071400,0.000018200,0.020000000,0.020000000,511304.811089600,511304.831071400,0,
2234,511304.827504400,0.000017600,0.020000000,0.020000000,511304.827522000,511304.847504400,0,
2235,511304.857763900,0.000015400,0.020000000,0.020000000,511304.857779300,511304.877763900,0,
2236,511304.872496200,0.000015800,0.020000000,0.020000000,511304.872512000,511304.892496200,0,
2237,511304.888299900,0.000015600,0.020000000,0.020000000,511304.888315500,511304.908299900,0,
2238,511304.920795000,0.000013300,0.020000000,0.020000000,511304.920808300,511304.940795000,0,
2239,511304.935345000,0.000018600,0.020000000,0.020000000,511304.935363600,511304.955345000,0,
2240,511304.950693500,0.000013700,0.020000000,0.020000000,511304.950707200,511304.970693500,0,
2241,511304.966069500,0.000016500,0.020000000,0.020000000,511304.966086000,511304.986069500,0,
2242,511304.996549600,0.000012500,0.020000000,0.020000000,511304.996562100,511305.016549600,0,
2243,511305.012376200,0.000068400,0.020000000,0.020000000,511305.012444600,511305.032376200,0,
2244,511305.028807500,0.000012600,0.020000000,0.020000000,511305.028820100,511305.048807500,0,
2245,511305.059934500,0.000012500,0.020000000,0.020000000,511305.059947000,511305.079934500,0,
2246,511305.074936600,0.000009300,0.020000000,0.020000000,511305.074945900,511305.094936600,0,
2247,511305.091252600,0.000010300,0.020000000,0.020000000,511305.091262900,511305.111252600,0,
2248,511305.106721400,0.000013200,0.020000000,0.020000000,511305.106734600,511305.126721400,0,
2249,511305.137724200,0.000013800,0.020000000,0.020000000,511305.137738000,511305.157724200,0,
2250,511305.153754100,0.000009400,0.020000000,0.020000000,511305.153763500,511305.173754100,0,
2251,511305.169290100,0.000014100,0.020000000,0.020000000,511305.169304200,511305.189290100,0,
2252,511305.185499500,0.000013200,0.020000000,0.020000000,511305.185512700,511305.205499500,0,
2253,511305.216882400,0.000017300,0.020000000,0.020000000,511305.216899700,511305.236882400,0,
2254,511305.231876000,0.000015300,0.020000000,0.020000000,511305.231891300,511305.251876000,0,
2255,511305.247616900,0.000014600,0.020000000,0.020000000,511305.247631500,511305.267616900,0,
2256,511305.280161000,0.000016400,0.020000000,0.020000000,511305.280177400,511305.300161000,0,
2257,511305.295228400,0.000015000,0.020000000,0.020000000,511305.295243400,511305.315228400,0,
2258,511305.310765300,0.000006500,0.020000000,0.020000000,511305.310771800,511305.330765300,0,
2259,511305.325776800,0.000021800,0.020000000,0.020000000,511305.325798600,511305.345776800,0,
2260,511305.357058800,0.000015500,0.020000000,0.020000000,511305.357074300,511305.377058800,0,
2261,511305.371747300,0.000016600,0.020000000,0.020000000,511305.371763900,511305.391747300,0,
2262,511305.388144100,0.000021000,0.020000000,0.020000000,511305.388165100,511305.408144100,0,
2263,511305.419733300,0.000014400,0.020000000,0.020000000,511305.419747700,511305.439733300,0,
2264,511305.435770500,0.000014300,0.020000000,0.020000000,511305.435784800,511305.455770500,0,
2265,511305.451206100,0.000018400,0.020000000,0.020000000,511305.451224500,511305.471206100,0,
2266,511305.467335700,0.000019600,0.020000000,0.020000000,511305.467355300,511305.487335700,0,
2267,511305.499593400,0.000021100,0.020000000,0.020000000,511305.499614500,511305.519593400,0,
2268,511305.515698900,0.000009400,0.020000000,0.020000000,511305.515708300,511305.535698900,0,
2269,511305.530675700,0.000012300,0.020000000,0.020000000,511305.530688000,511305.550675700,0,
2270,511305.546691500,0.000019700,0.020000000,0.020000000,511305.546711200,511305.566691500,0,
2271,511305.576885500,0.000019900,0.020000000,0.020000000,511305.576905400,511305.596885500,0,
2272,511305.592991600,0.000014900,0.020000000,0.020000000,511305.593006500,511305.612991600,0,
2273,511305.609201500,0.000013000,0.020000000,0.020000000,511305.609214500,511305.629201500,0,
2274,511305.639724600,0.000011300,0.020000000,0.020000000,511305.639735900,511305.659724600,0,
2275,511305.656064800,0.000010200,0.020000000,0.020000000,511305.656075000,511305.676064800,0,
2276,511305.670820700,0.000023700,0.020000000,0.020000000,511305.670844400,511305.690820700,0,
2277,511305.686287100,0.000014200,0.020000000,0.020000000,511305.686301300,511305.706287100,0,
2278,511305.717298800,0.000014700,0.020000000,0.020000000,511305.717313500,511305.737298800,0,
2279,511305.733512700,0.000095500,0.020000000,0.020000000,511305.733608200,511305.753512700,0,
2280,511305.750195900,0.000017800,0.020000000,0.020000000,511305.750213700,511305.770195900,0,
2281,511305.780929000,0.000014000,0.020000000,0.020000000,511305.780943000,511305.800929000,0,
2282,511305.796476000,0.000018200,0.020000000,0.020000000,511305.796494200,511305.816476000,0,
2283,511305.811321400,0.000017800,0.020000000,0.020000000,511305.811339200,511305.831321400,0,
2284,511305.827604800,0.000013000,0.020000000,0.020000000,511305.827617800,511305.847604800,0,
2285,511305.861160400,0.000019700,0.020000000,0.020000000,511305.861180100,511305.881160400,0,
2286,511305.875976400,0.000023000,0.020000000,0.020000000,511305.875999400,511305.895976400,0,
2287,511305.890256700,0.000017100,0.020000000,0.020000000,511305.890273800,511305.910256700,0,
2288,511305.906866400,0.000012800,0.020000000,0.020000000,511305.906879200,511305.926866400,0,
2289,511305.937543300,0.000014800,0.020000000,0.020000000,511305.937558100,511305.957543300,0,
2290,511305.953107700,0.000007400,0.020000000,0.020000000,511305.953115100,511305.973107700,0,
2291,511305.969810400,0.000012600,0.020000000,0.020000000,511305.969823000,511305.989810400,0,
2292,511305.984915800,0.000012000,0.020000000,0.020000000,511305.984927800,511306.004915800,0,
2293,511306.016274700,0.000008400,0.020000000,0.020000000,511306.016283100,511306.036274700,0,
2294,511306.031488300,0.000010300,0.020000000,0.020000000,511306.031498600,511306.051488300,0,
2295,511306.046864500,0.000017300,0.020000000,0.020000000,511306.046881800,511306.066864500,0,
2296,511306.078736000,0.000008900,0.020000000,0.020000000,511306.078744900,511306.098736000,0,
2297,511306.094561500,0.000013700,0.020000000,0.020000000,511306.094575200,511306.114561500,0,
2298,511306.110488300,0.000007500,0.020000000,0.020000000,511306.110495800,511306.130488300,0,
2299,511306.126158200,0.000036400,0.020000000,0.020000000,511306.126194600,511306.146158200,0,
2300,511306.158257500,0.000013900,0.020000000,0.020000000,511306.158271400,511306.178257500,0,
2301,511306.174542000,0.000012700,0.020000000,0.020000000,511306.174554700,511306.194542000,0,
2302,511306.190656900,0.000012100,0.020000000,0.020000000,511306.190669000,511306.210656900,0,
2303,511306.206864500,0.000008300,0.020000000,0.020000000,511306.206872800,511306.226864500,0,
2304,511306.237851200,0.000012100,0.020000000,0.020000000,511306.237863300,511306.257851200,0,
2305,511306.253211000,0.000012500,0.020000000,0.020000000,511306.253223500,511306.273211000,0,
2306,511306.268727700,0.000010000,0.020000000,0.020000000,511306.268737700,511306.288727700,0,
2307,511306.284470500,0.000012900,0.020000000,0.020000000,511306.284483400,511306.304470500,0,
2308,511306.315964700,0.000013800,0.020000000,0.020000000,511306.315978500,511306.335964700,0,
2309,511306.330913700,0.000016600,0.020000000,0.020000000,511306.330930300,511306.350913700,0,
2310,511306.346378200,0.000015300,0.020000000,0.020000000,511306.346393500,511306.366378200,0,
2311,511306.378175600,0.000008300,0.020000000,0.020000000,511306.378183900,511306.398175600,0,
2312,511306.393108100,0.000014500,0.020000000,0.020000000,511306.393122600,511306.413108100,0,
2313,511306.409270100,0.000012500,0.020000000,0.020000000,511306.409282600,511306.429270100,0,
2314,511306.424860600,0.000025400,0.020000000,0.020000000,511306.424886000,511306.444860600,0,
2315,511306.456311100,0.000013900,0.020000000,0.020000000,511306.456325000,511306.476311100,0,
2316,511306.471588600,0.000055900,0.020000000,0.020000000,511306.471644500,511306.491588600,0,
2317,511306.487224500,0.000014500,0.020000000,0.020000000,511306.487239000,511306.507224500,0,
2318,511306.518576000,0.000013200,0.020000000,0.020000000,511306.518589200,511306.538576000,0,
2319,511306.533843200,0.000009600,0.020000000,0.020000000,511306.533852800,511306.553843200,0,
2320,511306.549594100,0.000021000,0.020000000,0.020000000,511306.549615100,511306.569594100,0,
2321,511306.580686600,0.000013400,0.020000000,0.020000000,511306.580700000,511306.600686600,0,
2322,511306.595944100,0.000014600,0.020000000,0.020000000,511306.595958700,511306.615944100,0,
2323,511306.611056200,0.000012900,0.020000000,0.020000000,511306.611069100,511306.631056200,0,
2324,511306.627342400,0.000012200,0.020000000,0.020000000,511306.627354600,511306.647342400,0,
2325,511306.657923700,0.000006900,0.020000000,0.020000000,511306.657930600,511306.677923700,0,
2326,511306.673345900,0.000013500,0.020000000,0.020000000,511306.673359400,511306.693345900,0,
2327,511306.689790000,0.000009300,0.020000000,0.020000000,511306.689799300,511306.709790000,0,
2328,511306.705680600,0.000012400,0.020000000,0.020000000,511306.705693000,511306.725680600,0,
2329,511306.736367100,0.000017600,0.020000000,0.020000000,511306.736384700,511306.756367100,0,
2330,511306.751998300,0.000015400,0.020000000,0.020000000,511306.752013700,511306.771998300,0,
2331,511306.768442000,0.000030500,0.020000000,0.020000000,511306.768472500,511306.788442000,0,
2332,511306.799888100,0.000013700,0.020000000,0.020000000,511306.799901800,511306.819888100,0,
2333,511306.815240600,0.000014100,0.020000000,0.020000000,511306.815254700,511306.835240600,0,
2334,511306.831074900,0.000005800,0.020000000,0.020000000,511306.831080700,511306.851074900,0,
2335,511306.846465000,0.000011600,0.020000000,0.020000000,511306.846476600,511306.866465000,0,
2336,511306.878774000,0.000011900,0.020000000,0.020000000,511306.878785900,511306.898774000,0,
2337,511306.895100700,0.000010900,0.020000000,0.020000000,511306.895111600,511306.915100700,0,
2338,511306.910548800,0.000011900,0.020000000,0.020000000,511306.910560700,511306.930548800,0,
2339,511306.925793000,0.000013700,0.020000000,0.020000000,511306.925806700,511306.945793000,0,
2340,511306.956445500,0.000019500,0.020000000,0.020000000,511306.956465000,511306.976445500,0,
2341,511306.970975200,0.000020400,0.020000000,0.020000000,511306.970995600,511306.990975200,0,
2342,511306.986634500,0.000016100,0.020000000,0.020000000,511306.986650600,511307.006634500,0,
2343,511307.017787100,0.000024300,0.020000000,0.020000000,511307.017811400,511307.037787100,0,
2344,511307.032152100,0.000018900,0.020000000,0.020000000,511307.032171000,511307.052152100,0,
2345,511307.048068000,0.000022000,0.020000000,0.020000000,511307.048090000,511307.068068000,0,
2346,511307.079976000,0.000012600,0.020000000,0.020000000,511307.079988600,511307.099976000,0,
2347,511307.095090100,0.000022000,0.020000000,0.020000000,511307.095112100,511307.115090100,0,
2348,511307.110400500,0.000011300,0.020000000,0.020000000,511307.110411800,511307.130400500,0,
2349,511307.125221400,0.000013100,0.020000000,0.020000000,511307.125234500,511307.145221400,0,
2350,511307.156637000,0.000015500,0.020000000,0.020000000,511307.156652500,511307.176637000,0,
2351,511307.171818100,0.000011900,0.020000000,0.020000000,511307.171830000,511307.191818100,0,
2352,511307.187044900,0.000015700,0.020000000,0.020000000,511307.187060600,511307.207044900,0,
2353,511307.218254300,0.000023200,0.020000000,0.020000000,511307.218277500,511307.238254300,0,
2354,511307.233051300,0.000019500,0.020000000,0.020000000,511307.233070800,511307.253051300,0,
2355,511307.248376900,0.000014700,0.020000000,0.020000000,511307.248391600,511307.268376900,0,
2356,511307.279617500,0.000017600,0.020000000,0.020000000,511307.279635100,511307.299617500,0,
2357,511307.294299500,0.000019400,0.020000000,0.020000000,511307.294318900,511307.314299500,0,
2358,511307.310185700,0.000013700,0.020000000,0.020000000,511307.310199400,511307.330185700,0,
2359,511307.325245800,0.000014200,0.020000000,0.020000000,511307.325260000,511307.345245800,0,
2360,511307.356572300,0.000010000,0.020000000,0.020000000,511307.356582300,511307.376572300,0,
2361,511307.371376200,0.000020400,0.020000000,0.020000000,511307.371396600,511307.391376200,0,
2362,511307.387058700,0.000028400,0.020000000,0.020000000,511307.387087100,511307.407058700,0,
2363,511307.418168600,0.000106700,0.020000000,0.020000000,511307.418275300,511307.438168600,0,
2364,511307.433118000,0.000011200,0.020000000,0.020000000,511307.433129200,511307.453118000,0,
2365,511307.448239700,0.000019900,0.020000000,0.020000000,511307.448259600,511307.468239700,0,
2366,511307.478592800,0.000016500,0.020000000,0.020000000,511307.478609300,511307.498592800,0,
2367,511307.493875400,0.000022600,0.020000000,0.020000000,511307.493898000,511307.513875400,0,
2368,511307.509133800,0.000013600,0.020000000,0.020000000,511307.509147400,511307.529133800,0,
2369,511307.539522300,0.000013200,0.020000000,0.020000000,511307.539535500,511307.559522300,0,
2370,511307.554947500,0.000023300,0.020000000,0.020000000,511307.554970800,511307.574947500,0,
2371,511307.569694700,0.000015500,0.020000000,0.020000000,511307.569710200,511307.589694700,0,
2372,511307.584942800,0.000010400,0.020000000,0.020000000,511307.584953200,511307.604942800,0,
2373,511307.615101100,0.000019000,0.020000000,0.020000000,511307.615120100,511307.635101100,0,
2374,511307.631380500,0.000006600,0.020000000,0.020000000,511307.631387100,511307.651380500,0,
2375,511307.646673700,0.000010100,0.020000000,0.020000000,511307.646683800,511307.666673700,0,
2376,511307.676572400,0.000009300,0.020000000,0.020000000,511307.676581700,511307.696572400,0,
2377,511307.691708800,0.000018600,0.020000000,0.020000000,511307.691727400,511307.711708800,0,
2378,511307.707447900,0.000016700,0.020000000,0.020000000,511307.707464600,511307.727447900,0,
2379,511307.738095300,0.000012200,0.020000000,0.020000000,511307.738107500,511307.758095300,0,
2380,511307.754090800,0.000017100,0.020000000,0.020000000,511307.754107900,511307.774090800,0,
2381,511307.769458900,0.000006600,0.020000000,0.020000000,511307.769465500,511307.789458900,0,
2382,511307.799537100,0.000013000,0.020000000,0.020000000,511307.799550100,511307.819537100,0,
2383,511307.814977200,0.000011400,0.020000000,0.020000000,511307.814988600,511307.834977200,0,
2384,511307.829805600,0.000009100,0.020000000,0.020000000,511307.829814700,511307.849805600,0,
2385,511307.845686200,0.000011200,0.020000000,0.020000000,511307.845697400,511307.865686200,0,
2386,511307.876804200,0.000007000,0.020000000,0.020000000,511307.876811200,511307.896804200,0,
2387,511307.892171500,0.000011500,0.020000000,0.020000000,511307.892183000,511307.912171500,0,
2388,511307.907814000,0.000012900,0.020000000,0.020000000,511307.907826900,511307.927814000,0,
2389,511307.937707100,0.000010800,0.020000000,0.020000000,511307.937717900,511307.957707100,0,
2390,511307.952772400,0.000010300,0.020000000,0.020000000,511307.952782700,511307.972772400,0,
2391,511307.968300600,0.000012200,0.020000000,0.020000000,511307.968312800,511307.988300600,0,
=======
0,1034289.457345600,0.000026600,0.020000000,0.020000000,1034289.457372200,1034289.477345600,0,perception_unhealthy
1,1034289.483989900,0.000034700,0.020000000,0.020000000,1034289.484024600,1034289.503989900,0,perception_unhealthy
2,1034289.499960700,0.000014400,0.020000000,0.020000000,1034289.499975100,1034289.519960700,0,perception_unhealthy
3,1034289.531969800,0.000016200,0.020000000,0.020000000,1034289.531986000,1034289.551969800,0,perception_unhealthy
4,1034289.545291700,0.000020200,0.020000000,0.020000000,1034289.545311900,1034289.565291700,0,perception_unhealthy
5,1034289.561541200,0.000010900,0.020000000,0.020000000,1034289.561552100,1034289.581541200,0,perception_unhealthy
6,1034289.592530900,0.000022500,0.020000000,0.020000000,1034289.592553400,1034289.612530900,0,perception_unhealthy
7,1034289.607986400,0.000110400,0.020000000,0.020000000,1034289.608096800,1034289.627986400,0,perception_unhealthy
8,1034289.628657600,0.000008700,0.020000000,0.020000000,1034289.628666300,1034289.648657600,0,perception_unhealthy
9,1034289.638963600,0.000010700,0.020000000,0.020000000,1034289.638974300,1034289.658963600,0,perception_unhealthy
10,1034289.671564600,0.000008000,0.020000000,0.020000000,1034289.671572600,1034289.691564600,0,perception_unhealthy
11,1034289.686880400,0.000050800,0.020000000,0.020000000,1034289.686931200,1034289.706880400,0,perception_unhealthy
12,1034289.719813700,0.000013100,0.020000000,0.020000000,1034289.719826800,1034289.739813700,0,perception_unhealthy
13,1034289.719899200,0.000003900,0.020000000,0.020000000,1034289.719903100,1034289.739899200,0,perception_unhealthy
14,1034289.750604900,0.000013900,0.020000000,0.020000000,1034289.750618800,1034289.770604900,0,perception_unhealthy
15,1034289.767320200,0.000016100,0.020000000,0.020000000,1034289.767336300,1034289.787320200,0,perception_unhealthy
16,1034289.781920500,0.000006300,0.020000000,0.020000000,1034289.781926800,1034289.801920500,0,perception_unhealthy
17,1034289.813703700,0.000006700,0.020000000,0.020000000,1034289.813710400,1034289.833703700,0,perception_unhealthy
18,1034289.829726600,0.000011900,0.020000000,0.020000000,1034289.829738500,1034289.849726600,0,perception_unhealthy
19,1034289.846150200,0.000017800,0.020000000,0.020000000,1034289.846168000,1034289.866150200,0,perception_unhealthy
20,1034289.860643900,0.000009400,0.020000000,0.020000000,1034289.860653300,1034289.880643900,0,perception_unhealthy
21,1034289.891347300,0.000011700,0.020000000,0.020000000,1034289.891359000,1034289.911347300,0,perception_unhealthy
22,1034289.907150600,0.000012300,0.020000000,0.020000000,1034289.907162900,1034289.927150600,0,perception_unhealthy
23,1034289.923745300,0.000031800,0.020000000,0.020000000,1034289.923777100,1034289.943745300,0,perception_unhealthy
24,1034289.974904700,0.000018500,0.020000000,0.020000000,1034289.974923200,1034289.994904700,0,perception_unhealthy
25,1034289.975015500,0.000005800,0.020000000,0.020000000,1034289.975021300,1034289.995015500,0,perception_unhealthy
26,1034290.001494600,0.000016200,0.020000000,0.020000000,1034290.001510800,1034290.021494600,0,perception_unhealthy
27,1034290.016992600,0.000017700,0.020000000,0.020000000,1034290.017010300,1034290.036992600,0,perception_unhealthy
28,1034290.047795900,0.000018100,0.020000000,0.020000000,1034290.047814000,1034290.067795900,0,perception_unhealthy
29,1034290.062256700,0.000018500,0.020000000,0.020000000,1034290.062275200,1034290.082256700,0,perception_unhealthy
30,1034290.078982200,0.000018000,0.020000000,0.020000000,1034290.079000200,1034290.098982200,0,perception_unhealthy
31,1034290.109985500,0.000023000,0.020000000,0.020000000,1034290.110008500,1034290.129985500,0,
32,1034290.126397500,0.000025100,0.020000000,0.020000000,1034290.126422600,1034290.146397500,0,
33,1034290.141030900,0.000024200,0.020000000,0.020000000,1034290.141055100,1034290.161030900,0,
34,1034290.157933600,0.000020000,0.020000000,0.020000000,1034290.157953600,1034290.177933600,0,
35,1034290.186748000,0.000013100,0.020000000,0.020000000,1034290.186761100,1034290.206748000,0,
36,1034290.203493500,0.000017900,0.020000000,0.020000000,1034290.203511400,1034290.223493500,0,
37,1034290.219876500,0.000008300,0.020000000,0.020000000,1034290.219884800,1034290.239876500,0,
38,1034290.249878500,0.000012900,0.020000000,0.020000000,1034290.249891400,1034290.269878500,0,
39,1034290.265835300,0.000017400,0.020000000,0.020000000,1034290.265852700,1034290.285835300,0,
40,1034290.281864300,0.000008800,0.020000000,0.020000000,1034290.281873100,1034290.301864300,0,
41,1034290.297163200,0.000008800,0.020000000,0.020000000,1034290.297172000,1034290.317163200,0,
42,1034290.330077500,0.000004600,0.020000000,0.020000000,1034290.330082100,1034290.350077500,0,
43,1034290.343837800,0.000004500,0.020000000,0.020000000,1034290.343842300,1034290.363837800,0,
44,1034290.359196200,0.000009700,0.020000000,0.020000000,1034290.359205900,1034290.379196200,0,
45,1034290.390550800,0.000007100,0.020000000,0.020000000,1034290.390557900,1034290.410550800,0,
46,1034290.406653400,0.000014900,0.020000000,0.020000000,1034290.406668300,1034290.426653400,0,
47,1034290.421216900,0.000014000,0.020000000,0.020000000,1034290.421230900,1034290.441216900,0,
48,1034290.437118300,0.000015200,0.020000000,0.020000000,1034290.437133500,1034290.457118300,0,
49,1034290.467308500,0.000019800,0.020000000,0.020000000,1034290.467328300,1034290.487308500,0,
50,1034290.483809900,0.000015900,0.020000000,0.020000000,1034290.483825800,1034290.503809900,0,
51,1034290.498893100,0.000011000,0.020000000,0.020000000,1034290.498904100,1034290.518893100,0,
52,1034290.529972800,0.000008900,0.020000000,0.020000000,1034290.529981700,1034290.549972800,0,
53,1034290.545618900,0.000014500,0.020000000,0.020000000,1034290.545633400,1034290.565618900,0,
54,1034290.561236000,0.000017200,0.020000000,0.020000000,1034290.561253200,1034290.581236000,0,
55,1034290.576630000,0.000013800,0.020000000,0.020000000,1034290.576643800,1034290.596630000,0,
56,1034290.608189600,0.000020400,0.020000000,0.020000000,1034290.608210000,1034290.628189600,0,
57,1034290.622930000,0.000012900,0.020000000,0.020000000,1034290.622942900,1034290.642930000,0,
58,1034290.639822800,0.000017100,0.020000000,0.020000000,1034290.639839900,1034290.659822800,0,
59,1034290.670654700,0.000021700,0.020000000,0.020000000,1034290.670676400,1034290.690654700,0,
60,1034290.685696600,0.000013600,0.020000000,0.020000000,1034290.685710200,1034290.705696600,0,
61,1034290.701237300,0.000014400,0.020000000,0.020000000,1034290.701251700,1034290.721237300,0,
62,1034290.716480400,0.000008200,0.020000000,0.020000000,1034290.716488600,1034290.736480400,0,
63,1034290.746563200,0.000012600,0.020000000,0.020000000,1034290.746575800,1034290.766563200,0,
64,1034290.761843400,0.000011400,0.020000000,0.020000000,1034290.761854800,1034290.781843400,0,
65,1034290.777891800,0.000019500,0.020000000,0.020000000,1034290.777911300,1034290.797891800,0,
66,1034290.809475200,0.000009600,0.020000000,0.020000000,1034290.809484800,1034290.829475200,0,
67,1034290.824301400,0.000015000,0.020000000,0.020000000,1034290.824316400,1034290.844301400,0,
68,1034290.840584400,0.000018700,0.020000000,0.020000000,1034290.840603100,1034290.860584400,0,
69,1034290.871827500,0.000019800,0.020000000,0.020000000,1034290.871847300,1034290.891827500,0,
70,1034290.887010900,0.000008400,0.020000000,0.020000000,1034290.887019300,1034290.907010900,0,
71,1034290.903088800,0.000014200,0.020000000,0.020000000,1034290.903103000,1034290.923088800,0,
72,1034290.919533800,0.000009800,0.020000000,0.020000000,1034290.919543600,1034290.939533800,0,
73,1034290.949561300,0.000013300,0.020000000,0.020000000,1034290.949574600,1034290.969561300,0,
74,1034290.965482300,0.000009900,0.020000000,0.020000000,1034290.965492200,1034290.985482300,0,
75,1034290.980717200,0.000009000,0.020000000,0.020000000,1034290.980726200,1034291.000717200,0,
76,1034290.996719600,0.000013500,0.020000000,0.020000000,1034290.996733100,1034291.016719600,0,
77,1034291.027166200,0.000013300,0.020000000,0.020000000,1034291.027179500,1034291.047166200,0,
78,1034291.041910500,0.000008800,0.020000000,0.020000000,1034291.041919300,1034291.061910500,0,
79,1034291.058407100,0.000013600,0.020000000,0.020000000,1034291.058420700,1034291.078407100,0,
80,1034291.088427200,0.000009400,0.020000000,0.020000000,1034291.088436600,1034291.108427200,0,
81,1034291.104080300,0.000011300,0.020000000,0.020000000,1034291.104091600,1034291.124080300,0,
82,1034291.120508500,0.000011000,0.020000000,0.020000000,1034291.120519500,1034291.140508500,0,
83,1034291.136117700,0.000012200,0.020000000,0.020000000,1034291.136129900,1034291.156117700,0,
84,1034291.167067000,0.000013800,0.020000000,0.020000000,1034291.167080800,1034291.187067000,0,
85,1034291.183568800,0.000007100,0.020000000,0.020000000,1034291.183575900,1034291.203568800,0,
86,1034291.199022100,0.000018200,0.020000000,0.020000000,1034291.199040300,1034291.219022100,0,
87,1034291.230854000,0.000007600,0.020000000,0.020000000,1034291.230861600,1034291.250854000,0,
88,1034291.246852800,0.000015700,0.020000000,0.020000000,1034291.246868500,1034291.266852800,0,
89,1034291.262567300,0.000016600,0.020000000,0.020000000,1034291.262583900,1034291.282567300,0,
90,1034291.278653700,0.000010000,0.020000000,0.020000000,1034291.278663700,1034291.298653700,0,
91,1034291.310158700,0.000012800,0.020000000,0.020000000,1034291.310171500,1034291.330158700,0,
92,1034291.325864800,0.000017300,0.020000000,0.020000000,1034291.325882100,1034291.345864800,0,
93,1034291.341792800,0.000018300,0.020000000,0.020000000,1034291.341811100,1034291.361792800,0,
94,1034291.357827900,0.000025300,0.020000000,0.020000000,1034291.357853200,1034291.377827900,0,
95,1034291.389709300,0.000020200,0.020000000,0.020000000,1034291.389729500,1034291.409709300,0,
96,1034291.404661200,0.000017000,0.020000000,0.020000000,1034291.404678200,1034291.424661200,0,
97,1034291.419656900,0.000012800,0.020000000,0.020000000,1034291.419669700,1034291.439656900,0,
98,1034291.449234000,0.000017300,0.020000000,0.020000000,1034291.449251300,1034291.469234000,0,
99,1034291.463809300,0.000017200,0.020000000,0.020000000,1034291.463826500,1034291.483809300,0,
100,1034291.479862600,0.000006700,0.020000000,0.020000000,1034291.479869300,1034291.499862600,0,
101,1034291.496087300,0.000015800,0.020000000,0.020000000,1034291.496103100,1034291.516087300,0,
102,1034291.526834500,0.000019000,0.020000000,0.020000000,1034291.526853500,1034291.546834500,0,
103,1034291.542649900,0.000014300,0.020000000,0.020000000,1034291.542664200,1034291.562649900,0,
104,1034291.557740800,0.000007700,0.020000000,0.020000000,1034291.557748500,1034291.577740800,0,
105,1034291.588625700,0.000012100,0.020000000,0.020000000,1034291.588637800,1034291.608625700,0,
106,1034291.604385000,0.000011600,0.020000000,0.020000000,1034291.604396600,1034291.624385000,0,
107,1034291.621214000,0.000015000,0.020000000,0.020000000,1034291.621229000,1034291.641214000,0,
108,1034291.635266000,0.000013500,0.020000000,0.020000000,1034291.635279500,1034291.655266000,0,
109,1034291.666584200,0.000010100,0.020000000,0.020000000,1034291.666594300,1034291.686584200,0,
110,1034291.684249500,0.000022700,0.020000000,0.020000000,1034291.684272200,1034291.704249500,0,
111,1034291.698725900,0.000014900,0.020000000,0.020000000,1034291.698740800,1034291.718725900,0,
112,1034291.729637300,0.000021000,0.020000000,0.020000000,1034291.729658300,1034291.749637300,0,
113,1034291.745296000,0.000017800,0.020000000,0.020000000,1034291.745313800,1034291.765296000,0,
114,1034291.760949400,0.000014300,0.020000000,0.020000000,1034291.760963700,1034291.780949400,0,
115,1034291.776283600,0.000012000,0.020000000,0.020000000,1034291.776295600,1034291.796283600,0,
116,1034291.806606900,0.000009500,0.020000000,0.020000000,1034291.806616400,1034291.826606900,0,
117,1034291.822704400,0.000013000,0.020000000,0.020000000,1034291.822717400,1034291.842704400,0,
118,1034291.837906300,0.000008900,0.020000000,0.020000000,1034291.837915200,1034291.857906300,0,
119,1034291.869373400,0.000028200,0.020000000,0.020000000,1034291.869401600,1034291.889373400,0,
120,1034291.883906100,0.000012900,0.020000000,0.020000000,1034291.883919000,1034291.903906100,0,
121,1034291.899987000,0.000010400,0.020000000,0.020000000,1034291.899997400,1034291.919987000,0,
122,1034291.916141800,0.000011800,0.020000000,0.020000000,1034291.916153600,1034291.936141800,0,
123,1034291.946668000,0.000018000,0.020000000,0.020000000,1034291.946686000,1034291.966668000,0,
124,1034291.962377300,0.000014800,0.020000000,0.020000000,1034291.962392100,1034291.982377300,0,
125,1034291.978648100,0.000005600,0.020000000,0.020000000,1034291.978653700,1034291.998648100,0,
126,1034292.010009400,0.000011600,0.020000000,0.020000000,1034292.010021000,1034292.030009400,0,
127,1034292.025243700,0.000017500,0.020000000,0.020000000,1034292.025261200,1034292.045243700,0,
128,1034292.041314800,0.000016300,0.020000000,0.020000000,1034292.041331100,1034292.061314800,0,
129,1034292.056862500,0.000010600,0.020000000,0.020000000,1034292.056873100,1034292.076862500,0,
130,1034292.088116600,0.000011800,0.020000000,0.020000000,1034292.088128400,1034292.108116600,0,
131,1034292.103420400,0.000013800,0.020000000,0.020000000,1034292.103434200,1034292.123420400,0,
132,1034292.118911300,0.000006100,0.020000000,0.020000000,1034292.118917400,1034292.138911300,0,
133,1034292.150781900,0.000007500,0.020000000,0.020000000,1034292.150789400,1034292.170781900,0,
134,1034292.166565500,0.000007700,0.020000000,0.020000000,1034292.166573200,1034292.186565500,0,
135,1034292.182133300,0.000009500,0.020000000,0.020000000,1034292.182142800,1034292.202133300,0,
136,1034292.197422400,0.000005600,0.020000000,0.020000000,1034292.197428000,1034292.217422400,0,
137,1034292.228838700,0.000014000,0.020000000,0.020000000,1034292.228852700,1034292.248838700,0,
138,1034292.245200900,0.000009200,0.020000000,0.020000000,1034292.245210100,1034292.265200900,0,
139,1034292.260493400,0.000006900,0.020000000,0.020000000,1034292.260500300,1034292.280493400,0,
140,1034292.275880200,0.000006900,0.020000000,0.020000000,1034292.275887100,1034292.295880200,0,
141,1034292.305971200,0.000008600,0.020000000,0.020000000,1034292.305979800,1034292.325971200,0,
142,1034292.321627900,0.000009800,0.020000000,0.020000000,1034292.321637700,1034292.341627900,0,
143,1034292.337753400,0.000007600,0.020000000,0.020000000,1034292.337761000,1034292.357753400,0,
144,1034292.368743400,0.000009500,0.020000000,0.020000000,1034292.368752900,1034292.388743400,0,
145,1034292.384152000,0.000005500,0.020000000,0.020000000,1034292.384157500,1034292.404152000,0,
146,1034292.399198100,0.000017100,0.020000000,0.020000000,1034292.399215200,1034292.419198100,0,
147,1034292.430024100,0.000004800,0.020000000,0.020000000,1034292.430028900,1034292.450024100,0,
148,1034292.445686200,0.000012700,0.020000000,0.020000000,1034292.445698900,1034292.465686200,0,
149,1034292.461536100,0.000004800,0.020000000,0.020000000,1034292.461540900,1034292.481536100,0,
150,1034292.477532400,0.000007000,0.020000000,0.020000000,1034292.477539400,1034292.497532400,0,
151,1034292.509065400,0.000011100,0.020000000,0.020000000,1034292.509076500,1034292.529065400,0,
152,1034292.524462800,0.000004800,0.020000000,0.020000000,1034292.524467600,1034292.544462800,0,
153,1034292.539927900,0.000006200,0.020000000,0.020000000,1034292.539934100,1034292.559927900,0,
154,1034292.570212300,0.000011200,0.020000000,0.020000000,1034292.570223500,1034292.590212300,0,
155,1034292.586321100,0.000010400,0.020000000,0.020000000,1034292.586331500,1034292.606321100,0,
156,1034292.602511500,0.000008100,0.020000000,0.020000000,1034292.602519600,1034292.622511500,0,
157,1034292.617830000,0.000006700,0.020000000,0.020000000,1034292.617836700,1034292.637830000,0,
158,1034292.648866200,0.000008000,0.020000000,0.020000000,1034292.648874200,1034292.668866200,0,
159,1034292.665399800,0.000009900,0.020000000,0.020000000,1034292.665409700,1034292.685399800,0,
160,1034292.680023300,0.000004800,0.020000000,0.020000000,1034292.680028100,1034292.700023300,0,
161,1034292.696020800,0.000011600,0.020000000,0.020000000,1034292.696032400,1034292.716020800,0,
162,1034292.726529600,0.000006800,0.020000000,0.020000000,1034292.726536400,1034292.746529600,0,
163,1034292.742084700,0.000007100,0.020000000,0.020000000,1034292.742091800,1034292.762084700,0,
164,1034292.757540200,0.000010800,0.020000000,0.020000000,1034292.757551000,1034292.777540200,0,
165,1034292.788687400,0.000098400,0.020000000,0.020000000,1034292.788785800,1034292.808687400,0,
166,1034292.804698000,0.000182100,0.020000000,0.020000000,1034292.804880100,1034292.824698000,0,
167,1034292.820857200,0.000016400,0.020000000,0.020000000,1034292.820873600,1034292.840857200,0,
168,1034292.850402000,0.000017700,0.020000000,0.020000000,1034292.850419700,1034292.870402000,0,
169,1034292.866293300,0.000014100,0.020000000,0.020000000,1034292.866307400,1034292.886293300,0,
170,1034292.882134100,0.000010100,0.020000000,0.020000000,1034292.882144200,1034292.902134100,0,
171,1034292.897914100,0.000010800,0.020000000,0.020000000,1034292.897924900,1034292.917914100,0,
172,1034292.928842000,0.000008300,0.020000000,0.020000000,1034292.928850300,1034292.948842000,0,
173,1034292.944081200,0.000004500,0.020000000,0.020000000,1034292.944085700,1034292.964081200,0,
174,1034292.959468400,0.000008600,0.020000000,0.020000000,1034292.959477000,1034292.979468400,0,
175,1034292.989895500,0.000015500,0.020000000,0.020000000,1034292.989911000,1034293.009895500,0,
176,1034293.005835400,0.000006600,0.020000000,0.020000000,1034293.005842000,1034293.025835400,0,
177,1034293.021578900,0.000007400,0.020000000,0.020000000,1034293.021586300,1034293.041578900,0,
178,1034293.037834400,0.000006400,0.020000000,0.020000000,1034293.037840800,1034293.057834400,0,
179,1034293.068609400,0.000009600,0.020000000,0.020000000,1034293.068619000,1034293.088609400,0,
180,1034293.084500600,0.000004400,0.020000000,0.020000000,1034293.084505000,1034293.104500600,0,
181,1034293.099953100,0.000007700,0.020000000,0.020000000,1034293.099960800,1034293.119953100,0,
182,1034293.130834900,0.000007600,0.020000000,0.020000000,1034293.130842500,1034293.150834900,0,
183,1034293.146866100,0.000019300,0.020000000,0.020000000,1034293.146885400,1034293.166866100,0,
184,1034293.162203500,0.000005600,0.020000000,0.020000000,1034293.162209100,1034293.182203500,0,
185,1034293.177182400,0.000007200,0.020000000,0.020000000,1034293.177189600,1034293.197182400,0,
186,1034293.208346300,0.000007900,0.020000000,0.020000000,1034293.208354200,1034293.228346300,0,
187,1034293.223814500,0.000006100,0.020000000,0.020000000,1034293.223820600,1034293.243814500,0,
188,1034293.239380800,0.000007900,0.020000000,0.020000000,1034293.239388700,1034293.259380800,0,
189,1034293.269695500,0.000011100,0.020000000,0.020000000,1034293.269706600,1034293.289695500,0,
190,1034293.284935100,0.000006900,0.020000000,0.020000000,1034293.284942000,1034293.304935100,0,
191,1034293.300812000,0.000004700,0.020000000,0.020000000,1034293.300816700,1034293.320812000,0,
192,1034293.316895500,0.000006300,0.020000000,0.020000000,1034293.316901800,1034293.336895500,0,
193,1034293.347221700,0.000012800,0.020000000,0.020000000,1034293.347234500,1034293.367221700,0,
194,1034293.362790500,0.000007800,0.020000000,0.020000000,1034293.362798300,1034293.382790500,0,
195,1034293.378597200,0.000008500,0.020000000,0.020000000,1034293.378605700,1034293.398597200,0,
196,1034293.410249700,0.000010300,0.020000000,0.020000000,1034293.410260000,1034293.430249700,0,
197,1034293.425878900,0.000005100,0.020000000,0.020000000,1034293.425884000,1034293.445878900,0,
198,1034293.441124800,0.000013100,0.020000000,0.020000000,1034293.441137900,1034293.461124800,0,
199,1034293.456230700,0.000007200,0.020000000,0.020000000,1034293.456237900,1034293.476230700,0,
200,1034293.487000400,0.000007700,0.020000000,0.020000000,1034293.487008100,1034293.507000400,0,
201,1034293.502193200,0.000017200,0.020000000,0.020000000,1034293.502210400,1034293.522193200,0,
202,1034293.517366400,0.000007100,0.020000000,0.020000000,1034293.517373500,1034293.537366400,0,
203,1034293.548731200,0.000008400,0.020000000,0.020000000,1034293.548739600,1034293.568731200,0,
204,1034293.563651000,0.000007500,0.020000000,0.020000000,1034293.563658500,1034293.583651000,0,
205,1034293.579753100,0.000007400,0.020000000,0.020000000,1034293.579760500,1034293.599753100,0,
206,1034293.611215500,0.000007200,0.020000000,0.020000000,1034293.611222700,1034293.631215500,0,
207,1034293.625856500,0.000010800,0.020000000,0.020000000,1034293.625867300,1034293.645856500,0,
208,1034293.642628300,0.000011200,0.020000000,0.020000000,1034293.642639500,1034293.662628300,0,
209,1034293.657131600,0.000007100,0.020000000,0.020000000,1034293.657138700,1034293.677131600,0,
210,1034293.689408200,0.000011700,0.020000000,0.020000000,1034293.689419900,1034293.709408200,0,
211,1034293.704844800,0.000013600,0.020000000,0.020000000,1034293.704858400,1034293.724844800,0,
212,1034293.720950600,0.000011800,0.020000000,0.020000000,1034293.720962400,1034293.740950600,0,
213,1034293.736070400,0.000011000,0.020000000,0.020000000,1034293.736081400,1034293.756070400,0,
214,1034293.767417300,0.000005900,0.020000000,0.020000000,1034293.767423200,1034293.787417300,0,
215,1034293.783412300,0.000011300,0.020000000,0.020000000,1034293.783423600,1034293.803412300,0,
216,1034293.798910000,0.000011300,0.020000000,0.020000000,1034293.798921300,1034293.818910000,0,
217,1034293.830239500,0.000010300,0.020000000,0.020000000,1034293.830249800,1034293.850239500,0,
218,1034293.845979500,0.000012900,0.020000000,0.020000000,1034293.845992400,1034293.865979500,0,
219,1034293.860871000,0.000005300,0.020000000,0.020000000,1034293.860876300,1034293.880871000,0,
220,1034293.875940300,0.000009700,0.020000000,0.020000000,1034293.875950000,1034293.895940300,0,
221,1034293.906586800,0.000019500,0.020000000,0.020000000,1034293.906606300,1034293.926586800,0,
222,1034293.921822100,0.000009200,0.020000000,0.020000000,1034293.921831300,1034293.941822100,0,
223,1034293.937679400,0.000014900,0.020000000,0.020000000,1034293.937694300,1034293.957679400,0,
224,1034293.969366500,0.000007800,0.020000000,0.020000000,1034293.969374300,1034293.989366500,0,
225,1034293.984094500,0.000016500,0.020000000,0.020000000,1034293.984111000,1034294.004094500,0,
226,1034294.000408700,0.000012400,0.020000000,0.020000000,1034294.000421100,1034294.020408700,0,
227,1034294.015542700,0.000012300,0.020000000,0.020000000,1034294.015555000,1034294.035542700,0,
228,1034294.046690300,0.000020900,0.020000000,0.020000000,1034294.046711200,1034294.066690300,0,
229,1034294.061807700,0.000007700,0.020000000,0.020000000,1034294.061815400,1034294.081807700,0,
230,1034294.077783100,0.000012900,0.020000000,0.020000000,1034294.077796000,1034294.097783100,0,
231,1034294.109239800,0.000009700,0.020000000,0.020000000,1034294.109249500,1034294.129239800,0,
232,1034294.124890900,0.000006600,0.020000000,0.020000000,1034294.124897500,1034294.144890900,0,
233,1034294.140513000,0.000009300,0.020000000,0.020000000,1034294.140522300,1034294.160513000,0,
234,1034294.156103600,0.000063000,0.020000000,0.020000000,1034294.156166600,1034294.176103600,0,
235,1034294.186846000,0.000009300,0.020000000,0.020000000,1034294.186855300,1034294.206846000,0,
236,1034294.202375900,0.000005500,0.020000000,0.020000000,1034294.202381400,1034294.222375900,0,
237,1034294.217890000,0.000008000,0.020000000,0.020000000,1034294.217898000,1034294.237890000,0,
238,1034294.248702500,0.000012600,0.020000000,0.020000000,1034294.248715100,1034294.268702500,0,
239,1034294.264383900,0.000010400,0.020000000,0.020000000,1034294.264394300,1034294.284383900,0,
240,1034294.280445500,0.000006500,0.020000000,0.020000000,1034294.280452000,1034294.300445500,0,
241,1034294.296291400,0.000012600,0.020000000,0.020000000,1034294.296304000,1034294.316291400,0,
242,1034294.326933700,0.000008800,0.020000000,0.020000000,1034294.326942500,1034294.346933700,0,
243,1034294.343280100,0.000009200,0.020000000,0.020000000,1034294.343289300,1034294.363280100,0,
244,1034294.359490300,0.000006600,0.020000000,0.020000000,1034294.359496900,1034294.379490300,0,
245,1034294.390454100,0.000016900,0.020000000,0.020000000,1034294.390471000,1034294.410454100,0,
246,1034294.405787900,0.000012400,0.020000000,0.020000000,1034294.405800300,1034294.425787900,0,
247,1034294.422013200,0.000008400,0.020000000,0.020000000,1034294.422021600,1034294.442013200,0,
248,1034294.437134700,0.000007200,0.020000000,0.020000000,1034294.437141900,1034294.457134700,0,
249,1034294.469115200,0.000026600,0.020000000,0.020000000,1034294.469141800,1034294.489115200,0,
250,1034294.484143000,0.000009800,0.020000000,0.020000000,1034294.484152800,1034294.504143000,0,
251,1034294.499970400,0.000004600,0.020000000,0.020000000,1034294.499975000,1034294.519970400,0,
252,1034294.531041100,0.000011400,0.020000000,0.020000000,1034294.531052500,1034294.551041100,0,
253,1034294.546306700,0.000017000,0.020000000,0.020000000,1034294.546323700,1034294.566306700,0,
254,1034294.561358500,0.000015100,0.020000000,0.020000000,1034294.561373600,1034294.581358500,0,
255,1034294.577375400,0.000010500,0.020000000,0.020000000,1034294.577385900,1034294.597375400,0,
256,1034294.608448200,0.000019700,0.020000000,0.020000000,1034294.608467900,1034294.628448200,0,
257,1034294.623725300,0.000005600,0.020000000,0.020000000,1034294.623730900,1034294.643725300,0,
258,1034294.639176500,0.000006800,0.020000000,0.020000000,1034294.639183300,1034294.659176500,0,
259,1034294.669815300,0.000008900,0.020000000,0.020000000,1034294.669824200,1034294.689815300,0,
260,1034294.685124200,0.000008500,0.020000000,0.020000000,1034294.685132700,1034294.705124200,0,
261,1034294.701236800,0.000009800,0.020000000,0.020000000,1034294.701246600,1034294.721236800,0,
262,1034294.716717800,0.000010100,0.020000000,0.020000000,1034294.716727900,1034294.736717800,0,
263,1034294.747393900,0.000007700,0.020000000,0.020000000,1034294.747401600,1034294.767393900,0,
264,1034294.763433300,0.000006700,0.020000000,0.020000000,1034294.763440000,1034294.783433300,0,
265,1034294.779103700,0.000007000,0.020000000,0.020000000,1034294.779110700,1034294.799103700,0,
266,1034294.809616400,0.000003500,0.020000000,0.020000000,1034294.809619900,1034294.829616400,0,
267,1034294.824577900,0.000010800,0.020000000,0.020000000,1034294.824588700,1034294.844577900,0,
268,1034294.840669800,0.000007700,0.020000000,0.020000000,1034294.840677500,1034294.860669800,0,
269,1034294.855659000,0.000011700,0.020000000,0.020000000,1034294.855670700,1034294.875659000,0,
270,1034294.887241800,0.000009100,0.020000000,0.020000000,1034294.887250900,1034294.907241800,0,
271,1034294.903515200,0.000009800,0.020000000,0.020000000,1034294.903525000,1034294.923515200,0,
272,1034294.919322600,0.000008400,0.020000000,0.020000000,1034294.919331000,1034294.939322600,0,
273,1034294.949605900,0.000010300,0.020000000,0.020000000,1034294.949616200,1034294.969605900,0,
274,1034294.965225500,0.000009500,0.020000000,0.020000000,1034294.965235000,1034294.985225500,0,
275,1034294.981029600,0.000012800,0.020000000,0.020000000,1034294.981042400,1034295.001029600,0,
276,1034294.996814800,0.000009300,0.020000000,0.020000000,1034294.996824100,1034295.016814800,0,
277,1034295.027161000,0.000016000,0.020000000,0.020000000,1034295.027177000,1034295.047161000,0,
278,1034295.044277300,0.000020300,0.020000000,0.020000000,1034295.044297600,1034295.064277300,0,
279,1034295.059226600,0.000009300,0.020000000,0.020000000,1034295.059235900,1034295.079226600,0,
280,1034295.089761400,0.000021600,0.020000000,0.020000000,1034295.089783000,1034295.109761400,0,
281,1034295.105404700,0.000017900,0.020000000,0.020000000,1034295.105422600,1034295.125404700,0,
282,1034295.121370600,0.000011900,0.020000000,0.020000000,1034295.121382500,1034295.141370600,0,
283,1034295.136818800,0.000012100,0.020000000,0.020000000,1034295.136830900,1034295.156818800,0,
284,1034295.167567800,0.000007100,0.020000000,0.020000000,1034295.167574900,1034295.187567800,0,
285,1034295.183576600,0.000017800,0.020000000,0.020000000,1034295.183594400,1034295.203576600,0,
286,1034295.199028000,0.000015500,0.020000000,0.020000000,1034295.199043500,1034295.219028000,0,
287,1034295.229377000,0.000017000,0.020000000,0.020000000,1034295.229394000,1034295.249377000,0,
288,1034295.244466600,0.000016300,0.020000000,0.020000000,1034295.244482900,1034295.264466600,0,
289,1034295.260847300,0.000017800,0.020000000,0.020000000,1034295.260865100,1034295.280847300,0,
290,1034295.276015000,0.000007300,0.020000000,0.020000000,1034295.276022300,1034295.296015000,0,
291,1034295.307049500,0.000021200,0.020000000,0.020000000,1034295.307070700,1034295.327049500,0,
292,1034295.323720400,0.000012000,0.020000000,0.020000000,1034295.323732400,1034295.343720400,0,
293,1034295.339191700,0.000020300,0.020000000,0.020000000,1034295.339212000,1034295.359191700,0,
294,1034295.370396200,0.000025700,0.020000000,0.020000000,1034295.370421900,1034295.390396200,0,
295,1034295.384514300,0.000014300,0.020000000,0.020000000,1034295.384528600,1034295.404514300,0,
296,1034295.401424800,0.000014800,0.020000000,0.020000000,1034295.401439600,1034295.421424800,0,
297,1034295.416455000,0.000008900,0.020000000,0.020000000,1034295.416463900,1034295.436455000,0,
298,1034295.447069000,0.000019600,0.020000000,0.020000000,1034295.447088600,1034295.467069000,0,
299,1034295.461935500,0.000010300,0.020000000,0.020000000,1034295.461945800,1034295.481935500,0,
300,1034295.477602400,0.000011400,0.020000000,0.020000000,1034295.477613800,1034295.497602400,0,
301,1034295.508673500,0.000015200,0.020000000,0.020000000,1034295.508688700,1034295.528673500,0,
302,1034295.524631900,0.000006500,0.020000000,0.020000000,1034295.524638400,1034295.544631900,0,
303,1034295.540105800,0.000009700,0.020000000,0.020000000,1034295.540115500,1034295.560105800,0,
304,1034295.555699500,0.000011600,0.020000000,0.020000000,1034295.555711100,1034295.575699500,0,
305,1034295.587694400,0.000009400,0.020000000,0.020000000,1034295.587703800,1034295.607694400,0,
306,1034295.603276100,0.000009200,0.020000000,0.020000000,1034295.603285300,1034295.623276100,0,
307,1034295.619281700,0.000006500,0.020000000,0.020000000,1034295.619288200,1034295.639281700,0,
308,1034295.649896200,0.000008800,0.020000000,0.020000000,1034295.649905000,1034295.669896200,0,
309,1034295.665546600,0.000009500,0.020000000,0.020000000,1034295.665556100,1034295.685546600,0,
310,1034295.681467700,0.000012000,0.020000000,0.020000000,1034295.681479700,1034295.701467700,0,
311,1034295.697525300,0.000013300,0.020000000,0.020000000,1034295.697538600,1034295.717525300,0,
312,1034295.728087700,0.000010700,0.020000000,0.020000000,1034295.728098400,1034295.748087700,0,
313,1034295.744334100,0.000015800,0.020000000,0.020000000,1034295.744349900,1034295.764334100,0,
314,1034295.759645600,0.000010000,0.020000000,0.020000000,1034295.759655600,1034295.779645600,0,
315,1034295.790987300,0.000018800,0.020000000,0.020000000,1034295.791006100,1034295.810987300,0,
316,1034295.806596400,0.000013100,0.020000000,0.020000000,1034295.806609500,1034295.826596400,0,
317,1034295.822420800,0.000013200,0.020000000,0.020000000,1034295.822434000,1034295.842420800,0,
318,1034295.838019600,0.000015300,0.020000000,0.020000000,1034295.838034900,1034295.858019600,0,
319,1034295.868899300,0.000012600,0.020000000,0.020000000,1034295.868911900,1034295.888899300,0,
320,1034295.883692600,0.000011800,0.020000000,0.020000000,1034295.883704400,1034295.903692600,0,
321,1034295.899089200,0.000008900,0.020000000,0.020000000,1034295.899098100,1034295.919089200,0,
322,1034295.930093900,0.000015000,0.020000000,0.020000000,1034295.930108900,1034295.950093900,0,
323,1034295.946373100,0.000012500,0.020000000,0.020000000,1034295.946385600,1034295.966373100,0,
324,1034295.962460100,0.000010400,0.020000000,0.020000000,1034295.962470500,1034295.982460100,0,
325,1034295.978505400,0.000014700,0.020000000,0.020000000,1034295.978520100,1034295.998505400,0,
326,1034296.008407000,0.000015300,0.020000000,0.020000000,1034296.008422300,1034296.028407000,0,
327,1034296.023640700,0.000012000,0.020000000,0.020000000,1034296.023652700,1034296.043640700,0,
328,1034296.039615600,0.000010300,0.020000000,0.020000000,1034296.039625900,1034296.059615600,0,
329,1034296.069898100,0.000017200,0.020000000,0.020000000,1034296.069915300,1034296.089898100,0,
330,1034296.085212600,0.000018000,0.020000000,0.020000000,1034296.085230600,1034296.105212600,0,
331,1034296.101141100,0.000005200,0.020000000,0.020000000,1034296.101146300,1034296.121141100,0,
332,1034296.116749900,0.000007300,0.020000000,0.020000000,1034296.116757200,1034296.136749900,0,
333,1034296.147049900,0.000021100,0.020000000,0.020000000,1034296.147071000,1034296.167049900,0,
334,1034296.162299500,0.000009800,0.020000000,0.020000000,1034296.162309300,1034296.182299500,0,
335,1034296.177960100,0.000011900,0.020000000,0.020000000,1034296.177972000,1034296.197960100,0,
336,1034296.208426100,0.000012400,0.020000000,0.020000000,1034296.208438500,1034296.228426100,0,
337,1034296.224340300,0.000004900,0.020000000,0.020000000,1034296.224345200,1034296.244340300,0,
338,1034296.239702000,0.000012000,0.020000000,0.020000000,1034296.239714000,1034296.259702000,0,
339,1034296.270181400,0.000014300,0.020000000,0.020000000,1034296.270195700,1034296.290181400,0,
340,1034296.285254100,0.000012800,0.020000000,0.020000000,1034296.285266900,1034296.305254100,0,
341,1034296.301980500,0.000018300,0.020000000,0.020000000,1034296.301998800,1034296.321980500,0,
342,1034296.317102700,0.000004700,0.020000000,0.020000000,1034296.317107400,1034296.337102700,0,
343,1034296.348234300,0.000018100,0.020000000,0.020000000,1034296.348252400,1034296.368234300,0,
344,1034296.364899300,0.000009900,0.020000000,0.020000000,1034296.364909200,1034296.384899300,0,
345,1034296.380399300,0.000014000,0.020000000,0.020000000,1034296.380413300,1034296.400399300,0,
346,1034296.395379100,0.000006400,0.020000000,0.020000000,1034296.395385500,1034296.415379100,0,
347,1034296.426503200,0.000010200,0.020000000,0.020000000,1034296.426513400,1034296.446503200,0,
348,1034296.441885100,0.000007200,0.020000000,0.020000000,1034296.441892300,1034296.461885100,0,
349,1034296.457548600,0.000005600,0.020000000,0.020000000,1034296.457554200,1034296.477548600,0,
350,1034296.488942900,0.000126900,0.020000000,0.020000000,1034296.489069800,1034296.508942900,0,
351,1034296.503926000,0.000004800,0.020000000,0.020000000,1034296.503930800,1034296.523926000,0,
352,1034296.520006200,0.000006000,0.020000000,0.020000000,1034296.520012200,1034296.540006200,0,
353,1034296.534989900,0.000015500,0.020000000,0.020000000,1034296.535005400,1034296.554989900,0,
354,1034296.564324400,0.000018100,0.020000000,0.020000000,1034296.564342500,1034296.584324400,0,
355,1034296.579522900,0.000015400,0.020000000,0.020000000,1034296.579538300,1034296.599522900,0,
356,1034296.610664100,0.000012400,0.020000000,0.020000000,1034296.610676500,1034296.630664100,0,
357,1034296.626081200,0.000009200,0.020000000,0.020000000,1034296.626090400,1034296.646081200,0,
358,1034296.642108700,0.000006000,0.020000000,0.020000000,1034296.642114700,1034296.662108700,0,
359,1034296.657673200,0.000012400,0.020000000,0.020000000,1034296.657685600,1034296.677673200,0,
360,1034296.688592600,0.000006600,0.020000000,0.020000000,1034296.688599200,1034296.708592600,0,
361,1034296.704308100,0.000015600,0.020000000,0.020000000,1034296.704323700,1034296.724308100,0,
362,1034296.720242400,0.000006700,0.020000000,0.020000000,1034296.720249100,1034296.740242400,0,
363,1034296.736237700,0.000007900,0.020000000,0.020000000,1034296.736245600,1034296.756237700,0,
364,1034296.767306900,0.000007200,0.020000000,0.020000000,1034296.767314100,1034296.787306900,0,
365,1034296.782990700,0.000004800,0.020000000,0.020000000,1034296.782995500,1034296.802990700,0,
366,1034296.798796700,0.000008000,0.020000000,0.020000000,1034296.798804700,1034296.818796700,0,
367,1034296.830222100,0.000008100,0.020000000,0.020000000,1034296.830230200,1034296.850222100,0,
368,1034296.846300600,0.000017700,0.020000000,0.020000000,1034296.846318300,1034296.866300600,0,
369,1034296.861325500,0.000009600,0.020000000,0.020000000,1034296.861335100,1034296.881325500,0,
370,1034296.877314700,0.000016900,0.020000000,0.020000000,1034296.877331600,1034296.897314700,0,
371,1034296.907960000,0.000006300,0.020000000,0.020000000,1034296.907966300,1034296.927960000,0,
372,1034296.923480400,0.000009100,0.020000000,0.020000000,1034296.923489500,1034296.943480400,0,
373,1034296.939627200,0.000009300,0.020000000,0.020000000,1034296.939636500,1034296.959627200,0,
374,1034296.970242200,0.000005400,0.020000000,0.020000000,1034296.970247600,1034296.990242200,0,
375,1034296.986223800,0.000008900,0.020000000,0.020000000,1034296.986232700,1034297.006223800,0,
376,1034297.002106900,0.000004500,0.020000000,0.020000000,1034297.002111400,1034297.022106900,0,
377,1034297.017125100,0.000004300,0.020000000,0.020000000,1034297.017129400,1034297.037125100,0,
378,1034297.048710100,0.000009500,0.020000000,0.020000000,1034297.048719600,1034297.068710100,0,
379,1034297.064867100,0.000005600,0.020000000,0.020000000,1034297.064872700,1034297.084867100,0,
380,1034297.080387200,0.000039000,0.020000000,0.020000000,1034297.080426200,1034297.100387200,0,
381,1034297.096341500,0.000008400,0.020000000,0.020000000,1034297.096349900,1034297.116341500,0,
382,1034297.127016400,0.000008200,0.020000000,0.020000000,1034297.127024600,1034297.147016400,0,
383,1034297.143189200,0.000003600,0.020000000,0.020000000,1034297.143192800,1034297.163189200,0,
384,1034297.158388200,0.000006000,0.020000000,0.020000000,1034297.158394200,1034297.178388200,0,
385,1034297.188442600,0.000008100,0.020000000,0.020000000,1034297.188450700,1034297.208442600,0,
386,1034297.204750100,0.000004000,0.020000000,0.020000000,1034297.204754100,1034297.224750100,0,
387,1034297.220666900,0.000008000,0.020000000,0.020000000,1034297.220674900,1034297.240666900,0,
388,1034297.235734300,0.000007500,0.020000000,0.020000000,1034297.235741800,1034297.255734300,0,
389,1034297.267529400,0.000008800,0.020000000,0.020000000,1034297.267538200,1034297.287529400,0,
390,1034297.282350500,0.000004900,0.020000000,0.020000000,1034297.282355400,1034297.302350500,0,
391,1034297.297433100,0.000008200,0.020000000,0.020000000,1034297.297441300,1034297.317433100,0,
392,1034297.328850000,0.000012000,0.020000000,0.020000000,1034297.328862000,1034297.348850000,0,
393,1034297.344083800,0.000017600,0.020000000,0.020000000,1034297.344101400,1034297.364083800,0,
394,1034297.359478900,0.000004100,0.020000000,0.020000000,1034297.359483000,1034297.379478900,0,
395,1034297.389376500,0.000008600,0.020000000,0.020000000,1034297.389385100,1034297.409376500,0,
396,1034297.405363100,0.000019400,0.020000000,0.020000000,1034297.405382500,1034297.425363100,0,
397,1034297.421703000,0.000009400,0.020000000,0.020000000,1034297.421712400,1034297.441703000,0,
398,1034297.437135200,0.000007900,0.020000000,0.020000000,1034297.437143100,1034297.457135200,0,
399,1034297.468209600,0.000012000,0.020000000,0.020000000,1034297.468221600,1034297.488209600,0,
400,1034297.483587600,0.000010000,0.020000000,0.020000000,1034297.483597600,1034297.503587600,0,
401,1034297.499769700,0.000017700,0.020000000,0.020000000,1034297.499787400,1034297.519769700,0,
402,1034297.515965300,0.000013100,0.020000000,0.020000000,1034297.515978400,1034297.535965300,0,
403,1034297.547291800,0.000013300,0.020000000,0.020000000,1034297.547305100,1034297.567291800,0,
404,1034297.563089300,0.000005900,0.020000000,0.020000000,1034297.563095200,1034297.583089300,0,
405,1034297.578906400,0.000011100,0.020000000,0.020000000,1034297.578917500,1034297.598906400,0,
406,1034297.609752300,0.000013100,0.020000000,0.020000000,1034297.609765400,1034297.629752300,0,
407,1034297.625711800,0.000013600,0.020000000,0.020000000,1034297.625725400,1034297.645711800,0,
408,1034297.641675200,0.000014000,0.020000000,0.020000000,1034297.641689200,1034297.661675200,0,
409,1034297.657095100,0.000009600,0.020000000,0.020000000,1034297.657104700,1034297.677095100,0,
410,1034297.688291100,0.000016100,0.020000000,0.020000000,1034297.688307200,1034297.708291100,0,
411,1034297.703487400,0.000008900,0.020000000,0.020000000,1034297.703496300,1034297.723487400,0,
412,1034297.719627000,0.000009200,0.020000000,0.020000000,1034297.719636200,1034297.739627000,0,
413,1034297.749222700,0.000006400,0.020000000,0.020000000,1034297.749229100,1034297.769222700,0,
414,1034297.764885000,0.000014600,0.020000000,0.020000000,1034297.764899600,1034297.784885000,0,
415,1034297.780742600,0.000014000,0.020000000,0.020000000,1034297.780756600,1034297.800742600,0,
416,1034297.795828200,0.000007600,0.020000000,0.020000000,1034297.795835800,1034297.815828200,0,
417,1034297.827304500,0.000015500,0.020000000,0.020000000,1034297.827320000,1034297.847304500,0,
418,1034297.843644800,0.000014500,0.020000000,0.020000000,1034297.843659300,1034297.863644800,0,
419,1034297.858994700,0.000010400,0.020000000,0.020000000,1034297.859005100,1034297.878994700,0,
420,1034297.890491200,0.000016100,0.020000000,0.020000000,1034297.890507300,1034297.910491200,0,
421,1034297.905868200,0.000013900,0.020000000,0.020000000,1034297.905882100,1034297.925868200,0,
422,1034297.922000100,0.000008500,0.020000000,0.020000000,1034297.922008600,1034297.942000100,0,
423,1034297.937088400,0.000004400,0.020000000,0.020000000,1034297.937092800,1034297.957088400,0,
424,1034297.968669700,0.000087500,0.020000000,0.020000000,1034297.968757200,1034297.988669700,0,
425,1034297.984515100,0.000013000,0.020000000,0.020000000,1034297.984528100,1034298.004515100,0,
426,1034298.000692300,0.000003900,0.020000000,0.020000000,1034298.000696200,1034298.020692300,0,
427,1034298.016607500,0.000015000,0.020000000,0.020000000,1034298.016622500,1034298.036607500,0,
428,1034298.046623400,0.000018300,0.020000000,0.020000000,1034298.046641700,1034298.066623400,0,
429,1034298.061610400,0.000012500,0.020000000,0.020000000,1034298.061622900,1034298.081610400,0,
430,1034298.077725400,0.000008000,0.020000000,0.020000000,1034298.077733400,1034298.097725400,0,
431,1034298.109199000,0.000014700,0.020000000,0.020000000,1034298.109213700,1034298.129199000,0,
432,1034298.124596500,0.000012700,0.020000000,0.020000000,1034298.124609200,1034298.144596500,0,
433,1034298.140653600,0.000013600,0.020000000,0.020000000,1034298.140667200,1034298.160653600,0,
434,1034298.170047800,0.000009500,0.020000000,0.020000000,1034298.170057300,1034298.190047800,0,
435,1034298.185384100,0.000016600,0.020000000,0.020000000,1034298.185400700,1034298.205384100,0,
436,1034298.200643500,0.000010200,0.020000000,0.020000000,1034298.200653700,1034298.220643500,0,
437,1034298.216381500,0.000005900,0.020000000,0.020000000,1034298.216387400,1034298.236381500,0,
438,1034298.247229700,0.000020300,0.020000000,0.020000000,1034298.247250000,1034298.267229700,0,
439,1034298.262558500,0.000013900,0.020000000,0.020000000,1034298.262572400,1034298.282558500,0,
440,1034298.278353300,0.000014900,0.020000000,0.020000000,1034298.278368200,1034298.298353300,0,
441,1034298.308850900,0.000018500,0.020000000,0.020000000,1034298.308869400,1034298.328850900,0,
442,1034298.324361600,0.000020200,0.020000000,0.020000000,1034298.324381800,1034298.344361600,0,
443,1034298.339880500,0.000010100,0.020000000,0.020000000,1034298.339890600,1034298.359880500,0,
444,1034298.370868500,0.000015300,0.020000000,0.020000000,1034298.370883800,1034298.390868500,0,
445,1034298.386593700,0.000011000,0.020000000,0.020000000,1034298.386604700,1034298.406593700,0,
446,1034298.402040300,0.000013800,0.020000000,0.020000000,1034298.402054100,1034298.422040300,0,
447,1034298.417379500,0.000006900,0.020000000,0.020000000,1034298.417386400,1034298.437379500,0,
448,1034298.448651400,0.000012300,0.020000000,0.020000000,1034298.448663700,1034298.468651400,0,
449,1034298.464014900,0.000006500,0.020000000,0.020000000,1034298.464021400,1034298.484014900,0,
450,1034298.479811200,0.000008400,0.020000000,0.020000000,1034298.479819600,1034298.499811200,0,
451,1034298.510744900,0.000012000,0.020000000,0.020000000,1034298.510756900,1034298.530744900,0,
452,1034298.526625100,0.000010400,0.020000000,0.020000000,1034298.526635500,1034298.546625100,0,
453,1034298.542335700,0.000006000,0.020000000,0.020000000,1034298.542341700,1034298.562335700,0,
454,1034298.558393500,0.000015000,0.020000000,0.020000000,1034298.558408500,1034298.578393500,0,
455,1034298.588155200,0.000013400,0.020000000,0.020000000,1034298.588168600,1034298.608155200,0,
456,1034298.603411200,0.000012300,0.020000000,0.020000000,1034298.603423500,1034298.623411200,0,
457,1034298.619553000,0.000010300,0.020000000,0.020000000,1034298.619563300,1034298.639553000,0,
458,1034298.650102700,0.000019100,0.020000000,0.020000000,1034298.650121800,1034298.670102700,0,
459,1034298.665585800,0.000009100,0.020000000,0.020000000,1034298.665594900,1034298.685585800,0,
460,1034298.681411000,0.000010900,0.020000000,0.020000000,1034298.681421900,1034298.701411000,0,
461,1034298.696823700,0.000014700,0.020000000,0.020000000,1034298.696838400,1034298.716823700,0,
462,1034298.728155700,0.000011800,0.020000000,0.020000000,1034298.728167500,1034298.748155700,0,
463,1034298.743377500,0.000010600,0.020000000,0.020000000,1034298.743388100,1034298.763377500,0,
464,1034298.760575900,0.000012600,0.020000000,0.020000000,1034298.760588500,1034298.780575900,0,
465,1034298.790784100,0.000011300,0.020000000,0.020000000,1034298.790795400,1034298.810784100,0,
466,1034298.805472000,0.000018900,0.020000000,0.020000000,1034298.805490900,1034298.825472000,0,
467,1034298.821400200,0.000008000,0.020000000,0.020000000,1034298.821408200,1034298.841400200,0,
468,1034298.837474600,0.000012800,0.020000000,0.020000000,1034298.837487400,1034298.857474600,0,
469,1034298.869195800,0.000015000,0.020000000,0.020000000,1034298.869210800,1034298.889195800,0,
470,1034298.884225600,0.000007600,0.020000000,0.020000000,1034298.884233200,1034298.904225600,0,
471,1034298.900468100,0.000015300,0.020000000,0.020000000,1034298.900483400,1034298.920468100,0,
472,1034298.916601700,0.000011800,0.020000000,0.020000000,1034298.916613500,1034298.936601700,0,
473,1034298.947108400,0.000009800,0.020000000,0.020000000,1034298.947118200,1034298.967108400,0,
474,1034298.962696100,0.000012200,0.020000000,0.020000000,1034298.962708300,1034298.982696100,0,
475,1034298.977661200,0.000015200,0.020000000,0.020000000,1034298.977676400,1034298.997661200,0,
476,1034299.008620900,0.000015500,0.020000000,0.020000000,1034299.008636400,1034299.028620900,0,
477,1034299.024084600,0.000014300,0.020000000,0.020000000,1034299.024098900,1034299.044084600,0,
478,1034299.039697500,0.000007200,0.020000000,0.020000000,1034299.039704700,1034299.059697500,0,
479,1034299.070460900,0.000014800,0.020000000,0.020000000,1034299.070475700,1034299.090460900,0,
480,1034299.086656900,0.000019100,0.020000000,0.020000000,1034299.086676000,1034299.106656900,0,
481,1034299.102107600,0.000032700,0.020000000,0.020000000,1034299.102140300,1034299.122107600,0,
482,1034299.117607300,0.000005500,0.020000000,0.020000000,1034299.117612800,1034299.137607300,0,
483,1034299.148870300,0.000012200,0.020000000,0.020000000,1034299.148882500,1034299.168870300,0,
484,1034299.164052400,0.000012200,0.020000000,0.020000000,1034299.164064600,1034299.184052400,0,
485,1034299.179720600,0.000018100,0.020000000,0.020000000,1034299.179738700,1034299.199720600,0,
486,1034299.210027000,0.000013500,0.020000000,0.020000000,1034299.210040500,1034299.230027000,0,
487,1034299.225166000,0.000019200,0.020000000,0.020000000,1034299.225185200,1034299.245166000,0,
488,1034299.240798200,0.000011400,0.020000000,0.020000000,1034299.240809600,1034299.260798200,0,
489,1034299.256903000,0.000011200,0.020000000,0.020000000,1034299.256914200,1034299.276903000,0,
490,1034299.288073800,0.000011700,0.020000000,0.020000000,1034299.288085500,1034299.308073800,0,
491,1034299.303752000,0.000011700,0.020000000,0.020000000,1034299.303763700,1034299.323752000,0,
492,1034299.319308700,0.000015800,0.020000000,0.020000000,1034299.319324500,1034299.339308700,0,
493,1034299.350212900,0.000014300,0.020000000,0.020000000,1034299.350227200,1034299.370212900,0,
494,1034299.366288100,0.000015800,0.020000000,0.020000000,1034299.366303900,1034299.386288100,0,
495,1034299.381615600,0.000005000,0.020000000,0.020000000,1034299.381620600,1034299.401615600,0,
496,1034299.397545900,0.000007400,0.020000000,0.020000000,1034299.397553300,1034299.417545900,0,
497,1034299.429040200,0.000017600,0.020000000,0.020000000,1034299.429057800,1034299.449040200,0,
498,1034299.443969100,0.000009600,0.020000000,0.020000000,1034299.443978700,1034299.463969100,0,
499,1034299.460457000,0.000012400,0.020000000,0.020000000,1034299.460469400,1034299.480457000,0,
500,1034299.491088800,0.000049200,0.020000000,0.020000000,1034299.491138000,1034299.511088800,0,
501,1034299.506813500,0.000014000,0.020000000,0.020000000,1034299.506827500,1034299.526813500,0,
502,1034299.523676500,0.000007900,0.020000000,0.020000000,1034299.523684400,1034299.543676500,0,
503,1034299.538707600,0.000013700,0.020000000,0.020000000,1034299.538721300,1034299.558707600,0,
504,1034299.569865300,0.000011200,0.020000000,0.020000000,1034299.569876500,1034299.589865300,0,
505,1034299.584837200,0.000014500,0.020000000,0.020000000,1034299.584851700,1034299.604837200,0,
506,1034299.600011100,0.000012700,0.020000000,0.020000000,1034299.600023800,1034299.620011100,0,
507,1034299.615406000,0.000015000,0.020000000,0.020000000,1034299.615421000,1034299.635406000,0,
508,1034299.645659400,0.000009900,0.020000000,0.020000000,1034299.645669300,1034299.665659400,0,
509,1034299.661626300,0.000007900,0.020000000,0.020000000,1034299.661634200,1034299.681626300,0,
510,1034299.676719600,0.000011300,0.020000000,0.020000000,1034299.676730900,1034299.696719600,0,
511,1034299.707608500,0.000010000,0.020000000,0.020000000,1034299.707618500,1034299.727608500,0,
512,1034299.723127200,0.000012000,0.020000000,0.020000000,1034299.723139200,1034299.743127200,0,
513,1034299.739788500,0.000009800,0.020000000,0.020000000,1034299.739798300,1034299.759788500,0,
514,1034299.769937800,0.000011900,0.020000000,0.020000000,1034299.769949700,1034299.789937800,0,
515,1034299.785154100,0.000015200,0.020000000,0.020000000,1034299.785169300,1034299.805154100,0,
516,1034299.800431500,0.000007400,0.020000000,0.020000000,1034299.800438900,1034299.820431500,0,
517,1034299.816524900,0.000010200,0.020000000,0.020000000,1034299.816535100,1034299.836524900,0,
518,1034299.848626100,0.000012000,0.020000000,0.020000000,1034299.848638100,1034299.868626100,0,
519,1034299.864539200,0.000018200,0.020000000,0.020000000,1034299.864557400,1034299.884539200,0,
520,1034299.880338200,0.000015400,0.020000000,0.020000000,1034299.880353600,1034299.900338200,0,
521,1034299.895308300,0.000006100,0.020000000,0.020000000,1034299.895314400,1034299.915308300,0,
522,1034299.926329600,0.000013200,0.020000000,0.020000000,1034299.926342800,1034299.946329600,0,
523,1034299.942209500,0.000011600,0.020000000,0.020000000,1034299.942221100,1034299.962209500,0,
524,1034299.956658800,0.000012900,0.020000000,0.020000000,1034299.956671700,1034299.976658800,0,
525,1034299.988698200,0.000018000,0.020000000,0.020000000,1034299.988716200,1034300.008698200,0,
526,1034300.004971100,0.000015900,0.020000000,0.020000000,1034300.004987000,1034300.024971100,0,
527,1034300.020058300,0.000007800,0.020000000,0.020000000,1034300.020066100,1034300.040058300,0,
528,1034300.036251300,0.000010300,0.020000000,0.020000000,1034300.036261600,1034300.056251300,0,
529,1034300.066469400,0.000009200,0.020000000,0.020000000,1034300.066478600,1034300.086469400,0,
530,1034300.082244200,0.000012900,0.020000000,0.020000000,1034300.082257100,1034300.102244200,0,
531,1034300.099237300,0.000015300,0.020000000,0.020000000,1034300.099252600,1034300.119237300,0,
532,1034300.129589000,0.000020700,0.020000000,0.020000000,1034300.129609700,1034300.149589000,0,
533,1034300.144815100,0.000010600,0.020000000,0.020000000,1034300.144825700,1034300.164815100,0,
534,1034300.161129700,0.000005500,0.020000000,0.020000000,1034300.161135200,1034300.181129700,0,
535,1034300.176836200,0.000028800,0.020000000,0.020000000,1034300.176865000,1034300.196836200,0,
536,1034300.207413700,0.000013400,0.020000000,0.020000000,1034300.207427100,1034300.227413700,0,
537,1034300.223419900,0.000015300,0.020000000,0.020000000,1034300.223435200,1034300.243419900,0,
538,1034300.238325100,0.000008500,0.020000000,0.020000000,1034300.238333600,1034300.258325100,0,
539,1034300.268908700,0.000017300,0.020000000,0.020000000,1034300.268926000,1034300.288908700,0,
540,1034300.284063300,0.000005400,0.020000000,0.020000000,1034300.284068700,1034300.304063300,0,
541,1034300.300161900,0.000006000,0.020000000,0.020000000,1034300.300167900,1034300.320161900,0,
542,1034300.316285900,0.000005900,0.020000000,0.020000000,1034300.316291800,1034300.336285900,0,
543,1034300.347533300,0.000010000,0.020000000,0.020000000,1034300.347543300,1034300.367533300,0,
544,1034300.363564100,0.000014300,0.020000000,0.020000000,1034300.363578400,1034300.383564100,0,
545,1034300.379235900,0.000009300,0.020000000,0.020000000,1034300.379245200,1034300.399235900,0,
546,1034300.410144200,0.000007200,0.020000000,0.020000000,1034300.410151400,1034300.430144200,0,
547,1034300.425439800,0.000017100,0.020000000,0.020000000,1034300.425456900,1034300.445439800,0,
548,1034300.441522700,0.000014700,0.020000000,0.020000000,1034300.441537400,1034300.461522700,0,
549,1034300.456330800,0.000010700,0.020000000,0.020000000,1034300.456341500,1034300.476330800,0,
550,1034300.487912100,0.000017000,0.020000000,0.020000000,1034300.487929100,1034300.507912100,0,
551,1034300.503900100,0.000017500,0.020000000,0.020000000,1034300.503917600,1034300.523900100,0,
552,1034300.519263500,0.000042600,0.020000000,0.020000000,1034300.519306100,1034300.539263500,0,
553,1034300.550659000,0.000016700,0.020000000,0.020000000,1034300.550675700,1034300.570659000,0,
554,1034300.566407700,0.000003900,0.020000000,0.020000000,1034300.566411600,1034300.586407700,0,
555,1034300.581891300,0.000012600,0.020000000,0.020000000,1034300.581903900,1034300.601891300,0,
556,1034300.596989900,0.000011800,0.020000000,0.020000000,1034300.597001700,1034300.616989900,0,
557,1034300.628579000,0.000008700,0.020000000,0.020000000,1034300.628587700,1034300.648579000,0,
558,1034300.644665000,0.000010700,0.020000000,0.020000000,1034300.644675700,1034300.664665000,0,
559,1034300.660744200,0.000009100,0.020000000,0.020000000,1034300.660753300,1034300.680744200,0,
560,1034300.676499400,0.000041400,0.020000000,0.020000000,1034300.676540800,1034300.696499400,0,
561,1034300.707349700,0.000009100,0.020000000,0.020000000,1034300.707358800,1034300.727349700,0,
562,1034300.723456800,0.000007600,0.020000000,0.020000000,1034300.723464400,1034300.743456800,0,
563,1034300.738343900,0.000051700,0.020000000,0.020000000,1034300.738395600,1034300.758343900,0,
564,1034300.769304100,0.000009900,0.020000000,0.020000000,1034300.769314000,1034300.789304100,0,
565,1034300.784549000,0.000008000,0.020000000,0.020000000,1034300.784557000,1034300.804549000,0,
566,1034300.800616200,0.000011900,0.020000000,0.020000000,1034300.800628100,1034300.820616200,0,
567,1034300.816369300,0.000005200,0.020000000,0.020000000,1034300.816374500,1034300.836369300,0,
568,1034300.846930100,0.000127400,0.020000000,0.020000000,1034300.847057500,1034300.866930100,0,
569,1034300.863899300,0.000015300,0.020000000,0.020000000,1034300.863914600,1034300.883899300,0,
570,1034300.878899500,0.000030100,0.020000000,0.020000000,1034300.878929600,1034300.898899500,0,
571,1034300.909927400,0.000013400,0.020000000,0.020000000,1034300.909940800,1034300.929927400,0,
572,1034300.925433300,0.000014600,0.020000000,0.020000000,1034300.925447900,1034300.945433300,0,
573,1034300.941016800,0.000014900,0.020000000,0.020000000,1034300.941031700,1034300.961016800,0,
574,1034300.956878900,0.000006900,0.020000000,0.020000000,1034300.956885800,1034300.976878900,0,
575,1034300.988408200,0.000014700,0.020000000,0.020000000,1034300.988422900,1034301.008408200,0,
576,1034301.004320400,0.000007000,0.020000000,0.020000000,1034301.004327400,1034301.024320400,0,
577,1034301.020159100,0.000007200,0.020000000,0.020000000,1034301.020166300,1034301.040159100,0,
578,1034301.035811300,0.000009300,0.020000000,0.020000000,1034301.035820600,1034301.055811300,0,
579,1034301.067894700,0.000014400,0.020000000,0.020000000,1034301.067909100,1034301.087894700,0,
580,1034301.083913200,0.000008800,0.020000000,0.020000000,1034301.083922000,1034301.103913200,0,
581,1034301.100317300,0.000007400,0.020000000,0.020000000,1034301.100324700,1034301.120317300,0,
582,1034301.115588600,0.000007900,0.020000000,0.020000000,1034301.115596500,1034301.135588600,0,
583,1034301.146812400,0.000008700,0.020000000,0.020000000,1034301.146821100,1034301.166812400,0,
584,1034301.162968100,0.000008800,0.020000000,0.020000000,1034301.162976900,1034301.182968100,0,
585,1034301.178502500,0.000007100,0.020000000,0.020000000,1034301.178509600,1034301.198502500,0,
586,1034301.210274200,0.000004200,0.020000000,0.020000000,1034301.210278400,1034301.230274200,0,
587,1034301.225966700,0.000008000,0.020000000,0.020000000,1034301.225974700,1034301.245966700,0,
588,1034301.242099200,0.000006800,0.020000000,0.020000000,1034301.242106000,1034301.262099200,0,
589,1034301.258026500,0.000006500,0.020000000,0.020000000,1034301.258033000,1034301.278026500,0,
590,1034301.288725700,0.000009100,0.020000000,0.020000000,1034301.288734800,1034301.308725700,0,
591,1034301.304304600,0.000013400,0.020000000,0.020000000,1034301.304318000,1034301.324304600,0,
592,1034301.320490900,0.000006800,0.020000000,0.020000000,1034301.320497700,1034301.340490900,0,
593,1034301.336102700,0.000015600,0.020000000,0.020000000,1034301.336118300,1034301.356102700,0,
594,1034301.366317200,0.000017000,0.020000000,0.020000000,1034301.366334200,1034301.386317200,0,
595,1034301.381782500,0.000012000,0.020000000,0.020000000,1034301.381794500,1034301.401782500,0,
596,1034301.398757100,0.000010900,0.020000000,0.020000000,1034301.398768000,1034301.418757100,0,
597,1034301.429757300,0.000012500,0.020000000,0.020000000,1034301.429769800,1034301.449757300,0,
598,1034301.444395700,0.000010100,0.020000000,0.020000000,1034301.444405800,1034301.464395700,0,
599,1034301.460437300,0.000010800,0.020000000,0.020000000,1034301.460448100,1034301.480437300,0,
600,1034301.475668200,0.000003600,0.020000000,0.020000000,1034301.475671800,1034301.495668200,0,
601,1034301.506403200,0.000014000,0.020000000,0.020000000,1034301.506417200,1034301.526403200,0,
602,1034301.522261800,0.000005800,0.020000000,0.020000000,1034301.522267600,1034301.542261800,0,
603,1034301.538191900,0.000011300,0.020000000,0.020000000,1034301.538203200,1034301.558191900,0,
604,1034301.569694900,0.000009100,0.020000000,0.020000000,1034301.569704000,1034301.589694900,0,
605,1034301.585988200,0.000009200,0.020000000,0.020000000,1034301.585997400,1034301.605988200,0,
606,1034301.601077400,0.000014200,0.020000000,0.020000000,1034301.601091600,1034301.621077400,0,
607,1034301.616466200,0.000003400,0.020000000,0.020000000,1034301.616469600,1034301.636466200,0,
608,1034301.649082000,0.000019500,0.020000000,0.020000000,1034301.649101500,1034301.669082000,0,
609,1034301.663814900,0.000009600,0.020000000,0.020000000,1034301.663824500,1034301.683814900,0,
610,1034301.679308300,0.000005300,0.020000000,0.020000000,1034301.679313600,1034301.699308300,0,
611,1034301.695262200,0.000011700,0.020000000,0.020000000,1034301.695273900,1034301.715262200,0,
612,1034301.725969100,0.000008700,0.020000000,0.020000000,1034301.725977800,1034301.745969100,0,
613,1034301.741118500,0.000009400,0.020000000,0.020000000,1034301.741127900,1034301.761118500,0,
614,1034301.756550300,0.000004200,0.020000000,0.020000000,1034301.756554500,1034301.776550300,0,
615,1034301.787834200,0.000010500,0.020000000,0.020000000,1034301.787844700,1034301.807834200,0,
616,1034301.803305800,0.000006800,0.020000000,0.020000000,1034301.803312600,1034301.823305800,0,
617,1034301.818886800,0.000003600,0.020000000,0.020000000,1034301.818890400,1034301.838886800,0,
618,1034301.850885100,0.000005500,0.020000000,0.020000000,1034301.850890600,1034301.870885100,0,
619,1034301.866448900,0.000005700,0.020000000,0.020000000,1034301.866454600,1034301.886448900,0,
620,1034301.881914200,0.000006100,0.020000000,0.020000000,1034301.881920300,1034301.901914200,0,
621,1034301.897730800,0.000006100,0.020000000,0.020000000,1034301.897736900,1034301.917730800,0,
622,1034301.927996800,0.000007900,0.020000000,0.020000000,1034301.928004700,1034301.947996800,0,
623,1034301.943241300,0.000006900,0.020000000,0.020000000,1034301.943248200,1034301.963241300,0,
624,1034301.959259800,0.000006700,0.020000000,0.020000000,1034301.959266500,1034301.979259800,0,
625,1034301.990224700,0.000006100,0.020000000,0.020000000,1034301.990230800,1034302.010224700,0,
626,1034302.006224500,0.000007500,0.020000000,0.020000000,1034302.006232000,1034302.026224500,0,
627,1034302.022121800,0.000004400,0.020000000,0.020000000,1034302.022126200,1034302.042121800,0,
628,1034302.037134100,0.000006000,0.020000000,0.020000000,1034302.037140100,1034302.057134100,0,
629,1034302.068622400,0.000004500,0.020000000,0.020000000,1034302.068626900,1034302.088622400,0,
630,1034302.084121400,0.000002800,0.020000000,0.020000000,1034302.084124200,1034302.104121400,0,
631,1034302.100780800,0.000008100,0.020000000,0.020000000,1034302.100788900,1034302.120780800,0,
632,1034302.116086200,0.000013300,0.020000000,0.020000000,1034302.116099500,1034302.136086200,0,
633,1034302.147236900,0.000026100,0.020000000,0.020000000,1034302.147263000,1034302.167236900,0,
634,1034302.163151500,0.000018200,0.020000000,0.020000000,1034302.163169700,1034302.183151500,0,
635,1034302.178994200,0.000011800,0.020000000,0.020000000,1034302.179006000,1034302.198994200,0,
636,1034302.209749000,0.000024100,0.020000000,0.020000000,1034302.209773100,1034302.229749000,0,
637,1034302.225785700,0.000018100,0.020000000,0.020000000,1034302.225803800,1034302.245785700,0,
638,1034302.241550000,0.000016600,0.020000000,0.020000000,1034302.241566600,1034302.261550000,0,
639,1034302.257712900,0.000011700,0.020000000,0.020000000,1034302.257724600,1034302.277712900,0,
640,1034302.288294100,0.000023400,0.020000000,0.020000000,1034302.288317500,1034302.308294100,0,
641,1034302.304821200,0.000027600,0.020000000,0.020000000,1034302.304848800,1034302.324821200,0,
642,1034302.319605900,0.000021000,0.020000000,0.020000000,1034302.319626900,1034302.339605900,0,
643,1034302.349053100,0.000023600,0.020000000,0.020000000,1034302.349076700,1034302.369053100,0,
644,1034302.366237700,0.000021500,0.020000000,0.020000000,1034302.366259200,1034302.386237700,0,
645,1034302.380234200,0.000031500,0.020000000,0.020000000,1034302.380265700,1034302.400234200,0,
646,1034302.411452600,0.000048800,0.020000000,0.020000000,1034302.411501400,1034302.431452600,0,
647,1034302.427655600,0.000041100,0.020000000,0.020000000,1034302.427696700,1034302.447655600,0,
648,1034302.442408600,0.000019500,0.020000000,0.020000000,1034302.442428100,1034302.462408600,0,
649,1034302.458869400,0.000008100,0.020000000,0.020000000,1034302.458877500,1034302.478869400,0,
650,1034302.488984800,0.000022600,0.020000000,0.020000000,1034302.489007400,1034302.508984800,0,
651,1034302.504485100,0.000020700,0.020000000,0.020000000,1034302.504505800,1034302.524485100,0,
652,1034302.521308500,0.000012800,0.020000000,0.020000000,1034302.521321300,1034302.541308500,0,
653,1034302.551574100,0.000010800,0.020000000,0.020000000,1034302.551584900,1034302.571574100,0,
654,1034302.566491100,0.000015100,0.020000000,0.020000000,1034302.566506200,1034302.586491100,0,
655,1034302.582552800,0.000015600,0.020000000,0.020000000,1034302.582568400,1034302.602552800,0,
656,1034302.597713800,0.000006800,0.020000000,0.020000000,1034302.597720600,1034302.617713800,0,
657,1034302.627845700,0.000014400,0.020000000,0.020000000,1034302.627860100,1034302.647845700,0,
658,1034302.644444600,0.000008600,0.020000000,0.020000000,1034302.644453200,1034302.664444600,0,
659,1034302.661423400,0.000011500,0.020000000,0.020000000,1034302.661434900,1034302.681423400,0,
660,1034302.689850900,0.000016000,0.020000000,0.020000000,1034302.689866900,1034302.709850900,0,
661,1034302.705048100,0.000013200,0.020000000,0.020000000,1034302.705061300,1034302.725048100,0,
662,1034302.721491400,0.000006200,0.020000000,0.020000000,1034302.721497600,1034302.741491400,0,
663,1034302.737880900,0.000016300,0.020000000,0.020000000,1034302.737897200,1034302.757880900,0,
664,1034302.768880300,0.000016600,0.020000000,0.020000000,1034302.768896900,1034302.788880300,0,
665,1034302.784115400,0.000014800,0.020000000,0.020000000,1034302.784130200,1034302.804115400,0,
666,1034302.799318100,0.000008800,0.020000000,0.020000000,1034302.799326900,1034302.819318100,0,
667,1034302.829417900,0.000017500,0.020000000,0.020000000,1034302.829435400,1034302.849417900,0,
668,1034302.845513600,0.000008800,0.020000000,0.020000000,1034302.845522400,1034302.865513600,0,
669,1034302.861853700,0.000015300,0.020000000,0.020000000,1034302.861869000,1034302.881853700,0,
670,1034302.876346400,0.000009300,0.020000000,0.020000000,1034302.876355700,1034302.896346400,0,
671,1034302.906571500,0.000018200,0.020000000,0.020000000,1034302.906589700,1034302.926571500,0,
672,1034302.922042100,0.000004600,0.020000000,0.020000000,1034302.922046700,1034302.942042100,0,
673,1034302.938605500,0.000016200,0.020000000,0.020000000,1034302.938621700,1034302.958605500,0,
674,1034302.968610400,0.000018100,0.020000000,0.020000000,1034302.968628500,1034302.988610400,0,
675,1034302.984445400,0.000017100,0.020000000,0.020000000,1034302.984462500,1034303.004445400,0,
676,1034303.000725300,0.000005500,0.020000000,0.020000000,1034303.000730800,1034303.020725300,0,
677,1034303.016310800,0.000016300,0.020000000,0.020000000,1034303.016327100,1034303.036310800,0,
678,1034303.047172600,0.000012600,0.020000000,0.020000000,1034303.047185200,1034303.067172600,0,
679,1034303.064990400,0.000011400,0.020000000,0.020000000,1034303.065001800,1034303.084990400,0,
680,1034303.078918400,0.000042700,0.020000000,0.020000000,1034303.078961100,1034303.098918400,0,
681,1034303.109648100,0.000019800,0.020000000,0.020000000,1034303.109667900,1034303.129648100,0,
682,1034303.124939900,0.000011100,0.020000000,0.020000000,1034303.124951000,1034303.144939900,0,
683,1034303.141108500,0.000011000,0.020000000,0.020000000,1034303.141119500,1034303.161108500,0,
684,1034303.156376900,0.000012700,0.020000000,0.020000000,1034303.156389600,1034303.176376900,0,
685,1034303.186761500,0.000014200,0.020000000,0.020000000,1034303.186775700,1034303.206761500,0,
686,1034303.203558700,0.000009000,0.020000000,0.020000000,1034303.203567700,1034303.223558700,0,
687,1034303.219168700,0.000006300,0.020000000,0.020000000,1034303.219175000,1034303.239168700,0,
688,1034303.235361200,0.000016000,0.020000000,0.020000000,1034303.235377200,1034303.255361200,0,
689,1034303.266587400,0.000016200,0.020000000,0.020000000,1034303.266603600,1034303.286587400,0,
690,1034303.281901400,0.000009500,0.020000000,0.020000000,1034303.281910900,1034303.301901400,0,
691,1034303.297951300,0.000009000,0.020000000,0.020000000,1034303.297960300,1034303.317951300,0,
692,1034303.328917300,0.000095900,0.020000000,0.020000000,1034303.329013200,1034303.348917300,0,
693,1034303.344007300,0.000016900,0.020000000,0.020000000,1034303.344024200,1034303.364007300,0,
694,1034303.360415500,0.000015400,0.020000000,0.020000000,1034303.360430900,1034303.380415500,0,
695,1034303.390848100,0.000017100,0.020000000,0.020000000,1034303.390865200,1034303.410848100,0,
696,1034303.406062400,0.000016400,0.020000000,0.020000000,1034303.406078800,1034303.426062400,0,
697,1034303.421771400,0.000011000,0.020000000,0.020000000,1034303.421782400,1034303.441771400,0,
698,1034303.436433100,0.000012400,0.020000000,0.020000000,1034303.436445500,1034303.456433100,0,
699,1034303.467733000,0.000008800,0.020000000,0.020000000,1034303.467741800,1034303.487733000,0,
700,1034303.483478100,0.000008900,0.020000000,0.020000000,1034303.483487000,1034303.503478100,0,
701,1034303.498755500,0.000008100,0.020000000,0.020000000,1034303.498763600,1034303.518755500,0,
702,1034303.530756300,0.000061900,0.020000000,0.020000000,1034303.530818200,1034303.550756300,0,
703,1034303.545985500,0.000013000,0.020000000,0.020000000,1034303.545998500,1034303.565985500,0,
704,1034303.561076700,0.000009100,0.020000000,0.020000000,1034303.561085800,1034303.581076700,0,
705,1034303.576496200,0.000013700,0.020000000,0.020000000,1034303.576509900,1034303.596496200,0,
706,1034303.607241600,0.000021200,0.020000000,0.020000000,1034303.607262800,1034303.627241600,0,
707,1034303.623242300,0.000016800,0.020000000,0.020000000,1034303.623259100,1034303.643242300,0,
708,1034303.639317600,0.000017700,0.020000000,0.020000000,1034303.639335300,1034303.659317600,0,
709,1034303.670369400,0.000030800,0.020000000,0.020000000,1034303.670400200,1034303.690369400,0,
710,1034303.685143100,0.000014600,0.020000000,0.020000000,1034303.685157700,1034303.705143100,0,
711,1034303.700534100,0.000012400,0.020000000,0.020000000,1034303.700546500,1034303.720534100,0,
712,1034303.716013600,0.000016400,0.020000000,0.020000000,1034303.716030000,1034303.736013600,0,
713,1034303.745699900,0.000026700,0.020000000,0.020000000,1034303.745726600,1034303.765699900,0,
714,1034303.761811300,0.000018100,0.020000000,0.020000000,1034303.761829400,1034303.781811300,0,
715,1034303.777420100,0.000009400,0.020000000,0.020000000,1034303.777429500,1034303.797420100,0,
716,1034303.809478100,0.000016900,0.020000000,0.020000000,1034303.809495000,1034303.829478100,0,
717,1034303.824497900,0.000004100,0.020000000,0.020000000,1034303.824502000,1034303.844497900,0,
718,1034303.840353200,0.000008000,0.020000000,0.020000000,1034303.840361200,1034303.860353200,0,
719,1034303.856098700,0.000014100,0.020000000,0.020000000,1034303.856112800,1034303.876098700,0,
720,1034303.886900300,0.000007000,0.020000000,0.020000000,1034303.886907300,1034303.906900300,0,
721,1034303.903474000,0.000014700,0.020000000,0.020000000,1034303.903488700,1034303.923474000,0,
722,1034303.920038500,0.000014700,0.020000000,0.020000000,1034303.920053200,1034303.940038500,0,
723,1034303.935141900,0.000010400,0.020000000,0.020000000,1034303.935152300,1034303.955141900,0,
724,1034303.966413500,0.000012500,0.020000000,0.020000000,1034303.966426000,1034303.986413500,0,
725,1034303.981900100,0.000016200,0.020000000,0.020000000,1034303.981916300,1034304.001900100,0,
726,1034303.997385200,0.000013900,0.020000000,0.020000000,1034303.997399100,1034304.017385200,0,
727,1034304.028409800,0.000011800,0.020000000,0.020000000,1034304.028421600,1034304.048409800,0,
728,1034304.044761800,0.000009700,0.020000000,0.020000000,1034304.044771500,1034304.064761800,0,
729,1034304.059914400,0.000005400,0.020000000,0.020000000,1034304.059919800,1034304.079914400,0,
730,1034304.090837500,0.000018700,0.020000000,0.020000000,1034304.090856200,1034304.110837500,0,
731,1034304.106069100,0.000008300,0.020000000,0.020000000,1034304.106077400,1034304.126069100,0,
732,1034304.122295100,0.000008300,0.020000000,0.020000000,1034304.122303400,1034304.142295100,0,
733,1034304.138464800,0.000013900,0.020000000,0.020000000,1034304.138478700,1034304.158464800,0,
734,1034304.168689500,0.000014200,0.020000000,0.020000000,1034304.168703700,1034304.188689500,0,
735,1034304.184762600,0.000014100,0.020000000,0.020000000,1034304.184776700,1034304.204762600,0,
736,1034304.201002100,0.000006300,0.020000000,0.020000000,1034304.201008400,1034304.221002100,0,
737,1034304.217026200,0.000009600,0.020000000,0.020000000,1034304.217035800,1034304.237026200,0,
738,1034304.248540500,0.000015400,0.020000000,0.020000000,1034304.248555900,1034304.268540500,0,
739,1034304.263610600,0.000007100,0.020000000,0.020000000,1034304.263617700,1034304.283610600,0,
740,1034304.278810400,0.000009400,0.020000000,0.020000000,1034304.278819800,1034304.298810400,0,
741,1034304.309548500,0.000014200,0.020000000,0.020000000,1034304.309562700,1034304.329548500,0,
742,1034304.324783300,0.000009600,0.020000000,0.020000000,1034304.324792900,1034304.344783300,0,
743,1034304.340985100,0.000019800,0.020000000,0.020000000,1034304.341004900,1034304.360985100,0,
744,1034304.356273900,0.000005800,0.020000000,0.020000000,1034304.356279700,1034304.376273900,0,
745,1034304.388044800,0.000017800,0.020000000,0.020000000,1034304.388062600,1034304.408044800,0,
746,1034304.403376000,0.000008000,0.020000000,0.020000000,1034304.403384000,1034304.423376000,0,
747,1034304.418713800,0.000012300,0.020000000,0.020000000,1034304.418726100,1034304.438713800,0,
748,1034304.449609500,0.000008500,0.020000000,0.020000000,1034304.449618000,1034304.469609500,0,
749,1034304.465459700,0.000011600,0.020000000,0.020000000,1034304.465471300,1034304.485459700,0,
750,1034304.481600300,0.000014800,0.020000000,0.020000000,1034304.481615100,1034304.501600300,0,
751,1034304.496085000,0.000006300,0.020000000,0.020000000,1034304.496091300,1034304.516085000,0,
752,1034304.526291100,0.000016400,0.020000000,0.020000000,1034304.526307500,1034304.546291100,0,
753,1034304.541917800,0.000007300,0.020000000,0.020000000,1034304.541925100,1034304.561917800,0,
754,1034304.557640100,0.000006400,0.020000000,0.020000000,1034304.557646500,1034304.577640100,0,
755,1034304.589381000,0.000015200,0.020000000,0.020000000,1034304.589396200,1034304.609381000,0,
756,1034304.604104100,0.000012500,0.020000000,0.020000000,1034304.604116600,1034304.624104100,0,
757,1034304.619411600,0.000007400,0.020000000,0.020000000,1034304.619419000,1034304.639411600,0,
758,1034304.649906200,0.000020400,0.020000000,0.020000000,1034304.649926600,1034304.669906200,0,
759,1034304.664416400,0.000010200,0.020000000,0.020000000,1034304.664426600,1034304.684416400,0,
760,1034304.680680100,0.000005900,0.020000000,0.020000000,1034304.680686000,1034304.700680100,0,
761,1034304.696386700,0.000008000,0.020000000,0.020000000,1034304.696394700,1034304.716386700,0,
762,1034304.727435300,0.000009400,0.020000000,0.020000000,1034304.727444700,1034304.747435300,0,
763,1034304.742995100,0.000014200,0.020000000,0.020000000,1034304.743009300,1034304.762995100,0,
764,1034304.759332500,0.000010700,0.020000000,0.020000000,1034304.759343200,1034304.779332500,0,
765,1034304.789814900,0.000014300,0.020000000,0.020000000,1034304.789829200,1034304.809814900,0,
766,1034304.805438500,0.000013900,0.020000000,0.020000000,1034304.805452400,1034304.825438500,0,
767,1034304.821456000,0.000008000,0.020000000,0.020000000,1034304.821464000,1034304.841456000,0,
768,1034304.837318600,0.000014400,0.020000000,0.020000000,1034304.837333000,1034304.857318600,0,
769,1034304.868415600,0.000016700,0.020000000,0.020000000,1034304.868432300,1034304.888415600,0,
770,1034304.884465900,0.000005600,0.020000000,0.020000000,1034304.884471500,1034304.904465900,0,
771,1034304.900291800,0.000008600,0.020000000,0.020000000,1034304.900300400,1034304.920291800,0,
772,1034304.916261300,0.000011500,0.020000000,0.020000000,1034304.916272800,1034304.936261300,0,
773,1034304.946377700,0.000015600,0.020000000,0.020000000,1034304.946393300,1034304.966377700,0,
774,1034304.962341500,0.000014900,0.020000000,0.020000000,1034304.962356400,1034304.982341500,0,
775,1034304.977214800,0.000014400,0.020000000,0.020000000,1034304.977229200,1034304.997214800,0,
776,1034305.009157100,0.000070800,0.020000000,0.020000000,1034305.009227900,1034305.029157100,0,
777,1034305.024975200,0.000010900,0.020000000,0.020000000,1034305.024986100,1034305.044975200,0,
778,1034305.040737000,0.000017000,0.020000000,0.020000000,1034305.040754000,1034305.060737000,0,
779,1034305.072228400,0.000011500,0.020000000,0.020000000,1034305.072239900,1034305.092228400,0,
780,1034305.087077100,0.000007000,0.020000000,0.020000000,1034305.087084100,1034305.107077100,0,
781,1034305.102884800,0.000011600,0.020000000,0.020000000,1034305.102896400,1034305.122884800,0,
782,1034305.119336000,0.000010300,0.020000000,0.020000000,1034305.119346300,1034305.139336000,0,
783,1034305.148690800,0.000009700,0.020000000,0.020000000,1034305.148700500,1034305.168690800,0,
784,1034305.164391200,0.000013200,0.020000000,0.020000000,1034305.164404400,1034305.184391200,0,
785,1034305.180759600,0.000011800,0.020000000,0.020000000,1034305.180771400,1034305.200759600,0,
786,1034305.211127500,0.000009700,0.020000000,0.020000000,1034305.211137200,1034305.231127500,0,
787,1034305.226503900,0.000013600,0.020000000,0.020000000,1034305.226517500,1034305.246503900,0,
788,1034305.242084400,0.000012200,0.020000000,0.020000000,1034305.242096600,1034305.262084400,0,
789,1034305.257868300,0.000004500,0.020000000,0.020000000,1034305.257872800,1034305.277868300,0,
790,1034305.288430700,0.000012200,0.020000000,0.020000000,1034305.288442900,1034305.308430700,0,
791,1034305.304226800,0.000004600,0.020000000,0.020000000,1034305.304231400,1034305.324226800,0,
792,1034305.319845100,0.000012900,0.020000000,0.020000000,1034305.319858000,1034305.339845100,0,
793,1034305.350444900,0.000008100,0.020000000,0.020000000,1034305.350453000,1034305.370444900,0,
794,1034305.366072400,0.000040700,0.020000000,0.020000000,1034305.366113100,1034305.386072400,0,
795,1034305.381623600,0.000009200,0.020000000,0.020000000,1034305.381632800,1034305.401623600,0,
796,1034305.397677200,0.000004000,0.020000000,0.020000000,1034305.397681200,1034305.417677200,0,
797,1034305.428612800,0.000015900,0.020000000,0.020000000,1034305.428628700,1034305.448612800,0,
798,1034305.443840700,0.000008500,0.020000000,0.020000000,1034305.443849200,1034305.463840700,0,
799,1034305.459058700,0.000007200,0.020000000,0.020000000,1034305.459065900,1034305.479058700,0,
800,1034305.490176800,0.000018800,0.020000000,0.020000000,1034305.490195600,1034305.510176800,0,
801,1034305.505124700,0.000016600,0.020000000,0.020000000,1034305.505141300,1034305.525124700,0,
802,1034305.520946300,0.000005900,0.020000000,0.020000000,1034305.520952200,1034305.540946300,0,
803,1034305.535877200,0.000005600,0.020000000,0.020000000,1034305.535882800,1034305.555877200,0,
804,1034305.567271700,0.000007000,0.020000000,0.020000000,1034305.567278700,1034305.587271700,0,
805,1034305.583311800,0.000007800,0.020000000,0.020000000,1034305.583319600,1034305.603311800,0,
806,1034305.599465300,0.000006700,0.020000000,0.020000000,1034305.599472000,1034305.619465300,0,
807,1034305.630419400,0.000007600,0.020000000,0.020000000,1034305.630427000,1034305.650419400,0,
808,1034305.645580200,0.000008100,0.020000000,0.020000000,1034305.645588300,1034305.665580200,0,
809,1034305.662230300,0.000027100,0.020000000,0.020000000,1034305.662257400,1034305.682230300,0,
810,1034305.677394200,0.000009900,0.020000000,0.020000000,1034305.677404100,1034305.697394200,0,
811,1034305.709061600,0.000009400,0.020000000,0.020000000,1034305.709071000,1034305.729061600,0,
812,1034305.724687200,0.000014500,0.020000000,0.020000000,1034305.724701700,1034305.744687200,0,
813,1034305.740365700,0.000006900,0.020000000,0.020000000,1034305.740372600,1034305.760365700,0,
814,1034305.756187900,0.000005300,0.020000000,0.020000000,1034305.756193200,1034305.776187900,0,
815,1034305.787198000,0.000017600,0.020000000,0.020000000,1034305.787215600,1034305.807198000,0,
816,1034305.803605600,0.000111600,0.020000000,0.020000000,1034305.803717200,1034305.823605600,0,
817,1034305.819163100,0.000007100,0.020000000,0.020000000,1034305.819170200,1034305.839163100,0,
818,1034305.849827500,0.000024600,0.020000000,0.020000000,1034305.849852100,1034305.869827500,0,
819,1034305.865829300,0.000009100,0.020000000,0.020000000,1034305.865838400,1034305.885829300,0,
820,1034305.881721600,0.000011700,0.020000000,0.020000000,1034305.881733300,1034305.901721600,0,
821,1034305.897489100,0.000017400,0.020000000,0.020000000,1034305.897506500,1034305.917489100,0,
822,1034305.927776100,0.000010600,0.020000000,0.020000000,1034305.927786700,1034305.947776100,0,
823,1034305.944580500,0.000021900,0.020000000,0.020000000,1034305.944602400,1034305.964580500,0,
824,1034305.959639700,0.000011100,0.020000000,0.020000000,1034305.959650800,1034305.979639700,0,
825,1034305.990039600,0.000016700,0.020000000,0.020000000,1034305.990056300,1034306.010039600,0,
826,1034306.005373400,0.000006500,0.020000000,0.020000000,1034306.005379900,1034306.025373400,0,
827,1034306.021637300,0.000009800,0.020000000,0.020000000,1034306.021647100,1034306.041637300,0,
828,1034306.037132700,0.000015800,0.020000000,0.020000000,1034306.037148500,1034306.057132700,0,
829,1034306.068589000,0.000012100,0.020000000,0.020000000,1034306.068601100,1034306.088589000,0,
830,1034306.084873900,0.000009800,0.020000000,0.020000000,1034306.084883700,1034306.104873900,0,
831,1034306.100665900,0.000007000,0.020000000,0.020000000,1034306.100672900,1034306.120665900,0,
832,1034306.116205700,0.000010300,0.020000000,0.020000000,1034306.116216000,1034306.136205700,0,
833,1034306.147035800,0.000012000,0.020000000,0.020000000,1034306.147047800,1034306.167035800,0,
834,1034306.163068900,0.000015800,0.020000000,0.020000000,1034306.163084700,1034306.183068900,0,
835,1034306.178815900,0.000006500,0.020000000,0.020000000,1034306.178822400,1034306.198815900,0,
836,1034306.209506600,0.000028400,0.020000000,0.020000000,1034306.209535000,1034306.229506600,0,
837,1034306.225367300,0.000015000,0.020000000,0.020000000,1034306.225382300,1034306.245367300,0,
838,1034306.240803500,0.000007400,0.020000000,0.020000000,1034306.240810900,1034306.260803500,0,
839,1034306.256344300,0.000004200,0.020000000,0.020000000,1034306.256348500,1034306.276344300,0,
840,1034306.286458100,0.000009500,0.020000000,0.020000000,1034306.286467600,1034306.306458100,0,
841,1034306.301761700,0.000007000,0.020000000,0.020000000,1034306.301768700,1034306.321761700,0,
842,1034306.317388700,0.000005300,0.020000000,0.020000000,1034306.317394000,1034306.337388700,0,
843,1034306.348668500,0.000010900,0.020000000,0.020000000,1034306.348679400,1034306.368668500,0,
844,1034306.363916800,0.000007800,0.020000000,0.020000000,1034306.363924600,1034306.383916800,0,
845,1034306.379570900,0.000004200,0.020000000,0.020000000,1034306.379575100,1034306.399570900,0,
846,1034306.410157700,0.000010600,0.020000000,0.020000000,1034306.410168300,1034306.430157700,0,
847,1034306.425717100,0.000010600,0.020000000,0.020000000,1034306.425727700,1034306.445717100,0,
848,1034306.441463300,0.000008700,0.020000000,0.020000000,1034306.441472000,1034306.461463300,0,
849,1034306.456908100,0.000009500,0.020000000,0.020000000,1034306.456917600,1034306.476908100,0,
850,1034306.487158500,0.000009800,0.020000000,0.020000000,1034306.487168300,1034306.507158500,0,
851,1034306.503403900,0.000006100,0.020000000,0.020000000,1034306.503410000,1034306.523403900,0,
852,1034306.519101000,0.000007100,0.020000000,0.020000000,1034306.519108100,1034306.539101000,0,
853,1034306.549824900,0.000015800,0.020000000,0.020000000,1034306.549840700,1034306.569824900,0,
854,1034306.565524300,0.000008400,0.020000000,0.020000000,1034306.565532700,1034306.585524300,0,
855,1034306.581149000,0.000007500,0.020000000,0.020000000,1034306.581156500,1034306.601149000,0,
856,1034306.596825300,0.000009100,0.020000000,0.020000000,1034306.596834400,1034306.616825300,0,
857,1034306.628846800,0.000011100,0.020000000,0.020000000,1034306.628857900,1034306.648846800,0,
858,1034306.644973100,0.000005600,0.020000000,0.020000000,1034306.644978700,1034306.664973100,0,
859,1034306.661214700,0.000008700,0.020000000,0.020000000,1034306.661223400,1034306.681214700,0,
860,1034306.676394200,0.000008500,0.020000000,0.020000000,1034306.676402700,1034306.696394200,0,
861,1034306.707465600,0.000009600,0.020000000,0.020000000,1034306.707475200,1034306.727465600,0,
862,1034306.723599800,0.000006900,0.020000000,0.020000000,1034306.723606700,1034306.743599800,0,
863,1034306.738608600,0.000010800,0.020000000,0.020000000,1034306.738619400,1034306.758608600,0,
864,1034306.769923900,0.000004000,0.020000000,0.020000000,1034306.769927900,1034306.789923900,0,
865,1034306.785707800,0.000008200,0.020000000,0.020000000,1034306.785716000,1034306.805707800,0,
866,1034306.801374700,0.000007900,0.020000000,0.020000000,1034306.801382600,1034306.821374700,0,
867,1034306.817595900,0.000006000,0.020000000,0.020000000,1034306.817601900,1034306.837595900,0,
868,1034306.848607800,0.000011600,0.020000000,0.020000000,1034306.848619400,1034306.868607800,0,
869,1034306.864447300,0.000004200,0.020000000,0.020000000,1034306.864451500,1034306.884447300,0,
870,1034306.879929600,0.000010300,0.020000000,0.020000000,1034306.879939900,1034306.899929600,0,
871,1034306.911443000,0.000011500,0.020000000,0.020000000,1034306.911454500,1034306.931443000,0,
872,1034306.927132300,0.000007800,0.020000000,0.020000000,1034306.927140100,1034306.947132300,0,
873,1034306.943060700,0.000020000,0.020000000,0.020000000,1034306.943080700,1034306.963060700,0,
874,1034306.959826200,0.000006400,0.020000000,0.020000000,1034306.959832600,1034306.979826200,0,
875,1034306.990766700,0.000007200,0.020000000,0.020000000,1034306.990773900,1034307.010766700,0,
876,1034307.006623300,0.000015300,0.020000000,0.020000000,1034307.006638600,1034307.026623300,0,
877,1034307.023568700,0.000006400,0.020000000,0.020000000,1034307.023575100,1034307.043568700,0,
878,1034307.038746900,0.000008600,0.020000000,0.020000000,1034307.038755500,1034307.058746900,0,
879,1034307.069933000,0.000003800,0.020000000,0.020000000,1034307.069936800,1034307.089933000,0,
880,1034307.085854900,0.000008800,0.020000000,0.020000000,1034307.085863700,1034307.105854900,0,
881,1034307.101882600,0.000007000,0.020000000,0.020000000,1034307.101889600,1034307.121882600,0,
882,1034307.117444400,0.000004800,0.020000000,0.020000000,1034307.117449200,1034307.137444400,0,
883,1034307.148789200,0.000009300,0.020000000,0.020000000,1034307.148798500,1034307.168789200,0,
884,1034307.164735300,0.000008900,0.020000000,0.020000000,1034307.164744200,1034307.184735300,0,
885,1034307.180317700,0.000005900,0.020000000,0.020000000,1034307.180323600,1034307.200317700,0,
886,1034307.196285400,0.000008100,0.020000000,0.020000000,1034307.196293500,1034307.216285400,0,
887,1034307.227450300,0.000006200,0.020000000,0.020000000,1034307.227456500,1034307.247450300,0,
888,1034307.243382700,0.000005700,0.020000000,0.020000000,1034307.243388400,1034307.263382700,0,
889,1034307.258567900,0.000008200,0.020000000,0.020000000,1034307.258576100,1034307.278567900,0,
890,1034307.289553800,0.000009000,0.020000000,0.020000000,1034307.289562800,1034307.309553800,0,
891,1034307.304979400,0.000009300,0.020000000,0.020000000,1034307.304988700,1034307.324979400,0,
892,1034307.321271700,0.000003500,0.020000000,0.020000000,1034307.321275200,1034307.341271700,0,
893,1034307.337137400,0.000004000,0.020000000,0.020000000,1034307.337141400,1034307.357137400,0,
894,1034307.368074500,0.000008700,0.020000000,0.020000000,1034307.368083200,1034307.388074500,0,
895,1034307.384140300,0.000007700,0.020000000,0.020000000,1034307.384148000,1034307.404140300,0,
896,1034307.399651200,0.000008700,0.020000000,0.020000000,1034307.399659900,1034307.419651200,0,
897,1034307.430375400,0.000009500,0.020000000,0.020000000,1034307.430384900,1034307.450375400,0,
898,1034307.446354300,0.000008900,0.020000000,0.020000000,1034307.446363200,1034307.466354300,0,
899,1034307.462886400,0.000011000,0.020000000,0.020000000,1034307.462897400,1034307.482886400,0,
900,1034307.478508700,0.000009600,0.020000000,0.020000000,1034307.478518300,1034307.498508700,0,
901,1034307.509480500,0.000009400,0.020000000,0.020000000,1034307.509489900,1034307.529480500,0,
902,1034307.524996800,0.000009000,0.020000000,0.020000000,1034307.525005800,1034307.544996800,0,
903,1034307.540721200,0.000006100,0.020000000,0.020000000,1034307.540727300,1034307.560721200,0,
904,1034307.556684000,0.000010200,0.020000000,0.020000000,1034307.556694200,1034307.576684000,0,
905,1034307.587322100,0.000012100,0.020000000,0.020000000,1034307.587334200,1034307.607322100,0,
906,1034307.603599000,0.000006600,0.020000000,0.020000000,1034307.603605600,1034307.623599000,0,
907,1034307.619200500,0.000009700,0.020000000,0.020000000,1034307.619210200,1034307.639200500,0,
908,1034307.650170600,0.000007400,0.020000000,0.020000000,1034307.650178000,1034307.670170600,0,
909,1034307.665475600,0.000008800,0.020000000,0.020000000,1034307.665484400,1034307.685475600,0,
910,1034307.681048200,0.000008800,0.020000000,0.020000000,1034307.681057000,1034307.701048200,0,
911,1034307.696983600,0.000004500,0.020000000,0.020000000,1034307.696988100,1034307.716983600,0,
912,1034307.728876400,0.000009600,0.020000000,0.020000000,1034307.728886000,1034307.748876400,0,
913,1034307.744002900,0.000006800,0.020000000,0.020000000,1034307.744009700,1034307.764002900,0,
914,1034307.759328200,0.000006500,0.020000000,0.020000000,1034307.759334700,1034307.779328200,0,
915,1034307.790327700,0.000009800,0.020000000,0.020000000,1034307.790337500,1034307.810327700,0,
916,1034307.805664100,0.000009300,0.020000000,0.020000000,1034307.805673400,1034307.825664100,0,
917,1034307.822029200,0.000003700,0.020000000,0.020000000,1034307.822032900,1034307.842029200,0,
918,1034307.837868500,0.000005400,0.020000000,0.020000000,1034307.837873900,1034307.857868500,0,
919,1034307.868788300,0.000010500,0.020000000,0.020000000,1034307.868798800,1034307.888788300,0,
920,1034307.884685000,0.000011200,0.020000000,0.020000000,1034307.884696200,1034307.904685000,0,
921,1034307.900434100,0.000007400,0.020000000,0.020000000,1034307.900441500,1034307.920434100,0,
922,1034307.916118900,0.000006300,0.020000000,0.020000000,1034307.916125200,1034307.936118900,0,
923,1034307.947374300,0.000019000,0.020000000,0.020000000,1034307.947393300,1034307.967374300,0,
924,1034307.963003200,0.000009200,0.020000000,0.020000000,1034307.963012400,1034307.983003200,0,
925,1034307.978669200,0.000004600,0.020000000,0.020000000,1034307.978673800,1034307.998669200,0,
926,1034308.008849200,0.000009500,0.020000000,0.020000000,1034308.008858700,1034308.028849200,0,
927,1034308.024177800,0.000008800,0.020000000,0.020000000,1034308.024186600,1034308.044177800,0,
928,1034308.039853100,0.000006200,0.020000000,0.020000000,1034308.039859300,1034308.059853100,0,
929,1034308.070928700,0.000006700,0.020000000,0.020000000,1034308.070935400,1034308.090928700,0,
930,1034308.085986500,0.000007400,0.020000000,0.020000000,1034308.085993900,1034308.105986500,0,
931,1034308.101728900,0.000007600,0.020000000,0.020000000,1034308.101736500,1034308.121728900,0,
932,1034308.117244100,0.000004700,0.020000000,0.020000000,1034308.117248800,1034308.137244100,0,
933,1034308.148613700,0.000010000,0.020000000,0.020000000,1034308.148623700,1034308.168613700,0,
934,1034308.164595100,0.000006100,0.020000000,0.020000000,1034308.164601200,1034308.184595100,0,
935,1034308.180146900,0.000006300,0.020000000,0.020000000,1034308.180153200,1034308.200146900,0,
936,1034308.196191100,0.000004800,0.020000000,0.020000000,1034308.196195900,1034308.216191100,0,
937,1034308.227006200,0.000008700,0.020000000,0.020000000,1034308.227014900,1034308.247006200,0,
938,1034308.243157700,0.000006300,0.020000000,0.020000000,1034308.243164000,1034308.263157700,0,
939,1034308.258984400,0.000010500,0.020000000,0.020000000,1034308.258994900,1034308.278984400,0,
940,1034308.289706600,0.000012800,0.020000000,0.020000000,1034308.289719400,1034308.309706600,0,
941,1034308.305789700,0.000009400,0.020000000,0.020000000,1034308.305799100,1034308.325789700,0,
942,1034308.321350400,0.000005900,0.020000000,0.020000000,1034308.321356300,1034308.341350400,0,
943,1034308.337434400,0.000007700,0.020000000,0.020000000,1034308.337442100,1034308.357434400,0,
944,1034308.367294100,0.000011200,0.020000000,0.020000000,1034308.367305300,1034308.387294100,0,
945,1034308.383370700,0.000011500,0.020000000,0.020000000,1034308.383382200,1034308.403370700,0,
946,1034308.399248800,0.000004200,0.020000000,0.020000000,1034308.399253000,1034308.419248800,0,
947,1034308.430004300,0.000007000,0.020000000,0.020000000,1034308.430011300,1034308.450004300,0,
948,1034308.445108600,0.000011000,0.020000000,0.020000000,1034308.445119600,1034308.465108600,0,
949,1034308.461275900,0.000007300,0.020000000,0.020000000,1034308.461283200,1034308.481275900,0,
950,1034308.475833600,0.000008500,0.020000000,0.020000000,1034308.475842100,1034308.495833600,0,
951,1034308.506443700,0.000009900,0.020000000,0.020000000,1034308.506453600,1034308.526443700,0,
952,1034308.523172000,0.000008900,0.020000000,0.020000000,1034308.523180900,1034308.543172000,0,
953,1034308.538657500,0.000009000,0.020000000,0.020000000,1034308.538666500,1034308.558657500,0,
954,1034308.569516900,0.000009100,0.020000000,0.020000000,1034308.569526000,1034308.589516900,0,
955,1034308.585682900,0.000009500,0.020000000,0.020000000,1034308.585692400,1034308.605682900,0,
956,1034308.601873100,0.000008300,0.020000000,0.020000000,1034308.601881400,1034308.621873100,0,
957,1034308.617425300,0.000005100,0.020000000,0.020000000,1034308.617430400,1034308.637425300,0,
958,1034308.648514700,0.000008400,0.020000000,0.020000000,1034308.648523100,1034308.668514700,0,
959,1034308.664170300,0.000007700,0.020000000,0.020000000,1034308.664178000,1034308.684170300,0,
960,1034308.678686800,0.000004300,0.020000000,0.020000000,1034308.678691100,1034308.698686800,0,
961,1034308.709720900,0.000003800,0.020000000,0.020000000,1034308.709724700,1034308.729720900,0,
962,1034308.725103800,0.000008900,0.020000000,0.020000000,1034308.725112700,1034308.745103800,0,
963,1034308.740556700,0.000009100,0.020000000,0.020000000,1034308.740565800,1034308.760556700,0,
964,1034308.756506700,0.000004700,0.020000000,0.020000000,1034308.756511400,1034308.776506700,0,
965,1034308.787001200,0.000019100,0.020000000,0.020000000,1034308.787020300,1034308.807001200,0,
966,1034308.803495900,0.000007500,0.020000000,0.020000000,1034308.803503400,1034308.823495900,0,
967,1034308.819204300,0.000006400,0.020000000,0.020000000,1034308.819210700,1034308.839204300,0,
968,1034308.849686300,0.000012300,0.020000000,0.020000000,1034308.849698600,1034308.869686300,0,
969,1034308.865424200,0.000007200,0.020000000,0.020000000,1034308.865431400,1034308.885424200,0,
970,1034308.881332000,0.000006600,0.020000000,0.020000000,1034308.881338600,1034308.901332000,0,
971,1034308.896964600,0.000009000,0.020000000,0.020000000,1034308.896973600,1034308.916964600,0,
972,1034308.928360800,0.000009700,0.020000000,0.020000000,1034308.928370500,1034308.948360800,0,
973,1034308.943346400,0.000010700,0.020000000,0.020000000,1034308.943357100,1034308.963346400,0,
974,1034308.958300700,0.000005900,0.020000000,0.020000000,1034308.958306600,1034308.978300700,0,
975,1034308.987893900,0.000010000,0.020000000,0.020000000,1034308.987903900,1034309.007893900,0,
976,1034309.003361300,0.000006500,0.020000000,0.020000000,1034309.003367800,1034309.023361300,0,
977,1034309.018884600,0.000003900,0.020000000,0.020000000,1034309.018888500,1034309.038884600,0,
978,1034309.049566700,0.000010800,0.020000000,0.020000000,1034309.049577500,1034309.069566700,0,
979,1034309.065210300,0.000010500,0.020000000,0.020000000,1034309.065220800,1034309.085210300,0,
980,1034309.081404300,0.000004100,0.020000000,0.020000000,1034309.081408400,1034309.101404300,0,
981,1034309.097505800,0.000007200,0.020000000,0.020000000,1034309.097513000,1034309.117505800,0,
982,1034309.128358700,0.000031400,0.020000000,0.020000000,1034309.128390100,1034309.148358700,0,
983,1034309.144172100,0.000009700,0.020000000,0.020000000,1034309.144181800,1034309.164172100,0,
984,1034309.160567100,0.000005700,0.020000000,0.020000000,1034309.160572800,1034309.180567100,0,
985,1034309.190623000,0.000011500,0.020000000,0.020000000,1034309.190634500,1034309.210623000,0,
986,1034309.206274900,0.000011000,0.020000000,0.020000000,1034309.206285900,1034309.226274900,0,
987,1034309.221989900,0.000007700,0.020000000,0.020000000,1034309.221997600,1034309.241989900,0,
988,1034309.238170500,0.000009300,0.020000000,0.020000000,1034309.238179800,1034309.258170500,0,
989,1034309.269352500,0.000010400,0.020000000,0.020000000,1034309.269362900,1034309.289352500,0,
990,1034309.284874500,0.000005800,0.020000000,0.020000000,1034309.284880300,1034309.304874500,0,
991,1034309.300650200,0.000008200,0.020000000,0.020000000,1034309.300658400,1034309.320650200,0,
992,1034309.316465600,0.000006500,0.020000000,0.020000000,1034309.316472100,1034309.336465600,0,
993,1034309.348407200,0.000011700,0.020000000,0.020000000,1034309.348418900,1034309.368407200,0,
994,1034309.364207900,0.000003500,0.020000000,0.020000000,1034309.364211400,1034309.384207900,0,
995,1034309.379608900,0.000008600,0.020000000,0.020000000,1034309.379617500,1034309.399608900,0,
996,1034309.395557700,0.000009000,0.020000000,0.020000000,1034309.395566700,1034309.415557700,0,
997,1034309.427057800,0.000019400,0.020000000,0.020000000,1034309.427077200,1034309.447057800,0,
998,1034309.443369500,0.000004600,0.020000000,0.020000000,1034309.443374100,1034309.463369500,0,
999,1034309.458582100,0.000008700,0.020000000,0.020000000,1034309.458590800,1034309.478582100,0,
1000,1034309.488367500,0.000010900,0.020000000,0.020000000,1034309.488378400,1034309.508367500,0,
1001,1034309.504028600,0.000005200,0.020000000,0.020000000,1034309.504033800,1034309.524028600,0,
1002,1034309.519959300,0.000014200,0.020000000,0.020000000,1034309.519973500,1034309.539959300,0,
1003,1034309.535616600,0.000007700,0.020000000,0.020000000,1034309.535624300,1034309.555616600,0,
1004,1034309.567058300,0.000015700,0.020000000,0.020000000,1034309.567074000,1034309.587058300,0,
1005,1034309.582344800,0.000003800,0.020000000,0.020000000,1034309.582348600,1034309.602344800,0,
1006,1034309.598580500,0.000007200,0.020000000,0.020000000,1034309.598587700,1034309.618580500,0,
1007,1034309.630172500,0.000020200,0.020000000,0.020000000,1034309.630192700,1034309.650172500,0,
1008,1034309.646112700,0.000008900,0.020000000,0.020000000,1034309.646121600,1034309.666112700,0,
1009,1034309.662473800,0.000009000,0.020000000,0.020000000,1034309.662482800,1034309.682473800,0,
1010,1034309.678159700,0.000008800,0.020000000,0.020000000,1034309.678168500,1034309.698159700,0,
1011,1034309.710044700,0.000011500,0.020000000,0.020000000,1034309.710056200,1034309.730044700,0,
1012,1034309.725633400,0.000009100,0.020000000,0.020000000,1034309.725642500,1034309.745633400,0,
1013,1034309.741211900,0.000009900,0.020000000,0.020000000,1034309.741221800,1034309.761211900,0,
1014,1034309.756630900,0.000008600,0.020000000,0.020000000,1034309.756639500,1034309.776630900,0,
1015,1034309.787352400,0.000010500,0.020000000,0.020000000,1034309.787362900,1034309.807352400,0,
1016,1034309.803136200,0.000009100,0.020000000,0.020000000,1034309.803145300,1034309.823136200,0,
1017,1034309.818763400,0.000008200,0.020000000,0.020000000,1034309.818771600,1034309.838763400,0,
1018,1034309.849803800,0.000012500,0.020000000,0.020000000,1034309.849816300,1034309.869803800,0,
1019,1034309.865470100,0.000011500,0.020000000,0.020000000,1034309.865481600,1034309.885470100,0,
1020,1034309.880895300,0.000010300,0.020000000,0.020000000,1034309.880905600,1034309.900895300,0,
1021,1034309.896361000,0.000006500,0.020000000,0.020000000,1034309.896367500,1034309.916361000,0,
1022,1034309.927418700,0.000010300,0.020000000,0.020000000,1034309.927429000,1034309.947418700,0,
1023,1034309.943251200,0.000004900,0.020000000,0.020000000,1034309.943256100,1034309.963251200,0,
1024,1034309.958751400,0.000006000,0.020000000,0.020000000,1034309.958757400,1034309.978751400,0,
1025,1034309.990280300,0.000009100,0.020000000,0.020000000,1034309.990289400,1034310.010280300,0,
1026,1034310.005247700,0.000011000,0.020000000,0.020000000,1034310.005258700,1034310.025247700,0,
1027,1034310.021462900,0.000005400,0.020000000,0.020000000,1034310.021468300,1034310.041462900,0,
1028,1034310.036471800,0.000009600,0.020000000,0.020000000,1034310.036481400,1034310.056471800,0,
1029,1034310.068649900,0.000005600,0.020000000,0.020000000,1034310.068655500,1034310.088649900,0,
1030,1034310.084565300,0.000004500,0.020000000,0.020000000,1034310.084569800,1034310.104565300,0,
1031,1034310.099735600,0.000006600,0.020000000,0.020000000,1034310.099742200,1034310.119735600,0,
1032,1034310.130325000,0.000008700,0.020000000,0.020000000,1034310.130333700,1034310.150325000,0,
1033,1034310.145346900,0.000019900,0.020000000,0.020000000,1034310.145366800,1034310.165346900,0,
1034,1034310.162146000,0.000004300,0.020000000,0.020000000,1034310.162150300,1034310.182146000,0,
1035,1034310.177130000,0.000004200,0.020000000,0.020000000,1034310.177134200,1034310.197130000,0,
1036,1034310.208289900,0.000009800,0.020000000,0.020000000,1034310.208299700,1034310.228289900,0,
1037,1034310.223202800,0.000010200,0.020000000,0.020000000,1034310.223213000,1034310.243202800,0,
1038,1034310.239167500,0.000006300,0.020000000,0.020000000,1034310.239173800,1034310.259167500,0,
1039,1034310.269915100,0.000003200,0.020000000,0.020000000,1034310.269918300,1034310.289915100,0,
1040,1034310.285750400,0.000008900,0.020000000,0.020000000,1034310.285759300,1034310.305750400,0,
1041,1034310.302018800,0.000007600,0.020000000,0.020000000,1034310.302026400,1034310.322018800,0,
1042,1034310.317949900,0.000004300,0.020000000,0.020000000,1034310.317954200,1034310.337949900,0,
1043,1034310.348456800,0.000009900,0.020000000,0.020000000,1034310.348466700,1034310.368456800,0,
1044,1034310.364595000,0.000004400,0.020000000,0.020000000,1034310.364599400,1034310.384595000,0,
1045,1034310.379876900,0.000010900,0.020000000,0.020000000,1034310.379887800,1034310.399876900,0,
1046,1034310.396046700,0.000008900,0.020000000,0.020000000,1034310.396055600,1034310.416046700,0,
1047,1034310.428189700,0.000009100,0.020000000,0.020000000,1034310.428198800,1034310.448189700,0,
1048,1034310.443328700,0.000008800,0.020000000,0.020000000,1034310.443337500,1034310.463328700,0,
1049,1034310.459232600,0.000008300,0.020000000,0.020000000,1034310.459240900,1034310.479232600,0,
1050,1034310.489890600,0.000006600,0.020000000,0.020000000,1034310.489897200,1034310.509890600,0,
1051,1034310.504493100,0.000008100,0.020000000,0.020000000,1034310.504501200,1034310.524493100,0,
1052,1034310.520674300,0.000004100,0.020000000,0.020000000,1034310.520678400,1034310.540674300,0,
1053,1034310.536716600,0.000009100,0.020000000,0.020000000,1034310.536725700,1034310.556716600,0,
1054,1034310.568826900,0.000008800,0.020000000,0.020000000,1034310.568835700,1034310.588826900,0,
1055,1034310.584785900,0.000011300,0.020000000,0.020000000,1034310.584797200,1034310.604785900,0,
1056,1034310.601007300,0.000006400,0.020000000,0.020000000,1034310.601013700,1034310.621007300,0,
1057,1034310.617246600,0.000005700,0.020000000,0.020000000,1034310.617252300,1034310.637246600,0,
1058,1034310.648495600,0.000020000,0.020000000,0.020000000,1034310.648515600,1034310.668495600,0,
1059,1034310.664530700,0.000007700,0.020000000,0.020000000,1034310.664538400,1034310.684530700,0,
1060,1034310.680220000,0.000006800,0.020000000,0.020000000,1034310.680226800,1034310.700220000,0,
1061,1034310.696087300,0.000009100,0.020000000,0.020000000,1034310.696096400,1034310.716087300,0,
1062,1034310.728152200,0.000009800,0.020000000,0.020000000,1034310.728162000,1034310.748152200,0,
1063,1034310.744141600,0.000004400,0.020000000,0.020000000,1034310.744146000,1034310.764141600,0,
1064,1034310.759492900,0.000005500,0.020000000,0.020000000,1034310.759498400,1034310.779492900,0,
1065,1034310.790270000,0.000016700,0.020000000,0.020000000,1034310.790286700,1034310.810270000,0,
1066,1034310.806096000,0.000009400,0.020000000,0.020000000,1034310.806105400,1034310.826096000,0,
1067,1034310.821587400,0.000006000,0.020000000,0.020000000,1034310.821593400,1034310.841587400,0,
1068,1034310.837660800,0.000005900,0.020000000,0.020000000,1034310.837666700,1034310.857660800,0,
1069,1034310.868620300,0.000009300,0.020000000,0.020000000,1034310.868629600,1034310.888620300,0,
1070,1034310.884639600,0.000010300,0.020000000,0.020000000,1034310.884649900,1034310.904639600,0,
1071,1034310.899907500,0.000007400,0.020000000,0.020000000,1034310.899914900,1034310.919907500,0,
1072,1034310.930581200,0.000008500,0.020000000,0.020000000,1034310.930589700,1034310.950581200,0,
1073,1034310.946684900,0.000010200,0.020000000,0.020000000,1034310.946695100,1034310.966684900,0,
1074,1034310.961869000,0.000009000,0.020000000,0.020000000,1034310.961878000,1034310.981869000,0,
1075,1034310.977449100,0.000008700,0.020000000,0.020000000,1034310.977457800,1034310.997449100,0,
1076,1034311.008402100,0.000008400,0.020000000,0.020000000,1034311.008410500,1034311.028402100,0,
1077,1034311.024005200,0.000019200,0.020000000,0.020000000,1034311.024024400,1034311.044005200,0,
1078,1034311.039770300,0.000005300,0.020000000,0.020000000,1034311.039775600,1034311.059770300,0,
1079,1034311.071212300,0.000006200,0.020000000,0.020000000,1034311.071218500,1034311.091212300,0,
1080,1034311.085814100,0.000008300,0.020000000,0.020000000,1034311.085822400,1034311.105814100,0,
1081,1034311.101084000,0.000005400,0.020000000,0.020000000,1034311.101089400,1034311.121084000,0,
1082,1034311.116614400,0.000009000,0.020000000,0.020000000,1034311.116623400,1034311.136614400,0,
1083,1034311.148512600,0.000010100,0.020000000,0.020000000,1034311.148522700,1034311.168512600,0,
1084,1034311.164339600,0.000006600,0.020000000,0.020000000,1034311.164346200,1034311.184339600,0,
1085,1034311.179747400,0.000003900,0.020000000,0.020000000,1034311.179751300,1034311.199747400,0,
1086,1034311.210872100,0.000010200,0.020000000,0.020000000,1034311.210882300,1034311.230872100,0,
1087,1034311.226370400,0.000009900,0.020000000,0.020000000,1034311.226380300,1034311.246370400,0,
1088,1034311.242133300,0.000004500,0.020000000,0.020000000,1034311.242137800,1034311.262133300,0,
1089,1034311.257925100,0.000005500,0.020000000,0.020000000,1034311.257930600,1034311.277925100,0,
1090,1034311.288829900,0.000008700,0.020000000,0.020000000,1034311.288838600,1034311.308829900,0,
1091,1034311.304741600,0.000005200,0.020000000,0.020000000,1034311.304746800,1034311.324741600,0,
1092,1034311.319889200,0.000005700,0.020000000,0.020000000,1034311.319894900,1034311.339889200,0,
1093,1034311.335918600,0.000008900,0.020000000,0.020000000,1034311.335927500,1034311.355918600,0,
1094,1034311.367060200,0.000006800,0.020000000,0.020000000,1034311.367067000,1034311.387060200,0,
1095,1034311.382190200,0.000008900,0.020000000,0.020000000,1034311.382199100,1034311.402190200,0,
1096,1034311.399211400,0.000006500,0.020000000,0.020000000,1034311.399217900,1034311.419211400,0,
1097,1034311.430077800,0.000010400,0.020000000,0.020000000,1034311.430088200,1034311.450077800,0,
1098,1034311.446164900,0.000010600,0.020000000,0.020000000,1034311.446175500,1034311.466164900,0,
1099,1034311.461462400,0.000009200,0.020000000,0.020000000,1034311.461471600,1034311.481462400,0,
1100,1034311.477097000,0.000008200,0.020000000,0.020000000,1034311.477105200,1034311.497097000,0,
1101,1034311.508299700,0.000007600,0.020000000,0.020000000,1034311.508307300,1034311.528299700,0,
1102,1034311.523214300,0.000006500,0.020000000,0.020000000,1034311.523220800,1034311.543214300,0,
1103,1034311.538917400,0.000010400,0.020000000,0.020000000,1034311.538927800,1034311.558917400,0,
1104,1034311.570755600,0.000004200,0.020000000,0.020000000,1034311.570759800,1034311.590755600,0,
1105,1034311.586693100,0.000014200,0.020000000,0.020000000,1034311.586707300,1034311.606693100,0,
1106,1034311.602565200,0.000008600,0.020000000,0.020000000,1034311.602573800,1034311.622565200,0,
1107,1034311.618546600,0.000008500,0.020000000,0.020000000,1034311.618555100,1034311.638546600,0,
1108,1034311.650453200,0.000015800,0.020000000,0.020000000,1034311.650469000,1034311.670453200,0,
1109,1034311.666437400,0.000005300,0.020000000,0.020000000,1034311.666442700,1034311.686437400,0,
1110,1034311.681648700,0.000011800,0.020000000,0.020000000,1034311.681660500,1034311.701648700,0,
1111,1034311.697110800,0.000003600,0.020000000,0.020000000,1034311.697114400,1034311.717110800,0,
1112,1034311.728495800,0.000015400,0.020000000,0.020000000,1034311.728511200,1034311.748495800,0,
1113,1034311.744513100,0.000012600,0.020000000,0.020000000,1034311.744525700,1034311.764513100,0,
1114,1034311.760691100,0.000006800,0.020000000,0.020000000,1034311.760697900,1034311.780691100,0,
1115,1034311.776019000,0.000005700,0.020000000,0.020000000,1034311.776024700,1034311.796019000,0,
1116,1034311.807594700,0.000013400,0.020000000,0.020000000,1034311.807608100,1034311.827594700,0,
1117,1034311.823150900,0.000009100,0.020000000,0.020000000,1034311.823160000,1034311.843150900,0,
1118,1034311.838060300,0.000005700,0.020000000,0.020000000,1034311.838066000,1034311.858060300,0,
1119,1034311.869057600,0.000009600,0.020000000,0.020000000,1034311.869067200,1034311.889057600,0,
1120,1034311.885524800,0.000006400,0.020000000,0.020000000,1034311.885531200,1034311.905524800,0,
1121,1034311.900605100,0.000004500,0.020000000,0.020000000,1034311.900609600,1034311.920605100,0,
1122,1034311.916498400,0.000005100,0.020000000,0.020000000,1034311.916503500,1034311.936498400,0,
1123,1034311.946999700,0.000009200,0.020000000,0.020000000,1034311.947008900,1034311.966999700,0,
1124,1034311.963232600,0.000009700,0.020000000,0.020000000,1034311.963242300,1034311.983232600,0,
1125,1034311.978931300,0.000015400,0.020000000,0.020000000,1034311.978946700,1034311.998931300,0,
1126,1034312.009559400,0.000011300,0.020000000,0.020000000,1034312.009570700,1034312.029559400,0,
1127,1034312.024773200,0.000018200,0.020000000,0.020000000,1034312.024791400,1034312.044773200,0,
1128,1034312.040492400,0.000004700,0.020000000,0.020000000,1034312.040497100,1034312.060492400,0,
1129,1034312.055958900,0.000010900,0.020000000,0.020000000,1034312.055969800,1034312.075958900,0,
1130,1034312.087871900,0.000009900,0.020000000,0.020000000,1034312.087881800,1034312.107871900,0,
1131,1034312.103514600,0.000011600,0.020000000,0.020000000,1034312.103526200,1034312.123514600,0,
1132,1034312.119948600,0.000006300,0.020000000,0.020000000,1034312.119954900,1034312.139948600,0,
1133,1034312.135873900,0.000007800,0.020000000,0.020000000,1034312.135881700,1034312.155873900,0,
1134,1034312.167480500,0.000007200,0.020000000,0.020000000,1034312.167487700,1034312.187480500,0,
1135,1034312.183553800,0.000008700,0.020000000,0.020000000,1034312.183562500,1034312.203553800,0,
1136,1034312.199008600,0.000009200,0.020000000,0.020000000,1034312.199017800,1034312.219008600,0,
1137,1034312.230080700,0.000020300,0.020000000,0.020000000,1034312.230101000,1034312.250080700,0,
1138,1034312.245330900,0.000010600,0.020000000,0.020000000,1034312.245341500,1034312.265330900,0,
1139,1034312.260766400,0.000009700,0.020000000,0.020000000,1034312.260776100,1034312.280766400,0,
1140,1034312.276315200,0.000005100,0.020000000,0.020000000,1034312.276320300,1034312.296315200,0,
1141,1034312.307867100,0.000013600,0.020000000,0.020000000,1034312.307880700,1034312.327867100,0,
1142,1034312.323730100,0.000006900,0.020000000,0.020000000,1034312.323737000,1034312.343730100,0,
1143,1034312.339158800,0.000008900,0.020000000,0.020000000,1034312.339167700,1034312.359158800,0,
1144,1034312.370531000,0.000009400,0.020000000,0.020000000,1034312.370540400,1034312.390531000,0,
1145,1034312.386606400,0.000015800,0.020000000,0.020000000,1034312.386622200,1034312.406606400,0,
1146,1034312.402299900,0.000009900,0.020000000,0.020000000,1034312.402309800,1034312.422299900,0,
1147,1034312.418610900,0.000005200,0.020000000,0.020000000,1034312.418616100,1034312.438610900,0,
1148,1034312.449577300,0.000006700,0.020000000,0.020000000,1034312.449584000,1034312.469577300,0,
1149,1034312.465122200,0.000009200,0.020000000,0.020000000,1034312.465131400,1034312.485122200,0,
1150,1034312.480965800,0.000004300,0.020000000,0.020000000,1034312.480970100,1034312.500965800,0,
1151,1034312.496210700,0.000009500,0.020000000,0.020000000,1034312.496220200,1034312.516210700,0,
1152,1034312.527204900,0.000010900,0.020000000,0.020000000,1034312.527215800,1034312.547204900,0,
1153,1034312.543548900,0.000004800,0.020000000,0.020000000,1034312.543553700,1034312.563548900,0,
1154,1034312.559823900,0.000004700,0.020000000,0.020000000,1034312.559828600,1034312.579823900,0,
1155,1034312.590510400,0.000008900,0.020000000,0.020000000,1034312.590519300,1034312.610510400,0,
1156,1034312.605632700,0.000009700,0.020000000,0.020000000,1034312.605642400,1034312.625632700,0,
1157,1034312.621278100,0.000003800,0.020000000,0.020000000,1034312.621281900,1034312.641278100,0,
1158,1034312.636187500,0.000006100,0.020000000,0.020000000,1034312.636193600,1034312.656187500,0,
1159,1034312.668019900,0.000008700,0.020000000,0.020000000,1034312.668028600,1034312.688019900,0,
1160,1034312.684308900,0.000009000,0.020000000,0.020000000,1034312.684317900,1034312.704308900,0,
1161,1034312.699423300,0.000005000,0.020000000,0.020000000,1034312.699428300,1034312.719423300,0,
1162,1034312.730091000,0.000018500,0.020000000,0.020000000,1034312.730109500,1034312.750091000,0,
1163,1034312.746236200,0.000007300,0.020000000,0.020000000,1034312.746243500,1034312.766236200,0,
1164,1034312.762453100,0.000004900,0.020000000,0.020000000,1034312.762458000,1034312.782453100,0,
1165,1034312.778295100,0.000009300,0.020000000,0.020000000,1034312.778304400,1034312.798295100,0,
1166,1034312.809456100,0.000008400,0.020000000,0.020000000,1034312.809464500,1034312.829456100,0,
1167,1034312.825035600,0.000008300,0.020000000,0.020000000,1034312.825043900,1034312.845035600,0,
1168,1034312.840806100,0.000006000,0.020000000,0.020000000,1034312.840812100,1034312.860806100,0,
1169,1034312.856124200,0.000009700,0.020000000,0.020000000,1034312.856133900,1034312.876124200,0,
1170,1034312.887376500,0.000008800,0.020000000,0.020000000,1034312.887385300,1034312.907376500,0,
1171,1034312.903635600,0.000003200,0.020000000,0.020000000,1034312.903638800,1034312.923635600,0,
1172,1034312.918668700,0.000010400,0.020000000,0.020000000,1034312.918679100,1034312.938668700,0,
1173,1034312.950637300,0.000006500,0.020000000,0.020000000,1034312.950643800,1034312.970637300,0,
1174,1034312.966098700,0.000009100,0.020000000,0.020000000,1034312.966107800,1034312.986098700,0,
1175,1034312.982057300,0.000008300,0.020000000,0.020000000,1034312.982065600,1034313.002057300,0,
1176,1034312.998842300,0.000005800,0.020000000,0.020000000,1034312.998848100,1034313.018842300,0,
1177,1034313.029961000,0.000008900,0.020000000,0.020000000,1034313.029969900,1034313.049961000,0,
1178,1034313.045060200,0.000007900,0.020000000,0.020000000,1034313.045068100,1034313.065060200,0,
1179,1034313.061174500,0.000005300,0.020000000,0.020000000,1034313.061179800,1034313.081174500,0,
1180,1034313.077261000,0.000006300,0.020000000,0.020000000,1034313.077267300,1034313.097261000,0,
1181,1034313.108709200,0.000013600,0.020000000,0.020000000,1034313.108722800,1034313.128709200,0,
1182,1034313.124150600,0.000006500,0.020000000,0.020000000,1034313.124157100,1034313.144150600,0,
1183,1034313.139554200,0.000003700,0.020000000,0.020000000,1034313.139557900,1034313.159554200,0,
1184,1034313.170761600,0.000004200,0.020000000,0.020000000,1034313.170765800,1034313.190761600,0,
1185,1034313.185764500,0.000009500,0.020000000,0.020000000,1034313.185774000,1034313.205764500,0,
1186,1034313.201152900,0.000006800,0.020000000,0.020000000,1034313.201159700,1034313.221152900,0,
1187,1034313.216700700,0.000005900,0.020000000,0.020000000,1034313.216706600,1034313.236700700,0,
1188,1034313.247767500,0.000009800,0.020000000,0.020000000,1034313.247777300,1034313.267767500,0,
1189,1034313.263854200,0.000006000,0.020000000,0.020000000,1034313.263860200,1034313.283854200,0,
1190,1034313.279111000,0.000007600,0.020000000,0.020000000,1034313.279118600,1034313.299111000,0,
1191,1034313.295168300,0.000007600,0.020000000,0.020000000,1034313.295175900,1034313.315168300,0,
1192,1034313.325774000,0.000008900,0.020000000,0.020000000,1034313.325782900,1034313.345774000,0,
1193,1034313.341493000,0.000008600,0.020000000,0.020000000,1034313.341501600,1034313.361493000,0,
1194,1034313.357026600,0.000008300,0.020000000,0.020000000,1034313.357034900,1034313.377026600,0,
1195,1034313.388756400,0.000009300,0.020000000,0.020000000,1034313.388765700,1034313.408756400,0,
1196,1034313.404716300,0.000008000,0.020000000,0.020000000,1034313.404724300,1034313.424716300,0,
1197,1034313.420814200,0.000004300,0.020000000,0.020000000,1034313.420818500,1034313.440814200,0,
1198,1034313.436594400,0.000004700,0.020000000,0.020000000,1034313.436599100,1034313.456594400,0,
1199,1034313.467532400,0.000010100,0.020000000,0.020000000,1034313.467542500,1034313.487532400,0,
1200,1034313.483224900,0.000011400,0.020000000,0.020000000,1034313.483236300,1034313.503224900,0,
1201,1034313.499161500,0.000006200,0.020000000,0.020000000,1034313.499167700,1034313.519161500,0,
1202,1034313.529559700,0.000017900,0.020000000,0.020000000,1034313.529577600,1034313.549559700,0,
1203,1034313.545645600,0.000011300,0.020000000,0.020000000,1034313.545656900,1034313.565645600,0,
1204,1034313.562219700,0.000010900,0.020000000,0.020000000,1034313.562230600,1034313.582219700,0,
1205,1034313.577654400,0.000006500,0.020000000,0.020000000,1034313.577660900,1034313.597654400,0,
1206,1034313.609496600,0.000012500,0.020000000,0.020000000,1034313.609509100,1034313.629496600,0,
1207,1034313.625059700,0.000012100,0.020000000,0.020000000,1034313.625071800,1034313.645059700,0,
1208,1034313.640705600,0.000008200,0.020000000,0.020000000,1034313.640713800,1034313.660705600,0,
1209,1034313.656353800,0.000011000,0.020000000,0.020000000,1034313.656364800,1034313.676353800,0,
1210,1034313.687222500,0.000012800,0.020000000,0.020000000,1034313.687235300,1034313.707222500,0,
1211,1034313.703664200,0.000011000,0.020000000,0.020000000,1034313.703675200,1034313.723664200,0,
1212,1034313.719308900,0.000005900,0.020000000,0.020000000,1034313.719314800,1034313.739308900,0,
1213,1034313.749623900,0.000011200,0.020000000,0.020000000,1034313.749635100,1034313.769623900,0,
1214,1034313.765569300,0.000006000,0.020000000,0.020000000,1034313.765575300,1034313.785569300,0,
1215,1034313.780972200,0.000004200,0.020000000,0.020000000,1034313.780976400,1034313.800972200,0,
1216,1034313.797044400,0.000004200,0.020000000,0.020000000,1034313.797048600,1034313.817044400,0,
1217,1034313.827452500,0.000010000,0.020000000,0.020000000,1034313.827462500,1034313.847452500,0,
1218,1034313.843302900,0.000005500,0.020000000,0.020000000,1034313.843308400,1034313.863302900,0,
1219,1034313.858855300,0.000005400,0.020000000,0.020000000,1034313.858860700,1034313.878855300,0,
1220,1034313.889931500,0.000014100,0.020000000,0.020000000,1034313.889945600,1034313.909931500,0,
1221,1034313.905654900,0.000017400,0.020000000,0.020000000,1034313.905672300,1034313.925654900,0,
1222,1034313.921056900,0.000007200,0.020000000,0.020000000,1034313.921064100,1034313.941056900,0,
1223,1034313.935887000,0.000006600,0.020000000,0.020000000,1034313.935893600,1034313.955887000,0,
1224,1034313.966754200,0.000006600,0.020000000,0.020000000,1034313.966760800,1034313.986754200,0,
1225,1034313.982245100,0.000007700,0.020000000,0.020000000,1034313.982252800,1034314.002245100,0,
1226,1034313.998537600,0.000012400,0.020000000,0.020000000,1034313.998550000,1034314.018537600,0,
1227,1034314.030462100,0.000014100,0.020000000,0.020000000,1034314.030476200,1034314.050462100,0,
1228,1034314.045647700,0.000009500,0.020000000,0.020000000,1034314.045657200,1034314.065647700,0,
1229,1034314.061916200,0.000005500,0.020000000,0.020000000,1034314.061921700,1034314.081916200,0,
1230,1034314.077203900,0.000007300,0.020000000,0.020000000,1034314.077211200,1034314.097203900,0,
1231,1034314.109192000,0.000017300,0.020000000,0.020000000,1034314.109209300,1034314.129192000,0,
1232,1034314.124704400,0.000009100,0.020000000,0.020000000,1034314.124713500,1034314.144704400,0,
1233,1034314.140620300,0.000006200,0.020000000,0.020000000,1034314.140626500,1034314.160620300,0,
1234,1034314.156813700,0.000007000,0.020000000,0.020000000,1034314.156820700,1034314.176813700,0,
1235,1034314.188565300,0.000011900,0.020000000,0.020000000,1034314.188577200,1034314.208565300,0,
1236,1034314.204287400,0.000006100,0.020000000,0.020000000,1034314.204293500,1034314.224287400,0,
1237,1034314.220017500,0.000008800,0.020000000,0.020000000,1034314.220026300,1034314.240017500,0,
1238,1034314.235884900,0.000006500,0.020000000,0.020000000,1034314.235891400,1034314.255884900,0,
1239,1034314.267018500,0.000016800,0.020000000,0.020000000,1034314.267035300,1034314.287018500,0,
1240,1034314.283571900,0.000007400,0.020000000,0.020000000,1034314.283579300,1034314.303571900,0,
1241,1034314.298517500,0.000009500,0.020000000,0.020000000,1034314.298527000,1034314.318517500,0,
1242,1034314.329420500,0.000012300,0.020000000,0.020000000,1034314.329432800,1034314.349420500,0,
1243,1034314.345548400,0.000015800,0.020000000,0.020000000,1034314.345564200,1034314.365548400,0,
1244,1034314.361030800,0.000007500,0.020000000,0.020000000,1034314.361038300,1034314.381030800,0,
1245,1034314.376198600,0.000031500,0.020000000,0.020000000,1034314.376230100,1034314.396198600,0,
1246,1034314.406988600,0.000008700,0.020000000,0.020000000,1034314.406997300,1034314.426988600,0,
1247,1034314.422118300,0.000011800,0.020000000,0.020000000,1034314.422130100,1034314.442118300,0,
1248,1034314.437787500,0.000003900,0.020000000,0.020000000,1034314.437791400,1034314.457787500,0,
1249,1034314.468769300,0.000010900,0.020000000,0.020000000,1034314.468780200,1034314.488769300,0,
1250,1034314.484070700,0.000012000,0.020000000,0.020000000,1034314.484082700,1034314.504070700,0,
1251,1034314.499982200,0.000009400,0.020000000,0.020000000,1034314.499991600,1034314.519982200,0,
1252,1034314.515527900,0.000011300,0.020000000,0.020000000,1034314.515539200,1034314.535527900,0,
1253,1034314.547388500,0.000009600,0.020000000,0.020000000,1034314.547398100,1034314.567388500,0,
1254,1034314.562411400,0.000009200,0.020000000,0.020000000,1034314.562420600,1034314.582411400,0,
1255,1034314.577972200,0.000011600,0.020000000,0.020000000,1034314.577983800,1034314.597972200,0,
1256,1034314.609073400,0.000012200,0.020000000,0.020000000,1034314.609085600,1034314.629073400,0,
1257,1034314.624214900,0.000011000,0.020000000,0.020000000,1034314.624225900,1034314.644214900,0,
1258,1034314.640622500,0.000010300,0.020000000,0.020000000,1034314.640632800,1034314.660622500,0,
1259,1034314.656047100,0.000010700,0.020000000,0.020000000,1034314.656057800,1034314.676047100,0,
1260,1034314.687008400,0.000011400,0.020000000,0.020000000,1034314.687019800,1034314.707008400,0,
1261,1034314.703397100,0.000007800,0.020000000,0.020000000,1034314.703404900,1034314.723397100,0,
1262,1034314.718621900,0.000007900,0.020000000,0.020000000,1034314.718629800,1034314.738621900,0,
1263,1034314.748821700,0.000010800,0.020000000,0.020000000,1034314.748832500,1034314.768821700,0,
1264,1034314.764373900,0.000010000,0.020000000,0.020000000,1034314.764383900,1034314.784373900,0,
1265,1034314.780265000,0.000008300,0.020000000,0.020000000,1034314.780273300,1034314.800265000,0,
1266,1034314.795654500,0.000009700,0.020000000,0.020000000,1034314.795664200,1034314.815654500,0,
1267,1034314.826740300,0.000008600,0.020000000,0.020000000,1034314.826748900,1034314.846740300,0,
1268,1034314.843092200,0.000009700,0.020000000,0.020000000,1034314.843101900,1034314.863092200,0,
1269,1034314.858289600,0.000009600,0.020000000,0.020000000,1034314.858299200,1034314.878289600,0,
1270,1034314.889242500,0.000009800,0.020000000,0.020000000,1034314.889252300,1034314.909242500,0,
1271,1034314.904878800,0.000008900,0.020000000,0.020000000,1034314.904887700,1034314.924878800,0,
1272,1034314.921189000,0.000005000,0.020000000,0.020000000,1034314.921194000,1034314.941189000,0,
1273,1034314.936493700,0.000007800,0.020000000,0.020000000,1034314.936501500,1034314.956493700,0,
1274,1034314.968589100,0.000008100,0.020000000,0.020000000,1034314.968597200,1034314.988589100,0,
1275,1034314.984715600,0.000010800,0.020000000,0.020000000,1034314.984726400,1034315.004715600,0,
1276,1034314.999688600,0.000019100,0.020000000,0.020000000,1034314.999707700,1034315.019688600,0,
1277,1034315.030793900,0.000010800,0.020000000,0.020000000,1034315.030804700,1034315.050793900,0,
1278,1034315.045889800,0.000008200,0.020000000,0.020000000,1034315.045898000,1034315.065889800,0,
1279,1034315.062093700,0.000007100,0.020000000,0.020000000,1034315.062100800,1034315.082093700,0,
1280,1034315.078156400,0.000008700,0.020000000,0.020000000,1034315.078165100,1034315.098156400,0,
1281,1034315.108854600,0.000011000,0.020000000,0.020000000,1034315.108865600,1034315.128854600,0,
1282,1034315.124842500,0.000006600,0.020000000,0.020000000,1034315.124849100,1034315.144842500,0,
1283,1034315.140064600,0.000007500,0.020000000,0.020000000,1034315.140072100,1034315.160064600,0,
1284,1034315.155611100,0.000008900,0.020000000,0.020000000,1034315.155620000,1034315.175611100,0,
1285,1034315.187608600,0.000009000,0.020000000,0.020000000,1034315.187617600,1034315.207608600,0,
1286,1034315.203367500,0.000008200,0.020000000,0.020000000,1034315.203375700,1034315.223367500,0,
1287,1034315.218887200,0.000006600,0.020000000,0.020000000,1034315.218893800,1034315.238887200,0,
1288,1034315.249924500,0.000008300,0.020000000,0.020000000,1034315.249932800,1034315.269924500,0,
1289,1034315.265528600,0.000011100,0.020000000,0.020000000,1034315.265539700,1034315.285528600,0,
1290,1034315.281198400,0.000005700,0.020000000,0.020000000,1034315.281204100,1034315.301198400,0,
1291,1034315.297302800,0.000009800,0.020000000,0.020000000,1034315.297312600,1034315.317302800,0,
1292,1034315.327091500,0.000008900,0.020000000,0.020000000,1034315.327100400,1034315.347091500,0,
1293,1034315.343258000,0.000010400,0.020000000,0.020000000,1034315.343268400,1034315.363258000,0,
1294,1034315.358649000,0.000008800,0.020000000,0.020000000,1034315.358657800,1034315.378649000,0,
1295,1034315.390232900,0.000012300,0.020000000,0.020000000,1034315.390245200,1034315.410232900,0,
1296,1034315.405708400,0.000009000,0.020000000,0.020000000,1034315.405717400,1034315.425708400,0,
1297,1034315.421792300,0.000007600,0.020000000,0.020000000,1034315.421799900,1034315.441792300,0,
1298,1034315.437632700,0.000009900,0.020000000,0.020000000,1034315.437642600,1034315.457632700,0,
1299,1034315.468851600,0.000009200,0.020000000,0.020000000,1034315.468860800,1034315.488851600,0,
1300,1034315.484288000,0.000009000,0.020000000,0.020000000,1034315.484297000,1034315.504288000,0,
1301,1034315.499462400,0.000006800,0.020000000,0.020000000,1034315.499469200,1034315.519462400,0,
1302,1034315.530408700,0.000009400,0.020000000,0.020000000,1034315.530418100,1034315.550408700,0,
1303,1034315.545540400,0.000013400,0.020000000,0.020000000,1034315.545553800,1034315.565540400,0,
1304,1034315.562018300,0.000006000,0.020000000,0.020000000,1034315.562024300,1034315.582018300,0,
1305,1034315.577007700,0.000010000,0.020000000,0.020000000,1034315.577017700,1034315.597007700,0,
1306,1034315.608680500,0.000031900,0.020000000,0.020000000,1034315.608712400,1034315.628680500,0,
1307,1034315.624177100,0.000007600,0.020000000,0.020000000,1034315.624184700,1034315.644177100,0,
1308,1034315.639902500,0.000007400,0.020000000,0.020000000,1034315.639909900,1034315.659902500,0,
1309,1034315.670514400,0.000009200,0.020000000,0.020000000,1034315.670523600,1034315.690514400,0,
1310,1034315.685703900,0.000006900,0.020000000,0.020000000,1034315.685710800,1034315.705703900,0,
1311,1034315.701766800,0.000006500,0.020000000,0.020000000,1034315.701773300,1034315.721766800,0,
1312,1034315.717789900,0.000005500,0.020000000,0.020000000,1034315.717795400,1034315.737789900,0,
1313,1034315.748696000,0.000007500,0.020000000,0.020000000,1034315.748703500,1034315.768696000,0,
1314,1034315.763972500,0.000010200,0.020000000,0.020000000,1034315.763982700,1034315.783972500,0,
1315,1034315.779427100,0.000009300,0.020000000,0.020000000,1034315.779436400,1034315.799427100,0,
1316,1034315.795594200,0.000008600,0.020000000,0.020000000,1034315.795602800,1034315.815594200,0,
1317,1034315.826149100,0.000010000,0.020000000,0.020000000,1034315.826159100,1034315.846149100,0,
1318,1034315.842083600,0.000008300,0.020000000,0.020000000,1034315.842091900,1034315.862083600,0,
1319,1034315.857496600,0.000006800,0.020000000,0.020000000,1034315.857503400,1034315.877496600,0,
1320,1034315.888295800,0.000008300,0.020000000,0.020000000,1034315.888304100,1034315.908295800,0,
1321,1034315.903341800,0.000009600,0.020000000,0.020000000,1034315.903351400,1034315.923341800,0,
1322,1034315.918784500,0.000011500,0.020000000,0.020000000,1034315.918796000,1034315.938784500,0,
1323,1034315.950265700,0.000006300,0.020000000,0.020000000,1034315.950272000,1034315.970265700,0,
1324,1034315.965600100,0.000011000,0.020000000,0.020000000,1034315.965611100,1034315.985600100,0,
1325,1034315.981352800,0.000007200,0.020000000,0.020000000,1034315.981360000,1034316.001352800,0,
1326,1034315.996488900,0.000005300,0.020000000,0.020000000,1034315.996494200,1034316.016488900,0,
1327,1034316.027154000,0.000011700,0.020000000,0.020000000,1034316.027165700,1034316.047154000,0,
1328,1034316.043688400,0.000005400,0.020000000,0.020000000,1034316.043693800,1034316.063688400,0,
1329,1034316.058996500,0.000009500,0.020000000,0.020000000,1034316.059006000,1034316.078996500,0,
1330,1034316.089734700,0.000009700,0.020000000,0.020000000,1034316.089744400,1034316.109734700,0,
1331,1034316.104932400,0.000009800,0.020000000,0.020000000,1034316.104942200,1034316.124932400,0,
1332,1034316.120346000,0.000005800,0.020000000,0.020000000,1034316.120351800,1034316.140346000,0,
1333,1034316.136499600,0.000006400,0.020000000,0.020000000,1034316.136506000,1034316.156499600,0,
1334,1034316.167595900,0.000007700,0.020000000,0.020000000,1034316.167603600,1034316.187595900,0,
1335,1034316.183051400,0.000004900,0.020000000,0.020000000,1034316.183056300,1034316.203051400,0,
1336,1034316.199095100,0.000006900,0.020000000,0.020000000,1034316.199102000,1034316.219095100,0,
1337,1034316.215117400,0.000006400,0.020000000,0.020000000,1034316.215123800,1034316.235117400,0,
1338,1034316.245614500,0.000009900,0.020000000,0.020000000,1034316.245624400,1034316.265614500,0,
1339,1034316.261099200,0.000007400,0.020000000,0.020000000,1034316.261106600,1034316.281099200,0,
1340,1034316.276810900,0.000008400,0.020000000,0.020000000,1034316.276819300,1034316.296810900,0,
1341,1034316.307907400,0.000008700,0.020000000,0.020000000,1034316.307916100,1034316.327907400,0,
1342,1034316.323805400,0.000005900,0.020000000,0.020000000,1034316.323811300,1034316.343805400,0,
1343,1034316.339286800,0.000008300,0.020000000,0.020000000,1034316.339295100,1034316.359286800,0,
1344,1034316.369741700,0.000009600,0.020000000,0.020000000,1034316.369751300,1034316.389741700,0,
1345,1034316.384952100,0.000015400,0.020000000,0.020000000,1034316.384967500,1034316.404952100,0,
1346,1034316.401122900,0.000010600,0.020000000,0.020000000,1034316.401133500,1034316.421122900,0,
1347,1034316.416576200,0.000008700,0.020000000,0.020000000,1034316.416584900,1034316.436576200,0,
1348,1034316.448546000,0.000010900,0.020000000,0.020000000,1034316.448556900,1034316.468546000,0,
1349,1034316.463501800,0.000006700,0.020000000,0.020000000,1034316.463508500,1034316.483501800,0,
1350,1034316.479083800,0.000007500,0.020000000,0.020000000,1034316.479091300,1034316.499083800,0,
1351,1034316.509529900,0.000004600,0.020000000,0.020000000,1034316.509534500,1034316.529529900,0,
1352,1034316.524542400,0.000007100,0.020000000,0.020000000,1034316.524549500,1034316.544542400,0,
1353,1034316.540134200,0.000008000,0.020000000,0.020000000,1034316.540142200,1034316.560134200,0,
1354,1034316.555751700,0.000005900,0.020000000,0.020000000,1034316.555757600,1034316.575751700,0,
1355,1034316.587448100,0.000009000,0.020000000,0.020000000,1034316.587457100,1034316.607448100,0,
1356,1034316.603130900,0.000004000,0.020000000,0.020000000,1034316.603134900,1034316.623130900,0,
1357,1034316.618296900,0.000011000,0.020000000,0.020000000,1034316.618307900,1034316.638296900,0,
1358,1034316.648998200,0.000011700,0.020000000,0.020000000,1034316.649009900,1034316.668998200,0,
1359,1034316.664102800,0.000053800,0.020000000,0.020000000,1034316.664156600,1034316.684102800,0,
1360,1034316.679756000,0.000009700,0.020000000,0.020000000,1034316.679765700,1034316.699756000,0,
1361,1034316.695929100,0.000008100,0.020000000,0.020000000,1034316.695937200,1034316.715929100,0,
1362,1034316.727369300,0.000008200,0.020000000,0.020000000,1034316.727377500,1034316.747369300,0,
1363,1034316.742885900,0.000010400,0.020000000,0.020000000,1034316.742896300,1034316.762885900,0,
1364,1034316.758258700,0.000007400,0.020000000,0.020000000,1034316.758266100,1034316.778258700,0,
1365,1034316.789342900,0.000009900,0.020000000,0.020000000,1034316.789352800,1034316.809342900,0,
1366,1034316.805041000,0.000008700,0.020000000,0.020000000,1034316.805049700,1034316.825041000,0,
1367,1034316.820264600,0.000009300,0.020000000,0.020000000,1034316.820273900,1034316.840264600,0,
1368,1034316.836566500,0.000005000,0.020000000,0.020000000,1034316.836571500,1034316.856566500,0,
1369,1034316.867583300,0.000014600,0.020000000,0.020000000,1034316.867597900,1034316.887583300,0,
1370,1034316.883611800,0.000004800,0.020000000,0.020000000,1034316.883616600,1034316.903611800,0,
1371,1034316.899057900,0.000008400,0.020000000,0.020000000,1034316.899066300,1034316.919057900,0,
1372,1034316.929708500,0.000010100,0.020000000,0.020000000,1034316.929718600,1034316.949708500,0,
1373,1034316.944823600,0.000008300,0.020000000,0.020000000,1034316.944831900,1034316.964823600,0,
1374,1034316.961151600,0.000004400,0.020000000,0.020000000,1034316.961156000,1034316.981151600,0,
1375,1034316.976251800,0.000012600,0.020000000,0.020000000,1034316.976264400,1034316.996251800,0,
1376,1034317.007460000,0.000011800,0.020000000,0.020000000,1034317.007471800,1034317.027460000,0,
1377,1034317.023457000,0.000009900,0.020000000,0.020000000,1034317.023466900,1034317.043457000,0,
1378,1034317.039002000,0.000007100,0.020000000,0.020000000,1034317.039009100,1034317.059002000,0,
1379,1034317.070282000,0.000012300,0.020000000,0.020000000,1034317.070294300,1034317.090282000,0,
1380,1034317.085487900,0.000011800,0.020000000,0.020000000,1034317.085499700,1034317.105487900,0,
1381,1034317.100763600,0.000010400,0.020000000,0.020000000,1034317.100774000,1034317.120763600,0,
1382,1034317.115991800,0.000003800,0.020000000,0.020000000,1034317.115995600,1034317.135991800,0,
1383,1034317.146485800,0.000016500,0.020000000,0.020000000,1034317.146502300,1034317.166485800,0,
1384,1034317.162138700,0.000008600,0.020000000,0.020000000,1034317.162147300,1034317.182138700,0,
1385,1034317.177602300,0.000008700,0.020000000,0.020000000,1034317.177611000,1034317.197602300,0,
1386,1034317.208385300,0.000010300,0.020000000,0.020000000,1034317.208395600,1034317.228385300,0,
1387,1034317.223210800,0.000004400,0.020000000,0.020000000,1034317.223215200,1034317.243210800,0,
1388,1034317.238778400,0.000007200,0.020000000,0.020000000,1034317.238785600,1034317.258778400,0,
1389,1034317.270005100,0.000007200,0.020000000,0.020000000,1034317.270012300,1034317.290005100,0,
1390,1034317.285832600,0.000012600,0.020000000,0.020000000,1034317.285845200,1034317.305832600,0,
1391,1034317.301214300,0.000009600,0.020000000,0.020000000,1034317.301223900,1034317.321214300,0,
1392,1034317.316365500,0.000008400,0.020000000,0.020000000,1034317.316373900,1034317.336365500,0,
1393,1034317.348310400,0.000010000,0.020000000,0.020000000,1034317.348320400,1034317.368310400,0,
1394,1034317.363684300,0.000010300,0.020000000,0.020000000,1034317.363694600,1034317.383684300,0,
1395,1034317.379326500,0.000005000,0.020000000,0.020000000,1034317.379331500,1034317.399326500,0,
1396,1034317.410568200,0.000010100,0.020000000,0.020000000,1034317.410578300,1034317.430568200,0,
1397,1034317.426093600,0.000011100,0.020000000,0.020000000,1034317.426104700,1034317.446093600,0,
1398,1034317.441686300,0.000014900,0.020000000,0.020000000,1034317.441701200,1034317.461686300,0,
1399,1034317.457723700,0.000008600,0.020000000,0.020000000,1034317.457732300,1034317.477723700,0,
1400,1034317.489000600,0.000010200,0.020000000,0.020000000,1034317.489010800,1034317.509000600,0,
1401,1034317.504107700,0.000010700,0.020000000,0.020000000,1034317.504118400,1034317.524107700,0,
1402,1034317.519940800,0.000008400,0.020000000,0.020000000,1034317.519949200,1034317.539940800,0,
1403,1034317.535745200,0.000008600,0.020000000,0.020000000,1034317.535753800,1034317.555745200,0,
1404,1034317.567387500,0.000008900,0.020000000,0.020000000,1034317.567396400,1034317.587387500,0,
1405,1034317.583153200,0.000005700,0.020000000,0.020000000,1034317.583158900,1034317.603153200,0,
1406,1034317.598645500,0.000004900,0.020000000,0.020000000,1034317.598650400,1034317.618645500,0,
1407,1034317.629387000,0.000014200,0.020000000,0.020000000,1034317.629401200,1034317.649387000,0,
1408,1034317.645418900,0.000008400,0.020000000,0.020000000,1034317.645427300,1034317.665418900,0,
1409,1034317.661727200,0.000006300,0.020000000,0.020000000,1034317.661733500,1034317.681727200,0,
1410,1034317.677092800,0.000004300,0.020000000,0.020000000,1034317.677097100,1034317.697092800,0,
1411,1034317.708748600,0.000003500,0.020000000,0.020000000,1034317.708752100,1034317.728748600,0,
1412,1034317.724373300,0.000010300,0.020000000,0.020000000,1034317.724383600,1034317.744373300,0,
1413,1034317.739962500,0.000006900,0.020000000,0.020000000,1034317.739969400,1034317.759962500,0,
1414,1034317.771696800,0.000007800,0.020000000,0.020000000,1034317.771704600,1034317.791696800,0,
1415,1034317.787641200,0.000006700,0.020000000,0.020000000,1034317.787647900,1034317.807641200,0,
1416,1034317.803333800,0.000009100,0.020000000,0.020000000,1034317.803342900,1034317.823333800,0,
1417,1034317.819396100,0.000006400,0.020000000,0.020000000,1034317.819402500,1034317.839396100,0,
1418,1034317.849515700,0.000008600,0.020000000,0.020000000,1034317.849524300,1034317.869515700,0,
1419,1034317.865192300,0.000010400,0.020000000,0.020000000,1034317.865202700,1034317.885192300,0,
1420,1034317.880892600,0.000009100,0.020000000,0.020000000,1034317.880901700,1034317.900892600,0,
1421,1034317.896206100,0.000010800,0.020000000,0.020000000,1034317.896216900,1034317.916206100,0,
1422,1034317.927452400,0.000015200,0.020000000,0.020000000,1034317.927467600,1034317.947452400,0,
1423,1034317.943096200,0.000011400,0.020000000,0.020000000,1034317.943107600,1034317.963096200,0,
1424,1034317.958892300,0.000007000,0.020000000,0.020000000,1034317.958899300,1034317.978892300,0,
1425,1034317.989229000,0.000009500,0.020000000,0.020000000,1034317.989238500,1034318.009229000,0,
1426,1034318.004693700,0.000010700,0.020000000,0.020000000,1034318.004704400,1034318.024693700,0,
1427,1034318.020602500,0.000005000,0.020000000,0.020000000,1034318.020607500,1034318.040602500,0,
1428,1034318.036461100,0.000009300,0.020000000,0.020000000,1034318.036470400,1034318.056461100,0,
1429,1034318.068497200,0.000008600,0.020000000,0.020000000,1034318.068505800,1034318.088497200,0,
1430,1034318.083975900,0.000007500,0.020000000,0.020000000,1034318.083983400,1034318.103975900,0,
1431,1034318.100344200,0.000005500,0.020000000,0.020000000,1034318.100349700,1034318.120344200,0,
1432,1034318.116296500,0.000006900,0.020000000,0.020000000,1034318.116303400,1034318.136296500,0,
1433,1034318.146520000,0.000011800,0.020000000,0.020000000,1034318.146531800,1034318.166520000,0,
1434,1034318.163244500,0.000008300,0.020000000,0.020000000,1034318.163252800,1034318.183244500,0,
1435,1034318.178778100,0.000007500,0.020000000,0.020000000,1034318.178785600,1034318.198778100,0,
1436,1034318.209664800,0.000040900,0.020000000,0.020000000,1034318.209705700,1034318.229664800,0,
1437,1034318.225460800,0.000008200,0.020000000,0.020000000,1034318.225469000,1034318.245460800,0,
1438,1034318.241005000,0.000006900,0.020000000,0.020000000,1034318.241011900,1034318.261005000,0,
1439,1034318.256188000,0.000008200,0.020000000,0.020000000,1034318.256196200,1034318.276188000,0,
1440,1034318.286975200,0.000007600,0.020000000,0.020000000,1034318.286982800,1034318.306975200,0,
1441,1034318.303431300,0.000014200,0.020000000,0.020000000,1034318.303445500,1034318.323431300,0,
1442,1034318.319174900,0.000007800,0.020000000,0.020000000,1034318.319182700,1034318.339174900,0,
1443,1034318.349402500,0.000008100,0.020000000,0.020000000,1034318.349410600,1034318.369402500,0,
1444,1034318.365374200,0.000009900,0.020000000,0.020000000,1034318.365384100,1034318.385374200,0,
1445,1034318.381212300,0.000007400,0.020000000,0.020000000,1034318.381219700,1034318.401212300,0,
1446,1034318.397156900,0.000008500,0.020000000,0.020000000,1034318.397165400,1034318.417156900,0,
1447,1034318.428854400,0.000009300,0.020000000,0.020000000,1034318.428863700,1034318.448854400,0,
1448,1034318.443980300,0.000008400,0.020000000,0.020000000,1034318.443988700,1034318.463980300,0,
1449,1034318.460235600,0.000006200,0.020000000,0.020000000,1034318.460241800,1034318.480235600,0,
1450,1034318.476377400,0.000003700,0.020000000,0.020000000,1034318.476381100,1034318.496377400,0,
1451,1034318.508265800,0.000007400,0.020000000,0.020000000,1034318.508273200,1034318.528265800,0,
1452,1034318.523812900,0.000016200,0.020000000,0.020000000,1034318.523829100,1034318.543812900,0,
1453,1034318.539616500,0.000005700,0.020000000,0.020000000,1034318.539622200,1034318.559616500,0,
1454,1034318.570366500,0.000009900,0.020000000,0.020000000,1034318.570376400,1034318.590366500,0,
1455,1034318.586069900,0.000010200,0.020000000,0.020000000,1034318.586080100,1034318.606069900,0,
1456,1034318.601318500,0.000021200,0.020000000,0.020000000,1034318.601339700,1034318.621318500,0,
1457,1034318.617571600,0.000006600,0.020000000,0.020000000,1034318.617578200,1034318.637571600,0,
1458,1034318.648505500,0.000009300,0.020000000,0.020000000,1034318.648514800,1034318.668505500,0,
1459,1034318.664667900,0.000005000,0.020000000,0.020000000,1034318.664672900,1034318.684667900,0,
1460,1034318.680712300,0.000009000,0.020000000,0.020000000,1034318.680721300,1034318.700712300,0,
1461,1034318.695764400,0.000008200,0.020000000,0.020000000,1034318.695772600,1034318.715764400,0,
1462,1034318.727334300,0.000020900,0.020000000,0.020000000,1034318.727355200,1034318.747334300,0,
1463,1034318.743362900,0.000008400,0.020000000,0.020000000,1034318.743371300,1034318.763362900,0,
1464,1034318.759465400,0.000007300,0.020000000,0.020000000,1034318.759472700,1034318.779465400,0,
1465,1034318.790639100,0.000010700,0.020000000,0.020000000,1034318.790649800,1034318.810639100,0,
1466,1034318.806351500,0.000009100,0.020000000,0.020000000,1034318.806360600,1034318.826351500,0,
1467,1034318.821929800,0.000005500,0.020000000,0.020000000,1034318.821935300,1034318.841929800,0,
1468,1034318.837718800,0.000005600,0.020000000,0.020000000,1034318.837724400,1034318.857718800,0,
1469,1034318.868872900,0.000006800,0.020000000,0.020000000,1034318.868879700,1034318.888872900,0,
1470,1034318.884103500,0.000010000,0.020000000,0.020000000,1034318.884113500,1034318.904103500,0,
1471,1034318.899412100,0.000006300,0.020000000,0.020000000,1034318.899418400,1034318.919412100,0,
1472,1034318.930416600,0.000006000,0.020000000,0.020000000,1034318.930422600,1034318.950416600,0,
1473,1034318.946317200,0.000012000,0.020000000,0.020000000,1034318.946329200,1034318.966317200,0,
1474,1034318.962894000,0.000009600,0.020000000,0.020000000,1034318.962903600,1034318.982894000,0,
1475,1034318.978675100,0.000006800,0.020000000,0.020000000,1034318.978681900,1034318.998675100,0,
1476,1034319.008732000,0.000014500,0.020000000,0.020000000,1034319.008746500,1034319.028732000,0,
1477,1034319.023971400,0.000010300,0.020000000,0.020000000,1034319.023981700,1034319.043971400,0,
1478,1034319.039606200,0.000007500,0.020000000,0.020000000,1034319.039613700,1034319.059606200,0,
1479,1034319.070288700,0.000007500,0.020000000,0.020000000,1034319.070296200,1034319.090288700,0,
1480,1034319.086269000,0.000009100,0.020000000,0.020000000,1034319.086278100,1034319.106269000,0,
1481,1034319.102473400,0.000005200,0.020000000,0.020000000,1034319.102478600,1034319.122473400,0,
1482,1034319.117548400,0.000008700,0.020000000,0.020000000,1034319.117557100,1034319.137548400,0,
1483,1034319.148510100,0.000027200,0.020000000,0.020000000,1034319.148537300,1034319.168510100,0,
1484,1034319.163911400,0.000004100,0.020000000,0.020000000,1034319.163915500,1034319.183911400,0,
1485,1034319.179378800,0.000006500,0.020000000,0.020000000,1034319.179385300,1034319.199378800,0,
1486,1034319.209849000,0.000010700,0.020000000,0.020000000,1034319.209859700,1034319.229849000,0,
1487,1034319.225414900,0.000010900,0.020000000,0.020000000,1034319.225425800,1034319.245414900,0,
1488,1034319.241113800,0.000007000,0.020000000,0.020000000,1034319.241120800,1034319.261113800,0,
1489,1034319.256574600,0.000010000,0.020000000,0.020000000,1034319.256584600,1034319.276574600,0,
1490,1034319.289435400,0.000006800,0.020000000,0.020000000,1034319.289442200,1034319.309435400,0,
1491,1034319.304720400,0.000007300,0.020000000,0.020000000,1034319.304727700,1034319.324720400,0,
1492,1034319.320350800,0.000005000,0.020000000,0.020000000,1034319.320355800,1034319.340350800,0,
1493,1034319.335440300,0.000009100,0.020000000,0.020000000,1034319.335449400,1034319.355440300,0,
1494,1034319.365885800,0.000014300,0.020000000,0.020000000,1034319.365900100,1034319.385885800,0,
1495,1034319.381680100,0.000009600,0.020000000,0.020000000,1034319.381689700,1034319.401680100,0,
1496,1034319.396836600,0.000004600,0.020000000,0.020000000,1034319.396841200,1034319.416836600,0,
1497,1034319.428541100,0.000008100,0.020000000,0.020000000,1034319.428549200,1034319.448541100,0,
1498,1034319.444562200,0.000006700,0.020000000,0.020000000,1034319.444568900,1034319.464562200,0,
1499,1034319.460372000,0.000007400,0.020000000,0.020000000,1034319.460379400,1034319.480372000,0,
1500,1034319.475886500,0.000008700,0.020000000,0.020000000,1034319.475895200,1034319.495886500,0,
1501,1034319.506934200,0.000011900,0.020000000,0.020000000,1034319.506946100,1034319.526934200,0,
1502,1034319.523057300,0.000021500,0.020000000,0.020000000,1034319.523078800,1034319.543057300,0,
1503,1034319.538850600,0.000007600,0.020000000,0.020000000,1034319.538858200,1034319.558850600,0,
1504,1034319.569756300,0.000010000,0.020000000,0.020000000,1034319.569766300,1034319.589756300,0,
1505,1034319.585067600,0.000010800,0.020000000,0.020000000,1034319.585078400,1034319.605067600,0,
1506,1034319.600075500,0.000009300,0.020000000,0.020000000,1034319.600084800,1034319.620075500,0,
1507,1034319.615840200,0.000008400,0.020000000,0.020000000,1034319.615848600,1034319.635840200,0,
1508,1034319.647471800,0.000010100,0.020000000,0.020000000,1034319.647481900,1034319.667471800,0,
1509,1034319.663532100,0.000005000,0.020000000,0.020000000,1034319.663537100,1034319.683532100,0,
1510,1034319.678780300,0.000005300,0.020000000,0.020000000,1034319.678785600,1034319.698780300,0,
1511,1034319.709815300,0.000010300,0.020000000,0.020000000,1034319.709825600,1034319.729815300,0,
1512,1034319.724999400,0.000008600,0.020000000,0.020000000,1034319.725008000,1034319.744999400,0,
1513,1034319.740663800,0.000008300,0.020000000,0.020000000,1034319.740672100,1034319.760663800,0,
1514,1034319.756550600,0.000007200,0.020000000,0.020000000,1034319.756557800,1034319.776550600,0,
1515,1034319.787943000,0.000009000,0.020000000,0.020000000,1034319.787952000,1034319.807943000,0,
1516,1034319.803497400,0.000008000,0.020000000,0.020000000,1034319.803505400,1034319.823497400,0,
1517,1034319.818716600,0.000006600,0.020000000,0.020000000,1034319.818723200,1034319.838716600,0,
1518,1034319.850486100,0.000010700,0.020000000,0.020000000,1034319.850496800,1034319.870486100,0,
1519,1034319.866144800,0.000004100,0.020000000,0.020000000,1034319.866148900,1034319.886144800,0,
1520,1034319.881627400,0.000007900,0.020000000,0.020000000,1034319.881635300,1034319.901627400,0,
1521,1034319.897780100,0.000012100,0.020000000,0.020000000,1034319.897792200,1034319.917780100,0,
1522,1034319.928488600,0.000008800,0.020000000,0.020000000,1034319.928497400,1034319.948488600,0,
1523,1034319.943744100,0.000009600,0.020000000,0.020000000,1034319.943753700,1034319.963744100,0,
1524,1034319.959922100,0.000010300,0.020000000,0.020000000,1034319.959932400,1034319.979922100,0,
1525,1034319.990805100,0.000011100,0.020000000,0.020000000,1034319.990816200,1034320.010805100,0,
1526,1034320.006582500,0.000009100,0.020000000,0.020000000,1034320.006591600,1034320.026582500,0,
1527,1034320.022134000,0.000006700,0.020000000,0.020000000,1034320.022140700,1034320.042134000,0,
1528,1034320.037261400,0.000010200,0.020000000,0.020000000,1034320.037271600,1034320.057261400,0,
1529,1034320.068209000,0.000008800,0.020000000,0.020000000,1034320.068217800,1034320.088209000,0,
1530,1034320.083627400,0.000007900,0.020000000,0.020000000,1034320.083635300,1034320.103627400,0,
1531,1034320.098780600,0.000004400,0.020000000,0.020000000,1034320.098785000,1034320.118780600,0,
1532,1034320.129904200,0.000007100,0.020000000,0.020000000,1034320.129911300,1034320.149904200,0,
1533,1034320.145804400,0.000011100,0.020000000,0.020000000,1034320.145815500,1034320.165804400,0,
1534,1034320.161523400,0.000006500,0.020000000,0.020000000,1034320.161529900,1034320.181523400,0,
1535,1034320.177292300,0.000006100,0.020000000,0.020000000,1034320.177298400,1034320.197292300,0,
1536,1034320.208175700,0.000006900,0.020000000,0.020000000,1034320.208182600,1034320.228175700,0,
1537,1034320.223581800,0.000004800,0.020000000,0.020000000,1034320.223586600,1034320.243581800,0,
1538,1034320.239284500,0.000004900,0.020000000,0.020000000,1034320.239289400,1034320.259284500,0,
1539,1034320.270045200,0.000081300,0.020000000,0.020000000,1034320.270126500,1034320.290045200,0,
1540,1034320.285277500,0.000006900,0.020000000,0.020000000,1034320.285284400,1034320.305277500,0,
1541,1034320.301466700,0.000007800,0.020000000,0.020000000,1034320.301474500,1034320.321466700,0,
1542,1034320.316274900,0.000007100,0.020000000,0.020000000,1034320.316282000,1034320.336274900,0,
1543,1034320.347617600,0.000010100,0.020000000,0.020000000,1034320.347627700,1034320.367617600,0,
1544,1034320.362928700,0.000011300,0.020000000,0.020000000,1034320.362940000,1034320.382928700,0,
1545,1034320.378661900,0.000006200,0.020000000,0.020000000,1034320.378668100,1034320.398661900,0,
1546,1034320.408834500,0.000008300,0.020000000,0.020000000,1034320.408842800,1034320.428834500,0,
1547,1034320.424175500,0.000009200,0.020000000,0.020000000,1034320.424184700,1034320.444175500,0,
1548,1034320.439917500,0.000011300,0.020000000,0.020000000,1034320.439928800,1034320.459917500,0,
1549,1034320.471111700,0.000005200,0.020000000,0.020000000,1034320.471116900,1034320.491111700,0,
1550,1034320.486148600,0.000019100,0.020000000,0.020000000,1034320.486167700,1034320.506148600,0,
1551,1034320.502352800,0.000007700,0.020000000,0.020000000,1034320.502360500,1034320.522352800,0,
1552,1034320.517735100,0.000006700,0.020000000,0.020000000,1034320.517741800,1034320.537735100,0,
1553,1034320.548791300,0.000009200,0.020000000,0.020000000,1034320.548800500,1034320.568791300,0,
1554,1034320.564245400,0.000003600,0.020000000,0.020000000,1034320.564249000,1034320.584245400,0,
1555,1034320.579705800,0.000010400,0.020000000,0.020000000,1034320.579716200,1034320.599705800,0,
1556,1034320.610744400,0.000007900,0.020000000,0.020000000,1034320.610752300,1034320.630744400,0,
1557,1034320.626040100,0.000015200,0.020000000,0.020000000,1034320.626055300,1034320.646040100,0,
1558,1034320.641760200,0.000008500,0.020000000,0.020000000,1034320.641768700,1034320.661760200,0,
1559,1034320.657305900,0.000004200,0.020000000,0.020000000,1034320.657310100,1034320.677305900,0,
1560,1034320.689204900,0.000027800,0.020000000,0.020000000,1034320.689232700,1034320.709204900,0,
1561,1034320.704174200,0.000006900,0.020000000,0.020000000,1034320.704181100,1034320.724174200,0,
1562,1034320.720089300,0.000003900,0.020000000,0.020000000,1034320.720093200,1034320.740089300,0,
1563,1034320.735131000,0.000004500,0.020000000,0.020000000,1034320.735135500,1034320.755131000,0,
1564,1034320.766145100,0.000009500,0.020000000,0.020000000,1034320.766154600,1034320.786145100,0,
1565,1034320.781788500,0.000010300,0.020000000,0.020000000,1034320.781798800,1034320.801788500,0,
1566,1034320.797120900,0.000008800,0.020000000,0.020000000,1034320.797129700,1034320.817120900,0,
1567,1034320.828669100,0.000008500,0.020000000,0.020000000,1034320.828677600,1034320.848669100,0,
1568,1034320.844715300,0.000011300,0.020000000,0.020000000,1034320.844726600,1034320.864715300,0,
1569,1034320.860604400,0.000008100,0.020000000,0.020000000,1034320.860612500,1034320.880604400,0,
1570,1034320.876238400,0.000008700,0.020000000,0.020000000,1034320.876247100,1034320.896238400,0,
1571,1034320.907237500,0.000007800,0.020000000,0.020000000,1034320.907245300,1034320.927237500,0,
1572,1034320.923336100,0.000006500,0.020000000,0.020000000,1034320.923342600,1034320.943336100,0,
1573,1034320.938747500,0.000009400,0.020000000,0.020000000,1034320.938756900,1034320.958747500,0,
1574,1034320.970335700,0.000007900,0.020000000,0.020000000,1034320.970343600,1034320.990335700,0,
1575,1034320.986135700,0.000006500,0.020000000,0.020000000,1034320.986142200,1034321.006135700,0,
1576,1034321.001479900,0.000006000,0.020000000,0.020000000,1034321.001485900,1034321.021479900,0,
1577,1034321.016783800,0.000003500,0.020000000,0.020000000,1034321.016787300,1034321.036783800,0,
1578,1034321.048383500,0.000009000,0.020000000,0.020000000,1034321.048392500,1034321.068383500,0,
1579,1034321.064668400,0.000004500,0.020000000,0.020000000,1034321.064672900,1034321.084668400,0,
1580,1034321.080073400,0.000004600,0.020000000,0.020000000,1034321.080078000,1034321.100073400,0,
1581,1034321.096203900,0.000007700,0.020000000,0.020000000,1034321.096211600,1034321.116203900,0,
1582,1034321.127570700,0.000012200,0.020000000,0.020000000,1034321.127582900,1034321.147570700,0,
1583,1034321.143131200,0.000015500,0.020000000,0.020000000,1034321.143146700,1034321.163131200,0,
1584,1034321.158740400,0.000004600,0.020000000,0.020000000,1034321.158745000,1034321.178740400,0,
1585,1034321.188920200,0.000018100,0.020000000,0.020000000,1034321.188938300,1034321.208920200,0,
1586,1034321.204588500,0.000007100,0.020000000,0.020000000,1034321.204595600,1034321.224588500,0,
1587,1034321.220282800,0.000004000,0.020000000,0.020000000,1034321.220286800,1034321.240282800,0,
1588,1034321.235494400,0.000007100,0.020000000,0.020000000,1034321.235501500,1034321.255494400,0,
1589,1034321.267070400,0.000009900,0.020000000,0.020000000,1034321.267080300,1034321.287070400,0,
1590,1034321.283289600,0.000005100,0.020000000,0.020000000,1034321.283294700,1034321.303289600,0,
1591,1034321.298554900,0.000007000,0.020000000,0.020000000,1034321.298561900,1034321.318554900,0,
1592,1034321.329213700,0.000009900,0.020000000,0.020000000,1034321.329223600,1034321.349213700,0,
1593,1034321.344229300,0.000013700,0.020000000,0.020000000,1034321.344243000,1034321.364229300,0,
1594,1034321.359614100,0.000004300,0.020000000,0.020000000,1034321.359618400,1034321.379614100,0,
1595,1034321.391021900,0.000011100,0.020000000,0.020000000,1034321.391033000,1034321.411021900,0,
1596,1034321.406230800,0.000009500,0.020000000,0.020000000,1034321.406240300,1034321.426230800,0,
1597,1034321.421982100,0.000007100,0.020000000,0.020000000,1034321.421989200,1034321.441982100,0,
1598,1034321.438058600,0.000007000,0.020000000,0.020000000,1034321.438065600,1034321.458058600,0,
1599,1034321.469630700,0.000004000,0.020000000,0.020000000,1034321.469634700,1034321.489630700,0,
1600,1034321.484579000,0.000010800,0.020000000,0.020000000,1034321.484589800,1034321.504579000,0,
1601,1034321.499790400,0.000005300,0.020000000,0.020000000,1034321.499795700,1034321.519790400,0,
1602,1034321.531080300,0.000005400,0.020000000,0.020000000,1034321.531085700,1034321.551080300,0,
1603,1034321.546117800,0.000008200,0.020000000,0.020000000,1034321.546126000,1034321.566117800,0,
1604,1034321.562030800,0.000023500,0.020000000,0.020000000,1034321.562054300,1034321.582030800,0,
1605,1034321.577408600,0.000008600,0.020000000,0.020000000,1034321.577417200,1034321.597408600,0,
1606,1034321.608459500,0.000013100,0.020000000,0.020000000,1034321.608472600,1034321.628459500,0,
1607,1034321.624571100,0.000010000,0.020000000,0.020000000,1034321.624581100,1034321.644571100,0,
1608,1034321.640305600,0.000008100,0.020000000,0.020000000,1034321.640313700,1034321.660305600,0,
1609,1034321.655374100,0.000009800,0.020000000,0.020000000,1034321.655383900,1034321.675374100,0,
1610,1034321.686929400,0.000009500,0.020000000,0.020000000,1034321.686938900,1034321.706929400,0,
1611,1034321.703180900,0.000007100,0.020000000,0.020000000,1034321.703188000,1034321.723180900,0,
1612,1034321.718683900,0.000008300,0.020000000,0.020000000,1034321.718692200,1034321.738683900,0,
1613,1034321.749932500,0.000008700,0.020000000,0.020000000,1034321.749941200,1034321.769932500,0,
1614,1034321.765286300,0.000007800,0.020000000,0.020000000,1034321.765294100,1034321.785286300,0,
1615,1034321.781162200,0.000006600,0.020000000,0.020000000,1034321.781168800,1034321.801162200,0,
1616,1034321.796102400,0.000004900,0.020000000,0.020000000,1034321.796107300,1034321.816102400,0,
1617,1034321.826231200,0.000009100,0.020000000,0.020000000,1034321.826240300,1034321.846231200,0,
1618,1034321.841884400,0.000008800,0.020000000,0.020000000,1034321.841893200,1034321.861884400,0,
1619,1034321.857212700,0.000009400,0.020000000,0.020000000,1034321.857222100,1034321.877212700,0,
1620,1034321.888250800,0.000011500,0.020000000,0.020000000,1034321.888262300,1034321.908250800,0,
1621,1034321.904369600,0.000009300,0.020000000,0.020000000,1034321.904378900,1034321.924369600,0,
1622,1034321.919447500,0.000013700,0.020000000,0.020000000,1034321.919461200,1034321.939447500,0,
1623,1034321.950921500,0.000010200,0.020000000,0.020000000,1034321.950931700,1034321.970921500,0,
1624,1034321.966362400,0.000007400,0.020000000,0.020000000,1034321.966369800,1034321.986362400,0,
1625,1034321.981563700,0.000006800,0.020000000,0.020000000,1034321.981570500,1034322.001563700,0,
1626,1034321.996593200,0.000007700,0.020000000,0.020000000,1034321.996600900,1034322.016593200,0,
1627,1034322.027442100,0.000011000,0.020000000,0.020000000,1034322.027453100,1034322.047442100,0,
1628,1034322.043053400,0.000009600,0.020000000,0.020000000,1034322.043063000,1034322.063053400,0,
1629,1034322.058829300,0.000005000,0.020000000,0.020000000,1034322.058834300,1034322.078829300,0,
1630,1034322.089528700,0.000008600,0.020000000,0.020000000,1034322.089537300,1034322.109528700,0,
1631,1034322.104966700,0.000007600,0.020000000,0.020000000,1034322.104974300,1034322.124966700,0,
1632,1034322.121284700,0.000005400,0.020000000,0.020000000,1034322.121290100,1034322.141284700,0,
1633,1034322.137335900,0.000004900,0.020000000,0.020000000,1034322.137340800,1034322.157335900,0,
1634,1034322.169022400,0.000020300,0.020000000,0.020000000,1034322.169042700,1034322.189022400,0,
1635,1034322.184379500,0.000015100,0.020000000,0.020000000,1034322.184394600,1034322.204379500,0,
1636,1034322.200793300,0.000016500,0.020000000,0.020000000,1034322.200809800,1034322.220793300,0,
1637,1034322.216044300,0.000006600,0.020000000,0.020000000,1034322.216050900,1034322.236044300,0,
1638,1034322.247140600,0.000011200,0.020000000,0.020000000,1034322.247151800,1034322.267140600,0,
1639,1034322.262420600,0.000011400,0.020000000,0.020000000,1034322.262432000,1034322.282420600,0,
1640,1034322.278491800,0.000006300,0.020000000,0.020000000,1034322.278498100,1034322.298491800,0,
1641,1034322.310652500,0.000011400,0.020000000,0.020000000,1034322.310663900,1034322.330652500,0,
1642,1034322.326049000,0.000011400,0.020000000,0.020000000,1034322.326060400,1034322.346049000,0,
1643,1034322.341392900,0.000022500,0.020000000,0.020000000,1034322.341415400,1034322.361392900,0,
1644,1034322.357499400,0.000005200,0.020000000,0.020000000,1034322.357504600,1034322.377499400,0,
1645,1034322.389392500,0.000013500,0.020000000,0.020000000,1034322.389406000,1034322.409392500,0,
1646,1034322.405076800,0.000010400,0.020000000,0.020000000,1034322.405087200,1034322.425076800,0,
1647,1034322.420760800,0.000009800,0.020000000,0.020000000,1034322.420770600,1034322.440760800,0,
1648,1034322.435856900,0.000007500,0.020000000,0.020000000,1034322.435864400,1034322.455856900,0,
1649,1034322.466866700,0.000010100,0.020000000,0.020000000,1034322.466876800,1034322.486866700,0,
1650,1034322.481962700,0.000011700,0.020000000,0.020000000,1034322.481974400,1034322.501962700,0,
1651,1034322.497361900,0.000010300,0.020000000,0.020000000,1034322.497372200,1034322.517361900,0,
1652,1034322.528228200,0.000010000,0.020000000,0.020000000,1034322.528238200,1034322.548228200,0,
1653,1034322.544479700,0.000007100,0.020000000,0.020000000,1034322.544486800,1034322.564479700,0,
1654,1034322.559898100,0.000012100,0.020000000,0.020000000,1034322.559910200,1034322.579898100,0,
1655,1034322.590660600,0.000012400,0.020000000,0.020000000,1034322.590673000,1034322.610660600,0,
1656,1034322.606388000,0.000010200,0.020000000,0.020000000,1034322.606398200,1034322.626388000,0,
1657,1034322.622079900,0.000009100,0.020000000,0.020000000,1034322.622089000,1034322.642079900,0,
1658,1034322.638216400,0.000009000,0.020000000,0.020000000,1034322.638225400,1034322.658216400,0,
1659,1034322.668734900,0.000007700,0.020000000,0.020000000,1034322.668742600,1034322.688734900,0,
1660,1034322.683979700,0.000008000,0.020000000,0.020000000,1034322.683987700,1034322.703979700,0,
1661,1034322.699795100,0.000009700,0.020000000,0.020000000,1034322.699804800,1034322.719795100,0,
1662,1034322.730749400,0.000011500,0.020000000,0.020000000,1034322.730760900,1034322.750749400,0,
1663,1034322.746777900,0.000009600,0.020000000,0.020000000,1034322.746787500,1034322.766777900,0,
1664,1034322.761800300,0.000011400,0.020000000,0.020000000,1034322.761811700,1034322.781800300,0,
1665,1034322.777543200,0.000007100,0.020000000,0.020000000,1034322.777550300,1034322.797543200,0,
1666,1034322.809413700,0.000010100,0.020000000,0.020000000,1034322.809423800,1034322.829413700,0,
1667,1034322.824489600,0.000009000,0.020000000,0.020000000,1034322.824498600,1034322.844489600,0,
1668,1034322.840075600,0.000008000,0.020000000,0.020000000,1034322.840083600,1034322.860075600,0,
1669,1034322.855643800,0.000008000,0.020000000,0.020000000,1034322.855651800,1034322.875643800,0,
1670,1034322.886327600,0.000006800,0.020000000,0.020000000,1034322.886334400,1034322.906327600,0,
1671,1034322.902061000,0.000009400,0.020000000,0.020000000,1034322.902070400,1034322.922061000,0,
1672,1034322.918196700,0.000010300,0.020000000,0.020000000,1034322.918207000,1034322.938196700,0,
1673,1034322.949843000,0.000006800,0.020000000,0.020000000,1034322.949849800,1034322.969843000,0,
1674,1034322.965260000,0.000009400,0.020000000,0.020000000,1034322.965269400,1034322.985260000,0,
1675,1034322.981172500,0.000006900,0.020000000,0.020000000,1034322.981179400,1034323.001172500,0,
1676,1034322.997065800,0.000006700,0.020000000,0.020000000,1034322.997072500,1034323.017065800,0,
1677,1034323.027606100,0.000008500,0.020000000,0.020000000,1034323.027614600,1034323.047606100,0,
1678,1034323.043527700,0.000006400,0.020000000,0.020000000,1034323.043534100,1034323.063527700,0,
1679,1034323.058630200,0.000005100,0.020000000,0.020000000,1034323.058635300,1034323.078630200,0,
1680,1034323.088805700,0.000010300,0.020000000,0.020000000,1034323.088816000,1034323.108805700,0,
1681,1034323.104202600,0.000008700,0.020000000,0.020000000,1034323.104211300,1034323.124202600,0,
1682,1034323.120032200,0.000007400,0.020000000,0.020000000,1034323.120039600,1034323.140032200,0,
1683,1034323.135859300,0.000004100,0.020000000,0.020000000,1034323.135863400,1034323.155859300,0,
1684,1034323.166491700,0.000006800,0.020000000,0.020000000,1034323.166498500,1034323.186491700,0,
1685,1034323.182147900,0.000007000,0.020000000,0.020000000,1034323.182154900,1034323.202147900,0,
1686,1034323.198707400,0.000006100,0.020000000,0.020000000,1034323.198713500,1034323.218707400,0,
1687,1034323.229664700,0.000009100,0.020000000,0.020000000,1034323.229673800,1034323.249664700,0,
1688,1034323.245064900,0.000005800,0.020000000,0.020000000,1034323.245070700,1034323.265064900,0,
1689,1034323.260749300,0.000008900,0.020000000,0.020000000,1034323.260758200,1034323.280749300,0,
1690,1034323.276504100,0.000004300,0.020000000,0.020000000,1034323.276508400,1034323.296504100,0,
1691,1034323.307026800,0.000011300,0.020000000,0.020000000,1034323.307038100,1034323.327026800,0,
1692,1034323.323247700,0.000008900,0.020000000,0.020000000,1034323.323256600,1034323.343247700,0,
1693,1034323.339307600,0.000006900,0.020000000,0.020000000,1034323.339314500,1034323.359307600,0,
1694,1034323.369677900,0.000007100,0.020000000,0.020000000,1034323.369685000,1034323.389677900,0,
1695,1034323.384405100,0.000011400,0.020000000,0.020000000,1034323.384416500,1034323.404405100,0,
1696,1034323.399896100,0.000005900,0.020000000,0.020000000,1034323.399902000,1034323.419896100,0,
1697,1034323.430492600,0.000006900,0.020000000,0.020000000,1034323.430499500,1034323.450492600,0,
1698,1034323.445745900,0.000011400,0.020000000,0.020000000,1034323.445757300,1034323.465745900,0,
1699,1034323.461701200,0.000007400,0.020000000,0.020000000,1034323.461708600,1034323.481701200,0,
1700,1034323.477521800,0.000004100,0.020000000,0.020000000,1034323.477525900,1034323.497521800,0,
1701,1034323.508225100,0.000012300,0.020000000,0.020000000,1034323.508237400,1034323.528225100,0,
1702,1034323.523764100,0.000006300,0.020000000,0.020000000,1034323.523770400,1034323.543764100,0,
1703,1034323.539151100,0.000004100,0.020000000,0.020000000,1034323.539155200,1034323.559151100,0,
1704,1034323.569995900,0.000008600,0.020000000,0.020000000,1034323.570004500,1034323.589995900,0,
1705,1034323.586169300,0.000010800,0.020000000,0.020000000,1034323.586180100,1034323.606169300,0,
1706,1034323.601258300,0.000007200,0.020000000,0.020000000,1034323.601265500,1034323.621258300,0,
1707,1034323.616255100,0.000005900,0.020000000,0.020000000,1034323.616261000,1034323.636255100,0,
1708,1034323.647720000,0.000008800,0.020000000,0.020000000,1034323.647728800,1034323.667720000,0,
1709,1034323.663212100,0.000010800,0.020000000,0.020000000,1034323.663222900,1034323.683212100,0,
1710,1034323.679013300,0.000003700,0.020000000,0.020000000,1034323.679017000,1034323.699013300,0,
1711,1034323.709896400,0.000010600,0.020000000,0.020000000,1034323.709907000,1034323.729896400,0,
1712,1034323.725994900,0.000014000,0.020000000,0.020000000,1034323.726008900,1034323.745994900,0,
1713,1034323.741602900,0.000006900,0.020000000,0.020000000,1034323.741609800,1034323.761602900,0,
1714,1034323.757088200,0.000007300,0.020000000,0.020000000,1034323.757095500,1034323.777088200,0,
1715,1034323.787965200,0.000010100,0.020000000,0.020000000,1034323.787975300,1034323.807965200,0,
1716,1034323.803678300,0.000006600,0.020000000,0.020000000,1034323.803684900,1034323.823678300,0,
1717,1034323.819836400,0.000006800,0.020000000,0.020000000,1034323.819843200,1034323.839836400,0,
1718,1034323.850926800,0.000022800,0.020000000,0.020000000,1034323.850949600,1034323.870926800,0,
1719,1034323.866463600,0.000006800,0.020000000,0.020000000,1034323.866470400,1034323.886463600,0,
1720,1034323.881913200,0.000008300,0.020000000,0.020000000,1034323.881921500,1034323.901913200,0,
1721,1034323.897759700,0.000005600,0.020000000,0.020000000,1034323.897765300,1034323.917759700,0,
1722,1034323.928757400,0.000007600,0.020000000,0.020000000,1034323.928765000,1034323.948757400,0,
1723,1034323.944871400,0.000013800,0.020000000,0.020000000,1034323.944885200,1034323.964871400,0,
1724,1034323.960207100,0.000003900,0.020000000,0.020000000,1034323.960211000,1034323.980207100,0,
1725,1034323.975718200,0.000006400,0.020000000,0.020000000,1034323.975724600,1034323.995718200,0,
1726,1034324.006549500,0.000009600,0.020000000,0.020000000,1034324.006559100,1034324.026549500,0,
1727,1034324.022592100,0.000008900,0.020000000,0.020000000,1034324.022601000,1034324.042592100,0,
1728,1034324.038616400,0.000003800,0.020000000,0.020000000,1034324.038620200,1034324.058616400,0,
1729,1034324.068929500,0.000010500,0.020000000,0.020000000,1034324.068940000,1034324.088929500,0,
1730,1034324.084177400,0.000009100,0.020000000,0.020000000,1034324.084186500,1034324.104177400,0,
1731,1034324.100292200,0.000006800,0.020000000,0.020000000,1034324.100299000,1034324.120292200,0,
1732,1034324.115524100,0.000006700,0.020000000,0.020000000,1034324.115530800,1034324.135524100,0,
1733,1034324.146987300,0.000012300,0.020000000,0.020000000,1034324.146999600,1034324.166987300,0,
1734,1034324.163195200,0.000004200,0.020000000,0.020000000,1034324.163199400,1034324.183195200,0,
1735,1034324.179050600,0.000007700,0.020000000,0.020000000,1034324.179058300,1034324.199050600,0,
1736,1034324.210033100,0.000010300,0.020000000,0.020000000,1034324.210043400,1034324.230033100,0,
1737,1034324.225591900,0.000014800,0.020000000,0.020000000,1034324.225606700,1034324.245591900,0,
1738,1034324.241255900,0.000007000,0.020000000,0.020000000,1034324.241262900,1034324.261255900,0,
1739,1034324.256328900,0.000010700,0.020000000,0.020000000,1034324.256339600,1034324.276328900,0,
1740,1034324.286751900,0.000009800,0.020000000,0.020000000,1034324.286761700,1034324.306751900,0,
1741,1034324.303622000,0.000005400,0.020000000,0.020000000,1034324.303627400,1034324.323622000,0,
1742,1034324.319219500,0.000007900,0.020000000,0.020000000,1034324.319227400,1034324.339219500,0,
1743,1034324.349095800,0.000008400,0.020000000,0.020000000,1034324.349104200,1034324.369095800,0,
1744,1034324.364693100,0.000009000,0.020000000,0.020000000,1034324.364702100,1034324.384693100,0,
1745,1034324.380445800,0.000009800,0.020000000,0.020000000,1034324.380455600,1034324.400445800,0,
1746,1034324.396416900,0.000009100,0.020000000,0.020000000,1034324.396426000,1034324.416416900,0,
1747,1034324.428087200,0.000010400,0.020000000,0.020000000,1034324.428097600,1034324.448087200,0,
1748,1034324.443861300,0.000009900,0.020000000,0.020000000,1034324.443871200,1034324.463861300,0,
1749,1034324.460047800,0.000005600,0.020000000,0.020000000,1034324.460053400,1034324.480047800,0,
1750,1034324.475113000,0.000008700,0.020000000,0.020000000,1034324.475121700,1034324.495113000,0,
1751,1034324.506059500,0.000006500,0.020000000,0.020000000,1034324.506066000,1034324.526059500,0,
1752,1034324.522673100,0.000006600,0.020000000,0.020000000,1034324.522679700,1034324.542673100,0,
1753,1034324.538329200,0.000010100,0.020000000,0.020000000,1034324.538339300,1034324.558329200,0,
1754,1034324.569743900,0.000012200,0.020000000,0.020000000,1034324.569756100,1034324.589743900,0,
1755,1034324.585895200,0.000009400,0.020000000,0.020000000,1034324.585904600,1034324.605895200,0,
1756,1034324.601143900,0.000006200,0.020000000,0.020000000,1034324.601150100,1034324.621143900,0,
1757,1034324.616030500,0.000005300,0.020000000,0.020000000,1034324.616035800,1034324.636030500,0,
1758,1034324.647483400,0.000016100,0.020000000,0.020000000,1034324.647499500,1034324.667483400,0,
1759,1034324.663324300,0.000006800,0.020000000,0.020000000,1034324.663331100,1034324.683324300,0,
1760,1034324.679024400,0.000006300,0.020000000,0.020000000,1034324.679030700,1034324.699024400,0,
1761,1034324.710165200,0.000007700,0.020000000,0.020000000,1034324.710172900,1034324.730165200,0,
1762,1034324.725553500,0.000007300,0.020000000,0.020000000,1034324.725560800,1034324.745553500,0,
1763,1034324.741065200,0.000008000,0.020000000,0.020000000,1034324.741073200,1034324.761065200,0,
1764,1034324.756422400,0.000009900,0.020000000,0.020000000,1034324.756432300,1034324.776422400,0,
1765,1034324.787157000,0.000009300,0.020000000,0.020000000,1034324.787166300,1034324.807157000,0,
1766,1034324.803263300,0.000003900,0.020000000,0.020000000,1034324.803267200,1034324.823263300,0,
1767,1034324.818697200,0.000009600,0.020000000,0.020000000,1034324.818706800,1034324.838697200,0,
1768,1034324.849657100,0.000013600,0.020000000,0.020000000,1034324.849670700,1034324.869657100,0,
1769,1034324.865506800,0.000009800,0.020000000,0.020000000,1034324.865516600,1034324.885506800,0,
1770,1034324.881202500,0.000006300,0.020000000,0.020000000,1034324.881208800,1034324.901202500,0,
1771,1034324.897052400,0.000009400,0.020000000,0.020000000,1034324.897061800,1034324.917052400,0,
1772,1034324.926912400,0.000011300,0.020000000,0.020000000,1034324.926923700,1034324.946912400,0,
1773,1034324.943077800,0.000007800,0.020000000,0.020000000,1034324.943085600,1034324.963077800,0,
1774,1034324.959517500,0.000003700,0.020000000,0.020000000,1034324.959521200,1034324.979517500,0,
1775,1034324.990115500,0.000009000,0.020000000,0.020000000,1034324.990124500,1034325.010115500,0,
1776,1034325.005815200,0.000009200,0.020000000,0.020000000,1034325.005824400,1034325.025815200,0,
1777,1034325.022221800,0.000004100,0.020000000,0.020000000,1034325.022225900,1034325.042221800,0,
1778,1034325.037003400,0.000003800,0.020000000,0.020000000,1034325.037007200,1034325.057003400,0,
1779,1034325.067724700,0.000008800,0.020000000,0.020000000,1034325.067733500,1034325.087724700,0,
1780,1034325.083310000,0.000007200,0.020000000,0.020000000,1034325.083317200,1034325.103310000,0,
1781,1034325.098521200,0.000010300,0.020000000,0.020000000,1034325.098531500,1034325.118521200,0,
1782,1034325.128760800,0.000013400,0.020000000,0.020000000,1034325.128774200,1034325.148760800,0,
1783,1034325.144174600,0.000008800,0.020000000,0.020000000,1034325.144183400,1034325.164174600,0,
1784,1034325.159526700,0.000008000,0.020000000,0.020000000,1034325.159534700,1034325.179526700,0,
1785,1034325.190397000,0.000019700,0.020000000,0.020000000,1034325.190416700,1034325.210397000,0,
1786,1034325.206084900,0.000009400,0.020000000,0.020000000,1034325.206094300,1034325.226084900,0,
1787,1034325.222113300,0.000009600,0.020000000,0.020000000,1034325.222122900,1034325.242113300,0,
1788,1034325.238415300,0.000007600,0.020000000,0.020000000,1034325.238422900,1034325.258415300,0,
1789,1034325.269620900,0.000009300,0.020000000,0.020000000,1034325.269630200,1034325.289620900,0,
1790,1034325.285726900,0.000009400,0.020000000,0.020000000,1034325.285736300,1034325.305726900,0,
1791,1034325.301900700,0.000025400,0.020000000,0.020000000,1034325.301926100,1034325.321900700,0,
1792,1034325.318096700,0.000006700,0.020000000,0.020000000,1034325.318103400,1034325.338096700,0,
1793,1034325.348630900,0.000008500,0.020000000,0.020000000,1034325.348639400,1034325.368630900,0,
1794,1034325.364404800,0.000009700,0.020000000,0.020000000,1034325.364414500,1034325.384404800,0,
1795,1034325.380287400,0.000008400,0.020000000,0.020000000,1034325.380295800,1034325.400287400,0,
1796,1034325.395903200,0.000009000,0.020000000,0.020000000,1034325.395912200,1034325.415903200,0,
1797,1034325.426957300,0.000006400,0.020000000,0.020000000,1034325.426963700,1034325.446957300,0,
1798,1034325.443030700,0.000004700,0.020000000,0.020000000,1034325.443035400,1034325.463030700,0,
1799,1034325.458543900,0.000006700,0.020000000,0.020000000,1034325.458550600,1034325.478543900,0,
1800,1034325.489791900,0.000008800,0.020000000,0.020000000,1034325.489800700,1034325.509791900,0,
1801,1034325.505489300,0.000006800,0.020000000,0.020000000,1034325.505496100,1034325.525489300,0,
1802,1034325.521632100,0.000010800,0.020000000,0.020000000,1034325.521642900,1034325.541632100,0,
1803,1034325.537134100,0.000005600,0.020000000,0.020000000,1034325.537139700,1034325.557134100,0,
1804,1034325.568601000,0.000011600,0.020000000,0.020000000,1034325.568612600,1034325.588601000,0,
1805,1034325.584661800,0.000011800,0.020000000,0.020000000,1034325.584673600,1034325.604661800,0,
1806,1034325.600879100,0.000008600,0.020000000,0.020000000,1034325.600887700,1034325.620879100,0,
1807,1034325.617034300,0.000007500,0.020000000,0.020000000,1034325.617041800,1034325.637034300,0,
1808,1034325.647675300,0.000011300,0.020000000,0.020000000,1034325.647686600,1034325.667675300,0,
1809,1034325.663215700,0.000006800,0.020000000,0.020000000,1034325.663222500,1034325.683215700,0,
1810,1034325.678781200,0.000005200,0.020000000,0.020000000,1034325.678786400,1034325.698781200,0,
1811,1034325.710205900,0.000004600,0.020000000,0.020000000,1034325.710210500,1034325.730205900,0,
1812,1034325.725438100,0.000007900,0.020000000,0.020000000,1034325.725446000,1034325.745438100,0,
1813,1034325.741103900,0.000005900,0.020000000,0.020000000,1034325.741109800,1034325.761103900,0,
1814,1034325.756596400,0.000010100,0.020000000,0.020000000,1034325.756606500,1034325.776596400,0,
1815,1034325.788523400,0.000011200,0.020000000,0.020000000,1034325.788534600,1034325.808523400,0,
1816,1034325.804076700,0.000010500,0.020000000,0.020000000,1034325.804087200,1034325.824076700,0,
1817,1034325.819221300,0.000006200,0.020000000,0.020000000,1034325.819227500,1034325.839221300,0,
1818,1034325.849646400,0.000009700,0.020000000,0.020000000,1034325.849656100,1034325.869646400,0,
1819,1034325.865035300,0.000010800,0.020000000,0.020000000,1034325.865046100,1034325.885035300,0,
1820,1034325.880594700,0.000010500,0.020000000,0.020000000,1034325.880605200,1034325.900594700,0,
1821,1034325.896397800,0.000005900,0.020000000,0.020000000,1034325.896403700,1034325.916397800,0,
1822,1034325.927357900,0.000009700,0.020000000,0.020000000,1034325.927367600,1034325.947357900,0,
1823,1034325.943155200,0.000008900,0.020000000,0.020000000,1034325.943164100,1034325.963155200,0,
1824,1034325.958301500,0.000006100,0.020000000,0.020000000,1034325.958307600,1034325.978301500,0,
1825,1034325.989266100,0.000012200,0.020000000,0.020000000,1034325.989278300,1034326.009266100,0,
1826,1034326.004469100,0.000010100,0.020000000,0.020000000,1034326.004479200,1034326.024469100,0,
1827,1034326.020180100,0.000008800,0.020000000,0.020000000,1034326.020188900,1034326.040180100,0,
1828,1034326.035090600,0.000010400,0.020000000,0.020000000,1034326.035101000,1034326.055090600,0,
1829,1034326.066849000,0.000009900,0.020000000,0.020000000,1034326.066858900,1034326.086849000,0,
1830,1034326.081894300,0.000007100,0.020000000,0.020000000,1034326.081901400,1034326.101894300,0,
1831,1034326.097229500,0.000008700,0.020000000,0.020000000,1034326.097238200,1034326.117229500,0,
1832,1034326.128423500,0.000010500,0.020000000,0.020000000,1034326.128434000,1034326.148423500,0,
1833,1034326.143654700,0.000006100,0.020000000,0.020000000,1034326.143660800,1034326.163654700,0,
1834,1034326.160131100,0.000009600,0.020000000,0.020000000,1034326.160140700,1034326.180131100,0,
1835,1034326.175403100,0.000008200,0.020000000,0.020000000,1034326.175411300,1034326.195403100,0,
1836,1034326.206262800,0.000012600,0.020000000,0.020000000,1034326.206275400,1034326.226262800,0,
1837,1034326.222118900,0.000009600,0.020000000,0.020000000,1034326.222128500,1034326.242118900,0,
1838,1034326.237063100,0.000009900,0.020000000,0.020000000,1034326.237073000,1034326.257063100,0,
1839,1034326.267714200,0.000005000,0.020000000,0.020000000,1034326.267719200,1034326.287714200,0,
1840,1034326.282973300,0.000010400,0.020000000,0.020000000,1034326.282983700,1034326.302973300,0,
1841,1034326.298919900,0.000007100,0.020000000,0.020000000,1034326.298927000,1034326.318919900,0,
1842,1034326.329393800,0.000010500,0.020000000,0.020000000,1034326.329404300,1034326.349393800,0,
1843,1034326.345491100,0.000009700,0.020000000,0.020000000,1034326.345500800,1034326.365491100,0,
1844,1034326.361407700,0.000010300,0.020000000,0.020000000,1034326.361418000,1034326.381407700,0,
1845,1034326.377582800,0.000009700,0.020000000,0.020000000,1034326.377592500,1034326.397582800,0,
1846,1034326.408619800,0.000012300,0.020000000,0.020000000,1034326.408632100,1034326.428619800,0,
1847,1034326.424334900,0.000008300,0.020000000,0.020000000,1034326.424343200,1034326.444334900,0,
1848,1034326.439794200,0.000005500,0.020000000,0.020000000,1034326.439799700,1034326.459794200,0,
1849,1034326.470527000,0.000009300,0.020000000,0.020000000,1034326.470536300,1034326.490527000,0,
1850,1034326.485342600,0.000011200,0.020000000,0.020000000,1034326.485353800,1034326.505342600,0,
1851,1034326.501582900,0.000007900,0.020000000,0.020000000,1034326.501590800,1034326.521582900,0,
1852,1034326.517084200,0.000009100,0.020000000,0.020000000,1034326.517093300,1034326.537084200,0,
1853,1034326.548468500,0.000010000,0.020000000,0.020000000,1034326.548478500,1034326.568468500,0,
1854,1034326.563606600,0.000012200,0.020000000,0.020000000,1034326.563618800,1034326.583606600,0,
1855,1034326.579408500,0.000009000,0.020000000,0.020000000,1034326.579417500,1034326.599408500,0,
1856,1034326.610470000,0.000011400,0.020000000,0.020000000,1034326.610481400,1034326.630470000,0,
1857,1034326.625837400,0.000011400,0.020000000,0.020000000,1034326.625848800,1034326.645837400,0,
1858,1034326.641364500,0.000011100,0.020000000,0.020000000,1034326.641375600,1034326.661364500,0,
1859,1034326.656855700,0.000012000,0.020000000,0.020000000,1034326.656867700,1034326.676855700,0,
1860,1034326.686870800,0.000011600,0.020000000,0.020000000,1034326.686882400,1034326.706870800,0,
1861,1034326.702943000,0.000005800,0.020000000,0.020000000,1034326.702948800,1034326.722943000,0,
1862,1034326.717421600,0.000005900,0.020000000,0.020000000,1034326.717427500,1034326.737421600,0,
1863,1034326.748731200,0.000012000,0.020000000,0.020000000,1034326.748743200,1034326.768731200,0,
1864,1034326.764267300,0.000010200,0.020000000,0.020000000,1034326.764277500,1034326.784267300,0,
1865,1034326.779566200,0.000008100,0.020000000,0.020000000,1034326.779574300,1034326.799566200,0,
1866,1034326.810876900,0.000011200,0.020000000,0.020000000,1034326.810888100,1034326.830876900,0,
1867,1034326.826736400,0.000008200,0.020000000,0.020000000,1034326.826744600,1034326.846736400,0,
1868,1034326.842100000,0.000010700,0.020000000,0.020000000,1034326.842110700,1034326.862100000,0,
1869,1034326.857895800,0.000010100,0.020000000,0.020000000,1034326.857905900,1034326.877895800,0,
1870,1034326.889048200,0.000011500,0.020000000,0.020000000,1034326.889059700,1034326.909048200,0,
1871,1034326.904540400,0.000005500,0.020000000,0.020000000,1034326.904545900,1034326.924540400,0,
1872,1034326.920846600,0.000010900,0.020000000,0.020000000,1034326.920857500,1034326.940846600,0,
1873,1034326.936817900,0.000009500,0.020000000,0.020000000,1034326.936827400,1034326.956817900,0,
1874,1034326.969042400,0.000010800,0.020000000,0.020000000,1034326.969053200,1034326.989042400,0,
1875,1034326.984120800,0.000008900,0.020000000,0.020000000,1034326.984129700,1034327.004120800,0,
1876,1034327.000068900,0.000006600,0.020000000,0.020000000,1034327.000075500,1034327.020068900,0,
1877,1034327.015779300,0.000006200,0.020000000,0.020000000,1034327.015785500,1034327.035779300,0,
1878,1034327.046317200,0.000011400,0.020000000,0.020000000,1034327.046328600,1034327.066317200,0,
1879,1034327.061475900,0.000018200,0.020000000,0.020000000,1034327.061494100,1034327.081475900,0,
1880,1034327.077378400,0.000011300,0.020000000,0.020000000,1034327.077389700,1034327.097378400,0,
1881,1034327.109125600,0.000012600,0.020000000,0.020000000,1034327.109138200,1034327.129125600,0,
1882,1034327.124851000,0.000007500,0.020000000,0.020000000,1034327.124858500,1034327.144851000,0,
1883,1034327.140493000,0.000007300,0.020000000,0.020000000,1034327.140500300,1034327.160493000,0,
1884,1034327.156069000,0.000008500,0.020000000,0.020000000,1034327.156077500,1034327.176069000,0,
1885,1034327.187619800,0.000012400,0.020000000,0.020000000,1034327.187632200,1034327.207619800,0,
1886,1034327.203374900,0.000027300,0.020000000,0.020000000,1034327.203402200,1034327.223374900,0,
1887,1034327.219617200,0.000008100,0.020000000,0.020000000,1034327.219625300,1034327.239617200,0,
1888,1034327.250516900,0.000011400,0.020000000,0.020000000,1034327.250528300,1034327.270516900,0,
1889,1034327.266586400,0.000019100,0.020000000,0.020000000,1034327.266605500,1034327.286586400,0,
1890,1034327.281313200,0.000011000,0.020000000,0.020000000,1034327.281324200,1034327.301313200,0,
1891,1034327.297211400,0.000005900,0.020000000,0.020000000,1034327.297217300,1034327.317211400,0,
1892,1034327.328579800,0.000011800,0.020000000,0.020000000,1034327.328591600,1034327.348579800,0,
1893,1034327.344360400,0.000012700,0.020000000,0.020000000,1034327.344373100,1034327.364360400,0,
1894,1034327.360732100,0.000009300,0.020000000,0.020000000,1034327.360741400,1034327.380732100,0,
1895,1034327.375823900,0.000011100,0.020000000,0.020000000,1034327.375835000,1034327.395823900,0,
1896,1034327.406411700,0.000013000,0.020000000,0.020000000,1034327.406424700,1034327.426411700,0,
1897,1034327.422354200,0.000012000,0.020000000,0.020000000,1034327.422366200,1034327.442354200,0,
1898,1034327.438636400,0.000008500,0.020000000,0.020000000,1034327.438644900,1034327.458636400,0,
1899,1034327.469115500,0.000013200,0.020000000,0.020000000,1034327.469128700,1034327.489115500,0,
1900,1034327.485238400,0.000011000,0.020000000,0.020000000,1034327.485249400,1034327.505238400,0,
1901,1034327.500905600,0.000005800,0.020000000,0.020000000,1034327.500911400,1034327.520905600,0,
1902,1034327.517121100,0.000008300,0.020000000,0.020000000,1034327.517129400,1034327.537121100,0,
1903,1034327.547319700,0.000012200,0.020000000,0.020000000,1034327.547331900,1034327.567319700,0,
1904,1034327.562465600,0.000004600,0.020000000,0.020000000,1034327.562470200,1034327.582465600,0,
1905,1034327.578597400,0.000006300,0.020000000,0.020000000,1034327.578603700,1034327.598597400,0,
1906,1034327.609371200,0.000012100,0.020000000,0.020000000,1034327.609383300,1034327.629371200,0,
1907,1034327.624941700,0.000010300,0.020000000,0.020000000,1034327.624952000,1034327.644941700,0,
1908,1034327.640636000,0.000006300,0.020000000,0.020000000,1034327.640642300,1034327.660636000,0,
1909,1034327.656156100,0.000010600,0.020000000,0.020000000,1034327.656166700,1034327.676156100,0,
1910,1034327.687471300,0.000012200,0.020000000,0.020000000,1034327.687483500,1034327.707471300,0,
1911,1034327.702998100,0.000010800,0.020000000,0.020000000,1034327.703008900,1034327.722998100,0,
1912,1034327.718688200,0.000006800,0.020000000,0.020000000,1034327.718695000,1034327.738688200,0,
1913,1034327.749802400,0.000010200,0.020000000,0.020000000,1034327.749812600,1034327.769802400,0,
1914,1034327.765384000,0.000008800,0.020000000,0.020000000,1034327.765392800,1034327.785384000,0,
1915,1034327.780993300,0.000008800,0.020000000,0.020000000,1034327.781002100,1034327.800993300,0,
1916,1034327.796176800,0.000003800,0.020000000,0.020000000,1034327.796180600,1034327.816176800,0,
1917,1034327.827215200,0.000011500,0.020000000,0.020000000,1034327.827226700,1034327.847215200,0,
1918,1034327.843343200,0.000009200,0.020000000,0.020000000,1034327.843352400,1034327.863343200,0,
1919,1034327.859349200,0.000003700,0.020000000,0.020000000,1034327.859352900,1034327.879349200,0,
1920,1034327.890423400,0.000010700,0.020000000,0.020000000,1034327.890434100,1034327.910423400,0,
1921,1034327.905199300,0.000011700,0.020000000,0.020000000,1034327.905211000,1034327.925199300,0,
1922,1034327.921114600,0.000008700,0.020000000,0.020000000,1034327.921123300,1034327.941114600,0,
1923,1034327.936735700,0.000008100,0.020000000,0.020000000,1034327.936743800,1034327.956735700,0,
1924,1034327.968689400,0.000009700,0.020000000,0.020000000,1034327.968699100,1034327.988689400,0,
1925,1034327.984879800,0.000007400,0.020000000,0.020000000,1034327.984887200,1034328.004879800,0,
1926,1034328.000465400,0.000008400,0.020000000,0.020000000,1034328.000473800,1034328.020465400,0,
1927,1034328.030964600,0.000004200,0.020000000,0.020000000,1034328.030968800,1034328.050964600,0,
1928,1034328.045992500,0.000008500,0.020000000,0.020000000,1034328.046001000,1034328.065992500,0,
1929,1034328.060949400,0.000010200,0.020000000,0.020000000,1034328.060959600,1034328.080949400,0,
1930,1034328.077340600,0.000011800,0.020000000,0.020000000,1034328.077352400,1034328.097340600,0,
1931,1034328.107870300,0.000011000,0.020000000,0.020000000,1034328.107881300,1034328.127870300,0,
1932,1034328.123210200,0.000009100,0.020000000,0.020000000,1034328.123219300,1034328.143210200,0,
1933,1034328.138926700,0.000008000,0.020000000,0.020000000,1034328.138934700,1034328.158926700,0,
1934,1034328.169891600,0.000004700,0.020000000,0.020000000,1034328.169896300,1034328.189891600,0,
1935,1034328.185905200,0.000007600,0.020000000,0.020000000,1034328.185912800,1034328.205905200,0,
1936,1034328.201537500,0.000004500,0.020000000,0.020000000,1034328.201542000,1034328.221537500,0,
1937,1034328.217615000,0.000006300,0.020000000,0.020000000,1034328.217621300,1034328.237615000,0,
1938,1034328.248769200,0.000010800,0.020000000,0.020000000,1034328.248780000,1034328.268769200,0,
1939,1034328.264527700,0.000010800,0.020000000,0.020000000,1034328.264538500,1034328.284527700,0,
1940,1034328.280252300,0.000005100,0.020000000,0.020000000,1034328.280257400,1034328.300252300,0,
1941,1034328.296182100,0.000005000,0.020000000,0.020000000,1034328.296187100,1034328.316182100,0,
1942,1034328.328147500,0.000035800,0.020000000,0.020000000,1034328.328183300,1034328.348147500,0,
1943,1034328.344138800,0.000013600,0.020000000,0.020000000,1034328.344152400,1034328.364138800,0,
1944,1034328.359802400,0.000004100,0.020000000,0.020000000,1034328.359806500,1034328.379802400,0,
1945,1034328.390596900,0.000010100,0.020000000,0.020000000,1034328.390607000,1034328.410596900,0,
1946,1034328.406574400,0.000012300,0.020000000,0.020000000,1034328.406586700,1034328.426574400,0,
1947,1034328.423349500,0.000008600,0.020000000,0.020000000,1034328.423358100,1034328.443349500,0,
1948,1034328.438827100,0.000010100,0.020000000,0.020000000,1034328.438837200,1034328.458827100,0,
1949,1034328.469806400,0.000006300,0.020000000,0.020000000,1034328.469812700,1034328.489806400,0,
1950,1034328.485632400,0.000008100,0.020000000,0.020000000,1034328.485640500,1034328.505632400,0,
1951,1034328.501841200,0.000008200,0.020000000,0.020000000,1034328.501849400,1034328.521841200,0,
1952,1034328.517451900,0.000004000,0.020000000,0.020000000,1034328.517455900,1034328.537451900,0,
1953,1034328.548324400,0.000008500,0.020000000,0.020000000,1034328.548332900,1034328.568324400,0,
1954,1034328.564466500,0.000009600,0.020000000,0.020000000,1034328.564476100,1034328.584466500,0,
1955,1034328.580175600,0.000005500,0.020000000,0.020000000,1034328.580181100,1034328.600175600,0,
1956,1034328.610610400,0.000008600,0.020000000,0.020000000,1034328.610619000,1034328.630610400,0,
1957,1034328.625819800,0.000010000,0.020000000,0.020000000,1034328.625829800,1034328.645819800,0,
1958,1034328.641465200,0.000007400,0.020000000,0.020000000,1034328.641472600,1034328.661465200,0,
1959,1034328.657110200,0.000008100,0.020000000,0.020000000,1034328.657118300,1034328.677110200,0,
1960,1034328.688197900,0.000009000,0.020000000,0.020000000,1034328.688206900,1034328.708197900,0,
1961,1034328.703347900,0.000020700,0.020000000,0.020000000,1034328.703368600,1034328.723347900,0,
1962,1034328.718597800,0.000003800,0.020000000,0.020000000,1034328.718601600,1034328.738597800,0,
1963,1034328.750632500,0.000010700,0.020000000,0.020000000,1034328.750643200,1034328.770632500,0,
1964,1034328.766348100,0.000006500,0.020000000,0.020000000,1034328.766354600,1034328.786348100,0,
1965,1034328.781814800,0.000008100,0.020000000,0.020000000,1034328.781822900,1034328.801814800,0,
1966,1034328.797370800,0.000005600,0.020000000,0.020000000,1034328.797376400,1034328.817370800,0,
1967,1034328.828685700,0.000010700,0.020000000,0.020000000,1034328.828696400,1034328.848685700,0,
1968,1034328.843903200,0.000006400,0.020000000,0.020000000,1034328.843909600,1034328.863903200,0,
1969,1034328.859685100,0.000004000,0.020000000,0.020000000,1034328.859689100,1034328.879685100,0,
1970,1034328.890513900,0.000008100,0.020000000,0.020000000,1034328.890522000,1034328.910513900,0,
1971,1034328.906144100,0.000009300,0.020000000,0.020000000,1034328.906153400,1034328.926144100,0,
1972,1034328.922624600,0.000006000,0.020000000,0.020000000,1034328.922630600,1034328.942624600,0,
1973,1034328.937791500,0.000010100,0.020000000,0.020000000,1034328.937801600,1034328.957791500,0,
1974,1034328.969128800,0.000004300,0.020000000,0.020000000,1034328.969133100,1034328.989128800,0,
1975,1034328.983993800,0.000008500,0.020000000,0.020000000,1034328.984002300,1034329.003993800,0,
1976,1034328.999698700,0.000007600,0.020000000,0.020000000,1034328.999706300,1034329.019698700,0,
1977,1034329.030630000,0.000010000,0.020000000,0.020000000,1034329.030640000,1034329.050630000,0,
1978,1034329.045436300,0.000013900,0.020000000,0.020000000,1034329.045450200,1034329.065436300,0,
1979,1034329.061904800,0.000006000,0.020000000,0.020000000,1034329.061910800,1034329.081904800,0,
1980,1034329.077189100,0.000005700,0.020000000,0.020000000,1034329.077194800,1034329.097189100,0,
1981,1034329.108924100,0.000008000,0.020000000,0.020000000,1034329.108932100,1034329.128924100,0,
1982,1034329.124693800,0.000004100,0.020000000,0.020000000,1034329.124697900,1034329.144693800,0,
1983,1034329.140218300,0.000008600,0.020000000,0.020000000,1034329.140226900,1034329.160218300,0,
1984,1034329.155869300,0.000005500,0.020000000,0.020000000,1034329.155874800,1034329.175869300,0,
1985,1034329.187856300,0.000008600,0.020000000,0.020000000,1034329.187864900,1034329.207856300,0,
1986,1034329.203289600,0.000007400,0.020000000,0.020000000,1034329.203297000,1034329.223289600,0,
1987,1034329.219044300,0.000003800,0.020000000,0.020000000,1034329.219048100,1034329.239044300,0,
1988,1034329.235049100,0.000006300,0.020000000,0.020000000,1034329.235055400,1034329.255049100,0,
1989,1034329.266259500,0.000010300,0.020000000,0.020000000,1034329.266269800,1034329.286259500,0,
1990,1034329.281708700,0.000011400,0.020000000,0.020000000,1034329.281720100,1034329.301708700,0,
1991,1034329.296936200,0.000007300,0.020000000,0.020000000,1034329.296943500,1034329.316936200,0,
1992,1034329.328371400,0.000008600,0.020000000,0.020000000,1034329.328380000,1034329.348371400,0,
1993,1034329.344373400,0.000008400,0.020000000,0.020000000,1034329.344381800,1034329.364373400,0,
1994,1034329.360125800,0.000003900,0.020000000,0.020000000,1034329.360129700,1034329.380125800,0,
1995,1034329.375568300,0.000005000,0.020000000,0.020000000,1034329.375573300,1034329.395568300,0,
1996,1034329.406059400,0.000011300,0.020000000,0.020000000,1034329.406070700,1034329.426059400,0,
1997,1034329.421323300,0.000010400,0.020000000,0.020000000,1034329.421333700,1034329.441323300,0,
1998,1034329.436992100,0.000008800,0.020000000,0.020000000,1034329.437000900,1034329.456992100,0,
1999,1034329.468934400,0.000009200,0.020000000,0.020000000,1034329.468943600,1034329.488934400,0,
2000,1034329.483726400,0.000012100,0.020000000,0.020000000,1034329.483738500,1034329.503726400,0,
2001,1034329.499947700,0.000006500,0.020000000,0.020000000,1034329.499954200,1034329.519947700,0,
2002,1034329.530951300,0.000010400,0.020000000,0.020000000,1034329.530961700,1034329.550951300,0,
2003,1034329.546007300,0.000010500,0.020000000,0.020000000,1034329.546017800,1034329.566007300,0,
2004,1034329.561917700,0.000009800,0.020000000,0.020000000,1034329.561927500,1034329.581917700,0,
2005,1034329.578208000,0.000010200,0.020000000,0.020000000,1034329.578218200,1034329.598208000,0,
2006,1034329.610196800,0.000010400,0.020000000,0.020000000,1034329.610207200,1034329.630196800,0,
2007,1034329.625877600,0.000013800,0.020000000,0.020000000,1034329.625891400,1034329.645877600,0,
2008,1034329.641701500,0.000007200,0.020000000,0.020000000,1034329.641708700,1034329.661701500,0,
2009,1034329.657613100,0.000009400,0.020000000,0.020000000,1034329.657622500,1034329.677613100,0,
2010,1034329.688541100,0.000010600,0.020000000,0.020000000,1034329.688551700,1034329.708541100,0,
2011,1034329.704158000,0.000017400,0.020000000,0.020000000,1034329.704175400,1034329.724158000,0,
2012,1034329.720033900,0.000008000,0.020000000,0.020000000,1034329.720041900,1034329.740033900,0,
2013,1034329.735029700,0.000009500,0.020000000,0.020000000,1034329.735039200,1034329.755029700,0,
2014,1034329.766387600,0.000010700,0.020000000,0.020000000,1034329.766398300,1034329.786387600,0,
2015,1034329.781932600,0.000014100,0.020000000,0.020000000,1034329.781946700,1034329.801932600,0,
2016,1034329.797505300,0.000007100,0.020000000,0.020000000,1034329.797512400,1034329.817505300,0,
2017,1034329.828085400,0.000012400,0.020000000,0.020000000,1034329.828097800,1034329.848085400,0,
2018,1034329.843493200,0.000005000,0.020000000,0.020000000,1034329.843498200,1034329.863493200,0,
2019,1034329.858898500,0.000008700,0.020000000,0.020000000,1034329.858907200,1034329.878898500,0,
2020,1034329.889777300,0.000010300,0.020000000,0.020000000,1034329.889787600,1034329.909777300,0,
2021,1034329.904963000,0.000020200,0.020000000,0.020000000,1034329.904983200,1034329.924963000,0,
2022,1034329.920207100,0.000003700,0.020000000,0.020000000,1034329.920210800,1034329.940207100,0,
2023,1034329.936322300,0.000007200,0.020000000,0.020000000,1034329.936329500,1034329.956322300,0,
2024,1034329.968152800,0.000009700,0.020000000,0.020000000,1034329.968162500,1034329.988152800,0,
2025,1034329.984302400,0.000005500,0.020000000,0.020000000,1034329.984307900,1034330.004302400,0,
2026,1034330.000123500,0.000005700,0.020000000,0.020000000,1034330.000129200,1034330.020123500,0,
2027,1034330.015690000,0.000004100,0.020000000,0.020000000,1034330.015694100,1034330.035690000,0,
2028,1034330.046478000,0.000008600,0.020000000,0.020000000,1034330.046486600,1034330.066478000,0,
2029,1034330.061827200,0.000007600,0.020000000,0.020000000,1034330.061834800,1034330.081827200,0,
2030,1034330.077358100,0.000004200,0.020000000,0.020000000,1034330.077362300,1034330.097358100,0,
2031,1034330.108338100,0.000009000,0.020000000,0.020000000,1034330.108347100,1034330.128338100,0,
2032,1034330.124421200,0.000007100,0.020000000,0.020000000,1034330.124428300,1034330.144421200,0,
2033,1034330.139115400,0.000012100,0.020000000,0.020000000,1034330.139127500,1034330.159115400,0,
2034,1034330.155488700,0.000008900,0.020000000,0.020000000,1034330.155497600,1034330.175488700,0,
2035,1034330.187024900,0.000009800,0.020000000,0.020000000,1034330.187034700,1034330.207024900,0,
2036,1034330.203089000,0.000017100,0.020000000,0.020000000,1034330.203106100,1034330.223089000,0,
2037,1034330.218907900,0.000012100,0.020000000,0.020000000,1034330.218920000,1034330.238907900,0,
2038,1034330.249593100,0.000011500,0.020000000,0.020000000,1034330.249604600,1034330.269593100,0,
2039,1034330.265451100,0.000012100,0.020000000,0.020000000,1034330.265463200,1034330.285451100,0,
2040,1034330.281131900,0.000008800,0.020000000,0.020000000,1034330.281140700,1034330.301131900,0,
2041,1034330.296282000,0.000006500,0.020000000,0.020000000,1034330.296288500,1034330.316282000,0,
2042,1034330.327361000,0.000012000,0.020000000,0.020000000,1034330.327373000,1034330.347361000,0,
2043,1034330.343283000,0.000010800,0.020000000,0.020000000,1034330.343293800,1034330.363283000,0,
2044,1034330.358487600,0.000010300,0.020000000,0.020000000,1034330.358497900,1034330.378487600,0,
2045,1034330.389711300,0.000017600,0.020000000,0.020000000,1034330.389728900,1034330.409711300,0,
2046,1034330.405254600,0.000011600,0.020000000,0.020000000,1034330.405266200,1034330.425254600,0,
2047,1034330.421278300,0.000007100,0.020000000,0.020000000,1034330.421285400,1034330.441278300,0,
2048,1034330.437220800,0.000007300,0.020000000,0.020000000,1034330.437228100,1034330.457220800,0,
2049,1034330.468811900,0.000010300,0.020000000,0.020000000,1034330.468822200,1034330.488811900,0,
2050,1034330.483719900,0.000011500,0.020000000,0.020000000,1034330.483731400,1034330.503719900,0,
2051,1034330.500067600,0.000010800,0.020000000,0.020000000,1034330.500078400,1034330.520067600,0,
2052,1034330.515747800,0.000010700,0.020000000,0.020000000,1034330.515758500,1034330.535747800,0,
2053,1034330.546587200,0.000010600,0.020000000,0.020000000,1034330.546597800,1034330.566587200,0,
2054,1034330.561714700,0.000009300,0.020000000,0.020000000,1034330.561724000,1034330.581714700,0,
2055,1034330.577528400,0.000008600,0.020000000,0.020000000,1034330.577537000,1034330.597528400,0,
2056,1034330.608735000,0.000011900,0.020000000,0.020000000,1034330.608746900,1034330.628735000,0,
2057,1034330.624231300,0.000010100,0.020000000,0.020000000,1034330.624241400,1034330.644231300,0,
2058,1034330.639781100,0.000010100,0.020000000,0.020000000,1034330.639791200,1034330.659781100,0,
2059,1034330.670639800,0.000009800,0.020000000,0.020000000,1034330.670649600,1034330.690639800,0,
2060,1034330.686638000,0.000011000,0.020000000,0.020000000,1034330.686649000,1034330.706638000,0,
2061,1034330.703420400,0.000009000,0.020000000,0.020000000,1034330.703429400,1034330.723420400,0,
2062,1034330.719138000,0.000007600,0.020000000,0.020000000,1034330.719145600,1034330.739138000,0,
2063,1034330.749434000,0.000008000,0.020000000,0.020000000,1034330.749442000,1034330.769434000,0,
2064,1034330.765290000,0.000008400,0.020000000,0.020000000,1034330.765298400,1034330.785290000,0,
2065,1034330.780881900,0.000004100,0.020000000,0.020000000,1034330.780886000,1034330.800881900,0,
2066,1034330.796829400,0.000005300,0.020000000,0.020000000,1034330.796834700,1034330.816829400,0,
2067,1034330.828435500,0.000007500,0.020000000,0.020000000,1034330.828443000,1034330.848435500,0,
2068,1034330.843648300,0.000008400,0.020000000,0.020000000,1034330.843656700,1034330.863648300,0,
2069,1034330.859343100,0.000006200,0.020000000,0.020000000,1034330.859349300,1034330.879343100,0,
2070,1034330.890197600,0.000012000,0.020000000,0.020000000,1034330.890209600,1034330.910197600,0,
2071,1034330.906098900,0.000017100,0.020000000,0.020000000,1034330.906116000,1034330.926098900,0,
2072,1034330.922334000,0.000003900,0.020000000,0.020000000,1034330.922337900,1034330.942334000,0,
2073,1034330.938285400,0.000007600,0.020000000,0.020000000,1034330.938293000,1034330.958285400,0,
2074,1034330.969850100,0.000013800,0.020000000,0.020000000,1034330.969863900,1034330.989850100,0,
2075,1034330.985577700,0.000149200,0.020000000,0.020000000,1034330.985726900,1034331.005577700,0,
2076,1034331.000915400,0.000010200,0.020000000,0.020000000,1034331.000925600,1034331.020915400,0,
2077,1034331.016625500,0.000007000,0.020000000,0.020000000,1034331.016632500,1034331.036625500,0,
2078,1034331.047057800,0.000012500,0.020000000,0.020000000,1034331.047070300,1034331.067057800,0,
2079,1034331.062330200,0.000006600,0.020000000,0.020000000,1034331.062336800,1034331.082330200,0,
2080,1034331.077648700,0.000007800,0.020000000,0.020000000,1034331.077656500,1034331.097648700,0,
2081,1034331.109331800,0.000010700,0.020000000,0.020000000,1034331.109342500,1034331.129331800,0,
2082,1034331.124486300,0.000010400,0.020000000,0.020000000,1034331.124496700,1034331.144486300,0,
2083,1034331.140287200,0.000007300,0.020000000,0.020000000,1034331.140294500,1034331.160287200,0,
2084,1034331.156244000,0.000006900,0.020000000,0.020000000,1034331.156250900,1034331.176244000,0,
2085,1034331.187304300,0.000013500,0.020000000,0.020000000,1034331.187317800,1034331.207304300,0,
2086,1034331.203501400,0.000013200,0.020000000,0.020000000,1034331.203514600,1034331.223501400,0,
2087,1034331.219305800,0.000008900,0.020000000,0.020000000,1034331.219314700,1034331.239305800,0,
2088,1034331.250036400,0.000017400,0.020000000,0.020000000,1034331.250053800,1034331.270036400,0,
2089,1034331.265512300,0.000010200,0.020000000,0.020000000,1034331.265522500,1034331.285512300,0,
2090,1034331.280975500,0.000005100,0.020000000,0.020000000,1034331.280980600,1034331.300975500,0,
2091,1034331.296126200,0.000010100,0.020000000,0.020000000,1034331.296136300,1034331.316126200,0,
2092,1034331.328085700,0.000043700,0.020000000,0.020000000,1034331.328129400,1034331.348085700,0,
2093,1034331.343262700,0.000007800,0.020000000,0.020000000,1034331.343270500,1034331.363262700,0,
2094,1034331.358890100,0.000009000,0.020000000,0.020000000,1034331.358899100,1034331.378890100,0,
2095,1034331.390189600,0.000009900,0.020000000,0.020000000,1034331.390199500,1034331.410189600,0,
2096,1034331.406124400,0.000011400,0.020000000,0.020000000,1034331.406135800,1034331.426124400,0,
2097,1034331.421413800,0.000007400,0.020000000,0.020000000,1034331.421421200,1034331.441413800,0,
2098,1034331.437520100,0.000028400,0.020000000,0.020000000,1034331.437548500,1034331.457520100,0,
2099,1034331.468700600,0.000008900,0.020000000,0.020000000,1034331.468709500,1034331.488700600,0,
2100,1034331.484259400,0.000008900,0.020000000,0.020000000,1034331.484268300,1034331.504259400,0,
2101,1034331.499975400,0.000005500,0.020000000,0.020000000,1034331.499980900,1034331.519975400,0,
2102,1034331.530694300,0.000010300,0.020000000,0.020000000,1034331.530704600,1034331.550694300,0,
2103,1034331.546151800,0.000008800,0.020000000,0.020000000,1034331.546160600,1034331.566151800,0,
2104,1034331.561543600,0.000006600,0.020000000,0.020000000,1034331.561550200,1034331.581543600,0,
2105,1034331.577071800,0.000011000,0.020000000,0.020000000,1034331.577082800,1034331.597071800,0,
2106,1034331.607825400,0.000010300,0.020000000,0.020000000,1034331.607835700,1034331.627825400,0,
2107,1034331.623546000,0.000006400,0.020000000,0.020000000,1034331.623552400,1034331.643546000,0,
2108,1034331.638613500,0.000006900,0.020000000,0.020000000,1034331.638620400,1034331.658613500,0,
2109,1034331.668650900,0.000012200,0.020000000,0.020000000,1034331.668663100,1034331.688650900,0,
2110,1034331.684520700,0.000006200,0.020000000,0.020000000,1034331.684526900,1034331.704520700,0,
2111,1034331.700609300,0.000006500,0.020000000,0.020000000,1034331.700615800,1034331.720609300,0,
2112,1034331.716083700,0.000011600,0.020000000,0.020000000,1034331.716095300,1034331.736083700,0,
2113,1034331.747136000,0.000009400,0.020000000,0.020000000,1034331.747145400,1034331.767136000,0,
2114,1034331.762501400,0.000006700,0.020000000,0.020000000,1034331.762508100,1034331.782501400,0,
2115,1034331.778264100,0.000007000,0.020000000,0.020000000,1034331.778271100,1034331.798264100,0,
2116,1034331.810589100,0.000004100,0.020000000,0.020000000,1034331.810593200,1034331.830589100,0,
2117,1034331.826070800,0.000008900,0.020000000,0.020000000,1034331.826079700,1034331.846070800,0,
2118,1034331.841516600,0.000004800,0.020000000,0.020000000,1034331.841521400,1034331.861516600,0,
2119,1034331.856835000,0.000006900,0.020000000,0.020000000,1034331.856841900,1034331.876835000,0,
2120,1034331.888691500,0.000012600,0.020000000,0.020000000,1034331.888704100,1034331.908691500,0,
2121,1034331.904274600,0.000014500,0.020000000,0.020000000,1034331.904289100,1034331.924274600,0,
2122,1034331.920427600,0.000006800,0.020000000,0.020000000,1034331.920434400,1034331.940427600,0,
2123,1034331.935419500,0.000004000,0.020000000,0.020000000,1034331.935423500,1034331.955419500,0,
2124,1034331.967355300,0.000011000,0.020000000,0.020000000,1034331.967366300,1034331.987355300,0,
2125,1034331.983386800,0.000012800,0.020000000,0.020000000,1034331.983399600,1034332.003386800,0,
2126,1034331.999292300,0.000010000,0.020000000,0.020000000,1034331.999302300,1034332.019292300,0,
2127,1034332.029692700,0.000010300,0.020000000,0.020000000,1034332.029703000,1034332.049692700,0,
2128,1034332.045710600,0.000014800,0.020000000,0.020000000,1034332.045725400,1034332.065710600,0,
2129,1034332.061657200,0.000007600,0.020000000,0.020000000,1034332.061664800,1034332.081657200,0,
2130,1034332.076582500,0.000008300,0.020000000,0.020000000,1034332.076590800,1034332.096582500,0,
2131,1034332.107102400,0.000021300,0.020000000,0.020000000,1034332.107123700,1034332.127102400,0,
2132,1034332.122372300,0.000004100,0.020000000,0.020000000,1034332.122376400,1034332.142372300,0,
2133,1034332.138428500,0.000009000,0.020000000,0.020000000,1034332.138437500,1034332.158428500,0,
2134,1034332.168961800,0.000007600,0.020000000,0.020000000,1034332.168969400,1034332.188961800,0,
2135,1034332.184813100,0.000012500,0.020000000,0.020000000,1034332.184825600,1034332.204813100,0,
2136,1034332.200942200,0.000008700,0.020000000,0.020000000,1034332.200950900,1034332.220942200,0,
2137,1034332.216402200,0.000011200,0.020000000,0.020000000,1034332.216413400,1034332.236402200,0,
2138,1034332.246836400,0.000011000,0.020000000,0.020000000,1034332.246847400,1034332.266836400,0,
2139,1034332.262285300,0.000004100,0.020000000,0.020000000,1034332.262289400,1034332.282285300,0,
2140,1034332.278063000,0.000006000,0.020000000,0.020000000,1034332.278069000,1034332.298063000,0,
2141,1034332.309620000,0.000006200,0.020000000,0.020000000,1034332.309626200,1034332.329620000,0,
2142,1034332.324721200,0.000010600,0.020000000,0.020000000,1034332.324731800,1034332.344721200,0,
2143,1034332.340446300,0.000007500,0.020000000,0.020000000,1034332.340453800,1034332.360446300,0,
2144,1034332.355539900,0.000007700,0.020000000,0.020000000,1034332.355547600,1034332.375539900,0,
2145,1034332.386930300,0.000010300,0.020000000,0.020000000,1034332.386940600,1034332.406930300,0,
2146,1034332.403635600,0.000004300,0.020000000,0.020000000,1034332.403639900,1034332.423635600,0,
2147,1034332.418928400,0.000008500,0.020000000,0.020000000,1034332.418936900,1034332.438928400,0,
2148,1034332.450578100,0.000010100,0.020000000,0.020000000,1034332.450588200,1034332.470578100,0,
2149,1034332.466142200,0.000011000,0.020000000,0.020000000,1034332.466153200,1034332.486142200,0,
2150,1034332.481484300,0.000009800,0.020000000,0.020000000,1034332.481494100,1034332.501484300,0,
2151,1034332.497753000,0.000004200,0.020000000,0.020000000,1034332.497757200,1034332.517753000,0,
2152,1034332.528404900,0.000007900,0.020000000,0.020000000,1034332.528412800,1034332.548404900,0,
2153,1034332.544349600,0.000009900,0.020000000,0.020000000,1034332.544359500,1034332.564349600,0,
2154,1034332.560168800,0.000003600,0.020000000,0.020000000,1034332.560172400,1034332.580168800,0,
2155,1034332.575684700,0.000027200,0.020000000,0.020000000,1034332.575711900,1034332.595684700,0,
2156,1034332.607037300,0.000015400,0.020000000,0.020000000,1034332.607052700,1034332.627037300,0,
2157,1034332.623202700,0.000004400,0.020000000,0.020000000,1034332.623207100,1034332.643202700,0,
2158,1034332.639313300,0.000006600,0.020000000,0.020000000,1034332.639319900,1034332.659313300,0,
2159,1034332.655171800,0.000009800,0.020000000,0.020000000,1034332.655181600,1034332.675171800,0,
2160,1034332.686959400,0.000009400,0.020000000,0.020000000,1034332.686968800,1034332.706959400,0,
2161,1034332.703124200,0.000016100,0.020000000,0.020000000,1034332.703140300,1034332.723124200,0,
2162,1034332.718987500,0.000005000,0.020000000,0.020000000,1034332.718992500,1034332.738987500,0,
2163,1034332.750126100,0.000010400,0.020000000,0.020000000,1034332.750136500,1034332.770126100,0,
2164,1034332.766064500,0.000013400,0.020000000,0.020000000,1034332.766077900,1034332.786064500,0,
2165,1034332.781546500,0.000013900,0.020000000,0.020000000,1034332.781560400,1034332.801546500,0,
2166,1034332.797784400,0.000006700,0.020000000,0.020000000,1034332.797791100,1034332.817784400,0,
2167,1034332.828490700,0.000007000,0.020000000,0.020000000,1034332.828497700,1034332.848490700,0,
2168,1034332.844337600,0.000008100,0.020000000,0.020000000,1034332.844345700,1034332.864337600,0,
2169,1034332.859957600,0.000003800,0.020000000,0.020000000,1034332.859961400,1034332.879957600,0,
2170,1034332.875510900,0.000004300,0.020000000,0.020000000,1034332.875515200,1034332.895510900,0,
2171,1034332.907063600,0.000014900,0.020000000,0.020000000,1034332.907078500,1034332.927063600,0,
2172,1034332.923184200,0.000003900,0.020000000,0.020000000,1034332.923188100,1034332.943184200,0,
2173,1034332.939408900,0.000007000,0.020000000,0.020000000,1034332.939415900,1034332.959408900,0,
2174,1034332.955285400,0.000008400,0.020000000,0.020000000,1034332.955293800,1034332.975285400,0,
2175,1034332.987296100,0.000014600,0.020000000,0.020000000,1034332.987310700,1034333.007296100,0,
2176,1034333.003352800,0.000007500,0.020000000,0.020000000,1034333.003360300,1034333.023352800,0,
2177,1034333.018977000,0.000008500,0.020000000,0.020000000,1034333.018985500,1034333.038977000,0,
2178,1034333.049611800,0.000014000,0.020000000,0.020000000,1034333.049625800,1034333.069611800,0,
2179,1034333.065241000,0.000010900,0.020000000,0.020000000,1034333.065251900,1034333.085241000,0,
2180,1034333.081027500,0.000005900,0.020000000,0.020000000,1034333.081033400,1034333.101027500,0,
2181,1034333.097087100,0.000005900,0.020000000,0.020000000,1034333.097093000,1034333.117087100,0,
2182,1034333.127547600,0.000007000,0.020000000,0.020000000,1034333.127554600,1034333.147547600,0,
2183,1034333.143093300,0.000009300,0.020000000,0.020000000,1034333.143102600,1034333.163093300,0,
2184,1034333.159104200,0.000005400,0.020000000,0.020000000,1034333.159109600,1034333.179104200,0,
2185,1034333.189986100,0.000008900,0.020000000,0.020000000,1034333.189995000,1034333.209986100,0,
2186,1034333.205856800,0.000008900,0.020000000,0.020000000,1034333.205865700,1034333.225856800,0,
2187,1034333.221475300,0.000006700,0.020000000,0.020000000,1034333.221482000,1034333.241475300,0,
2188,1034333.237040000,0.000007700,0.020000000,0.020000000,1034333.237047700,1034333.257040000,0,
2189,1034333.268287900,0.000018300,0.020000000,0.020000000,1034333.268306200,1034333.288287900,0,
2190,1034333.284415700,0.000005800,0.020000000,0.020000000,1034333.284421500,1034333.304415700,0,
2191,1034333.300471600,0.000005600,0.020000000,0.020000000,1034333.300477200,1034333.320471600,0,
2192,1034333.316424600,0.000004200,0.020000000,0.020000000,1034333.316428800,1034333.336424600,0,
2193,1034333.347899500,0.000019100,0.020000000,0.020000000,1034333.347918600,1034333.367899500,0,
2194,1034333.363485500,0.000008500,0.020000000,0.020000000,1034333.363494000,1034333.383485500,0,
2195,1034333.379396200,0.000012000,0.020000000,0.020000000,1034333.379408200,1034333.399396200,0,
2196,1034333.410290900,0.000010600,0.020000000,0.020000000,1034333.410301500,1034333.430290900,0,
2197,1034333.425854200,0.000014300,0.020000000,0.020000000,1034333.425868500,1034333.445854200,0,
2198,1034333.441470100,0.000004300,0.020000000,0.020000000,1034333.441474400,1034333.461470100,0,
2199,1034333.456360500,0.000006700,0.020000000,0.020000000,1034333.456367200,1034333.476360500,0,
2200,1034333.487135700,0.000013300,0.020000000,0.020000000,1034333.487149000,1034333.507135700,0,
2201,1034333.503657000,0.000009200,0.020000000,0.020000000,1034333.503666200,1034333.523657000,0,
2202,1034333.519219100,0.000008800,0.020000000,0.020000000,1034333.519227900,1034333.539219100,0,
2203,1034333.549858900,0.000011000,0.020000000,0.020000000,1034333.549869900,1034333.569858900,0,
2204,1034333.565035400,0.000007500,0.020000000,0.020000000,1034333.565042900,1034333.585035400,0,
2205,1034333.580582400,0.000009500,0.020000000,0.020000000,1034333.580591900,1034333.600582400,0,
2206,1034333.595929500,0.000005200,0.020000000,0.020000000,1034333.595934700,1034333.615929500,0,
2207,1034333.627182500,0.000010600,0.020000000,0.020000000,1034333.627193100,1034333.647182500,0,
2208,1034333.642383800,0.000004400,0.020000000,0.020000000,1034333.642388200,1034333.662383800,0,
2209,1034333.657677300,0.000009300,0.020000000,0.020000000,1034333.657686600,1034333.677677300,0,
2210,1034333.688633600,0.000011400,0.020000000,0.020000000,1034333.688645000,1034333.708633600,0,
2211,1034333.704412500,0.000004900,0.020000000,0.020000000,1034333.704417400,1034333.724412500,0,
2212,1034333.720314400,0.000005900,0.020000000,0.020000000,1034333.720320300,1034333.740314400,0,
2213,1034333.735190500,0.000009300,0.020000000,0.020000000,1034333.735199800,1034333.755190500,0,
2214,1034333.766403500,0.000012200,0.020000000,0.020000000,1034333.766415700,1034333.786403500,0,
2215,1034333.782183000,0.000004800,0.020000000,0.020000000,1034333.782187800,1034333.802183000,0,
2216,1034333.798561500,0.000009900,0.020000000,0.020000000,1034333.798571400,1034333.818561500,0,
2217,1034333.829528700,0.000016600,0.020000000,0.020000000,1034333.829545300,1034333.849528700,0,
2218,1034333.845660500,0.000008400,0.020000000,0.020000000,1034333.845668900,1034333.865660500,0,
2219,1034333.861814500,0.000008400,0.020000000,0.020000000,1034333.861822900,1034333.881814500,0,
2220,1034333.877383800,0.000007500,0.020000000,0.020000000,1034333.877391300,1034333.897383800,0,
2221,1034333.909282300,0.000008300,0.020000000,0.020000000,1034333.909290600,1034333.929282300,0,
2222,1034333.924579600,0.000009000,0.020000000,0.020000000,1034333.924588600,1034333.944579600,0,
2223,1034333.940241500,0.000007100,0.020000000,0.020000000,1034333.940248600,1034333.960241500,0,
2224,1034333.955540300,0.000007100,0.020000000,0.020000000,1034333.955547400,1034333.975540300,0,
2225,1034333.986603900,0.000012000,0.020000000,0.020000000,1034333.986615900,1034334.006603900,0,
2226,1034334.003098500,0.000009200,0.020000000,0.020000000,1034334.003107700,1034334.023098500,0,
2227,1034334.019028000,0.000004700,0.020000000,0.020000000,1034334.019032700,1034334.039028000,0,
2228,1034334.049681000,0.000009900,0.020000000,0.020000000,1034334.049690900,1034334.069681000,0,
2229,1034334.065245200,0.000014900,0.020000000,0.020000000,1034334.065260100,1034334.085245200,0,
2230,1034334.081612300,0.000006300,0.020000000,0.020000000,1034334.081618600,1034334.101612300,0,
2231,1034334.096548000,0.000007700,0.020000000,0.020000000,1034334.096555700,1034334.116548000,0,
2232,1034334.127999600,0.000009400,0.020000000,0.020000000,1034334.128009000,1034334.147999600,0,
2233,1034334.143078100,0.000009900,0.020000000,0.020000000,1034334.143088000,1034334.163078100,0,
2234,1034334.158262800,0.000004900,0.020000000,0.020000000,1034334.158267700,1034334.178262800,0,
2235,1034334.189274700,0.000009200,0.020000000,0.020000000,1034334.189283900,1034334.209274700,0,
2236,1034334.204830500,0.000008700,0.020000000,0.020000000,1034334.204839200,1034334.224830500,0,
2237,1034334.220997300,0.000003400,0.020000000,0.020000000,1034334.221000700,1034334.240997300,0,
2238,1034334.236989200,0.000007800,0.020000000,0.020000000,1034334.236997000,1034334.256989200,0,
2239,1034334.269080900,0.000007900,0.020000000,0.020000000,1034334.269088800,1034334.289080900,0,
2240,1034334.284964100,0.000006800,0.020000000,0.020000000,1034334.284970900,1034334.304964100,0,
2241,1034334.301259000,0.000007300,0.020000000,0.020000000,1034334.301266300,1034334.321259000,0,
2242,1034334.317138600,0.000005500,0.020000000,0.020000000,1034334.317144100,1034334.337138600,0,
2243,1034334.348568300,0.000014900,0.020000000,0.020000000,1034334.348583200,1034334.368568300,0,
2244,1034334.364879800,0.000007400,0.020000000,0.020000000,1034334.364887200,1034334.384879800,0,
2245,1034334.380208400,0.000006600,0.020000000,0.020000000,1034334.380215000,1034334.400208400,0,
2246,1034334.396041700,0.000010900,0.020000000,0.020000000,1034334.396052600,1034334.416041700,0,
2247,1034334.427145200,0.000015000,0.020000000,0.020000000,1034334.427160200,1034334.447145200,0,
2248,1034334.443320800,0.000007700,0.020000000,0.020000000,1034334.443328500,1034334.463320800,0,
2249,1034334.459439200,0.000007500,0.020000000,0.020000000,1034334.459446700,1034334.479439200,0,
2250,1034334.490328300,0.000016000,0.020000000,0.020000000,1034334.490344300,1034334.510328300,0,
2251,1034334.505519300,0.000010600,0.020000000,0.020000000,1034334.505529900,1034334.525519300,0,
2252,1034334.520958900,0.000003700,0.020000000,0.020000000,1034334.520962600,1034334.540958900,0,
2253,1034334.536937900,0.000010800,0.020000000,0.020000000,1034334.536948700,1034334.556937900,0,
2254,1034334.569129600,0.000008500,0.020000000,0.020000000,1034334.569138100,1034334.589129600,0,
2255,1034334.584475100,0.000006500,0.020000000,0.020000000,1034334.584481600,1034334.604475100,0,
2256,1034334.599834500,0.000006100,0.020000000,0.020000000,1034334.599840600,1034334.619834500,0,
2257,1034334.630717000,0.000014400,0.020000000,0.020000000,1034334.630731400,1034334.650717000,0,
2258,1034334.646778700,0.000018300,0.020000000,0.020000000,1034334.646797000,1034334.666778700,0,
2259,1034334.663457000,0.000004900,0.020000000,0.020000000,1034334.663461900,1034334.683457000,0,
2260,1034334.679135600,0.000006600,0.020000000,0.020000000,1034334.679142200,1034334.699135600,0,
2261,1034334.710392000,0.000006600,0.020000000,0.020000000,1034334.710398600,1034334.730392000,0,
2262,1034334.725485900,0.000008200,0.020000000,0.020000000,1034334.725494100,1034334.745485900,0,
2263,1034334.741037300,0.000008800,0.020000000,0.020000000,1034334.741046100,1034334.761037300,0,
2264,1034334.756756100,0.000008500,0.020000000,0.020000000,1034334.756764600,1034334.776756100,0,
2265,1034334.788816000,0.000009200,0.020000000,0.020000000,1034334.788825200,1034334.808816000,0,
2266,1034334.804615800,0.000007000,0.020000000,0.020000000,1034334.804622800,1034334.824615800,0,
2267,1034334.820352200,0.000004100,0.020000000,0.020000000,1034334.820356300,1034334.840352200,0,
2268,1034334.835291600,0.000005000,0.020000000,0.020000000,1034334.835296600,1034334.855291600,0,
2269,1034334.866408300,0.000009400,0.020000000,0.020000000,1034334.866417700,1034334.886408300,0,
2270,1034334.882102400,0.000006500,0.020000000,0.020000000,1034334.882108900,1034334.902102400,0,
2271,1034334.897182000,0.000004800,0.020000000,0.020000000,1034334.897186800,1034334.917182000,0,
2272,1034334.928656900,0.000008000,0.020000000,0.020000000,1034334.928664900,1034334.948656900,0,
2273,1034334.944503300,0.000009200,0.020000000,0.020000000,1034334.944512500,1034334.964503300,0,
2274,1034334.960315400,0.000006800,0.020000000,0.020000000,1034334.960322200,1034334.980315400,0,
2275,1034334.975448200,0.000006000,0.020000000,0.020000000,1034334.975454200,1034334.995448200,0,
2276,1034335.006039500,0.000008000,0.020000000,0.020000000,1034335.006047500,1034335.026039500,0,
2277,1034335.022090100,0.000014100,0.020000000,0.020000000,1034335.022104200,1034335.042090100,0,
2278,1034335.037965400,0.000004000,0.020000000,0.020000000,1034335.037969400,1034335.057965400,0,
2279,1034335.069166800,0.000005600,0.020000000,0.020000000,1034335.069172400,1034335.089166800,0,
2280,1034335.086032800,0.000006000,0.020000000,0.020000000,1034335.086038800,1034335.106032800,0,
2281,1034335.100766100,0.000005600,0.020000000,0.020000000,1034335.100771700,1034335.120766100,0,
2282,1034335.116442200,0.000004100,0.020000000,0.020000000,1034335.116446300,1034335.136442200,0,
2283,1034335.148275300,0.000008800,0.020000000,0.020000000,1034335.148284100,1034335.168275300,0,
2284,1034335.163657500,0.000009000,0.020000000,0.020000000,1034335.163666500,1034335.183657500,0,
2285,1034335.179304000,0.000005900,0.020000000,0.020000000,1034335.179309900,1034335.199304000,0,
2286,1034335.195294600,0.000008600,0.020000000,0.020000000,1034335.195303200,1034335.215294600,0,
2287,1034335.227424000,0.000007700,0.020000000,0.020000000,1034335.227431700,1034335.247424000,0,
2288,1034335.243329500,0.000009500,0.020000000,0.020000000,1034335.243339000,1034335.263329500,0,
2289,1034335.259391300,0.000010200,0.020000000,0.020000000,1034335.259401500,1034335.279391300,0,
2290,1034335.275761300,0.000005000,0.020000000,0.020000000,1034335.275766300,1034335.295761300,0,
2291,1034335.306140300,0.000008500,0.020000000,0.020000000,1034335.306148800,1034335.326140300,0,
2292,1034335.321767700,0.000005500,0.020000000,0.020000000,1034335.321773200,1034335.341767700,0,
2293,1034335.337682700,0.000003600,0.020000000,0.020000000,1034335.337686300,1034335.357682700,0,
2294,1034335.368622600,0.000009600,0.020000000,0.020000000,1034335.368632200,1034335.388622600,0,
2295,1034335.383695400,0.000008700,0.020000000,0.020000000,1034335.383704100,1034335.403695400,0,
2296,1034335.399920000,0.000006500,0.020000000,0.020000000,1034335.399926500,1034335.419920000,0,
2297,1034335.430790400,0.000009300,0.020000000,0.020000000,1034335.430799700,1034335.450790400,0,
2298,1034335.445609600,0.000008800,0.020000000,0.020000000,1034335.445618400,1034335.465609600,0,
2299,1034335.461223900,0.000008600,0.020000000,0.020000000,1034335.461232500,1034335.481223900,0,
2300,1034335.476584100,0.000006100,0.020000000,0.020000000,1034335.476590200,1034335.496584100,0,
2301,1034335.507193100,0.000006300,0.020000000,0.020000000,1034335.507199400,1034335.527193100,0,
2302,1034335.523484800,0.000004800,0.020000000,0.020000000,1034335.523489600,1034335.543484800,0,
2303,1034335.539462800,0.000004400,0.020000000,0.020000000,1034335.539467200,1034335.559462800,0,
2304,1034335.570087100,0.000009000,0.020000000,0.020000000,1034335.570096100,1034335.590087100,0,
2305,1034335.586093200,0.000011200,0.020000000,0.020000000,1034335.586104400,1034335.606093200,0,
2306,1034335.601808000,0.000016000,0.020000000,0.020000000,1034335.601824000,1034335.621808000,0,
2307,1034335.617070100,0.000010700,0.020000000,0.020000000,1034335.617080800,1034335.637070100,0,
2308,1034335.648697600,0.000010300,0.020000000,0.020000000,1034335.648707900,1034335.668697600,0,
2309,1034335.663868200,0.000008400,0.020000000,0.020000000,1034335.663876600,1034335.683868200,0,
2310,1034335.679585800,0.000008500,0.020000000,0.020000000,1034335.679594300,1034335.699585800,0,
2311,1034335.695633700,0.000007100,0.020000000,0.020000000,1034335.695640800,1034335.715633700,0,
2312,1034335.726763800,0.000020500,0.020000000,0.020000000,1034335.726784300,1034335.746763800,0,
2313,1034335.742675400,0.000006300,0.020000000,0.020000000,1034335.742681700,1034335.762675400,0,
2314,1034335.757815000,0.000006200,0.020000000,0.020000000,1034335.757821200,1034335.777815000,0,
2315,1034335.788713100,0.000010400,0.020000000,0.020000000,1034335.788723500,1034335.808713100,0,
2316,1034335.804482200,0.000009600,0.020000000,0.020000000,1034335.804491800,1034335.824482200,0,
2317,1034335.820204800,0.000007500,0.020000000,0.020000000,1034335.820212300,1034335.840204800,0,
2318,1034335.835157000,0.000008600,0.020000000,0.020000000,1034335.835165600,1034335.855157000,0,
2319,1034335.865106800,0.000010100,0.020000000,0.020000000,1034335.865116900,1034335.885106800,0,
2320,1034335.880773800,0.000006700,0.020000000,0.020000000,1034335.880780500,1034335.900773800,0,
2321,1034335.895853100,0.000004400,0.020000000,0.020000000,1034335.895857500,1034335.915853100,0,
2322,1034335.927346500,0.000008200,0.020000000,0.020000000,1034335.927354700,1034335.947346500,0,
2323,1034335.943709800,0.000007800,0.020000000,0.020000000,1034335.943717600,1034335.963709800,0,
2324,1034335.958350500,0.000005100,0.020000000,0.020000000,1034335.958355600,1034335.978350500,0,
2325,1034335.989117700,0.000011100,0.020000000,0.020000000,1034335.989128800,1034336.009117700,0,
2326,1034336.004148000,0.000008600,0.020000000,0.020000000,1034336.004156600,1034336.024148000,0,
2327,1034336.020058700,0.000005500,0.020000000,0.020000000,1034336.020064200,1034336.040058700,0,
2328,1034336.034857000,0.000007100,0.020000000,0.020000000,1034336.034864100,1034336.054857000,0,
2329,1034336.066303000,0.000003800,0.020000000,0.020000000,1034336.066306800,1034336.086303000,0,
2330,1034336.081679300,0.000012600,0.020000000,0.020000000,1034336.081691900,1034336.101679300,0,
2331,1034336.098480100,0.000006800,0.020000000,0.020000000,1034336.098486900,1034336.118480100,0,
2332,1034336.128942500,0.000008400,0.020000000,0.020000000,1034336.128950900,1034336.148942500,0,
2333,1034336.145101400,0.000005300,0.020000000,0.020000000,1034336.145106700,1034336.165101400,0,
2334,1034336.161471600,0.000003600,0.020000000,0.020000000,1034336.161475200,1034336.181471600,0,
2335,1034336.176478200,0.000006100,0.020000000,0.020000000,1034336.176484300,1034336.196478200,0,
2336,1034336.207377300,0.000014200,0.020000000,0.020000000,1034336.207391500,1034336.227377300,0,
2337,1034336.223534700,0.000004700,0.020000000,0.020000000,1034336.223539400,1034336.243534700,0,
2338,1034336.239329800,0.000007300,0.020000000,0.020000000,1034336.239337100,1034336.259329800,0,
2339,1034336.270270100,0.000002900,0.020000000,0.020000000,1034336.270273000,1034336.290270100,0,
2340,1034336.285577200,0.000011000,0.020000000,0.020000000,1034336.285588200,1034336.305577200,0,
2341,1034336.300981400,0.000013800,0.020000000,0.020000000,1034336.300995200,1034336.320981400,0,
2342,1034336.316377400,0.000008200,0.020000000,0.020000000,1034336.316385600,1034336.336377400,0,
2343,1034336.347572800,0.000009700,0.020000000,0.020000000,1034336.347582500,1034336.367572800,0,
2344,1034336.363751700,0.000004400,0.020000000,0.020000000,1034336.363756100,1034336.383751700,0,
2345,1034336.378544300,0.000010000,0.020000000,0.020000000,1034336.378554300,1034336.398544300,0,
2346,1034336.409223100,0.000080400,0.020000000,0.020000000,1034336.409303500,1034336.429223100,0,
2347,1034336.425009600,0.000009300,0.020000000,0.020000000,1034336.425018900,1034336.445009600,0,
2348,1034336.440532500,0.000009200,0.020000000,0.020000000,1034336.440541700,1034336.460532500,0,
2349,1034336.456555000,0.000007000,0.020000000,0.020000000,1034336.456562000,1034336.476555000,0,
2350,1034336.487161400,0.000010600,0.020000000,0.020000000,1034336.487172000,1034336.507161400,0,
2351,1034336.503540800,0.000007300,0.020000000,0.020000000,1034336.503548100,1034336.523540800,0,
2352,1034336.519078000,0.000009800,0.020000000,0.020000000,1034336.519087800,1034336.539078000,0,
2353,1034336.550017300,0.000014000,0.020000000,0.020000000,1034336.550031300,1034336.570017300,0,
2354,1034336.565626100,0.000009900,0.020000000,0.020000000,1034336.565636000,1034336.585626100,0,
2355,1034336.581313600,0.000004900,0.020000000,0.020000000,1034336.581318500,1034336.601313600,0,
2356,1034336.596871700,0.000004100,0.020000000,0.020000000,1034336.596875800,1034336.616871700,0,
2357,1034336.628335900,0.000010600,0.020000000,0.020000000,1034336.628346500,1034336.648335900,0,
2358,1034336.644369300,0.000007700,0.020000000,0.020000000,1034336.644377000,1034336.664369300,0,
2359,1034336.660061600,0.000008400,0.020000000,0.020000000,1034336.660070000,1034336.680061600,0,
2360,1034336.675621000,0.000003700,0.020000000,0.020000000,1034336.675624700,1034336.695621000,0,
2361,1034336.706777500,0.000007900,0.020000000,0.020000000,1034336.706785400,1034336.726777500,0,
2362,1034336.723494400,0.000005800,0.020000000,0.020000000,1034336.723500200,1034336.743494400,0,
2363,1034336.738878800,0.000007400,0.020000000,0.020000000,1034336.738886200,1034336.758878800,0,
2364,1034336.769855900,0.000008600,0.020000000,0.020000000,1034336.769864500,1034336.789855900,0,
2365,1034336.784782000,0.000007300,0.020000000,0.020000000,1034336.784789300,1034336.804782000,0,
2366,1034336.800576600,0.000007400,0.020000000,0.020000000,1034336.800584000,1034336.820576600,0,
2367,1034336.816249500,0.000005400,0.020000000,0.020000000,1034336.816254900,1034336.836249500,0,
2368,1034336.847572700,0.000011300,0.020000000,0.020000000,1034336.847584000,1034336.867572700,0,
2369,1034336.863196200,0.000010100,0.020000000,0.020000000,1034336.863206300,1034336.883196200,0,
2370,1034336.878874700,0.000006900,0.020000000,0.020000000,1034336.878881600,1034336.898874700,0,
2371,1034336.909831800,0.000010200,0.020000000,0.020000000,1034336.909842000,1034336.929831800,0,
2372,1034336.925505100,0.000009600,0.020000000,0.020000000,1034336.925514700,1034336.945505100,0,
2373,1034336.941047100,0.000006600,0.020000000,0.020000000,1034336.941053700,1034336.961047100,0,
2374,1034336.956626800,0.000005700,0.020000000,0.020000000,1034336.956632500,1034336.976626800,0,
2375,1034336.988711900,0.000007900,0.020000000,0.020000000,1034336.988719800,1034337.008711900,0,
2376,1034337.003853600,0.000005700,0.020000000,0.020000000,1034337.003859300,1034337.023853600,0,
2377,1034337.019902700,0.000007300,0.020000000,0.020000000,1034337.019910000,1034337.039902700,0,
2378,1034337.035995000,0.000004800,0.020000000,0.020000000,1034337.035999800,1034337.055995000,0,
2379,1034337.067154300,0.000014700,0.020000000,0.020000000,1034337.067169000,1034337.087154300,0,
2380,1034337.083309600,0.000003500,0.020000000,0.020000000,1034337.083313100,1034337.103309600,0,
2381,1034337.098977500,0.000007400,0.020000000,0.020000000,1034337.098984900,1034337.118977500,0,
2382,1034337.129933300,0.000007800,0.020000000,0.020000000,1034337.129941100,1034337.149933300,0,
2383,1034337.145956800,0.000008300,0.020000000,0.020000000,1034337.145965100,1034337.165956800,0,
2384,1034337.162092200,0.000008300,0.020000000,0.020000000,1034337.162100500,1034337.182092200,0,
2385,1034337.178275500,0.000006200,0.020000000,0.020000000,1034337.178281700,1034337.198275500,0,
2386,1034337.210234700,0.000008600,0.020000000,0.020000000,1034337.210243300,1034337.230234700,0,
2387,1034337.225917400,0.000008600,0.020000000,0.020000000,1034337.225926000,1034337.245917400,0,
2388,1034337.241519300,0.000005400,0.020000000,0.020000000,1034337.241524700,1034337.261519300,0,
2389,1034337.256983200,0.000008600,0.020000000,0.020000000,1034337.256991800,1034337.276983200,0,
2390,1034337.288706500,0.000008600,0.020000000,0.020000000,1034337.288715100,1034337.308706500,0,
2391,1034337.303750000,0.000008500,0.020000000,0.020000000,1034337.303758500,1034337.323750000,0,
2392,1034337.319033200,0.000004100,0.020000000,0.020000000,1034337.319037300,1034337.339033200,0,
2393,1034337.349463400,0.000008700,0.020000000,0.020000000,1034337.349472100,1034337.369463400,0,
2394,1034337.365592400,0.000008800,0.020000000,0.020000000,1034337.365601200,1034337.385592400,0,
2395,1034337.381737700,0.000006100,0.020000000,0.020000000,1034337.381743800,1034337.401737700,0,
2396,1034337.396071500,0.000009100,0.020000000,0.020000000,1034337.396080600,1034337.416071500,0,
2397,1034337.427160500,0.000009000,0.020000000,0.020000000,1034337.427169500,1034337.447160500,0,
2398,1034337.443223600,0.000008900,0.020000000,0.020000000,1034337.443232500,1034337.463223600,0,
2399,1034337.458432400,0.000009800,0.020000000,0.020000000,1034337.458442200,1034337.478432400,0,
2400,1034337.490032400,0.000009700,0.020000000,0.020000000,1034337.490042100,1034337.510032400,0,
2401,1034337.505325000,0.000009600,0.020000000,0.020000000,1034337.505334600,1034337.525325000,0,
2402,1034337.520531800,0.000008700,0.020000000,0.020000000,1034337.520540500,1034337.540531800,0,
2403,1034337.535619300,0.000008300,0.020000000,0.020000000,1034337.535627600,1034337.555619300,0,
2404,1034337.567295000,0.000009800,0.020000000,0.020000000,1034337.567304800,1034337.587295000,0,
2405,1034337.583463100,0.000005800,0.020000000,0.020000000,1034337.583468900,1034337.603463100,0,
2406,1034337.599088100,0.000005700,0.020000000,0.020000000,1034337.599093800,1034337.619088100,0,
2407,1034337.630024400,0.000008500,0.020000000,0.020000000,1034337.630032900,1034337.650024400,0,
2408,1034337.646058500,0.000013300,0.020000000,0.020000000,1034337.646071800,1034337.666058500,0,
2409,1034337.661269100,0.000003800,0.020000000,0.020000000,1034337.661272900,1034337.681269100,0,
2410,1034337.677295000,0.000004400,0.020000000,0.020000000,1034337.677299400,1034337.697295000,0,
2411,1034337.708857800,0.000009900,0.020000000,0.020000000,1034337.708867700,1034337.728857800,0,
2412,1034337.724574900,0.000003600,0.020000000,0.020000000,1034337.724578500,1034337.744574900,0,
2413,1034337.739954400,0.000003900,0.020000000,0.020000000,1034337.739958300,1034337.759954400,0,
2414,1034337.770704600,0.000009300,0.020000000,0.020000000,1034337.770713900,1034337.790704600,0,
2415,1034337.786342500,0.000009400,0.020000000,0.020000000,1034337.786351900,1034337.806342500,0,
2416,1034337.801744500,0.000009000,0.020000000,0.020000000,1034337.801753500,1034337.821744500,0,
2417,1034337.817827700,0.000003300,0.020000000,0.020000000,1034337.817831000,1034337.837827700,0,
2418,1034337.848720400,0.000009500,0.020000000,0.020000000,1034337.848729900,1034337.868720400,0,
2419,1034337.864367300,0.000009500,0.020000000,0.020000000,1034337.864376800,1034337.884367300,0,
2420,1034337.880076300,0.000006000,0.020000000,0.020000000,1034337.880082300,1034337.900076300,0,
2421,1034337.896100000,0.000007400,0.020000000,0.020000000,1034337.896107400,1034337.916100000,0,
2422,1034337.927215400,0.000019700,0.020000000,0.020000000,1034337.927235100,1034337.947215400,0,
2423,1034337.943334200,0.000003500,0.020000000,0.020000000,1034337.943337700,1034337.963334200,0,
2424,1034337.959395000,0.000004400,0.020000000,0.020000000,1034337.959399400,1034337.979395000,0,
2425,1034337.990216800,0.000013200,0.020000000,0.020000000,1034337.990230000,1034338.010216800,0,
2426,1034338.006163000,0.000006100,0.020000000,0.020000000,1034338.006169100,1034338.026163000,0,
2427,1034338.021138000,0.000019700,0.020000000,0.020000000,1034338.021157700,1034338.041138000,0,
2428,1034338.036362200,0.000006200,0.020000000,0.020000000,1034338.036368400,1034338.056362200,0,
2429,1034338.067156100,0.000006300,0.020000000,0.020000000,1034338.067162400,1034338.087156100,0,
2430,1034338.083141200,0.000007500,0.020000000,0.020000000,1034338.083148700,1034338.103141200,0,
2431,1034338.098920500,0.000005900,0.020000000,0.020000000,1034338.098926400,1034338.118920500,0,
2432,1034338.129592200,0.000011600,0.020000000,0.020000000,1034338.129603800,1034338.149592200,0,
2433,1034338.145636200,0.000009500,0.020000000,0.020000000,1034338.145645700,1034338.165636200,0,
2434,1034338.161499100,0.000005600,0.020000000,0.020000000,1034338.161504700,1034338.181499100,0,
2435,1034338.177395700,0.000009300,0.020000000,0.020000000,1034338.177405000,1034338.197395700,0,
2436,1034338.208921500,0.000007400,0.020000000,0.020000000,1034338.208928900,1034338.228921500,0,
2437,1034338.224824700,0.000007100,0.020000000,0.020000000,1034338.224831800,1034338.244824700,0,
2438,1034338.240275800,0.000005100,0.020000000,0.020000000,1034338.240280900,1034338.260275800,0,
2439,1034338.255360200,0.000007400,0.020000000,0.020000000,1034338.255367600,1034338.275360200,0,
2440,1034338.285875300,0.000008700,0.020000000,0.020000000,1034338.285884000,1034338.305875300,0,
2441,1034338.301584100,0.000005000,0.020000000,0.020000000,1034338.301589100,1034338.321584100,0,
2442,1034338.317197300,0.000003800,0.020000000,0.020000000,1034338.317201100,1034338.337197300,0,
2443,1034338.348785600,0.000040300,0.020000000,0.020000000,1034338.348825900,1034338.368785600,0,
2444,1034338.363858600,0.000013400,0.020000000,0.020000000,1034338.363872000,1034338.383858600,0,
2445,1034338.379814100,0.000006700,0.020000000,0.020000000,1034338.379820800,1034338.399814100,0,
2446,1034338.410426800,0.000010200,0.020000000,0.020000000,1034338.410437000,1034338.430426800,0,
2447,1034338.426062100,0.000015600,0.020000000,0.020000000,1034338.426077700,1034338.446062100,0,
2448,1034338.441682500,0.000005700,0.020000000,0.020000000,1034338.441688200,1034338.461682500,0,
2449,1034338.457377100,0.000010000,0.020000000,0.020000000,1034338.457387100,1034338.477377100,0,
2450,1034338.488741600,0.000010500,0.020000000,0.020000000,1034338.488752100,1034338.508741600,0,
2451,1034338.504426500,0.000009800,0.020000000,0.020000000,1034338.504436300,1034338.524426500,0,
2452,1034338.520183600,0.000010100,0.020000000,0.020000000,1034338.520193700,1034338.540183600,0,
2453,1034338.535328500,0.000009500,0.020000000,0.020000000,1034338.535338000,1034338.555328500,0,
2454,1034338.566522800,0.000011000,0.020000000,0.020000000,1034338.566533800,1034338.586522800,0,
2455,1034338.582061400,0.000006700,0.020000000,0.020000000,1034338.582068100,1034338.602061400,0,
2456,1034338.597582700,0.000008600,0.020000000,0.020000000,1034338.597591300,1034338.617582700,0,
2457,1034338.629007500,0.000009300,0.020000000,0.020000000,1034338.629016800,1034338.649007500,0,
2458,1034338.644204700,0.000009300,0.020000000,0.020000000,1034338.644214000,1034338.664204700,0,
2459,1034338.659503000,0.000008300,0.020000000,0.020000000,1034338.659511300,1034338.679503000,0,
2460,1034338.690234300,0.000010100,0.020000000,0.020000000,1034338.690244400,1034338.710234300,0,
2461,1034338.705373600,0.000013000,0.020000000,0.020000000,1034338.705386600,1034338.725373600,0,
2462,1034338.721586800,0.000006800,0.020000000,0.020000000,1034338.721593600,1034338.741586800,0,
2463,1034338.736655200,0.000003500,0.020000000,0.020000000,1034338.736658700,1034338.756655200,0,
2464,1034338.768709600,0.000011000,0.020000000,0.020000000,1034338.768720600,1034338.788709600,0,
2465,1034338.783714200,0.000009600,0.020000000,0.020000000,1034338.783723800,1034338.803714200,0,
2466,1034338.799387700,0.000003400,0.020000000,0.020000000,1034338.799391100,1034338.819387700,0,
2467,1034338.830540700,0.000005400,0.020000000,0.020000000,1034338.830546100,1034338.850540700,0,
2468,1034338.846463100,0.000008500,0.020000000,0.020000000,1034338.846471600,1034338.866463100,0,
2469,1034338.863134600,0.000008500,0.020000000,0.020000000,1034338.863143100,1034338.883134600,0,
2470,1034338.878839500,0.000006900,0.020000000,0.020000000,1034338.878846400,1034338.898839500,0,
2471,1034338.909233700,0.000007000,0.020000000,0.020000000,1034338.909240700,1034338.929233700,0,
2472,1034338.924848500,0.000009400,0.020000000,0.020000000,1034338.924857900,1034338.944848500,0,
2473,1034338.940553600,0.000006600,0.020000000,0.020000000,1034338.940560200,1034338.960553600,0,
2474,1034338.955680400,0.000008400,0.020000000,0.020000000,1034338.955688800,1034338.975680400,0,
2475,1034338.987205700,0.000011000,0.020000000,0.020000000,1034338.987216700,1034339.007205700,0,
2476,1034339.003333800,0.000005000,0.020000000,0.020000000,1034339.003338800,1034339.023333800,0,
2477,1034339.018917100,0.000007900,0.020000000,0.020000000,1034339.018925000,1034339.038917100,0,
2478,1034339.050901800,0.000004200,0.020000000,0.020000000,1034339.050906000,1034339.070901800,0,
2479,1034339.066462000,0.000005600,0.020000000,0.020000000,1034339.066467600,1034339.086462000,0,
2480,1034339.082579200,0.000007900,0.020000000,0.020000000,1034339.082587100,1034339.102579200,0,
2481,1034339.098720200,0.000009000,0.020000000,0.020000000,1034339.098729200,1034339.118720200,0,
2482,1034339.129097600,0.000011300,0.020000000,0.020000000,1034339.129108900,1034339.149097600,0,
2483,1034339.145437600,0.000006800,0.020000000,0.020000000,1034339.145444400,1034339.165437600,0,
2484,1034339.161520400,0.000004800,0.020000000,0.020000000,1034339.161525200,1034339.181520400,0,
2485,1034339.177583400,0.000003900,0.020000000,0.020000000,1034339.177587300,1034339.197583400,0,
2486,1034339.208061400,0.000009200,0.020000000,0.020000000,1034339.208070600,1034339.228061400,0,
2487,1034339.223674400,0.000010800,0.020000000,0.020000000,1034339.223685200,1034339.243674400,0,
2488,1034339.239511300,0.000006700,0.020000000,0.020000000,1034339.239518000,1034339.259511300,0,
2489,1034339.270585600,0.000009300,0.020000000,0.020000000,1034339.270594900,1034339.290585600,0,
2490,1034339.285609300,0.000010700,0.020000000,0.020000000,1034339.285620000,1034339.305609300,0,
2491,1034339.301520100,0.000008700,0.020000000,0.020000000,1034339.301528800,1034339.321520100,0,
2492,1034339.316677200,0.000008200,0.020000000,0.020000000,1034339.316685400,1034339.336677200,0,
2493,1034339.348656100,0.000009700,0.020000000,0.020000000,1034339.348665800,1034339.368656100,0,
2494,1034339.363538600,0.000011600,0.020000000,0.020000000,1034339.363550200,1034339.383538600,0,
2495,1034339.379176900,0.000005600,0.020000000,0.020000000,1034339.379182500,1034339.399176900,0,
2496,1034339.395247600,0.000005800,0.020000000,0.020000000,1034339.395253400,1034339.415247600,0,
2497,1034339.425641300,0.000014600,0.020000000,0.020000000,1034339.425655900,1034339.445641300,0,
2498,1034339.441348700,0.000005900,0.020000000,0.020000000,1034339.441354600,1034339.461348700,0,
2499,1034339.456717900,0.000008300,0.020000000,0.020000000,1034339.456726200,1034339.476717900,0,
2500,1034339.488559500,0.000008900,0.020000000,0.020000000,1034339.488568400,1034339.508559500,0,
2501,1034339.504380200,0.000004600,0.020000000,0.020000000,1034339.504384800,1034339.524380200,0,
2502,1034339.519969800,0.000005800,0.020000000,0.020000000,1034339.519975600,1034339.539969800,0,
2503,1034339.535962900,0.000007400,0.020000000,0.020000000,1034339.535970300,1034339.555962900,0,
2504,1034339.567535700,0.000007300,0.020000000,0.020000000,1034339.567543000,1034339.587535700,0,
2505,1034339.583057400,0.000008900,0.020000000,0.020000000,1034339.583066300,1034339.603057400,0,
2506,1034339.598748700,0.000006400,0.020000000,0.020000000,1034339.598755100,1034339.618748700,0,
2507,1034339.629871300,0.000008700,0.020000000,0.020000000,1034339.629880000,1034339.649871300,0,
2508,1034339.645927400,0.000008100,0.020000000,0.020000000,1034339.645935500,1034339.665927400,0,
2509,1034339.662267700,0.000003700,0.020000000,0.020000000,1034339.662271400,1034339.682267700,0,
2510,1034339.678130800,0.000003700,0.020000000,0.020000000,1034339.678134500,1034339.698130800,0,
2511,1034339.709297000,0.000007500,0.020000000,0.020000000,1034339.709304500,1034339.729297000,0,
2512,1034339.724675700,0.000006000,0.020000000,0.020000000,1034339.724681700,1034339.744675700,0,
2513,1034339.740122400,0.000005100,0.020000000,0.020000000,1034339.740127500,1034339.760122400,0,
2514,1034339.755600200,0.000028200,0.020000000,0.020000000,1034339.755628400,1034339.775600200,0,
2515,1034339.787655400,0.000008800,0.020000000,0.020000000,1034339.787664200,1034339.807655400,0,
2516,1034339.803225000,0.000012300,0.020000000,0.020000000,1034339.803237300,1034339.823225000,0,
2517,1034339.818726200,0.000005400,0.020000000,0.020000000,1034339.818731600,1034339.838726200,0,
2518,1034339.850715600,0.000007600,0.020000000,0.020000000,1034339.850723200,1034339.870715600,0,
2519,1034339.866422900,0.000006900,0.020000000,0.020000000,1034339.866429800,1034339.886422900,0,
2520,1034339.881761400,0.000008400,0.020000000,0.020000000,1034339.881769800,1034339.901761400,0,
2521,1034339.897605000,0.000005600,0.020000000,0.020000000,1034339.897610600,1034339.917605000,0,
2522,1034339.928747900,0.000012800,0.020000000,0.020000000,1034339.928760700,1034339.948747900,0,
2523,1034339.944573800,0.000006600,0.020000000,0.020000000,1034339.944580400,1034339.964573800,0,
2524,1034339.960369800,0.000005500,0.020000000,0.020000000,1034339.960375300,1034339.980369800,0,
2525,1034339.975937700,0.000005200,0.020000000,0.020000000,1034339.975942900,1034339.995937700,0,
2526,1034340.006310000,0.000008500,0.020000000,0.020000000,1034340.006318500,1034340.026310000,0,
2527,1034340.021506300,0.000005100,0.020000000,0.020000000,1034340.021511400,1034340.041506300,0,
2528,1034340.037114300,0.000008300,0.020000000,0.020000000,1034340.037122600,1034340.057114300,0,
2529,1034340.068675100,0.000010300,0.020000000,0.020000000,1034340.068685400,1034340.088675100,0,
2530,1034340.083857700,0.000188200,0.020000000,0.020000000,1034340.084045900,1034340.103857700,0,
2531,1034340.099759000,0.000007400,0.020000000,0.020000000,1034340.099766400,1034340.119759000,0,
2532,1034340.130190300,0.000009300,0.020000000,0.020000000,1034340.130199600,1034340.150190300,0,
2533,1034340.145321900,0.000007700,0.020000000,0.020000000,1034340.145329600,1034340.165321900,0,
2534,1034340.161648400,0.000007000,0.020000000,0.020000000,1034340.161655400,1034340.181648400,0,
2535,1034340.177278500,0.000015100,0.020000000,0.020000000,1034340.177293600,1034340.197278500,0,
2536,1034340.208613900,0.000034300,0.020000000,0.020000000,1034340.208648200,1034340.228613900,0,
2537,1034340.224304200,0.000007000,0.020000000,0.020000000,1034340.224311200,1034340.244304200,0,
2538,1034340.239838800,0.000007000,0.020000000,0.020000000,1034340.239845800,1034340.259838800,0,
2539,1034340.270664300,0.000004500,0.020000000,0.020000000,1034340.270668800,1034340.290664300,0,
2540,1034340.285523000,0.000009400,0.020000000,0.020000000,1034340.285532400,1034340.305523000,0,
2541,1034340.301177000,0.000009200,0.020000000,0.020000000,1034340.301186200,1034340.321177000,0,
2542,1034340.317271200,0.000007700,0.020000000,0.020000000,1034340.317278900,1034340.337271200,0,
2543,1034340.348730200,0.000009600,0.020000000,0.020000000,1034340.348739800,1034340.368730200,0,
2544,1034340.364480600,0.000008200,0.020000000,0.020000000,1034340.364488800,1034340.384480600,0,
2545,1034340.380087300,0.000006900,0.020000000,0.020000000,1034340.380094200,1034340.400087300,0,
2546,1034340.396037800,0.000007200,0.020000000,0.020000000,1034340.396045000,1034340.416037800,0,
2547,1034340.427503700,0.000011800,0.020000000,0.020000000,1034340.427515500,1034340.447503700,0,
2548,1034340.443647700,0.000015900,0.020000000,0.020000000,1034340.443663600,1034340.463647700,0,
2549,1034340.458674500,0.000009100,0.020000000,0.020000000,1034340.458683600,1034340.478674500,0,
2550,1034340.489921000,0.000007600,0.020000000,0.020000000,1034340.489928600,1034340.509921000,0,
2551,1034340.505393200,0.000009400,0.020000000,0.020000000,1034340.505402600,1034340.525393200,0,
2552,1034340.521470800,0.000008600,0.020000000,0.020000000,1034340.521479400,1034340.541470800,0,
2553,1034340.537445300,0.000007700,0.020000000,0.020000000,1034340.537453000,1034340.557445300,0,
2554,1034340.569268100,0.000006800,0.020000000,0.020000000,1034340.569274900,1034340.589268100,0,
2555,1034340.584422400,0.000008300,0.020000000,0.020000000,1034340.584430700,1034340.604422400,0,
2556,1034340.600629100,0.000008400,0.020000000,0.020000000,1034340.600637500,1034340.620629100,0,
2557,1034340.616341400,0.000018600,0.020000000,0.020000000,1034340.616360000,1034340.636341400,0,
2558,1034340.647637600,0.000016700,0.020000000,0.020000000,1034340.647654300,1034340.667637600,0,
2559,1034340.663054100,0.000016800,0.020000000,0.020000000,1034340.663070900,1034340.683054100,0,
2560,1034340.679272300,0.000012300,0.020000000,0.020000000,1034340.679284600,1034340.699272300,0,
2561,1034340.694697500,0.000009300,0.020000000,0.020000000,1034340.694706800,1034340.714697500,0,
2562,1034340.725894600,0.000009200,0.020000000,0.020000000,1034340.725903800,1034340.745894600,0,
2563,1034340.741702200,0.000010100,0.020000000,0.020000000,1034340.741712300,1034340.761702200,0,
2564,1034340.757263900,0.000005800,0.020000000,0.020000000,1034340.757269700,1034340.777263900,0,
2565,1034340.787416000,0.000010000,0.020000000,0.020000000,1034340.787426000,1034340.807416000,0,
2566,1034340.803411400,0.000009800,0.020000000,0.020000000,1034340.803421200,1034340.823411400,0,
2567,1034340.819121100,0.000008400,0.020000000,0.020000000,1034340.819129500,1034340.839121100,0,
2568,1034340.850080700,0.000012300,0.020000000,0.020000000,1034340.850093000,1034340.870080700,0,
2569,1034340.865125900,0.000008000,0.020000000,0.020000000,1034340.865133900,1034340.885125900,0,
2570,1034340.880784100,0.000012100,0.020000000,0.020000000,1034340.880796200,1034340.900784100,0,
2571,1034340.895990600,0.000009100,0.020000000,0.020000000,1034340.895999700,1034340.915990600,0,
2572,1034340.927297300,0.000014900,0.020000000,0.020000000,1034340.927312200,1034340.947297300,0,
2573,1034340.943444600,0.000004900,0.020000000,0.020000000,1034340.943449500,1034340.963444600,0,
2574,1034340.959219500,0.000009200,0.020000000,0.020000000,1034340.959228700,1034340.979219500,0,
2575,1034340.990305100,0.000006200,0.020000000,0.020000000,1034340.990311300,1034341.010305100,0,
2576,1034341.005610000,0.000007600,0.020000000,0.020000000,1034341.005617600,1034341.025610000,0,
2577,1034341.022008200,0.000009900,0.020000000,0.020000000,1034341.022018100,1034341.042008200,0,
2578,1034341.037100800,0.000013100,0.020000000,0.020000000,1034341.037113900,1034341.057100800,0,
2579,1034341.067444500,0.000009500,0.020000000,0.020000000,1034341.067454000,1034341.087444500,0,
2580,1034341.083462400,0.000009400,0.020000000,0.020000000,1034341.083471800,1034341.103462400,0,
2581,1034341.099360700,0.000014100,0.020000000,0.020000000,1034341.099374800,1034341.119360700,0,
2582,1034341.130205800,0.000009500,0.020000000,0.020000000,1034341.130215300,1034341.150205800,0,
2583,1034341.145360400,0.000007000,0.020000000,0.020000000,1034341.145367400,1034341.165360400,0,
2584,1034341.160792100,0.000009900,0.020000000,0.020000000,1034341.160802000,1034341.180792100,0,
2585,1034341.176598000,0.000008600,0.020000000,0.020000000,1034341.176606600,1034341.196598000,0,
2586,1034341.207730400,0.000010200,0.020000000,0.020000000,1034341.207740600,1034341.227730400,0,
2587,1034341.223605500,0.000007500,0.020000000,0.020000000,1034341.223613000,1034341.243605500,0,
2588,1034341.239018700,0.000003800,0.020000000,0.020000000,1034341.239022500,1034341.259018700,0,
2589,1034341.270132600,0.000010200,0.020000000,0.020000000,1034341.270142800,1034341.290132600,0,
2590,1034341.286208100,0.000009200,0.020000000,0.020000000,1034341.286217300,1034341.306208100,0,
2591,1034341.302219400,0.000009900,0.020000000,0.020000000,1034341.302229300,1034341.322219400,0,
2592,1034341.318222500,0.000004100,0.020000000,0.020000000,1034341.318226600,1034341.338222500,0,
2593,1034341.348708000,0.000032100,0.020000000,0.020000000,1034341.348740100,1034341.368708000,0,
2594,1034341.363684400,0.000011500,0.020000000,0.020000000,1034341.363695900,1034341.383684400,0,
2595,1034341.379404300,0.000006700,0.020000000,0.020000000,1034341.379411000,1034341.399404300,0,
2596,1034341.411151800,0.000005800,0.020000000,0.020000000,1034341.411157600,1034341.431151800,0,
2597,1034341.426714600,0.000008300,0.020000000,0.020000000,1034341.426722900,1034341.446714600,0,
2598,1034341.442006200,0.000009300,0.020000000,0.020000000,1034341.442015500,1034341.462006200,0,
2599,1034341.457668900,0.000006900,0.020000000,0.020000000,1034341.457675800,1034341.477668900,0,
2600,1034341.488704900,0.000009500,0.020000000,0.020000000,1034341.488714400,1034341.508704900,0,
2601,1034341.503767000,0.000009900,0.020000000,0.020000000,1034341.503776900,1034341.523767000,0,
2602,1034341.519037500,0.000006000,0.020000000,0.020000000,1034341.519043500,1034341.539037500,0,
2603,1034341.534939000,0.000011300,0.020000000,0.020000000,1034341.534950300,1034341.554939000,0,
2604,1034341.566400200,0.000006200,0.020000000,0.020000000,1034341.566406400,1034341.586400200,0,
2605,1034341.581463100,0.000007600,0.020000000,0.020000000,1034341.581470700,1034341.601463100,0,
2606,1034341.597429700,0.000005000,0.020000000,0.020000000,1034341.597434700,1034341.617429700,0,
2607,1034341.628930300,0.000011500,0.020000000,0.020000000,1034341.628941800,1034341.648930300,0,
2608,1034341.644101300,0.000006900,0.020000000,0.020000000,1034341.644108200,1034341.664101300,0,
2609,1034341.660057600,0.000007900,0.020000000,0.020000000,1034341.660065500,1034341.680057600,0,
2610,1034341.675439200,0.000005600,0.020000000,0.020000000,1034341.675444800,1034341.695439200,0,
2611,1034341.706488500,0.000011200,0.020000000,0.020000000,1034341.706499700,1034341.726488500,0,
2612,1034341.722143700,0.000008100,0.020000000,0.020000000,1034341.722151800,1034341.742143700,0,
2613,1034341.738353500,0.000006400,0.020000000,0.020000000,1034341.738359900,1034341.758353500,0,
2614,1034341.769118400,0.000006000,0.020000000,0.020000000,1034341.769124400,1034341.789118400,0,
2615,1034341.784961400,0.000009700,0.020000000,0.020000000,1034341.784971100,1034341.804961400,0,
2616,1034341.800859500,0.000007400,0.020000000,0.020000000,1034341.800866900,1034341.820859500,0,
2617,1034341.816329000,0.000005800,0.020000000,0.020000000,1034341.816334800,1034341.836329000,0,
2618,1034341.846829400,0.000006900,0.020000000,0.020000000,1034341.846836300,1034341.866829400,0,
2619,1034341.862280100,0.000007800,0.020000000,0.020000000,1034341.862287900,1034341.882280100,0,
2620,1034341.878240300,0.000011100,0.020000000,0.020000000,1034341.878251400,1034341.898240300,0,
2621,1034341.909579500,0.000008800,0.020000000,0.020000000,1034341.909588300,1034341.929579500,0,
2622,1034341.925187300,0.000008500,0.020000000,0.020000000,1034341.925195800,1034341.945187300,0,
2623,1034341.940905600,0.000008400,0.020000000,0.020000000,1034341.940914000,1034341.960905600,0,
2624,1034341.956591600,0.000008500,0.020000000,0.020000000,1034341.956600100,1034341.976591600,0,
2625,1034341.987504600,0.000010200,0.020000000,0.020000000,1034341.987514800,1034342.007504600,0,
2626,1034342.003287400,0.000007000,0.020000000,0.020000000,1034342.003294400,1034342.023287400,0,
2627,1034342.019102700,0.000006400,0.020000000,0.020000000,1034342.019109100,1034342.039102700,0,
2628,1034342.049937400,0.000008800,0.020000000,0.020000000,1034342.049946200,1034342.069937400,0,
2629,1034342.065497500,0.000014400,0.020000000,0.020000000,1034342.065511900,1034342.085497500,0,
2630,1034342.081102000,0.000008700,0.020000000,0.020000000,1034342.081110700,1034342.101102000,0,
2631,1034342.096957800,0.000005900,0.020000000,0.020000000,1034342.096963700,1034342.116957800,0,
2632,1034342.127534000,0.000007200,0.020000000,0.020000000,1034342.127541200,1034342.147534000,0,
2633,1034342.142915200,0.000009900,0.020000000,0.020000000,1034342.142925100,1034342.162915200,0,
2634,1034342.158463900,0.000006100,0.020000000,0.020000000,1034342.158470000,1034342.178463900,0,
2635,1034342.188902400,0.000028800,0.020000000,0.020000000,1034342.188931200,1034342.208902400,0,
2636,1034342.204062900,0.000006600,0.020000000,0.020000000,1034342.204069500,1034342.224062900,0,
2637,1034342.219478800,0.000008600,0.020000000,0.020000000,1034342.219487400,1034342.239478800,0,
2638,1034342.235661000,0.000008400,0.020000000,0.020000000,1034342.235669400,1034342.255661000,0,
2639,1034342.267298100,0.000008200,0.020000000,0.020000000,1034342.267306300,1034342.287298100,0,
2640,1034342.283303100,0.000003800,0.020000000,0.020000000,1034342.283306900,1034342.303303100,0,
2641,1034342.298909400,0.000005500,0.020000000,0.020000000,1034342.298914900,1034342.318909400,0,
2642,1034342.330343200,0.000009400,0.020000000,0.020000000,1034342.330352600,1034342.350343200,0,
2643,1034342.346338400,0.000009000,0.020000000,0.020000000,1034342.346347400,1034342.366338400,0,
2644,1034342.361480300,0.000009200,0.020000000,0.020000000,1034342.361489500,1034342.381480300,0,
2645,1034342.377212300,0.000006100,0.020000000,0.020000000,1034342.377218400,1034342.397212300,0,
2646,1034342.408777000,0.000008200,0.020000000,0.020000000,1034342.408785200,1034342.428777000,0,
2647,1034342.424544500,0.000007500,0.020000000,0.020000000,1034342.424552000,1034342.444544500,0,
2648,1034342.439899600,0.000004300,0.020000000,0.020000000,1034342.439903900,1034342.459899600,0,
2649,1034342.470600500,0.000007000,0.020000000,0.020000000,1034342.470607500,1034342.490600500,0,
2650,1034342.485464600,0.000009900,0.020000000,0.020000000,1034342.485474500,1034342.505464600,0,
2651,1034342.501040000,0.000010600,0.020000000,0.020000000,1034342.501050600,1034342.521040000,0,
2652,1034342.517268200,0.000008400,0.020000000,0.020000000,1034342.517276600,1034342.537268200,0,
2653,1034342.548705600,0.000007800,0.020000000,0.020000000,1034342.548713400,1034342.568705600,0,
2654,1034342.564646200,0.000006500,0.020000000,0.020000000,1034342.564652700,1034342.584646200,0,
2655,1034342.580231300,0.000007100,0.020000000,0.020000000,1034342.580238400,1034342.600231300,0,
2656,1034342.596411000,0.000005900,0.020000000,0.020000000,1034342.596416900,1034342.616411000,0,
2657,1034342.627352800,0.000006300,0.020000000,0.020000000,1034342.627359100,1034342.647352800,0,
2658,1034342.643304900,0.000014600,0.020000000,0.020000000,1034342.643319500,1034342.663304900,0,
2659,1034342.659414100,0.000007100,0.020000000,0.020000000,1034342.659421200,1034342.679414100,0,
2660,1034342.675637400,0.000005800,0.020000000,0.020000000,1034342.675643200,1034342.695637400,0,
2661,1034342.706494900,0.000010200,0.020000000,0.020000000,1034342.706505100,1034342.726494900,0,
2662,1034342.723000300,0.000011600,0.020000000,0.020000000,1034342.723011900,1034342.743000300,0,
2663,1034342.738766000,0.000008800,0.020000000,0.020000000,1034342.738774800,1034342.758766000,0,
2664,1034342.769605600,0.000008500,0.020000000,0.020000000,1034342.769614100,1034342.789605600,0,
2665,1034342.785711900,0.000007900,0.020000000,0.020000000,1034342.785719800,1034342.805711900,0,
2666,1034342.801331200,0.000006000,0.020000000,0.020000000,1034342.801337200,1034342.821331200,0,
2667,1034342.817240800,0.000003800,0.020000000,0.020000000,1034342.817244600,1034342.837240800,0,
2668,1034342.848663000,0.000011100,0.020000000,0.020000000,1034342.848674100,1034342.868663000,0,
2669,1034342.864329400,0.000008400,0.020000000,0.020000000,1034342.864337800,1034342.884329400,0,
2670,1034342.879851100,0.000006500,0.020000000,0.020000000,1034342.879857600,1034342.899851100,0,
2671,1034342.896046800,0.000005100,0.020000000,0.020000000,1034342.896051900,1034342.916046800,0,
2672,1034342.926165700,0.000013200,0.020000000,0.020000000,1034342.926178900,1034342.946165700,0,
2673,1034342.941952700,0.000012700,0.020000000,0.020000000,1034342.941965400,1034342.961952700,0,
2674,1034342.957549600,0.000005400,0.020000000,0.020000000,1034342.957555000,1034342.977549600,0,
2675,1034342.988415900,0.000010100,0.020000000,0.020000000,1034342.988426000,1034343.008415900,0,
2676,1034343.004566600,0.000010000,0.020000000,0.020000000,1034343.004576600,1034343.024566600,0,
2677,1034343.020952400,0.000003500,0.020000000,0.020000000,1034343.020955900,1034343.040952400,0,
2678,1034343.036758500,0.000004500,0.020000000,0.020000000,1034343.036763000,1034343.056758500,0,
2679,1034343.067480700,0.000015000,0.020000000,0.020000000,1034343.067495700,1034343.087480700,0,
2680,1034343.083030500,0.000008800,0.020000000,0.020000000,1034343.083039300,1034343.103030500,0,
2681,1034343.098803700,0.000009200,0.020000000,0.020000000,1034343.098812900,1034343.118803700,0,
2682,1034343.130231000,0.000009500,0.020000000,0.020000000,1034343.130240500,1034343.150231000,0,
2683,1034343.145719100,0.000025300,0.020000000,0.020000000,1034343.145744400,1034343.165719100,0,
2684,1034343.161814200,0.000005200,0.020000000,0.020000000,1034343.161819400,1034343.181814200,0,
2685,1034343.177767500,0.000004200,0.020000000,0.020000000,1034343.177771700,1034343.197767500,0,
2686,1034343.208221500,0.000010400,0.020000000,0.020000000,1034343.208231900,1034343.228221500,0,
2687,1034343.224508100,0.000003800,0.020000000,0.020000000,1034343.224511900,1034343.244508100,0,
2688,1034343.240031800,0.000007300,0.020000000,0.020000000,1034343.240039100,1034343.260031800,0,
2689,1034343.255911900,0.000013600,0.020000000,0.020000000,1034343.255925500,1034343.275911900,0,
2690,1034343.287968800,0.000007300,0.020000000,0.020000000,1034343.287976100,1034343.307968800,0,
2691,1034343.303562200,0.000006900,0.020000000,0.020000000,1034343.303569100,1034343.323562200,0,
2692,1034343.319240800,0.000005000,0.020000000,0.020000000,1034343.319245800,1034343.339240800,0,
2693,1034343.335083800,0.000008600,0.020000000,0.020000000,1034343.335092400,1034343.355083800,0,
2694,1034343.366972400,0.000009200,0.020000000,0.020000000,1034343.366981600,1034343.386972400,0,
2695,1034343.383215700,0.000005800,0.020000000,0.020000000,1034343.383221500,1034343.403215700,0,
2696,1034343.398483200,0.000005500,0.020000000,0.020000000,1034343.398488700,1034343.418483200,0,
2697,1034343.429115400,0.000008000,0.020000000,0.020000000,1034343.429123400,1034343.449115400,0,
2698,1034343.445329700,0.000007900,0.020000000,0.020000000,1034343.445337600,1034343.465329700,0,
2699,1034343.461480100,0.000006700,0.020000000,0.020000000,1034343.461486800,1034343.481480100,0,
2700,1034343.477440700,0.000008100,0.020000000,0.020000000,1034343.477448800,1034343.497440700,0,
2701,1034343.508926700,0.000010100,0.020000000,0.020000000,1034343.508936800,1034343.528926700,0,
2702,1034343.524595800,0.000003300,0.020000000,0.020000000,1034343.524599100,1034343.544595800,0,
2703,1034343.540164900,0.000004900,0.020000000,0.020000000,1034343.540169800,1034343.560164900,0,
2704,1034343.555772500,0.000007500,0.020000000,0.020000000,1034343.555780000,1034343.575772500,0,
2705,1034343.587818800,0.000007700,0.020000000,0.020000000,1034343.587826500,1034343.607818800,0,
2706,1034343.603375000,0.000004600,0.020000000,0.020000000,1034343.603379600,1034343.623375000,0,
2707,1034343.619211300,0.000006100,0.020000000,0.020000000,1034343.619217400,1034343.639211300,0,
2708,1034343.634667600,0.000004600,0.020000000,0.020000000,1034343.634672200,1034343.654667600,0,
2709,1034343.666294900,0.000004700,0.020000000,0.020000000,1034343.666299600,1034343.686294900,0,
2710,1034343.681951900,0.000005400,0.020000000,0.020000000,1034343.681957300,1034343.701951900,0,
2711,1034343.697866500,0.000007600,0.020000000,0.020000000,1034343.697874100,1034343.717866500,0,
2712,1034343.728607700,0.000009200,0.020000000,0.020000000,1034343.728616900,1034343.748607700,0,
2713,1034343.744889600,0.000007200,0.020000000,0.020000000,1034343.744896800,1034343.764889600,0,
2714,1034343.760883800,0.000010100,0.020000000,0.020000000,1034343.760893900,1034343.780883800,0,
2715,1034343.776282700,0.000004500,0.020000000,0.020000000,1034343.776287200,1034343.796282700,0,
2716,1034343.807388300,0.000011700,0.020000000,0.020000000,1034343.807400000,1034343.827388300,0,
2717,1034343.823615000,0.000008100,0.020000000,0.020000000,1034343.823623100,1034343.843615000,0,
2718,1034343.838953700,0.000009700,0.020000000,0.020000000,1034343.838963400,1034343.858953700,0,
2719,1034343.869778400,0.000005100,0.020000000,0.020000000,1034343.869783500,1034343.889778400,0,
2720,1034343.884885400,0.000014600,0.020000000,0.020000000,1034343.884900000,1034343.904885400,0,
2721,1034343.901053100,0.000011800,0.020000000,0.020000000,1034343.901064900,1034343.921053100,0,
2722,1034343.916105800,0.000008900,0.020000000,0.020000000,1034343.916114700,1034343.936105800,0,
2723,1034343.946785400,0.000021400,0.020000000,0.020000000,1034343.946806800,1034343.966785400,0,
2724,1034343.962101200,0.000007300,0.020000000,0.020000000,1034343.962108500,1034343.982101200,0,
2725,1034343.978181500,0.000006300,0.020000000,0.020000000,1034343.978187800,1034343.998181500,0,
2726,1034344.008563100,0.000006300,0.020000000,0.020000000,1034344.008569400,1034344.028563100,0,
2727,1034344.024208900,0.000012700,0.020000000,0.020000000,1034344.024221600,1034344.044208900,0,
2728,1034344.039844600,0.000006800,0.020000000,0.020000000,1034344.039851400,1034344.059844600,0,
2729,1034344.070500800,0.000006800,0.020000000,0.020000000,1034344.070507600,1034344.090500800,0,
2730,1034344.086473200,0.000010700,0.020000000,0.020000000,1034344.086483900,1034344.106473200,0,
2731,1034344.101988100,0.000009500,0.020000000,0.020000000,1034344.101997600,1034344.121988100,0,
2732,1034344.118080100,0.000006200,0.020000000,0.020000000,1034344.118086300,1034344.138080100,0,
2733,1034344.148504500,0.000007200,0.020000000,0.020000000,1034344.148511700,1034344.168504500,0,
2734,1034344.163975900,0.000007900,0.020000000,0.020000000,1034344.163983800,1034344.183975900,0,
2735,1034344.179314700,0.000003800,0.020000000,0.020000000,1034344.179318500,1034344.199314700,0,
2736,1034344.210068300,0.000007200,0.020000000,0.020000000,1034344.210075500,1034344.230068300,0,
2737,1034344.225952400,0.000005300,0.020000000,0.020000000,1034344.225957700,1034344.245952400,0,
2738,1034344.241270500,0.000004100,0.020000000,0.020000000,1034344.241274600,1034344.261270500,0,
2739,1034344.256703500,0.000006200,0.020000000,0.020000000,1034344.256709700,1034344.276703500,0,
2740,1034344.287654200,0.000007200,0.020000000,0.020000000,1034344.287661400,1034344.307654200,0,
2741,1034344.303017900,0.000005300,0.020000000,0.020000000,1034344.303023200,1034344.323017900,0,
2742,1034344.318158600,0.000002100,0.020000000,0.020000000,1034344.318160700,1034344.338158600,0,
2743,1034344.349298200,0.000005400,0.020000000,0.020000000,1034344.349303600,1034344.369298200,0,
2744,1034344.365111400,0.000005700,0.020000000,0.020000000,1034344.365117100,1034344.385111400,0,
2745,1034344.380451600,0.000005600,0.020000000,0.020000000,1034344.380457200,1034344.400451600,0,
2746,1034344.396782400,0.000003700,0.020000000,0.020000000,1034344.396786100,1034344.416782400,0,
2747,1034344.427990400,0.000005800,0.020000000,0.020000000,1034344.427996200,1034344.447990400,0,
2748,1034344.443451900,0.000008000,0.020000000,0.020000000,1034344.443459900,1034344.463451900,0,
2749,1034344.459779700,0.000003100,0.020000000,0.020000000,1034344.459782800,1034344.479779700,0,
2750,1034344.490236700,0.000005700,0.020000000,0.020000000,1034344.490242400,1034344.510236700,0,
2751,1034344.506403400,0.000015200,0.020000000,0.020000000,1034344.506418600,1034344.526403400,0,
2752,1034344.523398200,0.000006800,0.020000000,0.020000000,1034344.523405000,1034344.543398200,0,
2753,1034344.538235500,0.000007700,0.020000000,0.020000000,1034344.538243200,1034344.558235500,0,
2754,1034344.568589800,0.000008300,0.020000000,0.020000000,1034344.568598100,1034344.588589800,0,
2755,1034344.583614800,0.000005400,0.020000000,0.020000000,1034344.583620200,1034344.603614800,0,
2756,1034344.598828400,0.000007900,0.020000000,0.020000000,1034344.598836300,1034344.618828400,0,
2757,1034344.629429300,0.000019400,0.020000000,0.020000000,1034344.629448700,1034344.649429300,0,
2758,1034344.644656800,0.000010600,0.020000000,0.020000000,1034344.644667400,1034344.664656800,0,
2759,1034344.660316600,0.000003700,0.020000000,0.020000000,1034344.660320300,1034344.680316600,0,
2760,1034344.675563100,0.000007900,0.020000000,0.020000000,1034344.675571000,1034344.695563100,0,
2761,1034344.706023700,0.000007000,0.020000000,0.020000000,1034344.706030700,1034344.726023700,0,
2762,1034344.721229200,0.000008000,0.020000000,0.020000000,1034344.721237200,1034344.741229200,0,
2763,1034344.737183100,0.000007500,0.020000000,0.020000000,1034344.737190600,1034344.757183100,0,
2764,1034344.768505200,0.000014600,0.020000000,0.020000000,1034344.768519800,1034344.788505200,0,
2765,1034344.784629900,0.000003400,0.020000000,0.020000000,1034344.784633300,1034344.804629900,0,
2766,1034344.799698400,0.000006700,0.020000000,0.020000000,1034344.799705100,1034344.819698400,0,
2767,1034344.831067500,0.000010200,0.020000000,0.020000000,1034344.831077700,1034344.851067500,0,
2768,1034344.846181700,0.000011300,0.020000000,0.020000000,1034344.846193000,1034344.866181700,0,
2769,1034344.861218800,0.000011800,0.020000000,0.020000000,1034344.861230600,1034344.881218800,0,
2770,1034344.877508300,0.000007000,0.020000000,0.020000000,1034344.877515300,1034344.897508300,0,
2771,1034344.908535100,0.000010200,0.020000000,0.020000000,1034344.908545300,1034344.928535100,0,
2772,1034344.924658600,0.000010000,0.020000000,0.020000000,1034344.924668600,1034344.944658600,0,
2773,1034344.940369000,0.000007400,0.020000000,0.020000000,1034344.940376400,1034344.960369000,0,
2774,1034344.955476800,0.000006400,0.020000000,0.020000000,1034344.955483200,1034344.975476800,0,
2775,1034344.986607300,0.000009600,0.020000000,0.020000000,1034344.986616900,1034345.006607300,0,
2776,1034345.002139500,0.000010900,0.020000000,0.020000000,1034345.002150400,1034345.022139500,0,
2777,1034345.018368100,0.000008300,0.020000000,0.020000000,1034345.018376400,1034345.038368100,0,
2778,1034345.050219400,0.000008800,0.020000000,0.020000000,1034345.050228200,1034345.070219400,0,
2779,1034345.065552100,0.000006200,0.020000000,0.020000000,1034345.065558300,1034345.085552100,0,
2780,1034345.081123900,0.000008500,0.020000000,0.020000000,1034345.081132400,1034345.101123900,0,
2781,1034345.096795400,0.000002900,0.020000000,0.020000000,1034345.096798300,1034345.116795400,0,
2782,1034345.128599600,0.000006300,0.020000000,0.020000000,1034345.128605900,1034345.148599600,0,
2783,1034345.144821800,0.000005500,0.020000000,0.020000000,1034345.144827300,1034345.164821800,0,
2784,1034345.159944600,0.000015300,0.020000000,0.020000000,1034345.159959900,1034345.179944600,0,
2785,1034345.191120500,0.000008900,0.020000000,0.020000000,1034345.191129400,1034345.211120500,0,
2786,1034345.206772800,0.000009100,0.020000000,0.020000000,1034345.206781900,1034345.226772800,0,
2787,1034345.223398000,0.000004800,0.020000000,0.020000000,1034345.223402800,1034345.243398000,0,
2788,1034345.239105700,0.000008800,0.020000000,0.020000000,1034345.239114500,1034345.259105700,0,
2789,1034345.269683200,0.000010400,0.020000000,0.020000000,1034345.269693600,1034345.289683200,0,
2790,1034345.284647700,0.000012800,0.020000000,0.020000000,1034345.284660500,1034345.304647700,0,
2791,1034345.300860100,0.000006700,0.020000000,0.020000000,1034345.300866800,1034345.320860100,0,
2792,1034345.316841500,0.000006800,0.020000000,0.020000000,1034345.316848300,1034345.336841500,0,
2793,1034345.348324900,0.000007500,0.020000000,0.020000000,1034345.348332400,1034345.368324900,0,
2794,1034345.364443600,0.000009100,0.020000000,0.020000000,1034345.364452700,1034345.384443600,0,
2795,1034345.379712600,0.000004900,0.020000000,0.020000000,1034345.379717500,1034345.399712600,0,
2796,1034345.411223600,0.000006700,0.020000000,0.020000000,1034345.411230300,1034345.431223600,0,
2797,1034345.426618700,0.000011100,0.020000000,0.020000000,1034345.426629800,1034345.446618700,0,
2798,1034345.442248300,0.000008200,0.020000000,0.020000000,1034345.442256500,1034345.462248300,0,
2799,1034345.457649100,0.000010900,0.020000000,0.020000000,1034345.457660000,1034345.477649100,0,
2800,1034345.488794100,0.000014800,0.020000000,0.020000000,1034345.488808900,1034345.508794100,0,
2801,1034345.503440300,0.000008100,0.020000000,0.020000000,1034345.503448400,1034345.523440300,0,
2802,1034345.519058400,0.000003000,0.020000000,0.020000000,1034345.519061400,1034345.539058400,0,
2803,1034345.549778700,0.000018300,0.020000000,0.020000000,1034345.549797000,1034345.569778700,0,
2804,1034345.565589300,0.000008100,0.020000000,0.020000000,1034345.565597400,1034345.585589300,0,
2805,1034345.581061100,0.000006200,0.020000000,0.020000000,1034345.581067300,1034345.601061100,0,
2806,1034345.597088700,0.000006600,0.020000000,0.020000000,1034345.597095300,1034345.617088700,0,
2807,1034345.628657200,0.000010400,0.020000000,0.020000000,1034345.628667600,1034345.648657200,0,
2808,1034345.644863500,0.000005300,0.020000000,0.020000000,1034345.644868800,1034345.664863500,0,
2809,1034345.661029300,0.000006400,0.020000000,0.020000000,1034345.661035700,1034345.681029300,0,
2810,1034345.676062700,0.000006100,0.020000000,0.020000000,1034345.676068800,1034345.696062700,0,
2811,1034345.707389600,0.000008600,0.020000000,0.020000000,1034345.707398200,1034345.727389600,0,
2812,1034345.722627200,0.000004000,0.020000000,0.020000000,1034345.722631200,1034345.742627200,0,
2813,1034345.738490500,0.000003100,0.020000000,0.020000000,1034345.738493600,1034345.758490500,0,
2814,1034345.770326000,0.000007600,0.020000000,0.020000000,1034345.770333600,1034345.790326000,0,
2815,1034345.786072100,0.000018100,0.020000000,0.020000000,1034345.786090200,1034345.806072100,0,
2816,1034345.802335300,0.000005300,0.020000000,0.020000000,1034345.802340600,1034345.822335300,0,
2817,1034345.818415800,0.000006800,0.020000000,0.020000000,1034345.818422600,1034345.838415800,0,
2818,1034345.848586100,0.000008800,0.020000000,0.020000000,1034345.848594900,1034345.868586100,0,
2819,1034345.864241600,0.000007300,0.020000000,0.020000000,1034345.864248900,1034345.884241600,0,
2820,1034345.879863300,0.000005200,0.020000000,0.020000000,1034345.879868500,1034345.899863300,0,
2821,1034345.896156600,0.000004600,0.020000000,0.020000000,1034345.896161200,1034345.916156600,0,
2822,1034345.927558000,0.000005500,0.020000000,0.020000000,1034345.927563500,1034345.947558000,0,
2823,1034345.943208200,0.000009200,0.020000000,0.020000000,1034345.943217400,1034345.963208200,0,
2824,1034345.958948200,0.000015100,0.020000000,0.020000000,1034345.958963300,1034345.978948200,0,
2825,1034345.989514100,0.000009900,0.020000000,0.020000000,1034345.989524000,1034346.009514100,0,
2826,1034346.005736900,0.000011200,0.020000000,0.020000000,1034346.005748100,1034346.025736900,0,
2827,1034346.021816600,0.000009200,0.020000000,0.020000000,1034346.021825800,1034346.041816600,0,
2828,1034346.037753000,0.000006600,0.020000000,0.020000000,1034346.037759600,1034346.057753000,0,
2829,1034346.068473100,0.000007800,0.020000000,0.020000000,1034346.068480900,1034346.088473100,0,
2830,1034346.084736600,0.000007100,0.020000000,0.020000000,1034346.084743700,1034346.104736600,0,
2831,1034346.099965000,0.000012800,0.020000000,0.020000000,1034346.099977800,1034346.119965000,0,
2832,1034346.115507400,0.000007400,0.020000000,0.020000000,1034346.115514800,1034346.135507400,0,
2833,1034346.145841800,0.000008800,0.020000000,0.020000000,1034346.145850600,1034346.165841800,0,
2834,1034346.161289400,0.000006100,0.020000000,0.020000000,1034346.161295500,1034346.181289400,0,
2835,1034346.176506700,0.000004000,0.020000000,0.020000000,1034346.176510700,1034346.196506700,0,
2836,1034346.207050600,0.000015400,0.020000000,0.020000000,1034346.207066000,1034346.227050600,0,
2837,1034346.223570600,0.000004400,0.020000000,0.020000000,1034346.223575000,1034346.243570600,0,
2838,1034346.239572400,0.000005500,0.020000000,0.020000000,1034346.239577900,1034346.259572400,0,
2839,1034346.270992800,0.000010400,0.020000000,0.020000000,1034346.271003200,1034346.290992800,0,
2840,1034346.287172000,0.000012700,0.020000000,0.020000000,1034346.287184700,1034346.307172000,0,
2841,1034346.303089000,0.000011300,0.020000000,0.020000000,1034346.303100300,1034346.323089000,0,
2842,1034346.319071800,0.000004800,0.020000000,0.020000000,1034346.319076600,1034346.339071800,0,
2843,1034346.349666100,0.000010700,0.020000000,0.020000000,1034346.349676800,1034346.369666100,0,
2844,1034346.364795600,0.000009300,0.020000000,0.020000000,1034346.364804900,1034346.384795600,0,
2845,1034346.380602000,0.000009300,0.020000000,0.020000000,1034346.380611300,1034346.400602000,0,
2846,1034346.395888600,0.000010900,0.020000000,0.020000000,1034346.395899500,1034346.415888600,0,
2847,1034346.426341700,0.000010900,0.020000000,0.020000000,1034346.426352600,1034346.446341700,0,
2848,1034346.441941500,0.000009100,0.020000000,0.020000000,1034346.441950600,1034346.461941500,0,
2849,1034346.457696700,0.000010600,0.020000000,0.020000000,1034346.457707300,1034346.477696700,0,
2850,1034346.487169600,0.000010600,0.020000000,0.020000000,1034346.487180200,1034346.507169600,0,
2851,1034346.503387100,0.000004000,0.020000000,0.020000000,1034346.503391100,1034346.523387100,0,
2852,1034346.519163200,0.000004300,0.020000000,0.020000000,1034346.519167500,1034346.539163200,0,
2853,1034346.549727500,0.000023800,0.020000000,0.020000000,1034346.549751300,1034346.569727500,0,
2854,1034346.565925800,0.000011200,0.020000000,0.020000000,1034346.565937000,1034346.585925800,0,
2855,1034346.581596800,0.000025300,0.020000000,0.020000000,1034346.581622100,1034346.601596800,0,
2856,1034346.596578500,0.000017700,0.020000000,0.020000000,1034346.596596200,1034346.616578500,0,
2857,1034346.626593000,0.000032200,0.020000000,0.020000000,1034346.626625200,1034346.646593000,0,
2858,1034346.642619100,0.000019700,0.020000000,0.020000000,1034346.642638800,1034346.662619100,0,
2859,1034346.658420700,0.000021100,0.020000000,0.020000000,1034346.658441800,1034346.678420700,0,
2860,1034346.688199100,0.000022900,0.020000000,0.020000000,1034346.688222000,1034346.708199100,0,
2861,1034346.704241100,0.000023000,0.020000000,0.020000000,1034346.704264100,1034346.724241100,0,
2862,1034346.719334600,0.000655300,0.020000000,0.020000000,1034346.719989900,1034346.739334600,0,
2863,1034346.749493000,0.000019000,0.020000000,0.020000000,1034346.749512000,1034346.769493000,0,
2864,1034346.764514100,0.000020200,0.020000000,0.020000000,1034346.764534300,1034346.784514100,0,
2865,1034346.779619700,0.000017700,0.020000000,0.020000000,1034346.779637400,1034346.799619700,0,
2866,1034346.810421100,0.000022000,0.020000000,0.020000000,1034346.810443100,1034346.830421100,0,
2867,1034346.826488000,0.000016600,0.020000000,0.020000000,1034346.826504600,1034346.846488000,0,
2868,1034346.842858900,0.000008100,0.020000000,0.020000000,1034346.842867000,1034346.862858900,0,
2869,1034346.858961100,0.000004300,0.020000000,0.020000000,1034346.858965400,1034346.878961100,0,
2870,1034346.889634400,0.000022300,0.020000000,0.020000000,1034346.889656700,1034346.909634400,0,
2871,1034346.905355500,0.000012600,0.020000000,0.020000000,1034346.905368100,1034346.925355500,0,
2872,1034346.920596900,0.000007300,0.020000000,0.020000000,1034346.920604200,1034346.940596900,0,
2873,1034346.936560700,0.000007400,0.020000000,0.020000000,1034346.936568100,1034346.956560700,0,
2874,1034346.967939300,0.000016000,0.020000000,0.020000000,1034346.967955300,1034346.987939300,0,
2875,1034346.983371100,0.000007600,0.020000000,0.020000000,1034346.983378700,1034347.003371100,0,
2876,1034346.999034400,0.000008100,0.020000000,0.020000000,1034346.999042500,1034347.019034400,0,
2877,1034347.030029300,0.000015700,0.020000000,0.020000000,1034347.030045000,1034347.050029300,0,
2878,1034347.045001400,0.000009800,0.020000000,0.020000000,1034347.045011200,1034347.065001400,0,
2879,1034347.060815800,0.000008700,0.020000000,0.020000000,1034347.060824500,1034347.080815800,0,
2880,1034347.076478200,0.000007900,0.020000000,0.020000000,1034347.076486100,1034347.096478200,0,
2881,1034347.107280600,0.000008200,0.020000000,0.020000000,1034347.107288800,1034347.127280600,0,
2882,1034347.123355500,0.000012300,0.020000000,0.020000000,1034347.123367800,1034347.143355500,0,
2883,1034347.139106100,0.000009800,0.020000000,0.020000000,1034347.139115900,1034347.159106100,0,
2884,1034347.170637700,0.000009300,0.020000000,0.020000000,1034347.170647000,1034347.190637700,0,
2885,1034347.186523200,0.000008000,0.020000000,0.020000000,1034347.186531200,1034347.206523200,0,
2886,1034347.202549400,0.000006000,0.020000000,0.020000000,1034347.202555400,1034347.222549400,0,
2887,1034347.219274100,0.000008400,0.020000000,0.020000000,1034347.219282500,1034347.239274100,0,
2888,1034347.234736600,0.000007300,0.020000000,0.020000000,1034347.234743900,1034347.254736600,0,
2889,1034347.267436000,0.000017600,0.020000000,0.020000000,1034347.267453600,1034347.287436000,0,
2890,1034347.282486500,0.000006900,0.020000000,0.020000000,1034347.282493400,1034347.302486500,0,
2891,1034347.298884300,0.000006600,0.020000000,0.020000000,1034347.298890900,1034347.318884300,0,
2892,1034347.329835900,0.000014200,0.020000000,0.020000000,1034347.329850100,1034347.349835900,0,
2893,1034347.345840000,0.000008600,0.020000000,0.020000000,1034347.345848600,1034347.365840000,0,
2894,1034347.362227200,0.000005900,0.020000000,0.020000000,1034347.362233100,1034347.382227200,0,
2895,1034347.377580800,0.000005900,0.020000000,0.020000000,1034347.377586700,1034347.397580800,0,
2896,1034347.408210700,0.000050400,0.020000000,0.020000000,1034347.408261100,1034347.428210700,0,
2897,1034347.423541000,0.000003400,0.020000000,0.020000000,1034347.423544400,1034347.443541000,0,
2898,1034347.439028100,0.000014500,0.020000000,0.020000000,1034347.439042600,1034347.459028100,0,
2899,1034347.469497200,0.000004500,0.020000000,0.020000000,1034347.469501700,1034347.489497200,0,
2900,1034347.485553300,0.000007600,0.020000000,0.020000000,1034347.485560900,1034347.505553300,0,
2901,1034347.501655500,0.000009400,0.020000000,0.020000000,1034347.501664900,1034347.521655500,0,
2902,1034347.517194200,0.000004100,0.020000000,0.020000000,1034347.517198300,1034347.537194200,0,
2903,1034347.548638200,0.000009400,0.020000000,0.020000000,1034347.548647600,1034347.568638200,0,
2904,1034347.564156200,0.000008400,0.020000000,0.020000000,1034347.564164600,1034347.584156200,0,
2905,1034347.579618300,0.000007200,0.020000000,0.020000000,1034347.579625500,1034347.599618300,0,
2906,1034347.595645200,0.000004900,0.020000000,0.020000000,1034347.595650100,1034347.615645200,0,
2907,1034347.627422600,0.000006800,0.020000000,0.020000000,1034347.627429400,1034347.647422600,0,
2908,1034347.643096700,0.000005000,0.020000000,0.020000000,1034347.643101700,1034347.663096700,0,
2909,1034347.658312100,0.000008400,0.020000000,0.020000000,1034347.658320500,1034347.678312100,0,
2910,1034347.689333800,0.000008100,0.020000000,0.020000000,1034347.689341900,1034347.709333800,0,
2911,1034347.704583700,0.000009300,0.020000000,0.020000000,1034347.704593000,1034347.724583700,0,
2912,1034347.720844400,0.000007800,0.020000000,0.020000000,1034347.720852200,1034347.740844400,0,
2913,1034347.736945500,0.000009500,0.020000000,0.020000000,1034347.736955000,1034347.756945500,0,
2914,1034347.768573200,0.000008800,0.020000000,0.020000000,1034347.768582000,1034347.788573200,0,
2915,1034347.784737300,0.000008800,0.020000000,0.020000000,1034347.784746100,1034347.804737300,0,
2916,1034347.800819700,0.000003500,0.020000000,0.020000000,1034347.800823200,1034347.820819700,0,
2917,1034347.816140800,0.000006400,0.020000000,0.020000000,1034347.816147200,1034347.836140800,0,
2918,1034347.847546400,0.000008300,0.020000000,0.020000000,1034347.847554700,1034347.867546400,0,
2919,1034347.862987400,0.000014100,0.020000000,0.020000000,1034347.863001500,1034347.882987400,0,
2920,1034347.878767800,0.000007000,0.020000000,0.020000000,1034347.878774800,1034347.898767800,0,
2921,1034347.909699100,0.000009100,0.020000000,0.020000000,1034347.909708200,1034347.929699100,0,
2922,1034347.924794200,0.000009000,0.020000000,0.020000000,1034347.924803200,1034347.944794200,0,
2923,1034347.940399200,0.000019500,0.020000000,0.020000000,1034347.940418700,1034347.960399200,0,
2924,1034347.956114300,0.000005400,0.020000000,0.020000000,1034347.956119700,1034347.976114300,0,
2925,1034347.987945600,0.000014500,0.020000000,0.020000000,1034347.987960100,1034348.007945600,0,
2926,1034348.003311200,0.000007500,0.020000000,0.020000000,1034348.003318700,1034348.023311200,0,
2927,1034348.018651500,0.000006200,0.020000000,0.020000000,1034348.018657700,1034348.038651500,0,
2928,1034348.049790500,0.000014000,0.020000000,0.020000000,1034348.049804500,1034348.069790500,0,
2929,1034348.065922600,0.000009900,0.020000000,0.020000000,1034348.065932500,1034348.085922600,0,
2930,1034348.081418400,0.000009000,0.020000000,0.020000000,1034348.081427400,1034348.101418400,0,
2931,1034348.097678500,0.000006500,0.020000000,0.020000000,1034348.097685000,1034348.117678500,0,
2932,1034348.128524800,0.000008500,0.020000000,0.020000000,1034348.128533300,1034348.148524800,0,
2933,1034348.144686100,0.000005500,0.020000000,0.020000000,1034348.144691600,1034348.164686100,0,
2934,1034348.160056000,0.000006100,0.020000000,0.020000000,1034348.160062100,1034348.180056000,0,
2935,1034348.175420700,0.000010600,0.020000000,0.020000000,1034348.175431300,1034348.195420700,0,
2936,1034348.206339100,0.000010400,0.020000000,0.020000000,1034348.206349500,1034348.226339100,0,
2937,1034348.222257300,0.000009500,0.020000000,0.020000000,1034348.222266800,1034348.242257300,0,
2938,1034348.238230800,0.000009000,0.020000000,0.020000000,1034348.238239800,1034348.258230800,0,
2939,1034348.270860500,0.000003500,0.020000000,0.020000000,1034348.270864000,1034348.290860500,0,
2940,1034348.286648700,0.000010200,0.020000000,0.020000000,1034348.286658900,1034348.306648700,0,
2941,1034348.303167300,0.000008000,0.020000000,0.020000000,1034348.303175300,1034348.323167300,0,
2942,1034348.318851600,0.000005800,0.020000000,0.020000000,1034348.318857400,1034348.338851600,0,
2943,1034348.350982600,0.000006100,0.020000000,0.020000000,1034348.350988700,1034348.370982600,0,
2944,1034348.366968200,0.000007500,0.020000000,0.020000000,1034348.366975700,1034348.386968200,0,
2945,1034348.382972800,0.000010000,0.020000000,0.020000000,1034348.382982800,1034348.402972800,0,
2946,1034348.398505800,0.000010100,0.020000000,0.020000000,1034348.398515900,1034348.418505800,0,
2947,1034348.429753200,0.000008700,0.020000000,0.020000000,1034348.429761900,1034348.449753200,0,
2948,1034348.445555300,0.000010300,0.020000000,0.020000000,1034348.445565600,1034348.465555300,0,
2949,1034348.461483400,0.000005400,0.020000000,0.020000000,1034348.461488800,1034348.481483400,0,
2950,1034348.476409000,0.000010300,0.020000000,0.020000000,1034348.476419300,1034348.496409000,0,
2951,1034348.507556300,0.000007900,0.020000000,0.020000000,1034348.507564200,1034348.527556300,0,
2952,1034348.522375300,0.000004000,0.020000000,0.020000000,1034348.522379300,1034348.542375300,0,
2953,1034348.538385000,0.000007100,0.020000000,0.020000000,1034348.538392100,1034348.558385000,0,
2954,1034348.569274100,0.000011500,0.020000000,0.020000000,1034348.569285600,1034348.589274100,0,
2955,1034348.585375700,0.000010500,0.020000000,0.020000000,1034348.585386200,1034348.605375700,0,
2956,1034348.601597800,0.000006600,0.020000000,0.020000000,1034348.601604400,1034348.621597800,0,
2957,1034348.616765500,0.000003800,0.020000000,0.020000000,1034348.616769300,1034348.636765500,0,
2958,1034348.647602900,0.000016700,0.020000000,0.020000000,1034348.647619600,1034348.667602900,0,
2959,1034348.663530700,0.000005300,0.020000000,0.020000000,1034348.663536000,1034348.683530700,0,
2960,1034348.679064600,0.000005900,0.020000000,0.020000000,1034348.679070500,1034348.699064600,0,
2961,1034348.710021700,0.000007100,0.020000000,0.020000000,1034348.710028800,1034348.730021700,0,
2962,1034348.725719400,0.000007000,0.020000000,0.020000000,1034348.725726400,1034348.745719400,0,
2963,1034348.741125700,0.000010000,0.020000000,0.020000000,1034348.741135700,1034348.761125700,0,
2964,1034348.757234300,0.000014200,0.020000000,0.020000000,1034348.757248500,1034348.777234300,0,
2965,1034348.788242800,0.000009300,0.020000000,0.020000000,1034348.788252100,1034348.808242800,0,
2966,1034348.804352400,0.000008700,0.020000000,0.020000000,1034348.804361100,1034348.824352400,0,
2967,1034348.820086800,0.000003300,0.020000000,0.020000000,1034348.820090100,1034348.840086800,0,
2968,1034348.836150600,0.000005800,0.020000000,0.020000000,1034348.836156400,1034348.856150600,0,
2969,1034348.868187800,0.000003400,0.020000000,0.020000000,1034348.868191200,1034348.888187800,0,
2970,1034348.884174400,0.000008100,0.020000000,0.020000000,1034348.884182500,1034348.904174400,0,
2971,1034348.900231200,0.000005300,0.020000000,0.020000000,1034348.900236500,1034348.920231200,0,
2972,1034348.915477700,0.000006900,0.020000000,0.020000000,1034348.915484600,1034348.935477700,0,
2973,1034348.946811800,0.000006900,0.020000000,0.020000000,1034348.946818700,1034348.966811800,0,
2974,1034348.963185400,0.000011000,0.020000000,0.020000000,1034348.963196400,1034348.983185400,0,
2975,1034348.978743200,0.000004800,0.020000000,0.020000000,1034348.978748000,1034348.998743200,0,
2976,1034349.010628300,0.000008500,0.020000000,0.020000000,1034349.010636800,1034349.030628300,0,
2977,1034349.025794700,0.000009300,0.020000000,0.020000000,1034349.025804000,1034349.045794700,0,
2978,1034349.041485900,0.000008500,0.020000000,0.020000000,1034349.041494400,1034349.061485900,0,
2979,1034349.057167900,0.000008900,0.020000000,0.020000000,1034349.057176800,1034349.077167900,0,
2980,1034349.088779000,0.000008700,0.020000000,0.020000000,1034349.088787700,1034349.108779000,0,
2981,1034349.104076500,0.000008700,0.020000000,0.020000000,1034349.104085200,1034349.124076500,0,
2982,1034349.118941000,0.000009700,0.020000000,0.020000000,1034349.118950700,1034349.138941000,0,
2983,1034349.150947800,0.000010700,0.020000000,0.020000000,1034349.150958500,1034349.170947800,0,
2984,1034349.167177800,0.000006600,0.020000000,0.020000000,1034349.167184400,1034349.187177800,0,
2985,1034349.183283300,0.000009200,0.020000000,0.020000000,1034349.183292500,1034349.203283300,0,
2986,1034349.198896800,0.000005900,0.020000000,0.020000000,1034349.198902700,1034349.218896800,0,
2987,1034349.229983400,0.000012900,0.020000000,0.020000000,1034349.229996300,1034349.249983400,0,
2988,1034349.245248600,0.000011600,0.020000000,0.020000000,1034349.245260200,1034349.265248600,0,
2989,1034349.261290500,0.000007900,0.020000000,0.020000000,1034349.261298400,1034349.281290500,0,
2990,1034349.276274000,0.000012000,0.020000000,0.020000000,1034349.276286000,1034349.296274000,0,
2991,1034349.307671000,0.000009200,0.020000000,0.020000000,1034349.307680200,1034349.327671000,0,
2992,1034349.323352400,0.000004200,0.020000000,0.020000000,1034349.323356600,1034349.343352400,0,
2993,1034349.338978600,0.000008600,0.020000000,0.020000000,1034349.338987200,1034349.358978600,0,
2994,1034349.370213800,0.000004000,0.020000000,0.020000000,1034349.370217800,1034349.390213800,0,
2995,1034349.385988100,0.000008500,0.020000000,0.020000000,1034349.385996600,1034349.405988100,0,
2996,1034349.401863000,0.000009100,0.020000000,0.020000000,1034349.401872100,1034349.421863000,0,
2997,1034349.417095700,0.000011100,0.020000000,0.020000000,1034349.417106800,1034349.437095700,0,
2998,1034349.448621800,0.000009400,0.020000000,0.020000000,1034349.448631200,1034349.468621800,0,
2999,1034349.464289500,0.000008000,0.020000000,0.020000000,1034349.464297500,1034349.484289500,0,
3000,1034349.479533300,0.000007600,0.020000000,0.020000000,1034349.479540900,1034349.499533300,0,
3001,1034349.510398000,0.000006400,0.020000000,0.020000000,1034349.510404400,1034349.530398000,0,
3002,1034349.525680500,0.000006900,0.020000000,0.020000000,1034349.525687400,1034349.545680500,0,
3003,1034349.541395800,0.000006000,0.020000000,0.020000000,1034349.541401800,1034349.561395800,0,
3004,1034349.557554500,0.000009700,0.020000000,0.020000000,1034349.557564200,1034349.577554500,0,
3005,1034349.588520000,0.000010400,0.020000000,0.020000000,1034349.588530400,1034349.608520000,0,
3006,1034349.604208500,0.000006300,0.020000000,0.020000000,1034349.604214800,1034349.624208500,0,
3007,1034349.619900000,0.000006700,0.020000000,0.020000000,1034349.619906700,1034349.639900000,0,
3008,1034349.635839100,0.000006500,0.020000000,0.020000000,1034349.635845600,1034349.655839100,0,
3009,1034349.667864000,0.000009000,0.020000000,0.020000000,1034349.667873000,1034349.687864000,0,
3010,1034349.683344600,0.000009800,0.020000000,0.020000000,1034349.683354400,1034349.703344600,0,
3011,1034349.699039300,0.000003500,0.020000000,0.020000000,1034349.699042800,1034349.719039300,0,
3012,1034349.730052400,0.000007600,0.020000000,0.020000000,1034349.730060000,1034349.750052400,0,
3013,1034349.746062600,0.000007200,0.020000000,0.020000000,1034349.746069800,1034349.766062600,0,
3014,1034349.761365500,0.000003300,0.020000000,0.020000000,1034349.761368800,1034349.781365500,0,
3015,1034349.776571600,0.000008400,0.020000000,0.020000000,1034349.776580000,1034349.796571600,0,
3016,1034349.807245400,0.000011100,0.020000000,0.020000000,1034349.807256500,1034349.827245400,0,
3017,1034349.823300900,0.000015400,0.020000000,0.020000000,1034349.823316300,1034349.843300900,0,
3018,1034349.839331100,0.000007500,0.020000000,0.020000000,1034349.839338600,1034349.859331100,0,
3019,1034349.870662800,0.000003400,0.020000000,0.020000000,1034349.870666200,1034349.890662800,0,
3020,1034349.886522200,0.000011600,0.020000000,0.020000000,1034349.886533800,1034349.906522200,0,
3021,1034349.901656400,0.000004300,0.020000000,0.020000000,1034349.901660700,1034349.921656400,0,
3022,1034349.917516900,0.000003900,0.020000000,0.020000000,1034349.917520800,1034349.937516900,0,
3023,1034349.948754300,0.000011900,0.020000000,0.020000000,1034349.948766200,1034349.968754300,0,
3024,1034349.964747100,0.000008600,0.020000000,0.020000000,1034349.964755700,1034349.984747100,0,
3025,1034349.980550200,0.000004100,0.020000000,0.020000000,1034349.980554300,1034350.000550200,0,
3026,1034349.996325700,0.000010000,0.020000000,0.020000000,1034349.996335700,1034350.016325700,0,
3027,1034350.026930600,0.000007700,0.020000000,0.020000000,1034350.026938300,1034350.046930600,0,
3028,1034350.043209900,0.000007700,0.020000000,0.020000000,1034350.043217600,1034350.063209900,0,
3029,1034350.058793100,0.000003800,0.020000000,0.020000000,1034350.058796900,1034350.078793100,0,
3030,1034350.089310500,0.000009100,0.020000000,0.020000000,1034350.089319600,1034350.109310500,0,
3031,1034350.104938400,0.000008900,0.020000000,0.020000000,1034350.104947300,1034350.124938400,0,
3032,1034350.120172900,0.000007700,0.020000000,0.020000000,1034350.120180600,1034350.140172900,0,
3033,1034350.135352600,0.000006300,0.020000000,0.020000000,1034350.135358900,1034350.155352600,0,
3034,1034350.167191800,0.000010700,0.020000000,0.020000000,1034350.167202500,1034350.187191800,0,
3035,1034350.183229200,0.000020600,0.020000000,0.020000000,1034350.183249800,1034350.203229200,0,
3036,1034350.198891700,0.000004700,0.020000000,0.020000000,1034350.198896400,1034350.218891700,0,
3037,1034350.229582000,0.000007200,0.020000000,0.020000000,1034350.229589200,1034350.249582000,0,
3038,1034350.245665900,0.000009200,0.020000000,0.020000000,1034350.245675100,1034350.265665900,0,
3039,1034350.261517100,0.000003200,0.020000000,0.020000000,1034350.261520300,1034350.281517100,0,
3040,1034350.276870100,0.000006300,0.020000000,0.020000000,1034350.276876400,1034350.296870100,0,
3041,1034350.308872800,0.000005700,0.020000000,0.020000000,1034350.308878500,1034350.328872800,0,
3042,1034350.323503300,0.000010900,0.020000000,0.020000000,1034350.323514200,1034350.343503300,0,
3043,1034350.339619100,0.000010700,0.020000000,0.020000000,1034350.339629800,1034350.359619100,0,
3044,1034350.355414100,0.000008200,0.020000000,0.020000000,1034350.355422300,1034350.375414100,0,
3045,1034350.385691600,0.000009300,0.020000000,0.020000000,1034350.385700900,1034350.405691600,0,
3046,1034350.401162100,0.000006000,0.020000000,0.020000000,1034350.401168100,1034350.421162100,0,
3047,1034350.416540400,0.000004900,0.020000000,0.020000000,1034350.416545300,1034350.436540400,0,
3048,1034350.447677800,0.000007700,0.020000000,0.020000000,1034350.447685500,1034350.467677800,0,
3049,1034350.463096100,0.000006100,0.020000000,0.020000000,1034350.463102200,1034350.483096100,0,
3050,1034350.478869800,0.000003000,0.020000000,0.020000000,1034350.478872800,1034350.498869800,0,
3051,1034350.509411700,0.000008800,0.020000000,0.020000000,1034350.509420500,1034350.529411700,0,
3052,1034350.524180400,0.000010900,0.020000000,0.020000000,1034350.524191300,1034350.544180400,0,
3053,1034350.539943800,0.000005300,0.020000000,0.020000000,1034350.539949100,1034350.559943800,0,
3054,1034350.571226000,0.000005900,0.020000000,0.020000000,1034350.571231900,1034350.591226000,0,
3055,1034350.586211200,0.000006500,0.020000000,0.020000000,1034350.586217700,1034350.606211200,0,
3056,1034350.601455100,0.000004400,0.020000000,0.020000000,1034350.601459500,1034350.621455100,0,
3057,1034350.617212900,0.000012600,0.020000000,0.020000000,1034350.617225500,1034350.637212900,0,
3058,1034350.649431200,0.000009300,0.020000000,0.020000000,1034350.649440500,1034350.669431200,0,
3059,1034350.665533800,0.000012100,0.020000000,0.020000000,1034350.665545900,1034350.685533800,0,
3060,1034350.681292200,0.000009600,0.020000000,0.020000000,1034350.681301800,1034350.701292200,0,
3061,1034350.696742100,0.000003300,0.020000000,0.020000000,1034350.696745400,1034350.716742100,0,
3062,1034350.728735700,0.000008100,0.020000000,0.020000000,1034350.728743800,1034350.748735700,0,
3063,1034350.744482600,0.000009800,0.020000000,0.020000000,1034350.744492400,1034350.764482600,0,
3064,1034350.760559400,0.000004900,0.020000000,0.020000000,1034350.760564300,1034350.780559400,0,
3065,1034350.776179900,0.000003100,0.020000000,0.020000000,1034350.776183000,1034350.796179900,0,
3066,1034350.807564000,0.000006500,0.020000000,0.020000000,1034350.807570500,1034350.827564000,0,
3067,1034350.823300800,0.000026200,0.020000000,0.020000000,1034350.823327000,1034350.843300800,0,
3068,1034350.839521900,0.000006000,0.020000000,0.020000000,1034350.839527900,1034350.859521900,0,
3069,1034350.870336600,0.000011200,0.020000000,0.020000000,1034350.870347800,1034350.890336600,0,
3070,1034350.886319100,0.000013100,0.020000000,0.020000000,1034350.886332200,1034350.906319100,0,
3071,1034350.902344100,0.000014000,0.020000000,0.020000000,1034350.902358100,1034350.922344100,0,
3072,1034350.917463000,0.000545600,0.020000000,0.020000000,1034350.918008600,1034350.937463000,0,
3073,1034350.949514100,0.000008800,0.020000000,0.020000000,1034350.949522900,1034350.969514100,0,
3074,1034350.965260300,0.000008700,0.020000000,0.020000000,1034350.965269000,1034350.985260300,0,
3075,1034350.980329400,0.000010800,0.020000000,0.020000000,1034350.980340200,1034351.000329400,0,
3076,1034350.996459200,0.000010500,0.020000000,0.020000000,1034350.996469700,1034351.016459200,0,
3077,1034351.027516900,0.000013300,0.020000000,0.020000000,1034351.027530200,1034351.047516900,0,
3078,1034351.043542500,0.000004200,0.020000000,0.020000000,1034351.043546700,1034351.063542500,0,
3079,1034351.059391100,0.000006900,0.020000000,0.020000000,1034351.059398000,1034351.079391100,0,
3080,1034351.075425900,0.000006200,0.020000000,0.020000000,1034351.075432100,1034351.095425900,0,
3081,1034351.106417600,0.000010700,0.020000000,0.020000000,1034351.106428300,1034351.126417600,0,
3082,1034351.122976200,0.000020900,0.020000000,0.020000000,1034351.122997100,1034351.142976200,0,
3083,1034351.138508100,0.000009100,0.020000000,0.020000000,1034351.138517200,1034351.158508100,0,
3084,1034351.169768900,0.000020000,0.020000000,0.020000000,1034351.169788900,1034351.189768900,0,
3085,1034351.184902800,0.000016600,0.020000000,0.020000000,1034351.184919400,1034351.204902800,0,
3086,1034351.200797900,0.000013600,0.020000000,0.020000000,1034351.200811500,1034351.220797900,0,
3087,1034351.217209600,0.000009000,0.020000000,0.020000000,1034351.217218600,1034351.237209600,0,
3088,1034351.247693300,0.000010900,0.020000000,0.020000000,1034351.247704200,1034351.267693300,0,
3089,1034351.263025200,0.000010900,0.020000000,0.020000000,1034351.263036100,1034351.283025200,0,
3090,1034351.278965700,0.000010600,0.020000000,0.020000000,1034351.278976300,1034351.298965700,0,
3091,1034351.309217400,0.000012600,0.020000000,0.020000000,1034351.309230000,1034351.329217400,0,
3092,1034351.325016700,0.000005300,0.020000000,0.020000000,1034351.325022000,1034351.345016700,0,
3093,1034351.340618400,0.000007900,0.020000000,0.020000000,1034351.340626300,1034351.360618400,0,
3094,1034351.356157100,0.000007400,0.020000000,0.020000000,1034351.356164500,1034351.376157100,0,
3095,1034351.387883000,0.000019000,0.020000000,0.020000000,1034351.387902000,1034351.407883000,0,
3096,1034351.403430600,0.000005800,0.020000000,0.020000000,1034351.403436400,1034351.423430600,0,
3097,1034351.418837900,0.000011000,0.020000000,0.020000000,1034351.418848900,1034351.438837900,0,
3098,1034351.450815100,0.000013400,0.020000000,0.020000000,1034351.450828500,1034351.470815100,0,
3099,1034351.465683200,0.000014800,0.020000000,0.020000000,1034351.465698000,1034351.485683200,0,
3100,1034351.481237900,0.000018500,0.020000000,0.020000000,1034351.481256400,1034351.501237900,0,
3101,1034351.497252000,0.000007100,0.020000000,0.020000000,1034351.497259100,1034351.517252000,0,
3102,1034351.528182100,0.000008100,0.020000000,0.020000000,1034351.528190200,1034351.548182100,0,
3103,1034351.543743000,0.000014800,0.020000000,0.020000000,1034351.543757800,1034351.563743000,0,
3104,1034351.559759300,0.000003900,0.020000000,0.020000000,1034351.559763200,1034351.579759300,0,
3105,1034351.590230500,0.000010600,0.020000000,0.020000000,1034351.590241100,1034351.610230500,0,
3106,1034351.605840700,0.000008900,0.020000000,0.020000000,1034351.605849600,1034351.625840700,0,
3107,1034351.621882600,0.000004700,0.020000000,0.020000000,1034351.621887300,1034351.641882600,0,
3108,1034351.637898300,0.000007700,0.020000000,0.020000000,1034351.637906000,1034351.657898300,0,
3109,1034351.669142800,0.000009000,0.020000000,0.020000000,1034351.669151800,1034351.689142800,0,
3110,1034351.684180800,0.000009000,0.020000000,0.020000000,1034351.684189800,1034351.704180800,0,
3111,1034351.699728700,0.000004600,0.020000000,0.020000000,1034351.699733300,1034351.719728700,0,
3112,1034351.730644700,0.000013300,0.020000000,0.020000000,1034351.730658000,1034351.750644700,0,
3113,1034351.746578500,0.000009500,0.020000000,0.020000000,1034351.746588000,1034351.766578500,0,
3114,1034351.761699200,0.000011000,0.020000000,0.020000000,1034351.761710200,1034351.781699200,0,
3115,1034351.777575200,0.000006600,0.020000000,0.020000000,1034351.777581800,1034351.797575200,0,
3116,1034351.809605800,0.000011900,0.020000000,0.020000000,1034351.809617700,1034351.829605800,0,
3117,1034351.825346600,0.000012200,0.020000000,0.020000000,1034351.825358800,1034351.845346600,0,
3118,1034351.841436200,0.000011400,0.020000000,0.020000000,1034351.841447600,1034351.861436200,0,
3119,1034351.856283900,0.000004600,0.020000000,0.020000000,1034351.856288500,1034351.876283900,0,
3120,1034351.888433500,0.000017500,0.020000000,0.020000000,1034351.888451000,1034351.908433500,0,
3121,1034351.903565800,0.000007700,0.020000000,0.020000000,1034351.903573500,1034351.923565800,0,
3122,1034351.919270300,0.000005000,0.020000000,0.020000000,1034351.919275300,1034351.939270300,0,
3123,1034351.935351400,0.000011700,0.020000000,0.020000000,1034351.935363100,1034351.955351400,0,
3124,1034351.967081400,0.000028900,0.020000000,0.020000000,1034351.967110300,1034351.987081400,0,
3125,1034351.982518900,0.000005800,0.020000000,0.020000000,1034351.982524700,1034352.002518900,0,
3126,1034351.998381100,0.000008800,0.020000000,0.020000000,1034351.998389900,1034352.018381100,0,
3127,1034352.030015000,0.000014000,0.020000000,0.020000000,1034352.030029000,1034352.050015000,0,
3128,1034352.045981000,0.000009700,0.020000000,0.020000000,1034352.045990700,1034352.065981000,0,
3129,1034352.061602800,0.000012000,0.020000000,0.020000000,1034352.061614800,1034352.081602800,0,
3130,1034352.077813100,0.000014000,0.020000000,0.020000000,1034352.077827100,1034352.097813100,0,
3131,1034352.107734600,0.000012900,0.020000000,0.020000000,1034352.107747500,1034352.127734600,0,
3132,1034352.123075300,0.000011200,0.020000000,0.020000000,1034352.123086500,1034352.143075300,0,
3133,1034352.139237900,0.000013500,0.020000000,0.020000000,1034352.139251400,1034352.159237900,0,
3134,1034352.169867100,0.000008000,0.020000000,0.020000000,1034352.169875100,1034352.189867100,0,
3135,1034352.185861100,0.000008400,0.020000000,0.020000000,1034352.185869500,1034352.205861100,0,
3136,1034352.201891800,0.000010100,0.020000000,0.020000000,1034352.201901900,1034352.221891800,0,
3137,1034352.217869000,0.000005300,0.020000000,0.020000000,1034352.217874300,1034352.237869000,0,
3138,1034352.248780800,0.000011700,0.020000000,0.020000000,1034352.248792500,1034352.268780800,0,
3139,1034352.264497300,0.000004400,0.020000000,0.020000000,1034352.264501700,1034352.284497300,0,
3140,1034352.279770700,0.000008500,0.020000000,0.020000000,1034352.279779200,1034352.299770700,0,
3141,1034352.311322700,0.000008300,0.020000000,0.020000000,1034352.311331000,1034352.331322700,0,
3142,1034352.326389200,0.000008100,0.020000000,0.020000000,1034352.326397300,1034352.346389200,0,
3143,1034352.342052400,0.000006400,0.020000000,0.020000000,1034352.342058800,1034352.362052400,0,
3144,1034352.357689000,0.000012800,0.020000000,0.020000000,1034352.357701800,1034352.377689000,0,
3145,1034352.388785500,0.000016000,0.020000000,0.020000000,1034352.388801500,1034352.408785500,0,
3146,1034352.404553800,0.000011200,0.020000000,0.020000000,1034352.404565000,1034352.424553800,0,
3147,1034352.420378200,0.000007200,0.020000000,0.020000000,1034352.420385400,1034352.440378200,0,
3148,1034352.436523500,0.000011900,0.020000000,0.020000000,1034352.436535400,1034352.456523500,0,
3149,1034352.468034500,0.000011100,0.020000000,0.020000000,1034352.468045600,1034352.488034500,0,
3150,1034352.483585800,0.000007600,0.020000000,0.020000000,1034352.483593400,1034352.503585800,0,
3151,1034352.498911800,0.000007000,0.020000000,0.020000000,1034352.498918800,1034352.518911800,0,
3152,1034352.529618100,0.000012100,0.020000000,0.020000000,1034352.529630200,1034352.549618100,0,
3153,1034352.545651700,0.000017900,0.020000000,0.020000000,1034352.545669600,1034352.565651700,0,
3154,1034352.560954700,0.000006100,0.020000000,0.020000000,1034352.560960800,1034352.580954700,0,
3155,1034352.576686200,0.000003200,0.020000000,0.020000000,1034352.576689400,1034352.596686200,0,
3156,1034352.607067500,0.000008900,0.020000000,0.020000000,1034352.607076400,1034352.627067500,0,
3157,1034352.623547100,0.000006300,0.020000000,0.020000000,1034352.623553400,1034352.643547100,0,
3158,1034352.638876300,0.000003800,0.020000000,0.020000000,1034352.638880100,1034352.658876300,0,
3159,1034352.669379100,0.000007700,0.020000000,0.020000000,1034352.669386800,1034352.689379100,0,
3160,1034352.685354500,0.000007200,0.020000000,0.020000000,1034352.685361700,1034352.705354500,0,
3161,1034352.701178900,0.000010200,0.020000000,0.020000000,1034352.701189100,1034352.721178900,0,
3162,1034352.717491700,0.000003500,0.020000000,0.020000000,1034352.717495200,1034352.737491700,0,
3163,1034352.748664800,0.000011600,0.020000000,0.020000000,1034352.748676400,1034352.768664800,0,
3164,1034352.764202800,0.000009200,0.020000000,0.020000000,1034352.764212000,1034352.784202800,0,
3165,1034352.779872100,0.000003600,0.020000000,0.020000000,1034352.779875700,1034352.799872100,0,
3166,1034352.796137600,0.000011600,0.020000000,0.020000000,1034352.796149200,1034352.816137600,0,
3167,1034352.827054700,0.000011100,0.020000000,0.020000000,1034352.827065800,1034352.847054700,0,
3168,1034352.843239100,0.000007500,0.020000000,0.020000000,1034352.843246600,1034352.863239100,0,
3169,1034352.858177900,0.000007300,0.020000000,0.020000000,1034352.858185200,1034352.878177900,0,
3170,1034352.888992300,0.000016200,0.020000000,0.020000000,1034352.889008500,1034352.908992300,0,
3171,1034352.904348800,0.000010000,0.020000000,0.020000000,1034352.904358800,1034352.924348800,0,
3172,1034352.920092100,0.000008800,0.020000000,0.020000000,1034352.920100900,1034352.940092100,0,
3173,1034352.935603300,0.000009300,0.020000000,0.020000000,1034352.935612600,1034352.955603300,0,
3174,1034352.966904000,0.000015500,0.020000000,0.020000000,1034352.966919500,1034352.986904000,0,
3175,1034352.982080100,0.000005100,0.020000000,0.020000000,1034352.982085200,1034353.002080100,0,
3176,1034352.997400600,0.000005700,0.020000000,0.020000000,1034352.997406300,1034353.017400600,0,
3177,1034353.027306100,0.000017200,0.020000000,0.020000000,1034353.027323300,1034353.047306100,0,
3178,1034353.043485400,0.000006400,0.020000000,0.020000000,1034353.043491800,1034353.063485400,0,
3179,1034353.059404600,0.000003800,0.020000000,0.020000000,1034353.059408400,1034353.079404600,0,
3180,1034353.089954300,0.000008900,0.020000000,0.020000000,1034353.089963200,1034353.109954300,0,
3181,1034353.105657500,0.000012600,0.020000000,0.020000000,1034353.105670100,1034353.125657500,0,
3182,1034353.122141800,0.000010800,0.020000000,0.020000000,1034353.122152600,1034353.142141800,0,
3183,1034353.137834800,0.000007400,0.020000000,0.020000000,1034353.137842200,1034353.157834800,0,
3184,1034353.168816700,0.000010700,0.020000000,0.020000000,1034353.168827400,1034353.188816700,0,
3185,1034353.184104200,0.000006300,0.020000000,0.020000000,1034353.184110500,1034353.204104200,0,
3186,1034353.199903500,0.000007700,0.020000000,0.020000000,1034353.199911200,1034353.219903500,0,
3187,1034353.230679100,0.000009400,0.020000000,0.020000000,1034353.230688500,1034353.250679100,0,
3188,1034353.245876000,0.000008100,0.020000000,0.020000000,1034353.245884100,1034353.265876000,0,
3189,1034353.261366200,0.000004900,0.020000000,0.020000000,1034353.261371100,1034353.281366200,0,
3190,1034353.276716400,0.000007000,0.020000000,0.020000000,1034353.276723400,1034353.296716400,0,
3191,1034353.306737200,0.000008000,0.020000000,0.020000000,1034353.306745200,1034353.326737200,0,
3192,1034353.323164500,0.000008900,0.020000000,0.020000000,1034353.323173400,1034353.343164500,0,
3193,1034353.338923100,0.000005300,0.020000000,0.020000000,1034353.338928400,1034353.358923100,0,
3194,1034353.370046400,0.000013000,0.020000000,0.020000000,1034353.370059400,1034353.390046400,0,
3195,1034353.386009400,0.000013800,0.020000000,0.020000000,1034353.386023200,1034353.406009400,0,
3196,1034353.402194600,0.000004900,0.020000000,0.020000000,1034353.402199500,1034353.422194600,0,
3197,1034353.417473600,0.000003700,0.020000000,0.020000000,1034353.417477300,1034353.437473600,0,
3198,1034353.448720800,0.000007500,0.020000000,0.020000000,1034353.448728300,1034353.468720800,0,
3199,1034353.463818500,0.000009300,0.020000000,0.020000000,1034353.463827800,1034353.483818500,0,
3200,1034353.479660500,0.000007500,0.020000000,0.020000000,1034353.479668000,1034353.499660500,0,
3201,1034353.510298800,0.000038100,0.020000000,0.020000000,1034353.510336900,1034353.530298800,0,
3202,1034353.525382300,0.000008900,0.020000000,0.020000000,1034353.525391200,1034353.545382300,0,
3203,1034353.540837400,0.000009900,0.020000000,0.020000000,1034353.540847300,1034353.560837400,0,
3204,1034353.556366200,0.000006000,0.020000000,0.020000000,1034353.556372200,1034353.576366200,0,
3205,1034353.586397000,0.000006900,0.020000000,0.020000000,1034353.586403900,1034353.606397000,0,
3206,1034353.603130600,0.000008500,0.020000000,0.020000000,1034353.603139100,1034353.623130600,0,
3207,1034353.618819500,0.000004800,0.020000000,0.020000000,1034353.618824300,1034353.638819500,0,
3208,1034353.650643700,0.000006900,0.020000000,0.020000000,1034353.650650600,1034353.670643700,0,
3209,1034353.666229800,0.000010800,0.020000000,0.020000000,1034353.666240600,1034353.686229800,0,
3210,1034353.681758600,0.000015700,0.020000000,0.020000000,1034353.681774300,1034353.701758600,0,
3211,1034353.697717700,0.000007500,0.020000000,0.020000000,1034353.697725200,1034353.717717700,0,
3212,1034353.728677200,0.000009000,0.020000000,0.020000000,1034353.728686200,1034353.748677200,0,
3213,1034353.743768900,0.000005400,0.020000000,0.020000000,1034353.743774300,1034353.763768900,0,
3214,1034353.759795500,0.000005000,0.020000000,0.020000000,1034353.759800500,1034353.779795500,0,
3215,1034353.775853500,0.000007400,0.020000000,0.020000000,1034353.775860900,1034353.795853500,0,
3216,1034353.806843700,0.000012200,0.020000000,0.020000000,1034353.806855900,1034353.826843700,0,
3217,1034353.823524600,0.000010200,0.020000000,0.020000000,1034353.823534800,1034353.843524600,0,
3218,1034353.839224600,0.000012000,0.020000000,0.020000000,1034353.839236600,1034353.859224600,0,
3219,1034353.870218700,0.000007500,0.020000000,0.020000000,1034353.870226200,1034353.890218700,0,
3220,1034353.884796000,0.000006500,0.020000000,0.020000000,1034353.884802500,1034353.904796000,0,
3221,1034353.901007300,0.000004100,0.020000000,0.020000000,1034353.901011400,1034353.921007300,0,
3222,1034353.916571100,0.000005700,0.020000000,0.020000000,1034353.916576800,1034353.936571100,0,
3223,1034353.948637200,0.000007600,0.020000000,0.020000000,1034353.948644800,1034353.968637200,0,
3224,1034353.963909300,0.000007000,0.020000000,0.020000000,1034353.963916300,1034353.983909300,0,
3225,1034353.979311600,0.000006200,0.020000000,0.020000000,1034353.979317800,1034353.999311600,0,
3226,1034354.010270500,0.000007300,0.020000000,0.020000000,1034354.010277800,1034354.030270500,0,
3227,1034354.025833300,0.000007800,0.020000000,0.020000000,1034354.025841100,1034354.045833300,0,
3228,1034354.041719100,0.000014600,0.020000000,0.020000000,1034354.041733700,1034354.061719100,0,
3229,1034354.057435500,0.000005900,0.020000000,0.020000000,1034354.057441400,1034354.077435500,0,
3230,1034354.089068000,0.000007300,0.020000000,0.020000000,1034354.089075300,1034354.109068000,0,
3231,1034354.104438600,0.000127600,0.020000000,0.020000000,1034354.104566200,1034354.124438600,0,
3232,1034354.120550400,0.000004300,0.020000000,0.020000000,1034354.120554700,1034354.140550400,0,
3233,1034354.136431500,0.000005300,0.020000000,0.020000000,1034354.136436800,1034354.156431500,0,
3234,1034354.167829800,0.000008500,0.020000000,0.020000000,1034354.167838300,1034354.187829800,0,
3235,1034354.183465000,0.000006300,0.020000000,0.020000000,1034354.183471300,1034354.203465000,0,
3236,1034354.199031400,0.000006100,0.020000000,0.020000000,1034354.199037500,1034354.219031400,0,
3237,1034354.229930000,0.000008700,0.020000000,0.020000000,1034354.229938700,1034354.249930000,0,
3238,1034354.246025400,0.000010300,0.020000000,0.020000000,1034354.246035700,1034354.266025400,0,
3239,1034354.261593900,0.000009500,0.020000000,0.020000000,1034354.261603400,1034354.281593900,0,
3240,1034354.276672600,0.000005700,0.020000000,0.020000000,1034354.276678300,1034354.296672600,0,
3241,1034354.307827600,0.000009700,0.020000000,0.020000000,1034354.307837300,1034354.327827600,0,
3242,1034354.324153200,0.000004600,0.020000000,0.020000000,1034354.324157800,1034354.344153200,0,
3243,1034354.339176100,0.000010300,0.020000000,0.020000000,1034354.339186400,1034354.359176100,0,
3244,1034354.370233700,0.000006700,0.020000000,0.020000000,1034354.370240400,1034354.390233700,0,
3245,1034354.384937700,0.000012300,0.020000000,0.020000000,1034354.384950000,1034354.404937700,0,
3246,1034354.400353800,0.000004600,0.020000000,0.020000000,1034354.400358400,1034354.420353800,0,
3247,1034354.416327700,0.000004400,0.020000000,0.020000000,1034354.416332100,1034354.436327700,0,
3248,1034354.446745700,0.000015400,0.020000000,0.020000000,1034354.446761100,1034354.466745700,0,
3249,1034354.462502900,0.000013100,0.020000000,0.020000000,1034354.462516000,1034354.482502900,0,
3250,1034354.478301000,0.000008400,0.020000000,0.020000000,1034354.478309400,1034354.498301000,0,
3251,1034354.508809100,0.000006500,0.020000000,0.020000000,1034354.508815600,1034354.528809100,0,
3252,1034354.523775700,0.000006800,0.020000000,0.020000000,1034354.523782500,1034354.543775700,0,
3253,1034354.538862900,0.000008900,0.020000000,0.020000000,1034354.538871800,1034354.558862900,0,
3254,1034354.570168700,0.000011200,0.020000000,0.020000000,1034354.570179900,1034354.590168700,0,
3255,1034354.585246600,0.000012700,0.020000000,0.020000000,1034354.585259300,1034354.605246600,0,
3256,1034354.600762300,0.000013500,0.020000000,0.020000000,1034354.600775800,1034354.620762300,0,
3257,1034354.616002800,0.000010300,0.020000000,0.020000000,1034354.616013100,1034354.636002800,0,
3258,1034354.646680400,0.000009800,0.020000000,0.020000000,1034354.646690200,1034354.666680400,0,
3259,1034354.661872400,0.000016900,0.020000000,0.020000000,1034354.661889300,1034354.681872400,0,
3260,1034354.677609600,0.000004800,0.020000000,0.020000000,1034354.677614400,1034354.697609600,0,
3261,1034354.708569600,0.000008300,0.020000000,0.020000000,1034354.708577900,1034354.728569600,0,
3262,1034354.724135700,0.000009300,0.020000000,0.020000000,1034354.724145000,1034354.744135700,0,
3263,1034354.739503700,0.000004300,0.020000000,0.020000000,1034354.739508000,1034354.759503700,0,
3264,1034354.770669600,0.000008700,0.020000000,0.020000000,1034354.770678300,1034354.790669600,0,
3265,1034354.786549800,0.000008900,0.020000000,0.020000000,1034354.786558700,1034354.806549800,0,
3266,1034354.801735400,0.000006100,0.020000000,0.020000000,1034354.801741500,1034354.821735400,0,
3267,1034354.817739000,0.000003700,0.020000000,0.020000000,1034354.817742700,1034354.837739000,0,
3268,1034354.849531900,0.000011300,0.020000000,0.020000000,1034354.849543200,1034354.869531900,0,
3269,1034354.864886000,0.000010100,0.020000000,0.020000000,1034354.864896100,1034354.884886000,0,
3270,1034354.880648400,0.000010100,0.020000000,0.020000000,1034354.880658500,1034354.900648400,0,
3271,1034354.895843800,0.000014000,0.020000000,0.020000000,1034354.895857800,1034354.915843800,0,
3272,1034354.926185400,0.000013600,0.020000000,0.020000000,1034354.926199000,1034354.946185400,0,
3273,1034354.941781200,0.000004100,0.020000000,0.020000000,1034354.941785300,1034354.961781200,0,
3274,1034354.957568700,0.000007500,0.020000000,0.020000000,1034354.957576200,1034354.977568700,0,
3275,1034354.989164700,0.000012200,0.020000000,0.020000000,1034354.989176900,1034355.009164700,0,
3276,1034355.004106600,0.000007600,0.020000000,0.020000000,1034355.004114200,1034355.024106600,0,
3277,1034355.019929500,0.000006700,0.020000000,0.020000000,1034355.019936200,1034355.039929500,0,
3278,1034355.050730200,0.000008000,0.020000000,0.020000000,1034355.050738200,1034355.070730200,0,
3279,1034355.066583700,0.000009900,0.020000000,0.020000000,1034355.066593600,1034355.086583700,0,
3280,1034355.082435900,0.000007100,0.020000000,0.020000000,1034355.082443000,1034355.102435900,0,
3281,1034355.097685100,0.000008700,0.020000000,0.020000000,1034355.097693800,1034355.117685100,0,
3282,1034355.128893400,0.000006700,0.020000000,0.020000000,1034355.128900100,1034355.148893400,0,
3283,1034355.144049100,0.000011200,0.020000000,0.020000000,1034355.144060300,1034355.164049100,0,
3284,1034355.159285600,0.000005400,0.020000000,0.020000000,1034355.159291000,1034355.179285600,0,
3285,1034355.190253100,0.000012100,0.020000000,0.020000000,1034355.190265200,1034355.210253100,0,
3286,1034355.206345500,0.000008600,0.020000000,0.020000000,1034355.206354100,1034355.226345500,0,
3287,1034355.222691400,0.000008300,0.020000000,0.020000000,1034355.222699700,1034355.242691400,0,
3288,1034355.238582000,0.000007400,0.020000000,0.020000000,1034355.238589400,1034355.258582000,0,
3289,1034355.268895500,0.000012500,0.020000000,0.020000000,1034355.268908000,1034355.288895500,0,
3290,1034355.284138200,0.000006300,0.020000000,0.020000000,1034355.284144500,1034355.304138200,0,
3291,1034355.300150600,0.000006400,0.020000000,0.020000000,1034355.300157000,1034355.320150600,0,
3292,1034355.315658100,0.000009800,0.020000000,0.020000000,1034355.315667900,1034355.335658100,0,
3293,1034355.346987400,0.000006400,0.020000000,0.020000000,1034355.346993800,1034355.366987400,0,
3294,1034355.363097600,0.000008700,0.020000000,0.020000000,1034355.363106300,1034355.383097600,0,
3295,1034355.378949500,0.000005800,0.020000000,0.020000000,1034355.378955300,1034355.398949500,0,
3296,1034355.410626700,0.000009700,0.020000000,0.020000000,1034355.410636400,1034355.430626700,0,
3297,1034355.426185200,0.000007200,0.020000000,0.020000000,1034355.426192400,1034355.446185200,0,
3298,1034355.441804300,0.000020700,0.020000000,0.020000000,1034355.441825000,1034355.461804300,0,
3299,1034355.458031500,0.000005500,0.020000000,0.020000000,1034355.458037000,1034355.478031500,0,
3300,1034355.488987100,0.000007100,0.020000000,0.020000000,1034355.488994200,1034355.508987100,0,
3301,1034355.504397300,0.000005100,0.020000000,0.020000000,1034355.504402400,1034355.524397300,0,
3302,1034355.519760100,0.000003500,0.020000000,0.020000000,1034355.519763600,1034355.539760100,0,
3303,1034355.550434800,0.000007600,0.020000000,0.020000000,1034355.550442400,1034355.570434800,0,
3304,1034355.566123400,0.000009200,0.020000000,0.020000000,1034355.566132600,1034355.586123400,0,
3305,1034355.581904400,0.000009100,0.020000000,0.020000000,1034355.581913500,1034355.601904400,0,
3306,1034355.598518300,0.000033800,0.020000000,0.020000000,1034355.598552100,1034355.618518300,0,
3307,1034355.629735500,0.000007800,0.020000000,0.020000000,1034355.629743300,1034355.649735500,0,
3308,1034355.644976500,0.000006100,0.020000000,0.020000000,1034355.644982600,1034355.664976500,0,
3309,1034355.661298400,0.000008300,0.020000000,0.020000000,1034355.661306700,1034355.681298400,0,
3310,1034355.677415900,0.000006000,0.020000000,0.020000000,1034355.677421900,1034355.697415900,0,
3311,1034355.708322300,0.000007500,0.020000000,0.020000000,1034355.708329800,1034355.728322300,0,
3312,1034355.723494600,0.000007200,0.020000000,0.020000000,1034355.723501800,1034355.743494600,0,
3313,1034355.738723900,0.000004900,0.020000000,0.020000000,1034355.738728800,1034355.758723900,0,
3314,1034355.768905300,0.000008400,0.020000000,0.020000000,1034355.768913700,1034355.788905300,0,
3315,1034355.784011700,0.000008400,0.020000000,0.020000000,1034355.784020100,1034355.804011700,0,
3316,1034355.799211000,0.000003500,0.020000000,0.020000000,1034355.799214500,1034355.819211000,0,
3317,1034355.830411300,0.000011700,0.020000000,0.020000000,1034355.830423000,1034355.850411300,0,
3318,1034355.846516300,0.000005800,0.020000000,0.020000000,1034355.846522100,1034355.866516300,0,
3319,1034355.861522600,0.000008300,0.020000000,0.020000000,1034355.861530900,1034355.881522600,0,
3320,1034355.876667500,0.000005100,0.020000000,0.020000000,1034355.876672600,1034355.896667500,0,
3321,1034355.907635600,0.000015100,0.020000000,0.020000000,1034355.907650700,1034355.927635600,0,
3322,1034355.923738000,0.000009300,0.020000000,0.020000000,1034355.923747300,1034355.943738000,0,
3323,1034355.939059900,0.000021600,0.020000000,0.020000000,1034355.939081500,1034355.959059900,0,
3324,1034355.970131300,0.000006200,0.020000000,0.020000000,1034355.970137500,1034355.990131300,0,
3325,1034355.985871700,0.000008200,0.020000000,0.020000000,1034355.985879900,1034356.005871700,0,
3326,1034356.002049900,0.000007800,0.020000000,0.020000000,1034356.002057700,1034356.022049900,0,
3327,1034356.017924900,0.000003500,0.020000000,0.020000000,1034356.017928400,1034356.037924900,0,
3328,1034356.048689000,0.000009400,0.020000000,0.020000000,1034356.048698400,1034356.068689000,0,
3329,1034356.064288400,0.000014300,0.020000000,0.020000000,1034356.064302700,1034356.084288400,0,
3330,1034356.079599800,0.000004400,0.020000000,0.020000000,1034356.079604200,1034356.099599800,0,
3331,1034356.110573600,0.000008200,0.020000000,0.020000000,1034356.110581800,1034356.130573600,0,
3332,1034356.126295200,0.000006300,0.020000000,0.020000000,1034356.126301500,1034356.146295200,0,
3333,1034356.141580100,0.000011100,0.020000000,0.020000000,1034356.141591200,1034356.161580100,0,
3334,1034356.157506100,0.000005700,0.020000000,0.020000000,1034356.157511800,1034356.177506100,0,
3335,1034356.189036000,0.000008400,0.020000000,0.020000000,1034356.189044400,1034356.209036000,0,
3336,1034356.204394200,0.000007000,0.020000000,0.020000000,1034356.204401200,1034356.224394200,0,
3337,1034356.220106000,0.000006400,0.020000000,0.020000000,1034356.220112400,1034356.240106000,0,
3338,1034356.236033400,0.000008300,0.020000000,0.020000000,1034356.236041700,1034356.256033400,0,
3339,1034356.266495800,0.000008700,0.020000000,0.020000000,1034356.266504500,1034356.286495800,0,
3340,1034356.282276000,0.000005100,0.020000000,0.020000000,1034356.282281100,1034356.302276000,0,
3341,1034356.297626200,0.000009200,0.020000000,0.020000000,1034356.297635400,1034356.317626200,0,
3342,1034356.328746200,0.000007800,0.020000000,0.020000000,1034356.328754000,1034356.348746200,0,
3343,1034356.344018100,0.000008500,0.020000000,0.020000000,1034356.344026600,1034356.364018100,0,
3344,1034356.359017100,0.000003600,0.020000000,0.020000000,1034356.359020700,1034356.379017100,0,
3345,1034356.390295600,0.000007600,0.020000000,0.020000000,1034356.390303200,1034356.410295600,0,
3346,1034356.406074000,0.000007200,0.020000000,0.020000000,1034356.406081200,1034356.426074000,0,
3347,1034356.421346300,0.000009800,0.020000000,0.020000000,1034356.421356100,1034356.441346300,0,
3348,1034356.437400200,0.000008500,0.020000000,0.020000000,1034356.437408700,1034356.457400200,0,
3349,1034356.468674200,0.000010400,0.020000000,0.020000000,1034356.468684600,1034356.488674200,0,
3350,1034356.484488100,0.000008700,0.020000000,0.020000000,1034356.484496800,1034356.504488100,0,
3351,1034356.500245700,0.000008800,0.020000000,0.020000000,1034356.500254500,1034356.520245700,0,
3352,1034356.515935700,0.000005300,0.020000000,0.020000000,1034356.515941000,1034356.535935700,0,
3353,1034356.547187200,0.000009300,0.020000000,0.020000000,1034356.547196500,1034356.567187200,0,
3354,1034356.562278400,0.000009100,0.020000000,0.020000000,1034356.562287500,1034356.582278400,0,
3355,1034356.578178200,0.000004200,0.020000000,0.020000000,1034356.578182400,1034356.598178200,0,
3356,1034356.608764500,0.000010400,0.020000000,0.020000000,1034356.608774900,1034356.628764500,0,
3357,1034356.624525400,0.000004100,0.020000000,0.020000000,1034356.624529500,1034356.644525400,0,
3358,1034356.640495200,0.000012200,0.020000000,0.020000000,1034356.640507400,1034356.660495200,0,
3359,1034356.655710000,0.000005900,0.020000000,0.020000000,1034356.655715900,1034356.675710000,0,
3360,1034356.686942200,0.000009600,0.020000000,0.020000000,1034356.686951800,1034356.706942200,0,
3361,1034356.702688600,0.000008000,0.020000000,0.020000000,1034356.702696600,1034356.722688600,0,
3362,1034356.718165500,0.000005200,0.020000000,0.020000000,1034356.718170700,1034356.738165500,0,
3363,1034356.749830100,0.000011500,0.020000000,0.020000000,1034356.749841600,1034356.769830100,0,
3364,1034356.765569100,0.000011300,0.020000000,0.020000000,1034356.765580400,1034356.785569100,0,
3365,1034356.781569200,0.000011400,0.020000000,0.020000000,1034356.781580600,1034356.801569200,0,
3366,1034356.796983900,0.000008200,0.020000000,0.020000000,1034356.796992100,1034356.816983900,0,
3367,1034356.827154000,0.000026100,0.020000000,0.020000000,1034356.827180100,1034356.847154000,0,
3368,1034356.843567400,0.000009000,0.020000000,0.020000000,1034356.843576400,1034356.863567400,0,
3369,1034356.859951600,0.000016900,0.020000000,0.020000000,1034356.859968500,1034356.879951600,0,
3370,1034356.875599100,0.000013600,0.020000000,0.020000000,1034356.875612700,1034356.895599100,0,
3371,1034356.906451400,0.000019800,0.020000000,0.020000000,1034356.906471200,1034356.926451400,0,
3372,1034356.922609100,0.000017900,0.020000000,0.020000000,1034356.922627000,1034356.942609100,0,
3373,1034356.937947300,0.000016700,0.020000000,0.020000000,1034356.937964000,1034356.957947300,0,
3374,1034356.969032000,0.000019600,0.020000000,0.020000000,1034356.969051600,1034356.989032000,0,
3375,1034356.983982400,0.000004200,0.020000000,0.020000000,1034356.983986600,1034357.003982400,0,
3376,1034356.999242100,0.000008500,0.020000000,0.020000000,1034356.999250600,1034357.019242100,0,
3377,1034357.030277900,0.000015200,0.020000000,0.020000000,1034357.030293100,1034357.050277900,0,
3378,1034357.045506000,0.000015000,0.020000000,0.020000000,1034357.045521000,1034357.065506000,0,
3379,1034357.061438300,0.000022300,0.020000000,0.020000000,1034357.061460600,1034357.081438300,0,
3380,1034357.077297200,0.000009500,0.020000000,0.020000000,1034357.077306700,1034357.097297200,0,
3381,1034357.108626700,0.000017000,0.020000000,0.020000000,1034357.108643700,1034357.128626700,0,
3382,1034357.124889000,0.000007500,0.020000000,0.020000000,1034357.124896500,1034357.144889000,0,
3383,1034357.140675000,0.000014900,0.020000000,0.020000000,1034357.140689900,1034357.160675000,0,
3384,1034357.156091100,0.000016400,0.020000000,0.020000000,1034357.156107500,1034357.176091100,0,
3385,1034357.187678200,0.000016700,0.020000000,0.020000000,1034357.187694900,1034357.207678200,0,
3386,1034357.201913400,0.000016200,0.020000000,0.020000000,1034357.201929600,1034357.221913400,0,
3387,1034357.218476300,0.000014000,0.020000000,0.020000000,1034357.218490300,1034357.238476300,0,
3388,1034357.248756100,0.000008100,0.020000000,0.020000000,1034357.248764200,1034357.268756100,0,
3389,1034357.264372800,0.000017800,0.020000000,0.020000000,1034357.264390600,1034357.284372800,0,
3390,1034357.280434500,0.000007300,0.020000000,0.020000000,1034357.280441800,1034357.300434500,0,
3391,1034357.296055300,0.000013400,0.020000000,0.020000000,1034357.296068700,1034357.316055300,0,
3392,1034357.327056000,0.000016200,0.020000000,0.020000000,1034357.327072200,1034357.347056000,0,
3393,1034357.343330800,0.000017600,0.020000000,0.020000000,1034357.343348400,1034357.363330800,0,
3394,1034357.358426900,0.000012700,0.020000000,0.020000000,1034357.358439600,1034357.378426900,0,
3395,1034357.389472600,0.000016000,0.020000000,0.020000000,1034357.389488600,1034357.409472600,0,
3396,1034357.405275400,0.000013600,0.020000000,0.020000000,1034357.405289000,1034357.425275400,0,
3397,1034357.420906600,0.000009500,0.020000000,0.020000000,1034357.420916100,1034357.440906600,0,
3398,1034357.436535900,0.000014800,0.020000000,0.020000000,1034357.436550700,1034357.456535900,0,
3399,1034357.467860100,0.000020700,0.020000000,0.020000000,1034357.467880800,1034357.487860100,0,
3400,1034357.483903600,0.000012200,0.020000000,0.020000000,1034357.483915800,1034357.503903600,0,
3401,1034357.499500600,0.000006100,0.020000000,0.020000000,1034357.499506700,1034357.519500600,0,
3402,1034357.530031200,0.000017300,0.020000000,0.020000000,1034357.530048500,1034357.550031200,0,
3403,1034357.545152400,0.000017700,0.020000000,0.020000000,1034357.545170100,1034357.565152400,0,
3404,1034357.561735100,0.000016500,0.020000000,0.020000000,1034357.561751600,1034357.581735100,0,
3405,1034357.577042200,0.000027900,0.020000000,0.020000000,1034357.577070100,1034357.597042200,0,
3406,1034357.608557800,0.000019400,0.020000000,0.020000000,1034357.608577200,1034357.628557800,0,
3407,1034357.623657000,0.000005300,0.020000000,0.020000000,1034357.623662300,1034357.643657000,0,
3408,1034357.639573900,0.000008900,0.020000000,0.020000000,1034357.639582800,1034357.659573900,0,
3409,1034357.670137400,0.000011600,0.020000000,0.020000000,1034357.670149000,1034357.690137400,0,
3410,1034357.686507100,0.000019600,0.020000000,0.020000000,1034357.686526700,1034357.706507100,0,
3411,1034357.701572100,0.000015000,0.020000000,0.020000000,1034357.701587100,1034357.721572100,0,
3412,1034357.717955700,0.000006900,0.020000000,0.020000000,1034357.717962600,1034357.737955700,0,
3413,1034357.748646100,0.000015200,0.020000000,0.020000000,1034357.748661300,1034357.768646100,0,
3414,1034357.765789200,0.000011500,0.020000000,0.020000000,1034357.765800700,1034357.785789200,0,
3415,1034357.780623500,0.000011000,0.020000000,0.020000000,1034357.780634500,1034357.800623500,0,
3416,1034357.796487400,0.000013500,0.020000000,0.020000000,1034357.796500900,1034357.816487400,0,
3417,1034357.827381800,0.000014000,0.020000000,0.020000000,1034357.827395800,1034357.847381800,0,
3418,1034357.842932900,0.000015900,0.020000000,0.020000000,1034357.842948800,1034357.862932900,0,
3419,1034357.858474800,0.000014100,0.020000000,0.020000000,1034357.858488900,1034357.878474800,0,
3420,1034357.889408500,0.000010800,0.020000000,0.020000000,1034357.889419300,1034357.909408500,0,
3421,1034357.905528900,0.000013300,0.020000000,0.020000000,1034357.905542200,1034357.925528900,0,
3422,1034357.920929500,0.000008100,0.020000000,0.020000000,1034357.920937600,1034357.940929500,0,
3423,1034357.936898900,0.000009200,0.020000000,0.020000000,1034357.936908100,1034357.956898900,0,
3424,1034357.966929600,0.000019400,0.020000000,0.020000000,1034357.966949000,1034357.986929600,0,
3425,1034357.983021500,0.000013800,0.020000000,0.020000000,1034357.983035300,1034358.003021500,0,
3426,1034357.998832500,0.000015600,0.020000000,0.020000000,1034357.998848100,1034358.018832500,0,
3427,1034358.029988400,0.000010900,0.020000000,0.020000000,1034358.029999300,1034358.049988400,0,
3428,1034358.045989300,0.000008200,0.020000000,0.020000000,1034358.045997500,1034358.065989300,0,
3429,1034358.062239600,0.000007700,0.020000000,0.020000000,1034358.062247300,1034358.082239600,0,
3430,1034358.077196300,0.000007600,0.020000000,0.020000000,1034358.077203900,1034358.097196300,0,
3431,1034358.107408100,0.000012000,0.020000000,0.020000000,1034358.107420100,1034358.127408100,0,
3432,1034358.123116200,0.000008400,0.020000000,0.020000000,1034358.123124600,1034358.143116200,0,
3433,1034358.139204600,0.000004600,0.020000000,0.020000000,1034358.139209200,1034358.159204600,0,
3434,1034358.170402300,0.000006200,0.020000000,0.020000000,1034358.170408500,1034358.190402300,0,
3435,1034358.185239400,0.000008200,0.020000000,0.020000000,1034358.185247600,1034358.205239400,0,
3436,1034358.200931800,0.000006600,0.020000000,0.020000000,1034358.200938400,1034358.220931800,0,
3437,1034358.216952100,0.000004400,0.020000000,0.020000000,1034358.216956500,1034358.236952100,0,
3438,1034358.248715300,0.000010500,0.020000000,0.020000000,1034358.248725800,1034358.268715300,0,
3439,1034358.264831000,0.000006400,0.020000000,0.020000000,1034358.264837400,1034358.284831000,0,
3440,1034358.280113100,0.000006800,0.020000000,0.020000000,1034358.280119900,1034358.300113100,0,
3441,1034358.295930200,0.000003800,0.020000000,0.020000000,1034358.295934000,1034358.315930200,0,
3442,1034358.326875100,0.000008100,0.020000000,0.020000000,1034358.326883200,1034358.346875100,0,
3443,1034358.342469300,0.000007700,0.020000000,0.020000000,1034358.342477000,1034358.362469300,0,
3444,1034358.358085800,0.000011000,0.020000000,0.020000000,1034358.358096800,1034358.378085800,0,
3445,1034358.388930900,0.000009200,0.020000000,0.020000000,1034358.388940100,1034358.408930900,0,
3446,1034358.404465300,0.000007700,0.020000000,0.020000000,1034358.404473000,1034358.424465300,0,
3447,1034358.419642800,0.000006200,0.020000000,0.020000000,1034358.419649000,1034358.439642800,0,
3448,1034358.435544500,0.000008000,0.020000000,0.020000000,1034358.435552500,1034358.455544500,0,
3449,1034358.466750200,0.000009200,0.020000000,0.020000000,1034358.466759400,1034358.486750200,0,
3450,1034358.483075600,0.000008400,0.020000000,0.020000000,1034358.483084000,1034358.503075600,0,
3451,1034358.499126900,0.000003500,0.020000000,0.020000000,1034358.499130400,1034358.519126900,0,
3452,1034358.530427300,0.000005300,0.020000000,0.020000000,1034358.530432600,1034358.550427300,0,
3453,1034358.544830600,0.000008900,0.020000000,0.020000000,1034358.544839500,1034358.564830600,0,
3454,1034358.561112800,0.000007600,0.020000000,0.020000000,1034358.561120400,1034358.581112800,0,
3455,1034358.576817400,0.000005600,0.020000000,0.020000000,1034358.576823000,1034358.596817400,0,
3456,1034358.607174600,0.000011600,0.020000000,0.020000000,1034358.607186200,1034358.627174600,0,
3457,1034358.623728600,0.000010100,0.020000000,0.020000000,1034358.623738700,1034358.643728600,0,
3458,1034358.638359000,0.000009700,0.020000000,0.020000000,1034358.638368700,1034358.658359000,0,
3459,1034358.669628400,0.000006600,0.020000000,0.020000000,1034358.669635000,1034358.689628400,0,
3460,1034358.685211200,0.000006900,0.020000000,0.020000000,1034358.685218100,1034358.705211200,0,
3461,1034358.701161400,0.000006000,0.020000000,0.020000000,1034358.701167400,1034358.721161400,0,
3462,1034358.716996200,0.000003900,0.020000000,0.020000000,1034358.717000100,1034358.736996200,0,
3463,1034358.747613500,0.000013000,0.020000000,0.020000000,1034358.747626500,1034358.767613500,0,
3464,1034358.763941000,0.000018000,0.020000000,0.020000000,1034358.763959000,1034358.783941000,0,
3465,1034358.779077400,0.000007500,0.020000000,0.020000000,1034358.779084900,1034358.799077400,0,
3466,1034358.809989400,0.000008700,0.020000000,0.020000000,1034358.809998100,1034358.829989400,0,
3467,1034358.825979500,0.000006600,0.020000000,0.020000000,1034358.825986100,1034358.845979500,0,
3468,1034358.841552200,0.000006500,0.020000000,0.020000000,1034358.841558700,1034358.861552200,0,
3469,1034358.856587000,0.000008200,0.020000000,0.020000000,1034358.856595200,1034358.876587000,0,
3470,1034358.887879900,0.000008300,0.020000000,0.020000000,1034358.887888200,1034358.907879900,0,
3471,1034358.903391800,0.000004400,0.020000000,0.020000000,1034358.903396200,1034358.923391800,0,
3472,1034358.918667200,0.000007200,0.020000000,0.020000000,1034358.918674400,1034358.938667200,0,
3473,1034358.950410300,0.000008800,0.020000000,0.020000000,1034358.950419100,1034358.970410300,0,
3474,1034358.966202800,0.000007300,0.020000000,0.020000000,1034358.966210100,1034358.986202800,0,
3475,1034358.981878300,0.000006800,0.020000000,0.020000000,1034358.981885100,1034359.001878300,0,
3476,1034358.997369100,0.000009900,0.020000000,0.020000000,1034358.997379000,1034359.017369100,0,
3477,1034359.027673800,0.000010600,0.020000000,0.020000000,1034359.027684400,1034359.047673800,0,
3478,1034359.043306000,0.000010700,0.020000000,0.020000000,1034359.043316700,1034359.063306000,0,
3479,1034359.058593200,0.000007200,0.020000000,0.020000000,1034359.058600400,1034359.078593200,0,
3480,1034359.089998600,0.000007500,0.020000000,0.020000000,1034359.090006100,1034359.109998600,0,
3481,1034359.104829600,0.000011100,0.020000000,0.020000000,1034359.104840700,1034359.124829600,0,
3482,1034359.120354600,0.000004300,0.020000000,0.020000000,1034359.120358900,1034359.140354600,0,
3483,1034359.136274500,0.000008900,0.020000000,0.020000000,1034359.136283400,1034359.156274500,0,
3484,1034359.167986600,0.000007400,0.020000000,0.020000000,1034359.167994000,1034359.187986600,0,
3485,1034359.183393100,0.000016100,0.020000000,0.020000000,1034359.183409200,1034359.203393100,0,
3486,1034359.199577600,0.000005200,0.020000000,0.020000000,1034359.199582800,1034359.219577600,0,
3487,1034359.230978600,0.000012800,0.020000000,0.020000000,1034359.230991400,1034359.250978600,0,
3488,1034359.247217800,0.000011300,0.020000000,0.020000000,1034359.247229100,1034359.267217800,0,
3489,1034359.262448700,0.000007700,0.020000000,0.020000000,1034359.262456400,1034359.282448700,0,
3490,1034359.278384400,0.000012600,0.020000000,0.020000000,1034359.278397000,1034359.298384400,0,
3491,1034359.310264300,0.000011200,0.020000000,0.020000000,1034359.310275500,1034359.330264300,0,
3492,1034359.326173800,0.000015700,0.020000000,0.020000000,1034359.326189500,1034359.346173800,0,
3493,1034359.341748600,0.000006100,0.020000000,0.020000000,1034359.341754700,1034359.361748600,0,
3494,1034359.357521100,0.000007500,0.020000000,0.020000000,1034359.357528600,1034359.377521100,0,
3495,1034359.388854000,0.000019200,0.020000000,0.020000000,1034359.388873200,1034359.408854000,0,
3496,1034359.404320200,0.000014300,0.020000000,0.020000000,1034359.404334500,1034359.424320200,0,
3497,1034359.419981900,0.000009000,0.020000000,0.020000000,1034359.419990900,1034359.439981900,0,
3498,1034359.435636200,0.000004300,0.020000000,0.020000000,1034359.435640500,1034359.455636200,0,
3499,1034359.466817300,0.000018100,0.020000000,0.020000000,1034359.466835400,1034359.486817300,0,
3500,1034359.482345200,0.000008500,0.020000000,0.020000000,1034359.482353700,1034359.502345200,0,
3501,1034359.498724200,0.000009000,0.020000000,0.020000000,1034359.498733200,1034359.518724200,0,
3502,1034359.529804300,0.000014200,0.020000000,0.020000000,1034359.529818500,1034359.549804300,0,
3503,1034359.545957300,0.000015800,0.020000000,0.020000000,1034359.545973100,1034359.565957300,0,
3504,1034359.560990600,0.000010300,0.020000000,0.020000000,1034359.561000900,1034359.580990600,0,
3505,1034359.576978000,0.000007300,0.020000000,0.020000000,1034359.576985300,1034359.596978000,0,
3506,1034359.607748300,0.000011600,0.020000000,0.020000000,1034359.607759900,1034359.627748300,0,
3507,1034359.623405000,0.000009700,0.020000000,0.020000000,1034359.623414700,1034359.643405000,0,
3508,1034359.638268200,0.000007600,0.020000000,0.020000000,1034359.638275800,1034359.658268200,0,
3509,1034359.668192100,0.000009000,0.020000000,0.020000000,1034359.668201100,1034359.688192100,0,
3510,1034359.683446100,0.000045600,0.020000000,0.020000000,1034359.683491700,1034359.703446100,0,
3511,1034359.698570400,0.000009300,0.020000000,0.020000000,1034359.698579700,1034359.718570400,0,
3512,1034359.729842300,0.000011900,0.020000000,0.020000000,1034359.729854200,1034359.749842300,0,
3513,1034359.745971400,0.000008600,0.020000000,0.020000000,1034359.745980000,1034359.765971400,0,
3514,1034359.762125600,0.000007500,0.020000000,0.020000000,1034359.762133100,1034359.782125600,0,
3515,1034359.778156800,0.000007800,0.020000000,0.020000000,1034359.778164600,1034359.798156800,0,
3516,1034359.810119100,0.000010800,0.020000000,0.020000000,1034359.810129900,1034359.830119100,0,
3517,1034359.826024700,0.000006400,0.020000000,0.020000000,1034359.826031100,1034359.846024700,0,
3518,1034359.841480700,0.000009000,0.020000000,0.020000000,1034359.841489700,1034359.861480700,0,
3519,1034359.857277500,0.000006800,0.020000000,0.020000000,1034359.857284300,1034359.877277500,0,
3520,1034359.888399200,0.000012200,0.020000000,0.020000000,1034359.888411400,1034359.908399200,0,
3521,1034359.904327000,0.000006400,0.020000000,0.020000000,1034359.904333400,1034359.924327000,0,
3522,1034359.919664700,0.000007500,0.020000000,0.020000000,1034359.919672200,1034359.939664700,0,
3523,1034359.935812500,0.000005200,0.020000000,0.020000000,1034359.935817700,1034359.955812500,0,
3524,1034359.967195300,0.000008900,0.020000000,0.020000000,1034359.967204200,1034359.987195300,0,
3525,1034359.983499800,0.000007500,0.020000000,0.020000000,1034359.983507300,1034360.003499800,0,
3526,1034359.998573000,0.000007100,0.020000000,0.020000000,1034359.998580100,1034360.018573000,0,
3527,1034360.029470500,0.000010500,0.020000000,0.020000000,1034360.029481000,1034360.049470500,0,
3528,1034360.045220300,0.000013200,0.020000000,0.020000000,1034360.045233500,1034360.065220300,0,
3529,1034360.061575000,0.000004800,0.020000000,0.020000000,1034360.061579800,1034360.081575000,0,
3530,1034360.077679000,0.000004800,0.020000000,0.020000000,1034360.077683800,1034360.097679000,0,
3531,1034360.109774700,0.000007100,0.020000000,0.020000000,1034360.109781800,1034360.129774700,0,
3532,1034360.125018100,0.000009000,0.020000000,0.020000000,1034360.125027100,1034360.145018100,0,
3533,1034360.140669600,0.000005100,0.020000000,0.020000000,1034360.140674700,1034360.160669600,0,
3534,1034360.156152900,0.000007800,0.020000000,0.020000000,1034360.156160700,1034360.176152900,0,
3535,1034360.187185400,0.000009900,0.020000000,0.020000000,1034360.187195300,1034360.207185400,0,
3536,1034360.203201200,0.000008800,0.020000000,0.020000000,1034360.203210000,1034360.223201200,0,
3537,1034360.218955700,0.000005700,0.020000000,0.020000000,1034360.218961400,1034360.238955700,0,
3538,1034360.250310100,0.000013300,0.020000000,0.020000000,1034360.250323400,1034360.270310100,0,
3539,1034360.266124700,0.000007000,0.020000000,0.020000000,1034360.266131700,1034360.286124700,0,
3540,1034360.280948900,0.000010200,0.020000000,0.020000000,1034360.280959100,1034360.300948900,0,
3541,1034360.296809300,0.000007200,0.020000000,0.020000000,1034360.296816500,1034360.316809300,0,
3542,1034360.327311500,0.000007500,0.020000000,0.020000000,1034360.327319000,1034360.347311500,0,
3543,1034360.343483000,0.000004700,0.020000000,0.020000000,1034360.343487700,1034360.363483000,0,
3544,1034360.359826700,0.000005500,0.020000000,0.020000000,1034360.359832200,1034360.379826700,0,
3545,1034360.375580000,0.000008300,0.020000000,0.020000000,1034360.375588300,1034360.395580000,0,
3546,1034360.406569300,0.000009500,0.020000000,0.020000000,1034360.406578800,1034360.426569300,0,
3547,1034360.423231400,0.000010300,0.020000000,0.020000000,1034360.423241700,1034360.443231400,0,
3548,1034360.438847800,0.000004400,0.020000000,0.020000000,1034360.438852200,1034360.458847800,0,
3549,1034360.470108700,0.000003200,0.020000000,0.020000000,1034360.470111900,1034360.490108700,0,
3550,1034360.485885500,0.000007500,0.020000000,0.020000000,1034360.485893000,1034360.505885500,0,
3551,1034360.501958900,0.000009900,0.020000000,0.020000000,1034360.501968800,1034360.521958900,0,
3552,1034360.518019600,0.000006100,0.020000000,0.020000000,1034360.518025700,1034360.538019600,0,
3553,1034360.548781600,0.000012300,0.020000000,0.020000000,1034360.548793900,1034360.568781600,0,
3554,1034360.564604100,0.000010500,0.020000000,0.020000000,1034360.564614600,1034360.584604100,0,
3555,1034360.580047500,0.000004400,0.020000000,0.020000000,1034360.580051900,1034360.600047500,0,
3556,1034360.595851200,0.000010600,0.020000000,0.020000000,1034360.595861800,1034360.615851200,0,
3557,1034360.626282000,0.000007900,0.020000000,0.020000000,1034360.626289900,1034360.646282000,0,
3558,1034360.642165900,0.000005100,0.020000000,0.020000000,1034360.642171000,1034360.662165900,0,
3559,1034360.657722000,0.000009700,0.020000000,0.020000000,1034360.657731700,1034360.677722000,0,
3560,1034360.689351300,0.000009300,0.020000000,0.020000000,1034360.689360600,1034360.709351300,0,
3561,1034360.704747500,0.000008600,0.020000000,0.020000000,1034360.704756100,1034360.724747500,0,
3562,1034360.720683100,0.000009200,0.020000000,0.020000000,1034360.720692300,1034360.740683100,0,
3563,1034360.736883800,0.000008900,0.020000000,0.020000000,1034360.736892700,1034360.756883800,0,
3564,1034360.768952900,0.000008400,0.020000000,0.020000000,1034360.768961300,1034360.788952900,0,
3565,1034360.785006600,0.000004700,0.020000000,0.020000000,1034360.785011300,1034360.805006600,0,
3566,1034360.800820100,0.000009900,0.020000000,0.020000000,1034360.800830000,1034360.820820100,0,
3567,1034360.816697700,0.000004100,0.020000000,0.020000000,1034360.816701800,1034360.836697700,0,
3568,1034360.848450400,0.000009800,0.020000000,0.020000000,1034360.848460200,1034360.868450400,0,
3569,1034360.864036200,0.000007000,0.020000000,0.020000000,1034360.864043200,1034360.884036200,0,
3570,1034360.879633300,0.000009500,0.020000000,0.020000000,1034360.879642800,1034360.899633300,0,
3571,1034360.895716000,0.000004600,0.020000000,0.020000000,1034360.895720600,1034360.915716000,0,
3572,1034360.926300600,0.000009600,0.020000000,0.020000000,1034360.926310200,1034360.946300600,0,
3573,1034360.941872800,0.000010700,0.020000000,0.020000000,1034360.941883500,1034360.961872800,0,
3574,1034360.958152600,0.000007700,0.020000000,0.020000000,1034360.958160300,1034360.978152600,0,
3575,1034360.988925600,0.000015100,0.020000000,0.020000000,1034360.988940700,1034361.008925600,0,
3576,1034361.004713400,0.000007000,0.020000000,0.020000000,1034361.004720400,1034361.024713400,0,
3577,1034361.019972100,0.000005400,0.020000000,0.020000000,1034361.019977500,1034361.039972100,0,
3578,1034361.050510700,0.000014100,0.020000000,0.020000000,1034361.050524800,1034361.070510700,0,
3579,1034361.066234100,0.000016900,0.020000000,0.020000000,1034361.066251000,1034361.086234100,0,
3580,1034361.082023100,0.000013000,0.020000000,0.020000000,1034361.082036100,1034361.102023100,0,
3581,1034361.097318500,0.000008700,0.020000000,0.020000000,1034361.097327200,1034361.117318500,0,
3582,1034361.127381800,0.000009900,0.020000000,0.020000000,1034361.127391700,1034361.147381800,0,
3583,1034361.142953400,0.000010700,0.020000000,0.020000000,1034361.142964100,1034361.162953400,0,
3584,1034361.158846900,0.000004500,0.020000000,0.020000000,1034361.158851400,1034361.178846900,0,
3585,1034361.189676400,0.000011500,0.020000000,0.020000000,1034361.189687900,1034361.209676400,0,
3586,1034361.205757300,0.000008100,0.020000000,0.020000000,1034361.205765400,1034361.225757300,0,
3587,1034361.221805600,0.000006900,0.020000000,0.020000000,1034361.221812500,1034361.241805600,0,
3588,1034361.237785600,0.000010200,0.020000000,0.020000000,1034361.237795800,1034361.257785600,0,
3589,1034361.268854800,0.000010600,0.020000000,0.020000000,1034361.268865400,1034361.288854800,0,
3590,1034361.284842300,0.000009300,0.020000000,0.020000000,1034361.284851600,1034361.304842300,0,
3591,1034361.299923200,0.000004400,0.020000000,0.020000000,1034361.299927600,1034361.319923200,0,
3592,1034361.330430700,0.000006200,0.020000000,0.020000000,1034361.330436900,1034361.350430700,0,
3593,1034361.345760200,0.000010700,0.020000000,0.020000000,1034361.345770900,1034361.365760200,0,
3594,1034361.362163700,0.000004000,0.020000000,0.020000000,1034361.362167700,1034361.382163700,0,
3595,1034361.377572100,0.000008400,0.020000000,0.020000000,1034361.377580500,1034361.397572100,0,
3596,1034361.408811900,0.000011600,0.020000000,0.020000000,1034361.408823500,1034361.428811900,0,
3597,1034361.424381900,0.000008700,0.020000000,0.020000000,1034361.424390600,1034361.444381900,0,
3598,1034361.440483100,0.000010400,0.020000000,0.020000000,1034361.440493500,1034361.460483100,0,
3599,1034361.455561400,0.000009300,0.020000000,0.020000000,1034361.455570700,1034361.475561400,0,
3600,1034361.485730100,0.000008300,0.020000000,0.020000000,1034361.485738400,1034361.505730100,0,
3601,1034361.501298000,0.000006000,0.020000000,0.020000000,1034361.501304000,1034361.521298000,0,
3602,1034361.516417800,0.000005800,0.020000000,0.020000000,1034361.516423600,1034361.536417800,0,
3603,1034361.546935000,0.000009400,0.020000000,0.020000000,1034361.546944400,1034361.566935000,0,
3604,1034361.561925200,0.000006400,0.020000000,0.020000000,1034361.561931600,1034361.581925200,0,
3605,1034361.577686200,0.000005600,0.020000000,0.020000000,1034361.577691800,1034361.597686200,0,
3606,1034361.608680500,0.000013100,0.020000000,0.020000000,1034361.608693600,1034361.628680500,0,
3607,1034361.623846600,0.000010100,0.020000000,0.020000000,1034361.623856700,1034361.643846600,0,
3608,1034361.639465200,0.000014900,0.020000000,0.020000000,1034361.639480100,1034361.659465200,0,
3609,1034361.669762100,0.000011800,0.020000000,0.020000000,1034361.669773900,1034361.689762100,0,
3610,1034361.685135200,0.000007500,0.020000000,0.020000000,1034361.685142700,1034361.705135200,0,
3611,1034361.701366500,0.000010100,0.020000000,0.020000000,1034361.701376600,1034361.721366500,0,
3612,1034361.717563100,0.000009100,0.020000000,0.020000000,1034361.717572200,1034361.737563100,0,
3613,1034361.748425900,0.000011100,0.020000000,0.020000000,1034361.748437000,1034361.768425900,0,
3614,1034361.763968100,0.000006800,0.020000000,0.020000000,1034361.763974900,1034361.783968100,0,
3615,1034361.779534000,0.000004600,0.020000000,0.020000000,1034361.779538600,1034361.799534000,0,
3616,1034361.809804400,0.000012300,0.020000000,0.020000000,1034361.809816700,1034361.829804400,0,
3617,1034361.825424700,0.000012000,0.020000000,0.020000000,1034361.825436700,1034361.845424700,0,
3618,1034361.841201600,0.000007000,0.020000000,0.020000000,1034361.841208600,1034361.861201600,0,
3619,1034361.857141600,0.000006900,0.020000000,0.020000000,1034361.857148500,1034361.877141600,0,
3620,1034361.888317200,0.000240100,0.020000000,0.020000000,1034361.888557300,1034361.908317200,0,
3621,1034361.904273200,0.000008500,0.020000000,0.020000000,1034361.904281700,1034361.924273200,0,
3622,1034361.919889300,0.000006700,0.020000000,0.020000000,1034361.919896000,1034361.939889300,0,
3623,1034361.935582100,0.000007700,0.020000000,0.020000000,1034361.935589800,1034361.955582100,0,
3624,1034361.967335400,0.000003900,0.020000000,0.020000000,1034361.967339300,1034361.987335400,0,
3625,1034361.983268400,0.000009900,0.020000000,0.020000000,1034361.983278300,1034362.003268400,0,
3626,1034361.998791300,0.000011400,0.020000000,0.020000000,1034361.998802700,1034362.018791300,0,
3627,1034362.029073800,0.000017500,0.020000000,0.020000000,1034362.029091300,1034362.049073800,0,
3628,1034362.044404100,0.000008400,0.020000000,0.020000000,1034362.044412500,1034362.064404100,0,
3629,1034362.060344500,0.000007300,0.020000000,0.020000000,1034362.060351800,1034362.080344500,0,
3630,1034362.076195700,0.000009700,0.020000000,0.020000000,1034362.076205400,1034362.096195700,0,
3631,1034362.105940500,0.000015800,0.020000000,0.020000000,1034362.105956300,1034362.125940500,0,
3632,1034362.121109100,0.000018500,0.020000000,0.020000000,1034362.121127600,1034362.141109100,0,
3633,1034362.136572300,0.000006800,0.020000000,0.020000000,1034362.136579100,1034362.156572300,0,
3634,1034362.167787200,0.000013100,0.020000000,0.020000000,1034362.167800300,1034362.187787200,0,
3635,1034362.183626000,0.000014300,0.020000000,0.020000000,1034362.183640300,1034362.203626000,0,
3636,1034362.199387600,0.000008900,0.020000000,0.020000000,1034362.199396500,1034362.219387600,0,
3637,1034362.230294200,0.000019400,0.020000000,0.020000000,1034362.230313600,1034362.250294200,0,
3638,1034362.246011200,0.000013400,0.020000000,0.020000000,1034362.246024600,1034362.266011200,0,
3639,1034362.260880400,0.000012900,0.020000000,0.020000000,1034362.260893300,1034362.280880400,0,
3640,1034362.277103400,0.000007400,0.020000000,0.020000000,1034362.277110800,1034362.297103400,0,
3641,1034362.307255300,0.000015500,0.020000000,0.020000000,1034362.307270800,1034362.327255300,0,
3642,1034362.323395300,0.000011300,0.020000000,0.020000000,1034362.323406600,1034362.343395300,0,
3643,1034362.338316600,0.000010200,0.020000000,0.020000000,1034362.338326800,1034362.358316600,0,
3644,1034362.368908200,0.000015800,0.020000000,0.020000000,1034362.368924000,1034362.388908200,0,
3645,1034362.384504900,0.000017500,0.020000000,0.020000000,1034362.384522400,1034362.404504900,0,
3646,1034362.400062800,0.000014600,0.020000000,0.020000000,1034362.400077400,1034362.420062800,0,
3647,1034362.415980900,0.000009800,0.020000000,0.020000000,1034362.415990700,1034362.435980900,0,
3648,1034362.446981500,0.000012800,0.020000000,0.020000000,1034362.446994300,1034362.466981500,0,
3649,1034362.463779700,0.000007600,0.020000000,0.020000000,1034362.463787300,1034362.483779700,0,
3650,1034362.479692400,0.000017100,0.020000000,0.020000000,1034362.479709500,1034362.499692400,0,
3651,1034362.509790100,0.000018000,0.020000000,0.020000000,1034362.509808100,1034362.529790100,0,
3652,1034362.525298200,0.000009600,0.020000000,0.020000000,1034362.525307800,1034362.545298200,0,
3653,1034362.540429300,0.000010900,0.020000000,0.020000000,1034362.540440200,1034362.560429300,0,
3654,1034362.556247300,0.000016700,0.020000000,0.020000000,1034362.556264000,1034362.576247300,0,
3655,1034362.587232200,0.000013500,0.020000000,0.020000000,1034362.587245700,1034362.607232200,0,
3656,1034362.603824700,0.000016300,0.020000000,0.020000000,1034362.603841000,1034362.623824700,0,
3657,1034362.619746100,0.000007700,0.020000000,0.020000000,1034362.619753800,1034362.639746100,0,
3658,1034362.635639200,0.000015500,0.020000000,0.020000000,1034362.635654700,1034362.655639200,0,
3659,1034362.666304000,0.000020400,0.020000000,0.020000000,1034362.666324400,1034362.686304000,0,
3660,1034362.682219500,0.000019100,0.020000000,0.020000000,1034362.682238600,1034362.702219500,0,
3661,1034362.697784200,0.000012000,0.020000000,0.020000000,1034362.697796200,1034362.717784200,0,
3662,1034362.727744700,0.000019600,0.020000000,0.020000000,1034362.727764300,1034362.747744700,0,
3663,1034362.743431400,0.000016700,0.020000000,0.020000000,1034362.743448100,1034362.763431400,0,
3664,1034362.759459000,0.000019800,0.020000000,0.020000000,1034362.759478800,1034362.779459000,0,
3665,1034362.789406200,0.000018000,0.020000000,0.020000000,1034362.789424200,1034362.809406200,0,
3666,1034362.804984400,0.000022400,0.020000000,0.020000000,1034362.805006800,1034362.824984400,0,
3667,1034362.820491300,0.000004200,0.020000000,0.020000000,1034362.820495500,1034362.840491300,0,
3668,1034362.835464200,0.000011900,0.020000000,0.020000000,1034362.835476100,1034362.855464200,0,
3669,1034362.866056700,0.000010100,0.020000000,0.020000000,1034362.866066800,1034362.886056700,0,
3670,1034362.881546400,0.000015800,0.020000000,0.020000000,1034362.881562200,1034362.901546400,0,
3671,1034362.897739800,0.000015100,0.020000000,0.020000000,1034362.897754900,1034362.917739800,0,
3672,1034362.929374300,0.000019200,0.020000000,0.020000000,1034362.929393500,1034362.949374300,0,
3673,1034362.944090900,0.000009400,0.020000000,0.020000000,1034362.944100300,1034362.964090900,0,
3674,1034362.959592900,0.000015400,0.020000000,0.020000000,1034362.959608300,1034362.979592900,0,
3675,1034362.990396900,0.000010400,0.020000000,0.020000000,1034362.990407300,1034363.010396900,0,
3676,1034363.006100900,0.000017200,0.020000000,0.020000000,1034363.006118100,1034363.026100900,0,
3677,1034363.022432300,0.000006300,0.020000000,0.020000000,1034363.022438600,1034363.042432300,0,
3678,1034363.038454300,0.000017700,0.020000000,0.020000000,1034363.038472000,1034363.058454300,0,
3679,1034363.069013100,0.000007100,0.020000000,0.020000000,1034363.069020200,1034363.089013100,0,
3680,1034363.083986400,0.000012600,0.020000000,0.020000000,1034363.083999000,1034363.103986400,0,
3681,1034363.100212000,0.000010800,0.020000000,0.020000000,1034363.100222800,1034363.120212000,0,
3682,1034363.116097200,0.000008800,0.020000000,0.020000000,1034363.116106000,1034363.136097200,0,
3683,1034363.146800400,0.000025700,0.020000000,0.020000000,1034363.146826100,1034363.166800400,0,
3684,1034363.162223600,0.000022700,0.020000000,0.020000000,1034363.162246300,1034363.182223600,0,
3685,1034363.177472400,0.000022400,0.020000000,0.020000000,1034363.177494800,1034363.197472400,0,
3686,1034363.208401100,0.000020200,0.020000000,0.020000000,1034363.208421300,1034363.228401100,0,
3687,1034363.224023500,0.000019400,0.020000000,0.020000000,1034363.224042900,1034363.244023500,0,
3688,1034363.239861700,0.000014600,0.020000000,0.020000000,1034363.239876300,1034363.259861700,0,
3689,1034363.270271800,0.000013200,0.020000000,0.020000000,1034363.270285000,1034363.290271800,0,
3690,1034363.286386500,0.000018500,0.020000000,0.020000000,1034363.286405000,1034363.306386500,0,
3691,1034363.301880900,0.000013500,0.020000000,0.020000000,1034363.301894400,1034363.321880900,0,
3692,1034363.317636600,0.000004400,0.020000000,0.020000000,1034363.317641000,1034363.337636600,0,
3693,1034363.348749200,0.000016500,0.020000000,0.020000000,1034363.348765700,1034363.368749200,0,
3694,1034363.364551300,0.000016000,0.020000000,0.020000000,1034363.364567300,1034363.384551300,0,
3695,1034363.380305600,0.000005300,0.020000000,0.020000000,1034363.380310900,1034363.400305600,0,
3696,1034363.396425000,0.000008300,0.020000000,0.020000000,1034363.396433300,1034363.416425000,0,
3697,1034363.428265300,0.000012300,0.020000000,0.020000000,1034363.428277600,1034363.448265300,0,
3698,1034363.444405600,0.000010500,0.020000000,0.020000000,1034363.444416100,1034363.464405600,0,
3699,1034363.460112300,0.000008300,0.020000000,0.020000000,1034363.460120600,1034363.480112300,0,
3700,1034363.475772700,0.000007200,0.020000000,0.020000000,1034363.475779900,1034363.495772700,0,
3701,1034363.506251300,0.000008000,0.020000000,0.020000000,1034363.506259300,1034363.526251300,0,
3702,1034363.522512800,0.000010300,0.020000000,0.020000000,1034363.522523100,1034363.542512800,0,
3703,1034363.538380900,0.000007700,0.020000000,0.020000000,1034363.538388600,1034363.558380900,0,
3704,1034363.569239200,0.000016900,0.020000000,0.020000000,1034363.569256100,1034363.589239200,0,
3705,1034363.585406400,0.000013100,0.020000000,0.020000000,1034363.585419500,1034363.605406400,0,
3706,1034363.600932800,0.000004400,0.020000000,0.020000000,1034363.600937200,1034363.620932800,0,
3707,1034363.616734500,0.000005800,0.020000000,0.020000000,1034363.616740300,1034363.636734500,0,
3708,1034363.648642200,0.000019200,0.020000000,0.020000000,1034363.648661400,1034363.668642200,0,
3709,1034363.664574200,0.000007400,0.020000000,0.020000000,1034363.664581600,1034363.684574200,0,
3710,1034363.679834600,0.000010400,0.020000000,0.020000000,1034363.679845000,1034363.699834600,0,
3711,1034363.695906000,0.000007300,0.020000000,0.020000000,1034363.695913300,1034363.715906000,0,
3712,1034363.727578600,0.000012200,0.020000000,0.020000000,1034363.727590800,1034363.747578600,0,
3713,1034363.743000200,0.000016300,0.020000000,0.020000000,1034363.743016500,1034363.763000200,0,
3714,1034363.759329100,0.000012000,0.020000000,0.020000000,1034363.759341100,1034363.779329100,0,
3715,1034363.790215700,0.000011400,0.020000000,0.020000000,1034363.790227100,1034363.810215700,0,
3716,1034363.805847100,0.000017300,0.020000000,0.020000000,1034363.805864400,1034363.825847100,0,
3717,1034363.821186700,0.000009600,0.020000000,0.020000000,1034363.821196300,1034363.841186700,0,
3718,1034363.836311900,0.000009600,0.020000000,0.020000000,1034363.836321500,1034363.856311900,0,
3719,1034363.868667800,0.000014600,0.020000000,0.020000000,1034363.868682400,1034363.888667800,0,
3720,1034363.884233700,0.000009900,0.020000000,0.020000000,1034363.884243600,1034363.904233700,0,
3721,1034363.900408700,0.000008600,0.020000000,0.020000000,1034363.900417300,1034363.920408700,0,
3722,1034363.916322500,0.000015200,0.020000000,0.020000000,1034363.916337700,1034363.936322500,0,
3723,1034363.946989600,0.000014300,0.020000000,0.020000000,1034363.947003900,1034363.966989600,0,
3724,1034363.963807200,0.000016200,0.020000000,0.020000000,1034363.963823400,1034363.983807200,0,
3725,1034363.979305200,0.000011800,0.020000000,0.020000000,1034363.979317000,1034363.999305200,0,
3726,1034364.010408900,0.000019900,0.020000000,0.020000000,1034364.010428800,1034364.030408900,0,
3727,1034364.025998600,0.000016800,0.020000000,0.020000000,1034364.026015400,1034364.045998600,0,
3728,1034364.041471200,0.000017300,0.020000000,0.020000000,1034364.041488500,1034364.061471200,0,
3729,1034364.057003800,0.000018500,0.020000000,0.020000000,1034364.057022300,1034364.077003800,0,
3730,1034364.088617600,0.000012000,0.020000000,0.020000000,1034364.088629600,1034364.108617600,0,
3731,1034364.104426600,0.000009600,0.020000000,0.020000000,1034364.104436200,1034364.124426600,0,
3732,1034364.120176500,0.000006600,0.020000000,0.020000000,1034364.120183100,1034364.140176500,0,
3733,1034364.135709600,0.000027200,0.020000000,0.020000000,1034364.135736800,1034364.155709600,0,
3734,1034364.167824500,0.000008500,0.020000000,0.020000000,1034364.167833000,1034364.187824500,0,
3735,1034364.183078100,0.000010800,0.020000000,0.020000000,1034364.183088900,1034364.203078100,0,
3736,1034364.198883000,0.000005300,0.020000000,0.020000000,1034364.198888300,1034364.218883000,0,
3737,1034364.229772200,0.000012500,0.020000000,0.020000000,1034364.229784700,1034364.249772200,0,
3738,1034364.245862300,0.000009700,0.020000000,0.020000000,1034364.245872000,1034364.265862300,0,
3739,1034364.261314900,0.000016000,0.020000000,0.020000000,1034364.261330900,1034364.281314900,0,
3740,1034364.276294800,0.000008400,0.020000000,0.020000000,1034364.276303200,1034364.296294800,0,
3741,1034364.306728500,0.000012900,0.020000000,0.020000000,1034364.306741400,1034364.326728500,0,
3742,1034364.322058500,0.000006600,0.020000000,0.020000000,1034364.322065100,1034364.342058500,0,
3743,1034364.337235600,0.000007800,0.020000000,0.020000000,1034364.337243400,1034364.357235600,0,
3744,1034364.368547100,0.000008700,0.020000000,0.020000000,1034364.368555800,1034364.388547100,0,
3745,1034364.384041400,0.000005000,0.020000000,0.020000000,1034364.384046400,1034364.404041400,0,
3746,1034364.399239600,0.000004900,0.020000000,0.020000000,1034364.399244500,1034364.419239600,0,
3747,1034364.430679600,0.000009400,0.020000000,0.020000000,1034364.430689000,1034364.450679600,0,
3748,1034364.445716000,0.000007800,0.020000000,0.020000000,1034364.445723800,1034364.465716000,0,
3749,1034364.461942900,0.000006000,0.020000000,0.020000000,1034364.461948900,1034364.481942900,0,
3750,1034364.477614400,0.000009600,0.020000000,0.020000000,1034364.477624000,1034364.497614400,0,
3751,1034364.509257500,0.000008800,0.020000000,0.020000000,1034364.509266300,1034364.529257500,0,
3752,1034364.524845700,0.000015100,0.020000000,0.020000000,1034364.524860800,1034364.544845700,0,
3753,1034364.540674900,0.000011100,0.020000000,0.020000000,1034364.540686000,1034364.560674900,0,
3754,1034364.556045800,0.000011900,0.020000000,0.020000000,1034364.556057700,1034364.576045800,0,
3755,1034364.587850300,0.000008800,0.020000000,0.020000000,1034364.587859100,1034364.607850300,0,
3756,1034364.603333300,0.000004200,0.020000000,0.020000000,1034364.603337500,1034364.623333300,0,
3757,1034364.619134800,0.000007800,0.020000000,0.020000000,1034364.619142600,1034364.639134800,0,
3758,1034364.650183300,0.000008700,0.020000000,0.020000000,1034364.650192000,1034364.670183300,0,
3759,1034364.665724400,0.000024900,0.020000000,0.020000000,1034364.665749300,1034364.685724400,0,
3760,1034364.681427100,0.000007200,0.020000000,0.020000000,1034364.681434300,1034364.701427100,0,
3761,1034364.696709700,0.000010000,0.020000000,0.020000000,1034364.696719700,1034364.716709700,0,
3762,1034364.727333500,0.000010800,0.020000000,0.020000000,1034364.727344300,1034364.747333500,0,
3763,1034364.743399500,0.000004700,0.020000000,0.020000000,1034364.743404200,1034364.763399500,0,
3764,1034364.758953300,0.000004800,0.020000000,0.020000000,1034364.758958100,1034364.778953300,0,
3765,1034364.789313300,0.000010000,0.020000000,0.020000000,1034364.789323300,1034364.809313300,0,
3766,1034364.804506000,0.000007100,0.020000000,0.020000000,1034364.804513100,1034364.824506000,0,
3767,1034364.820168100,0.000008600,0.020000000,0.020000000,1034364.820176700,1034364.840168100,0,
3768,1034364.835329700,0.000010600,0.020000000,0.020000000,1034364.835340300,1034364.855329700,0,
3769,1034364.866394800,0.000010300,0.020000000,0.020000000,1034364.866405100,1034364.886394800,0,
3770,1034364.882588200,0.000006900,0.020000000,0.020000000,1034364.882595100,1034364.902588200,0,
3771,1034364.898782300,0.000004800,0.020000000,0.020000000,1034364.898787100,1034364.918782300,0,
3772,1034364.930202500,0.000011300,0.020000000,0.020000000,1034364.930213800,1034364.950202500,0,
3773,1034364.946255800,0.000009600,0.020000000,0.020000000,1034364.946265400,1034364.966255800,0,
3774,1034364.962209100,0.000014100,0.020000000,0.020000000,1034364.962223200,1034364.982209100,0,
3775,1034364.977692400,0.000006600,0.020000000,0.020000000,1034364.977699000,1034364.997692400,0,
3776,1034365.008231900,0.000012700,0.020000000,0.020000000,1034365.008244600,1034365.028231900,0,
3777,1034365.023628400,0.000010000,0.020000000,0.020000000,1034365.023638400,1034365.043628400,0,
3778,1034365.039068800,0.000013900,0.020000000,0.020000000,1034365.039082700,1034365.059068800,0,
3779,1034365.069764100,0.000031000,0.020000000,0.020000000,1034365.069795100,1034365.089764100,0,
3780,1034365.085674900,0.000013200,0.020000000,0.020000000,1034365.085688100,1034365.105674900,0,
3781,1034365.101864100,0.000010700,0.020000000,0.020000000,1034365.101874800,1034365.121864100,0,
3782,1034365.117509700,0.000011600,0.020000000,0.020000000,1034365.117521300,1034365.137509700,0,
3783,1034365.148702300,0.000014300,0.020000000,0.020000000,1034365.148716600,1034365.168702300,0,
3784,1034365.164204500,0.000008800,0.020000000,0.020000000,1034365.164213300,1034365.184204500,0,
3785,1034365.179699400,0.000010000,0.020000000,0.020000000,1034365.179709400,1034365.199699400,0,
3786,1034365.195582300,0.000010100,0.020000000,0.020000000,1034365.195592400,1034365.215582300,0,
3787,1034365.225583700,0.000010600,0.020000000,0.020000000,1034365.225594300,1034365.245583700,0,
3788,1034365.242304900,0.000013900,0.020000000,0.020000000,1034365.242318800,1034365.262304900,0,
3789,1034365.256341200,0.000007700,0.020000000,0.020000000,1034365.256348900,1034365.276341200,0,
3790,1034365.287513000,0.000014200,0.020000000,0.020000000,1034365.287527200,1034365.307513000,0,
3791,1034365.303269300,0.000005900,0.020000000,0.020000000,1034365.303275200,1034365.323269300,0,
3792,1034365.319699400,0.000017300,0.020000000,0.020000000,1034365.319716700,1034365.339699400,0,
3793,1034365.349344500,0.000011900,0.020000000,0.020000000,1034365.349356400,1034365.369344500,0,
3794,1034365.364624900,0.000054400,0.020000000,0.020000000,1034365.364679300,1034365.384624900,0,
3795,1034365.380686500,0.000011100,0.020000000,0.020000000,1034365.380697600,1034365.400686500,0,
3796,1034365.396073300,0.000005300,0.020000000,0.020000000,1034365.396078600,1034365.416073300,0,
3797,1034365.426565900,0.000014000,0.020000000,0.020000000,1034365.426579900,1034365.446565900,0,
3798,1034365.443457300,0.000011100,0.020000000,0.020000000,1034365.443468400,1034365.463457300,0,
3799,1034365.458671100,0.000007500,0.020000000,0.020000000,1034365.458678600,1034365.478671100,0,
3800,1034365.489605400,0.000019100,0.020000000,0.020000000,1034365.489624500,1034365.509605400,0,
3801,1034365.505483300,0.000009000,0.020000000,0.020000000,1034365.505492300,1034365.525483300,0,
3802,1034365.521029200,0.000008000,0.020000000,0.020000000,1034365.521037200,1034365.541029200,0,
3803,1034365.537087500,0.000010800,0.020000000,0.020000000,1034365.537098300,1034365.557087500,0,
3804,1034365.568962800,0.000011300,0.020000000,0.020000000,1034365.568974100,1034365.588962800,0,
3805,1034365.583982800,0.000011700,0.020000000,0.020000000,1034365.583994500,1034365.603982800,0,
3806,1034365.599313900,0.000005700,0.020000000,0.020000000,1034365.599319600,1034365.619313900,0,
3807,1034365.630474500,0.000010600,0.020000000,0.020000000,1034365.630485100,1034365.650474500,0,
3808,1034365.645538600,0.000012500,0.020000000,0.020000000,1034365.645551100,1034365.665538600,0,
3809,1034365.662039200,0.000007900,0.020000000,0.020000000,1034365.662047100,1034365.682039200,0,
3810,1034365.677655800,0.000004500,0.020000000,0.020000000,1034365.677660300,1034365.697655800,0,
3811,1034365.708575700,0.000010800,0.020000000,0.020000000,1034365.708586500,1034365.728575700,0,
3812,1034365.723620200,0.000007900,0.020000000,0.020000000,1034365.723628100,1034365.743620200,0,
3813,1034365.738971100,0.000011300,0.020000000,0.020000000,1034365.738982400,1034365.758971100,0,
3814,1034365.769477100,0.000012400,0.020000000,0.020000000,1034365.769489500,1034365.789477100,0,
3815,1034365.784638600,0.000010800,0.020000000,0.020000000,1034365.784649400,1034365.804638600,0,
3816,1034365.799887100,0.000013100,0.020000000,0.020000000,1034365.799900200,1034365.819887100,0,
3817,1034365.831136900,0.000018700,0.020000000,0.020000000,1034365.831155600,1034365.851136900,0,
3818,1034365.846296000,0.000012800,0.020000000,0.020000000,1034365.846308800,1034365.866296000,0,
3819,1034365.862388900,0.000011500,0.020000000,0.020000000,1034365.862400400,1034365.882388900,0,
3820,1034365.877794100,0.000007900,0.020000000,0.020000000,1034365.877802000,1034365.897794100,0,
3821,1034365.909228600,0.000018000,0.020000000,0.020000000,1034365.909246600,1034365.929228600,0,
3822,1034365.924555900,0.000011700,0.020000000,0.020000000,1034365.924567600,1034365.944555900,0,
3823,1034365.940314900,0.000008100,0.020000000,0.020000000,1034365.940323000,1034365.960314900,0,
3824,1034365.955972900,0.000011400,0.020000000,0.020000000,1034365.955984300,1034365.975972900,0,
3825,1034365.987864800,0.000018000,0.020000000,0.020000000,1034365.987882800,1034366.007864800,0,
3826,1034366.003594700,0.000009400,0.020000000,0.020000000,1034366.003604100,1034366.023594700,0,
3827,1034366.019132800,0.000016200,0.020000000,0.020000000,1034366.019149000,1034366.039132800,0,
3828,1034366.035235700,0.000007000,0.020000000,0.020000000,1034366.035242700,1034366.055235700,0,
3829,1034366.066092700,0.000005400,0.020000000,0.020000000,1034366.066098100,1034366.086092700,0,
3830,1034366.081486100,0.000012200,0.020000000,0.020000000,1034366.081498300,1034366.101486100,0,
3831,1034366.096751000,0.000008800,0.020000000,0.020000000,1034366.096759800,1034366.116751000,0,
3832,1034366.129313200,0.000011800,0.020000000,0.020000000,1034366.129325000,1034366.149313200,0,
3833,1034366.144642700,0.000011200,0.020000000,0.020000000,1034366.144653900,1034366.164642700,0,
3834,1034366.161006400,0.000005300,0.020000000,0.020000000,1034366.161011700,1034366.181006400,0,
3835,1034366.176750100,0.000008600,0.020000000,0.020000000,1034366.176758700,1034366.196750100,0,
3836,1034366.208018700,0.000009900,0.020000000,0.020000000,1034366.208028600,1034366.228018700,0,
3837,1034366.223586900,0.000007800,0.020000000,0.020000000,1034366.223594700,1034366.243586900,0,
3838,1034366.239193800,0.000008500,0.020000000,0.020000000,1034366.239202300,1034366.259193800,0,
3839,1034366.269713900,0.000012800,0.020000000,0.020000000,1034366.269726700,1034366.289713900,0,
3840,1034366.285086200,0.000015500,0.020000000,0.020000000,1034366.285101700,1034366.305086200,0,
3841,1034366.300460800,0.000016300,0.020000000,0.020000000,1034366.300477100,1034366.320460800,0,
3842,1034366.316515700,0.000011800,0.020000000,0.020000000,1034366.316527500,1034366.336515700,0,
3843,1034366.347761300,0.000022900,0.020000000,0.020000000,1034366.347784200,1034366.367761300,0,
3844,1034366.363365300,0.000007000,0.020000000,0.020000000,1034366.363372300,1034366.383365300,0,
3845,1034366.378750300,0.000007200,0.020000000,0.020000000,1034366.378757500,1034366.398750300,0,
3846,1034366.409795000,0.000012700,0.020000000,0.020000000,1034366.409807700,1034366.429795000,0,
3847,1034366.425351500,0.000012600,0.020000000,0.020000000,1034366.425364100,1034366.445351500,0,
3848,1034366.441212000,0.000009400,0.020000000,0.020000000,1034366.441221400,1034366.461212000,0,
3849,1034366.456673500,0.000010800,0.020000000,0.020000000,1034366.456684300,1034366.476673500,0,
3850,1034366.488599100,0.000009000,0.020000000,0.020000000,1034366.488608100,1034366.508599100,0,
3851,1034366.504049800,0.000011700,0.020000000,0.020000000,1034366.504061500,1034366.524049800,0,
3852,1034366.519300400,0.000009100,0.020000000,0.020000000,1034366.519309500,1034366.539300400,0,
3853,1034366.550190400,0.000007100,0.020000000,0.020000000,1034366.550197500,1034366.570190400,0,
3854,1034366.565667300,0.000009700,0.020000000,0.020000000,1034366.565677000,1034366.585667300,0,
3855,1034366.581441800,0.000011800,0.020000000,0.020000000,1034366.581453600,1034366.601441800,0,
3856,1034366.596559100,0.000010600,0.020000000,0.020000000,1034366.596569700,1034366.616559100,0,
3857,1034366.628405200,0.000012400,0.020000000,0.020000000,1034366.628417600,1034366.648405200,0,
3858,1034366.643703500,0.000017200,0.020000000,0.020000000,1034366.643720700,1034366.663703500,0,
3859,1034366.660052000,0.000009100,0.020000000,0.020000000,1034366.660061100,1034366.680052000,0,
3860,1034366.675427400,0.000004600,0.020000000,0.020000000,1034366.675432000,1034366.695427400,0,
3861,1034366.706849100,0.000011800,0.020000000,0.020000000,1034366.706860900,1034366.726849100,0,
3862,1034366.723220100,0.000005800,0.020000000,0.020000000,1034366.723225900,1034366.743220100,0,
3863,1034366.738083400,0.000004100,0.020000000,0.020000000,1034366.738087500,1034366.758083400,0,
3864,1034366.769592200,0.000026700,0.020000000,0.020000000,1034366.769618900,1034366.789592200,0,
3865,1034366.785269200,0.000012100,0.020000000,0.020000000,1034366.785281300,1034366.805269200,0,
3866,1034366.800930200,0.000004700,0.020000000,0.020000000,1034366.800934900,1034366.820930200,0,
3867,1034366.816741300,0.000004500,0.020000000,0.020000000,1034366.816745800,1034366.836741300,0,
3868,1034366.848416700,0.000015400,0.020000000,0.020000000,1034366.848432100,1034366.868416700,0,
3869,1034366.864943500,0.000008000,0.020000000,0.020000000,1034366.864951500,1034366.884943500,0,
3870,1034366.880083900,0.000009400,0.020000000,0.020000000,1034366.880093300,1034366.900083900,0,
3871,1034366.895046400,0.000011000,0.020000000,0.020000000,1034366.895057400,1034366.915046400,0,
3872,1034366.925793000,0.000009100,0.020000000,0.020000000,1034366.925802100,1034366.945793000,0,
3873,1034366.940673700,0.000007800,0.020000000,0.020000000,1034366.940681500,1034366.960673700,0,
3874,1034366.956206100,0.000004700,0.020000000,0.020000000,1034366.956210800,1034366.976206100,0,
3875,1034366.988272700,0.000007900,0.020000000,0.020000000,1034366.988280600,1034367.008272700,0,
3876,1034367.004389800,0.000005000,0.020000000,0.020000000,1034367.004394800,1034367.024389800,0,
3877,1034367.019875300,0.000007100,0.020000000,0.020000000,1034367.019882400,1034367.039875300,0,
3878,1034367.035990200,0.000010800,0.020000000,0.020000000,1034367.036001000,1034367.055990200,0,
3879,1034367.068392400,0.000017700,0.020000000,0.020000000,1034367.068410100,1034367.088392400,0,
3880,1034367.084335600,0.000007600,0.020000000,0.020000000,1034367.084343200,1034367.104335600,0,
3881,1034367.099979900,0.000009200,0.020000000,0.020000000,1034367.099989100,1034367.119979900,0,
3882,1034367.115642600,0.000008200,0.020000000,0.020000000,1034367.115650800,1034367.135642600,0,
3883,1034367.146473400,0.000012500,0.020000000,0.020000000,1034367.146485900,1034367.166473400,0,
3884,1034367.162363900,0.000014200,0.020000000,0.020000000,1034367.162378100,1034367.182363900,0,
3885,1034367.178554000,0.000012100,0.020000000,0.020000000,1034367.178566100,1034367.198554000,0,
3886,1034367.210118200,0.000013200,0.020000000,0.020000000,1034367.210131400,1034367.230118200,0,
3887,1034367.225619100,0.000014700,0.020000000,0.020000000,1034367.225633800,1034367.245619100,0,
3888,1034367.241446700,0.000017800,0.020000000,0.020000000,1034367.241464500,1034367.261446700,0,
3889,1034367.256928400,0.000009500,0.020000000,0.020000000,1034367.256937900,1034367.276928400,0,
3890,1034367.287365700,0.000013900,0.020000000,0.020000000,1034367.287379600,1034367.307365700,0,
3891,1034367.303740700,0.000015900,0.020000000,0.020000000,1034367.303756600,1034367.323740700,0,
3892,1034367.319404300,0.000010700,0.020000000,0.020000000,1034367.319415000,1034367.339404300,0,
3893,1034367.335161700,0.000010900,0.020000000,0.020000000,1034367.335172600,1034367.355161700,0,
3894,1034367.367331700,0.000016400,0.020000000,0.020000000,1034367.367348100,1034367.387331700,0,
3895,1034367.382449700,0.000012700,0.020000000,0.020000000,1034367.382462400,1034367.402449700,0,
3896,1034367.398522200,0.000008800,0.020000000,0.020000000,1034367.398531000,1034367.418522200,0,
3897,1034367.429882600,0.000011200,0.020000000,0.020000000,1034367.429893800,1034367.449882600,0,
3898,1034367.444596300,0.000018100,0.020000000,0.020000000,1034367.444614400,1034367.464596300,0,
3899,1034367.460032600,0.000006200,0.020000000,0.020000000,1034367.460038800,1034367.480032600,0,
3900,1034367.475462700,0.000007700,0.020000000,0.020000000,1034367.475470400,1034367.495462700,0,
3901,1034367.506871500,0.000013800,0.020000000,0.020000000,1034367.506885300,1034367.526871500,0,
3902,1034367.521925600,0.000014300,0.020000000,0.020000000,1034367.521939900,1034367.541925600,0,
3903,1034367.537195600,0.000005800,0.020000000,0.020000000,1034367.537201400,1034367.557195600,0,
3904,1034367.567067900,0.000015300,0.020000000,0.020000000,1034367.567083200,1034367.587067900,0,
3905,1034367.583605100,0.000006500,0.020000000,0.020000000,1034367.583611600,1034367.603605100,0,
3906,1034367.599023700,0.000005000,0.020000000,0.020000000,1034367.599028700,1034367.619023700,0,
3907,1034367.629541100,0.000015100,0.020000000,0.020000000,1034367.629556200,1034367.649541100,0,
3908,1034367.644557200,0.000011400,0.020000000,0.020000000,1034367.644568600,1034367.664557200,0,
3909,1034367.660490700,0.000009600,0.020000000,0.020000000,1034367.660500300,1034367.680490700,0,
3910,1034367.675936700,0.000008600,0.020000000,0.020000000,1034367.675945300,1034367.695936700,0,
3911,1034367.707371000,0.000009800,0.020000000,0.020000000,1034367.707380800,1034367.727371000,0,
3912,1034367.722363200,0.000007300,0.020000000,0.020000000,1034367.722370500,1034367.742363200,0,
3913,1034367.738405300,0.000008300,0.020000000,0.020000000,1034367.738413600,1034367.758405300,0,
3914,1034367.768597800,0.000013000,0.020000000,0.020000000,1034367.768610800,1034367.788597800,0,
3915,1034367.783393600,0.000008000,0.020000000,0.020000000,1034367.783401600,1034367.803393600,0,
3916,1034367.798907100,0.000007600,0.020000000,0.020000000,1034367.798914700,1034367.818907100,0,
3917,1034367.827972900,0.000013100,0.020000000,0.020000000,1034367.827986000,1034367.847972900,0,
3918,1034367.844258500,0.000009000,0.020000000,0.020000000,1034367.844267500,1034367.864258500,0,
3919,1034367.859468400,0.000009100,0.020000000,0.020000000,1034367.859477500,1034367.879468400,0,
3920,1034367.889898000,0.000009900,0.020000000,0.020000000,1034367.889907900,1034367.909898000,0,
3921,1034367.905588400,0.000009100,0.020000000,0.020000000,1034367.905597500,1034367.925588400,0,
3922,1034367.922059600,0.000006300,0.020000000,0.020000000,1034367.922065900,1034367.942059600,0,
3923,1034367.937763600,0.000010600,0.020000000,0.020000000,1034367.937774200,1034367.957763600,0,
3924,1034367.968864600,0.000008900,0.020000000,0.020000000,1034367.968873500,1034367.988864600,0,
3925,1034367.984469100,0.000008300,0.020000000,0.020000000,1034367.984477400,1034368.004469100,0,
3926,1034367.999986500,0.000007800,0.020000000,0.020000000,1034367.999994300,1034368.019986500,0,
3927,1034368.015730400,0.000004000,0.020000000,0.020000000,1034368.015734400,1034368.035730400,0,
3928,1034368.046950600,0.000010500,0.020000000,0.020000000,1034368.046961100,1034368.066950600,0,
3929,1034368.062175800,0.000011300,0.020000000,0.020000000,1034368.062187100,1034368.082175800,0,
3930,1034368.077594000,0.000008700,0.020000000,0.020000000,1034368.077602700,1034368.097594000,0,
3931,1034368.108805600,0.000010200,0.020000000,0.020000000,1034368.108815800,1034368.128805600,0,
3932,1034368.124902300,0.000007800,0.020000000,0.020000000,1034368.124910100,1034368.144902300,0,
3933,1034368.140244300,0.000007300,0.020000000,0.020000000,1034368.140251600,1034368.160244300,0,
3934,1034368.170215900,0.000011500,0.020000000,0.020000000,1034368.170227400,1034368.190215900,0,
3935,1034368.185805400,0.000011000,0.020000000,0.020000000,1034368.185816400,1034368.205805400,0,
3936,1034368.201606500,0.000006100,0.020000000,0.020000000,1034368.201612600,1034368.221606500,0,
3937,1034368.217396700,0.000007400,0.020000000,0.020000000,1034368.217404100,1034368.237396700,0,
3938,1034368.248943600,0.000010900,0.020000000,0.020000000,1034368.248954500,1034368.268943600,0,
3939,1034368.264090900,0.000010200,0.020000000,0.020000000,1034368.264101100,1034368.284090900,0,
3940,1034368.279815400,0.000004300,0.020000000,0.020000000,1034368.279819700,1034368.299815400,0,
3941,1034368.296382000,0.000011200,0.020000000,0.020000000,1034368.296393200,1034368.316382000,0,
3942,1034368.327496100,0.000011400,0.020000000,0.020000000,1034368.327507500,1034368.347496100,0,
3943,1034368.343573800,0.000005400,0.020000000,0.020000000,1034368.343579200,1034368.363573800,0,
3944,1034368.358858900,0.000011400,0.020000000,0.020000000,1034368.358870300,1034368.378858900,0,
3945,1034368.389939500,0.000035100,0.020000000,0.020000000,1034368.389974600,1034368.409939500,0,
3946,1034368.405703500,0.000008900,0.020000000,0.020000000,1034368.405712400,1034368.425703500,0,
3947,1034368.421126200,0.000007700,0.020000000,0.020000000,1034368.421133900,1034368.441126200,0,
3948,1034368.436256400,0.000006800,0.020000000,0.020000000,1034368.436263200,1034368.456256400,0,
3949,1034368.468249700,0.000020300,0.020000000,0.020000000,1034368.468270000,1034368.488249700,0,
3950,1034368.484582900,0.000007800,0.020000000,0.020000000,1034368.484590700,1034368.504582900,0,
3951,1034368.499500100,0.000008500,0.020000000,0.020000000,1034368.499508600,1034368.519500100,0,
3952,1034368.530362100,0.000010600,0.020000000,0.020000000,1034368.530372700,1034368.550362100,0,
3953,1034368.545851100,0.000011600,0.020000000,0.020000000,1034368.545862700,1034368.565851100,0,
3954,1034368.562147300,0.000004900,0.020000000,0.020000000,1034368.562152200,1034368.582147300,0,
3955,1034368.577571600,0.000006900,0.020000000,0.020000000,1034368.577578500,1034368.597571600,0,
3956,1034368.608950500,0.000009400,0.020000000,0.020000000,1034368.608959900,1034368.628950500,0,
3957,1034368.624666100,0.000006300,0.020000000,0.020000000,1034368.624672400,1034368.644666100,0,
3958,1034368.640137300,0.000005300,0.020000000,0.020000000,1034368.640142600,1034368.660137300,0,
3959,1034368.655714500,0.000009000,0.020000000,0.020000000,1034368.655723500,1034368.675714500,0,
3960,1034368.685772000,0.000007400,0.020000000,0.020000000,1034368.685779400,1034368.705772000,0,
3961,1034368.701550300,0.000006100,0.020000000,0.020000000,1034368.701556400,1034368.721550300,0,
3962,1034368.717355400,0.000006500,0.020000000,0.020000000,1034368.717361900,1034368.737355400,0,
3963,1034368.748668300,0.000007800,0.020000000,0.020000000,1034368.748676100,1034368.768668300,0,
3964,1034368.764496800,0.000007400,0.020000000,0.020000000,1034368.764504200,1034368.784496800,0,
3965,1034368.779954700,0.000004300,0.020000000,0.020000000,1034368.779959000,1034368.799954700,0,
3966,1034368.795947900,0.000008500,0.020000000,0.020000000,1034368.795956400,1034368.815947900,0,
3967,1034368.827019800,0.000010100,0.020000000,0.020000000,1034368.827029900,1034368.847019800,0,
3968,1034368.843293200,0.000006900,0.020000000,0.020000000,1034368.843300100,1034368.863293200,0,
3969,1034368.859302400,0.000007200,0.020000000,0.020000000,1034368.859309600,1034368.879302400,0,
3970,1034368.890205100,0.000009200,0.020000000,0.020000000,1034368.890214300,1034368.910205100,0,
3971,1034368.905380500,0.000015200,0.020000000,0.020000000,1034368.905395700,1034368.925380500,0,
3972,1034368.921824200,0.000007000,0.020000000,0.020000000,1034368.921831200,1034368.941824200,0,
3973,1034368.936328300,0.000008400,0.020000000,0.020000000,1034368.936336700,1034368.956328300,0,
3974,1034368.968321000,0.000009400,0.020000000,0.020000000,1034368.968330400,1034368.988321000,0,
3975,1034368.984592500,0.000005900,0.020000000,0.020000000,1034368.984598400,1034369.004592500,0,
3976,1034368.999660600,0.000006400,0.020000000,0.020000000,1034368.999667000,1034369.019660600,0,
3977,1034369.030592000,0.000022100,0.020000000,0.020000000,1034369.030614100,1034369.050592000,0,
3978,1034369.045661200,0.000017200,0.020000000,0.020000000,1034369.045678400,1034369.065661200,0,
3979,1034369.061865400,0.000009300,0.020000000,0.020000000,1034369.061874700,1034369.081865400,0,
3980,1034369.077588800,0.000007500,0.020000000,0.020000000,1034369.077596300,1034369.097588800,0,
3981,1034369.109362900,0.000009700,0.020000000,0.020000000,1034369.109372600,1034369.129362900,0,
3982,1034369.124595600,0.000006900,0.020000000,0.020000000,1034369.124602500,1034369.144595600,0,
3983,1034369.140263900,0.000006300,0.020000000,0.020000000,1034369.140270200,1034369.160263900,0,
3984,1034369.155288600,0.000009900,0.020000000,0.020000000,1034369.155298500,1034369.175288600,0,
3985,1034369.186335300,0.000011000,0.020000000,0.020000000,1034369.186346300,1034369.206335300,0,
3986,1034369.202207000,0.000007700,0.020000000,0.020000000,1034369.202214700,1034369.222207000,0,
3987,1034369.217661600,0.000003500,0.020000000,0.020000000,1034369.217665100,1034369.237661600,0,
3988,1034369.248664300,0.000009500,0.020000000,0.020000000,1034369.248673800,1034369.268664300,0,
3989,1034369.263398200,0.000011700,0.020000000,0.020000000,1034369.263409900,1034369.283398200,0,
3990,1034369.279127600,0.000011800,0.020000000,0.020000000,1034369.279139400,1034369.299127600,0,
3991,1034369.310013200,0.000004200,0.020000000,0.020000000,1034369.310017400,1034369.330013200,0,
3992,1034369.325314900,0.000018700,0.020000000,0.020000000,1034369.325333600,1034369.345314900,0,
3993,1034369.340995400,0.000006900,0.020000000,0.020000000,1034369.341002300,1034369.360995400,0,
3994,1034369.356701900,0.000007400,0.020000000,0.020000000,1034369.356709300,1034369.376701900,0,
3995,1034369.386988900,0.000010900,0.020000000,0.020000000,1034369.386999800,1034369.406988900,0,
3996,1034369.403628200,0.000007100,0.020000000,0.020000000,1034369.403635300,1034369.423628200,0,
3997,1034369.418978400,0.000009200,0.020000000,0.020000000,1034369.418987600,1034369.438978400,0,
3998,1034369.449650400,0.000089200,0.020000000,0.020000000,1034369.449739600,1034369.469650400,0,
3999,1034369.465417500,0.000007900,0.020000000,0.020000000,1034369.465425400,1034369.485417500,0,
4000,1034369.480685600,0.000013200,0.020000000,0.020000000,1034369.480698800,1034369.500685600,0,
4001,1034369.496772200,0.000007500,0.020000000,0.020000000,1034369.496779700,1034369.516772200,0,
4002,1034369.528108200,0.000012500,0.020000000,0.020000000,1034369.528120700,1034369.548108200,0,
4003,1034369.543465700,0.000005000,0.020000000,0.020000000,1034369.543470700,1034369.563465700,0,
4004,1034369.559466500,0.000008300,0.020000000,0.020000000,1034369.559474800,1034369.579466500,0,
4005,1034369.590277300,0.000008800,0.020000000,0.020000000,1034369.590286100,1034369.610277300,0,
4006,1034369.606057900,0.000017600,0.020000000,0.020000000,1034369.606075500,1034369.626057900,0,
4007,1034369.621360200,0.000004700,0.020000000,0.020000000,1034369.621364900,1034369.641360200,0,
4008,1034369.637430200,0.000010600,0.020000000,0.020000000,1034369.637440800,1034369.657430200,0,
4009,1034369.669118700,0.000007400,0.020000000,0.020000000,1034369.669126100,1034369.689118700,0,
4010,1034369.684030600,0.000008400,0.020000000,0.020000000,1034369.684039000,1034369.704030600,0,
4011,1034369.699697700,0.000007800,0.020000000,0.020000000,1034369.699705500,1034369.719697700,0,
4012,1034369.730558900,0.000008100,0.020000000,0.020000000,1034369.730567000,1034369.750558900,0,
4013,1034369.745866600,0.000007100,0.020000000,0.020000000,1034369.745873700,1034369.765866600,0,
4014,1034369.761311500,0.000007500,0.020000000,0.020000000,1034369.761319000,1034369.781311500,0,
4015,1034369.776969100,0.000005000,0.020000000,0.020000000,1034369.776974100,1034369.796969100,0,
4016,1034369.808179800,0.000010500,0.020000000,0.020000000,1034369.808190300,1034369.828179800,0,
4017,1034369.824391200,0.000011000,0.020000000,0.020000000,1034369.824402200,1034369.844391200,0,
4018,1034369.840148200,0.000006400,0.020000000,0.020000000,1034369.840154600,1034369.860148200,0,
4019,1034369.855615900,0.000008400,0.020000000,0.020000000,1034369.855624300,1034369.875615900,0,
4020,1034369.887369300,0.000007600,0.020000000,0.020000000,1034369.887376900,1034369.907369300,0,
4021,1034369.903780100,0.000006000,0.020000000,0.020000000,1034369.903786100,1034369.923780100,0,
4022,1034369.919656300,0.000009700,0.020000000,0.020000000,1034369.919666000,1034369.939656300,0,
4023,1034369.935845100,0.000008200,0.020000000,0.020000000,1034369.935853300,1034369.955845100,0,
4024,1034369.967440000,0.000009300,0.020000000,0.020000000,1034369.967449300,1034369.987440000,0,
4025,1034369.983085100,0.000015200,0.020000000,0.020000000,1034369.983100300,1034370.003085100,0,
4026,1034369.998615100,0.000008900,0.020000000,0.020000000,1034369.998624000,1034370.018615100,0,
4027,1034370.029616100,0.000014600,0.020000000,0.020000000,1034370.029630700,1034370.049616100,0,
4028,1034370.044756600,0.000009400,0.020000000,0.020000000,1034370.044766000,1034370.064756600,0,
4029,1034370.060880600,0.000005000,0.020000000,0.020000000,1034370.060885600,1034370.080880600,0,
4030,1034370.076506900,0.000004800,0.020000000,0.020000000,1034370.076511700,1034370.096506900,0,
4031,1034370.106904100,0.000016600,0.020000000,0.020000000,1034370.106920700,1034370.126904100,0,
4032,1034370.122160700,0.000006400,0.020000000,0.020000000,1034370.122167100,1034370.142160700,0,
4033,1034370.137933200,0.000006800,0.020000000,0.020000000,1034370.137940000,1034370.157933200,0,
4034,1034370.168828000,0.000011200,0.020000000,0.020000000,1034370.168839200,1034370.188828000,0,
4035,1034370.184007800,0.000009300,0.020000000,0.020000000,1034370.184017100,1034370.204007800,0,
4036,1034370.199574200,0.000010100,0.020000000,0.020000000,1034370.199584300,1034370.219574200,0,
4037,1034370.230769000,0.000006800,0.020000000,0.020000000,1034370.230775800,1034370.250769000,0,
4038,1034370.246193300,0.000009100,0.020000000,0.020000000,1034370.246202400,1034370.266193300,0,
4039,1034370.261686800,0.000006500,0.020000000,0.020000000,1034370.261693300,1034370.281686800,0,
4040,1034370.277503100,0.000004200,0.020000000,0.020000000,1034370.277507300,1034370.297503100,0,
4041,1034370.308248900,0.000016500,0.020000000,0.020000000,1034370.308265400,1034370.328248900,0,
4042,1034370.323491300,0.000003500,0.020000000,0.020000000,1034370.323494800,1034370.343491300,0,
4043,1034370.339368600,0.000005600,0.020000000,0.020000000,1034370.339374200,1034370.359368600,0,
4044,1034370.370157600,0.000014500,0.020000000,0.020000000,1034370.370172100,1034370.390157600,0,
4045,1034370.385923800,0.000010400,0.020000000,0.020000000,1034370.385934200,1034370.405923800,0,
4046,1034370.402140000,0.000008200,0.020000000,0.020000000,1034370.402148200,1034370.422140000,0,
4047,1034370.418388400,0.000004600,0.020000000,0.020000000,1034370.418393000,1034370.438388400,0,
4048,1034370.448652400,0.000012300,0.020000000,0.020000000,1034370.448664700,1034370.468652400,0,
4049,1034370.464522400,0.000012700,0.020000000,0.020000000,1034370.464535100,1034370.484522400,0,
4050,1034370.480321200,0.000007100,0.020000000,0.020000000,1034370.480328300,1034370.500321200,0,
4051,1034370.496278600,0.000009200,0.020000000,0.020000000,1034370.496287800,1034370.516278600,0,
4052,1034370.526969300,0.000010100,0.020000000,0.020000000,1034370.526979400,1034370.546969300,0,
4053,1034370.542348300,0.000006300,0.020000000,0.020000000,1034370.542354600,1034370.562348300,0,
4054,1034370.557901400,0.000010600,0.020000000,0.020000000,1034370.557912000,1034370.577901400,0,
4055,1034370.589013400,0.000007500,0.020000000,0.020000000,1034370.589020900,1034370.609013400,0,
4056,1034370.604254300,0.000010200,0.020000000,0.020000000,1034370.604264500,1034370.624254300,0,
4057,1034370.619896900,0.000009200,0.020000000,0.020000000,1034370.619906100,1034370.639896900,0,
4058,1034370.650285700,0.000007800,0.020000000,0.020000000,1034370.650293500,1034370.670285700,0,
4059,1034370.666148700,0.000008700,0.020000000,0.020000000,1034370.666157400,1034370.686148700,0,
4060,1034370.681895800,0.000008100,0.020000000,0.020000000,1034370.681903900,1034370.701895800,0,
4061,1034370.697426200,0.000010000,0.020000000,0.020000000,1034370.697436200,1034370.717426200,0,
4062,1034370.728139000,0.000008400,0.020000000,0.020000000,1034370.728147400,1034370.748139000,0,
4063,1034370.744524500,0.000005300,0.020000000,0.020000000,1034370.744529800,1034370.764524500,0,
4064,1034370.760453500,0.000006700,0.020000000,0.020000000,1034370.760460200,1034370.780453500,0,
4065,1034370.775937800,0.000006900,0.020000000,0.020000000,1034370.775944700,1034370.795937800,0,
4066,1034370.806817200,0.000008000,0.020000000,0.020000000,1034370.806825200,1034370.826817200,0,
4067,1034370.823526100,0.000006600,0.020000000,0.020000000,1034370.823532700,1034370.843526100,0,
4068,1034370.839020800,0.000005800,0.020000000,0.020000000,1034370.839026600,1034370.859020800,0,
4069,1034370.869894500,0.000008500,0.020000000,0.020000000,1034370.869903000,1034370.889894500,0,
4070,1034370.885007400,0.000009900,0.020000000,0.020000000,1034370.885017300,1034370.905007400,0,
4071,1034370.901092500,0.000010500,0.020000000,0.020000000,1034370.901103000,1034370.921092500,0,
4072,1034370.917422500,0.000006500,0.020000000,0.020000000,1034370.917429000,1034370.937422500,0,
4073,1034370.948653200,0.000008400,0.020000000,0.020000000,1034370.948661600,1034370.968653200,0,
4074,1034370.964524200,0.000009500,0.020000000,0.020000000,1034370.964533700,1034370.984524200,0,
4075,1034370.980141000,0.000010700,0.020000000,0.020000000,1034370.980151700,1034371.000141000,0,
4076,1034370.996231900,0.000007900,0.020000000,0.020000000,1034370.996239800,1034371.016231900,0,
4077,1034371.027195000,0.000009100,0.020000000,0.020000000,1034371.027204100,1034371.047195000,0,
4078,1034371.043365800,0.000004100,0.020000000,0.020000000,1034371.043369900,1034371.063365800,0,
4079,1034371.059657200,0.000006800,0.020000000,0.020000000,1034371.059664000,1034371.079657200,0,
4080,1034371.090341200,0.000008600,0.020000000,0.020000000,1034371.090349800,1034371.110341200,0,
4081,1034371.106483100,0.000012600,0.020000000,0.020000000,1034371.106495700,1034371.126483100,0,
4082,1034371.121835000,0.000006700,0.020000000,0.020000000,1034371.121841700,1034371.141835000,0,
4083,1034371.137106600,0.000007700,0.020000000,0.020000000,1034371.137114300,1034371.157106600,0,
4084,1034371.168811600,0.000010000,0.020000000,0.020000000,1034371.168821600,1034371.188811600,0,
4085,1034371.183812600,0.000006000,0.020000000,0.020000000,1034371.183818600,1034371.203812600,0,
4086,1034371.199027200,0.000004800,0.020000000,0.020000000,1034371.199032000,1034371.219027200,0,
4087,1034371.230217600,0.000007700,0.020000000,0.020000000,1034371.230225300,1034371.250217600,0,
4088,1034371.246057600,0.000010000,0.020000000,0.020000000,1034371.246067600,1034371.266057600,0,
4089,1034371.261441400,0.000007100,0.020000000,0.020000000,1034371.261448500,1034371.281441400,0,
4090,1034371.277296000,0.000004600,0.020000000,0.020000000,1034371.277300600,1034371.297296000,0,
4091,1034371.308350400,0.000012400,0.020000000,0.020000000,1034371.308362800,1034371.328350400,0,
4092,1034371.325146100,0.000008700,0.020000000,0.020000000,1034371.325154800,1034371.345146100,0,
4093,1034371.340515000,0.000007500,0.020000000,0.020000000,1034371.340522500,1034371.360515000,0,
4094,1034371.356289900,0.000008400,0.020000000,0.020000000,1034371.356298300,1034371.376289900,0,
4095,1034371.388040600,0.000011100,0.020000000,0.020000000,1034371.388051700,1034371.408040600,0,
4096,1034371.403880300,0.000004300,0.020000000,0.020000000,1034371.403884600,1034371.423880300,0,
4097,1034371.419906800,0.000004200,0.020000000,0.020000000,1034371.419911000,1034371.439906800,0,
4098,1034371.450168800,0.000011500,0.020000000,0.020000000,1034371.450180300,1034371.470168800,0,
4099,1034371.465519700,0.000014400,0.020000000,0.020000000,1034371.465534100,1034371.485519700,0,
4100,1034371.481379600,0.000008100,0.020000000,0.020000000,1034371.481387700,1034371.501379600,0,
4101,1034371.497224900,0.000008700,0.020000000,0.020000000,1034371.497233600,1034371.517224900,0,
4102,1034371.528273600,0.000009400,0.020000000,0.020000000,1034371.528283000,1034371.548273600,0,
4103,1034371.544713700,0.000010300,0.020000000,0.020000000,1034371.544724000,1034371.564713700,0,
4104,1034371.560600700,0.000008200,0.020000000,0.020000000,1034371.560608900,1034371.580600700,0,
4105,1034371.576167700,0.000007600,0.020000000,0.020000000,1034371.576175300,1034371.596167700,0,
4106,1034371.607661900,0.000012400,0.020000000,0.020000000,1034371.607674300,1034371.627661900,0,
4107,1034371.623332700,0.000010400,0.020000000,0.020000000,1034371.623343100,1034371.643332700,0,
4108,1034371.639323400,0.000006800,0.020000000,0.020000000,1034371.639330200,1034371.659323400,0,
4109,1034371.670895600,0.000006600,0.020000000,0.020000000,1034371.670902200,1034371.690895600,0,
4110,1034371.685726300,0.000009000,0.020000000,0.020000000,1034371.685735300,1034371.705726300,0,
4111,1034371.701388900,0.000006900,0.020000000,0.020000000,1034371.701395800,1034371.721388900,0,
4112,1034371.717998300,0.000010000,0.020000000,0.020000000,1034371.718008300,1034371.737998300,0,
4113,1034371.748500900,0.000010600,0.020000000,0.020000000,1034371.748511500,1034371.768500900,0,
4114,1034371.764728400,0.000009600,0.020000000,0.020000000,1034371.764738000,1034371.784728400,0,
4115,1034371.780356600,0.000004200,0.020000000,0.020000000,1034371.780360800,1034371.800356600,0,
4116,1034371.795978200,0.000004400,0.020000000,0.020000000,1034371.795982600,1034371.815978200,0,
4117,1034371.827221000,0.000008900,0.020000000,0.020000000,1034371.827229900,1034371.847221000,0,
4118,1034371.842475500,0.000014400,0.020000000,0.020000000,1034371.842489900,1034371.862475500,0,
4119,1034371.858308200,0.000006800,0.020000000,0.020000000,1034371.858315000,1034371.878308200,0,
4120,1034371.889310200,0.000016100,0.020000000,0.020000000,1034371.889326300,1034371.909310200,0,
4121,1034371.904568600,0.000006500,0.020000000,0.020000000,1034371.904575100,1034371.924568600,0,
4122,1034371.919795200,0.000006600,0.020000000,0.020000000,1034371.919801800,1034371.939795200,0,
4123,1034371.950613300,0.000011000,0.020000000,0.020000000,1034371.950624300,1034371.970613300,0,
4124,1034371.966467200,0.000007900,0.020000000,0.020000000,1034371.966475100,1034371.986467200,0,
4125,1034371.981845300,0.000006100,0.020000000,0.020000000,1034371.981851400,1034372.001845300,0,
4126,1034371.997943300,0.000007000,0.020000000,0.020000000,1034371.997950300,1034372.017943300,0,
4127,1034372.028734300,0.000010400,0.020000000,0.020000000,1034372.028744700,1034372.048734300,0,
4128,1034372.044824600,0.000006300,0.020000000,0.020000000,1034372.044830900,1034372.064824600,0,
4129,1034372.059888600,0.000006700,0.020000000,0.020000000,1034372.059895300,1034372.079888600,0,
4130,1034372.090507400,0.000008600,0.020000000,0.020000000,1034372.090516000,1034372.110507400,0,
4131,1034372.106225000,0.000017400,0.020000000,0.020000000,1034372.106242400,1034372.126225000,0,
4132,1034372.121961500,0.000011400,0.020000000,0.020000000,1034372.121972900,1034372.141961500,0,
4133,1034372.137134200,0.000005400,0.020000000,0.020000000,1034372.137139600,1034372.157134200,0,
4134,1034372.168903700,0.000010300,0.020000000,0.020000000,1034372.168914000,1034372.188903700,0,
4135,1034372.184121200,0.000006900,0.020000000,0.020000000,1034372.184128100,1034372.204121200,0,
4136,1034372.200093000,0.000004900,0.020000000,0.020000000,1034372.200097900,1034372.220093000,0,
4137,1034372.215565900,0.000007600,0.020000000,0.020000000,1034372.215573500,1034372.235565900,0,
4138,1034372.247032300,0.000009500,0.020000000,0.020000000,1034372.247041800,1034372.267032300,0,
4139,1034372.263048900,0.000010000,0.020000000,0.020000000,1034372.263058900,1034372.283048900,0,
4140,1034372.278709600,0.000009800,0.020000000,0.020000000,1034372.278719400,1034372.298709600,0,
4141,1034372.309769400,0.000004200,0.020000000,0.020000000,1034372.309773600,1034372.329769400,0,
4142,1034372.324869900,0.000008500,0.020000000,0.020000000,1034372.324878400,1034372.344869900,0,
4143,1034372.340358000,0.000004000,0.020000000,0.020000000,1034372.340362000,1034372.360358000,0,
4144,1034372.356084700,0.000005500,0.020000000,0.020000000,1034372.356090200,1034372.376084700,0,
4145,1034372.387035000,0.000008200,0.020000000,0.020000000,1034372.387043200,1034372.407035000,0,
4146,1034372.402601600,0.000007300,0.020000000,0.020000000,1034372.402608900,1034372.422601600,0,
4147,1034372.418944300,0.000008000,0.020000000,0.020000000,1034372.418952300,1034372.438944300,0,
4148,1034372.449766600,0.000008200,0.020000000,0.020000000,1034372.449774800,1034372.469766600,0,
4149,1034372.465452900,0.000009400,0.020000000,0.020000000,1034372.465462300,1034372.485452900,0,
4150,1034372.481107800,0.000005900,0.020000000,0.020000000,1034372.481113700,1034372.501107800,0,
4151,1034372.496733600,0.000008800,0.020000000,0.020000000,1034372.496742400,1034372.516733600,0,
4152,1034372.527258300,0.000007600,0.020000000,0.020000000,1034372.527265900,1034372.547258300,0,
4153,1034372.543435600,0.000003400,0.020000000,0.020000000,1034372.543439000,1034372.563435600,0,
4154,1034372.559385800,0.000008300,0.020000000,0.020000000,1034372.559394100,1034372.579385800,0,
4155,1034372.590299100,0.000008900,0.020000000,0.020000000,1034372.590308000,1034372.610299100,0,
4156,1034372.606398500,0.000009200,0.020000000,0.020000000,1034372.606407700,1034372.626398500,0,
4157,1034372.621568700,0.000003300,0.020000000,0.020000000,1034372.621572000,1034372.641568700,0,
4158,1034372.637571700,0.000006800,0.020000000,0.020000000,1034372.637578500,1034372.657571700,0,
4159,1034372.668773500,0.000007300,0.020000000,0.020000000,1034372.668780800,1034372.688773500,0,
4160,1034372.684234700,0.000010400,0.020000000,0.020000000,1034372.684245100,1034372.704234700,0,
4161,1034372.700936800,0.000008400,0.020000000,0.020000000,1034372.700945200,1034372.720936800,0,
4162,1034372.716815300,0.000005100,0.020000000,0.020000000,1034372.716820400,1034372.736815300,0,
4163,1034372.748580400,0.000008300,0.020000000,0.020000000,1034372.748588700,1034372.768580400,0,
4164,1034372.764228500,0.000008300,0.020000000,0.020000000,1034372.764236800,1034372.784228500,0,
4165,1034372.779795700,0.000006300,0.020000000,0.020000000,1034372.779802000,1034372.799795700,0,
4166,1034372.810954100,0.000007600,0.020000000,0.020000000,1034372.810961700,1034372.830954100,0,
4167,1034372.826838900,0.000007700,0.020000000,0.020000000,1034372.826846600,1034372.846838900,0,
4168,1034372.843117200,0.000009600,0.020000000,0.020000000,1034372.843126800,1034372.863117200,0,
4169,1034372.858274900,0.000003900,0.020000000,0.020000000,1034372.858278800,1034372.878274900,0,
4170,1034372.889397600,0.000010000,0.020000000,0.020000000,1034372.889407600,1034372.909397600,0,
4171,1034372.904519700,0.000011300,0.020000000,0.020000000,1034372.904531000,1034372.924519700,0,
4172,1034372.920766100,0.000007400,0.020000000,0.020000000,1034372.920773500,1034372.940766100,0,
4173,1034372.936687100,0.000008800,0.020000000,0.020000000,1034372.936695900,1034372.956687100,0,
4174,1034372.968741700,0.000013200,0.020000000,0.020000000,1034372.968754900,1034372.988741700,0,
4175,1034372.984989700,0.000006100,0.020000000,0.020000000,1034372.984995800,1034373.004989700,0,
4176,1034373.000935800,0.000007200,0.020000000,0.020000000,1034373.000943000,1034373.020935800,0,
4177,1034373.017002500,0.000009600,0.020000000,0.020000000,1034373.017012100,1034373.037002500,0,
4178,1034373.048803300,0.000010600,0.020000000,0.020000000,1034373.048813900,1034373.068803300,0,
4179,1034373.064535700,0.000009400,0.020000000,0.020000000,1034373.064545100,1034373.084535700,0,
4180,1034373.080225000,0.000009100,0.020000000,0.020000000,1034373.080234100,1034373.100225000,0,
4181,1034373.096065700,0.000011400,0.020000000,0.020000000,1034373.096077100,1034373.116065700,0,
4182,1034373.127155800,0.000010000,0.020000000,0.020000000,1034373.127165800,1034373.147155800,0,
4183,1034373.143127500,0.000007900,0.020000000,0.020000000,1034373.143135400,1034373.163127500,0,
4184,1034373.159253400,0.000011000,0.020000000,0.020000000,1034373.159264400,1034373.179253400,0,
4185,1034373.190555800,0.000007300,0.020000000,0.020000000,1034373.190563100,1034373.210555800,0,
4186,1034373.206233900,0.000011300,0.020000000,0.020000000,1034373.206245200,1034373.226233900,0,
4187,1034373.222773900,0.000004400,0.020000000,0.020000000,1034373.222778300,1034373.242773900,0,
4188,1034373.237571800,0.000008600,0.020000000,0.020000000,1034373.237580400,1034373.257571800,0,
4189,1034373.267621300,0.000010300,0.020000000,0.020000000,1034373.267631600,1034373.287621300,0,
4190,1034373.283073400,0.000009600,0.020000000,0.020000000,1034373.283083000,1034373.303073400,0,
4191,1034373.298525800,0.000004500,0.020000000,0.020000000,1034373.298530300,1034373.318525800,0,
4192,1034373.330134000,0.000007400,0.020000000,0.020000000,1034373.330141400,1034373.350134000,0,
4193,1034373.345209500,0.000006300,0.020000000,0.020000000,1034373.345215800,1034373.365209500,0,
4194,1034373.360315700,0.000007800,0.020000000,0.020000000,1034373.360323500,1034373.380315700,0,
4195,1034373.376272000,0.000009000,0.020000000,0.020000000,1034373.376281000,1034373.396272000,0,
4196,1034373.406536800,0.000013300,0.020000000,0.020000000,1034373.406550100,1034373.426536800,0,
4197,1034373.422402000,0.000005200,0.020000000,0.020000000,1034373.422407200,1034373.442402000,0,
4198,1034373.437369800,0.000009000,0.020000000,0.020000000,1034373.437378800,1034373.457369800,0,
4199,1034373.467527600,0.000011400,0.020000000,0.020000000,1034373.467539000,1034373.487527600,0,
4200,1034373.483066100,0.000010200,0.020000000,0.020000000,1034373.483076300,1034373.503066100,0,
4201,1034373.498824700,0.000005400,0.020000000,0.020000000,1034373.498830100,1034373.518824700,0,
4202,1034373.529885800,0.000010400,0.020000000,0.020000000,1034373.529896200,1034373.549885800,0,
4203,1034373.544849400,0.000008300,0.020000000,0.020000000,1034373.544857700,1034373.564849400,0,
4204,1034373.561090300,0.000006800,0.020000000,0.020000000,1034373.561097100,1034373.581090300,0,
4205,1034373.576504300,0.000011500,0.020000000,0.020000000,1034373.576515800,1034373.596504300,0,
4206,1034373.607293600,0.000009900,0.020000000,0.020000000,1034373.607303500,1034373.627293600,0,
4207,1034373.623730400,0.000003800,0.020000000,0.020000000,1034373.623734200,1034373.643730400,0,
4208,1034373.639251300,0.000011400,0.020000000,0.020000000,1034373.639262700,1034373.659251300,0,
4209,1034373.670648000,0.000006600,0.020000000,0.020000000,1034373.670654600,1034373.690648000,0,
4210,1034373.685821600,0.000008700,0.020000000,0.020000000,1034373.685830300,1034373.705821600,0,
4211,1034373.701745600,0.000006000,0.020000000,0.020000000,1034373.701751600,1034373.721745600,0,
4212,1034373.717745900,0.000005200,0.020000000,0.020000000,1034373.717751100,1034373.737745900,0,
4213,1034373.748665400,0.000052200,0.020000000,0.020000000,1034373.748717600,1034373.768665400,0,
4214,1034373.764534000,0.000005000,0.020000000,0.020000000,1034373.764539000,1034373.784534000,0,
4215,1034373.780195400,0.000005400,0.020000000,0.020000000,1034373.780200800,1034373.800195400,0,
4216,1034373.796241500,0.000009200,0.020000000,0.020000000,1034373.796250700,1034373.816241500,0,
4217,1034373.827184100,0.000007900,0.020000000,0.020000000,1034373.827192000,1034373.847184100,0,
4218,1034373.843226900,0.000005900,0.020000000,0.020000000,1034373.843232800,1034373.863226900,0,
4219,1034373.858412400,0.000009300,0.020000000,0.020000000,1034373.858421700,1034373.878412400,0,
4220,1034373.889609700,0.000005500,0.020000000,0.020000000,1034373.889615200,1034373.909609700,0,
4221,1034373.905067000,0.000008800,0.020000000,0.020000000,1034373.905075800,1034373.925067000,0,
4222,1034373.921645800,0.000006300,0.020000000,0.020000000,1034373.921652100,1034373.941645800,0,
4223,1034373.937268000,0.000031200,0.020000000,0.020000000,1034373.937299200,1034373.957268000,0,
4224,1034373.968646400,0.000009300,0.020000000,0.020000000,1034373.968655700,1034373.988646400,0,
4225,1034373.983794800,0.000008100,0.020000000,0.020000000,1034373.983802900,1034374.003794800,0,
4226,1034374.000248200,0.000017500,0.020000000,0.020000000,1034374.000265700,1034374.020248200,0,
4227,1034374.015707600,0.000007200,0.020000000,0.020000000,1034374.015714800,1034374.035707600,0,
4228,1034374.046978500,0.000024200,0.020000000,0.020000000,1034374.047002700,1034374.066978500,0,
4229,1034374.062133700,0.000012200,0.020000000,0.020000000,1034374.062145900,1034374.082133700,0,
4230,1034374.078338500,0.000014600,0.020000000,0.020000000,1034374.078353100,1034374.098338500,0,
4231,1034374.109652000,0.000012900,0.020000000,0.020000000,1034374.109664900,1034374.129652000,0,
4232,1034374.125178300,0.000009500,0.020000000,0.020000000,1034374.125187800,1034374.145178300,0,
4233,1034374.140741800,0.000008800,0.020000000,0.020000000,1034374.140750600,1034374.160741800,0,
4234,1034374.156439100,0.000007500,0.020000000,0.020000000,1034374.156446600,1034374.176439100,0,
4235,1034374.186520000,0.000010100,0.020000000,0.020000000,1034374.186530100,1034374.206520000,0,
4236,1034374.201911800,0.000009900,0.020000000,0.020000000,1034374.201921700,1034374.221911800,0,
4237,1034374.217637100,0.000005500,0.020000000,0.020000000,1034374.217642600,1034374.237637100,0,
4238,1034374.249708000,0.000013600,0.020000000,0.020000000,1034374.249721600,1034374.269708000,0,
4239,1034374.265374700,0.000016900,0.020000000,0.020000000,1034374.265391600,1034374.285374700,0,
4240,1034374.281104600,0.000010100,0.020000000,0.020000000,1034374.281114700,1034374.301104600,0,
4241,1034374.297101400,0.000007700,0.020000000,0.020000000,1034374.297109100,1034374.317101400,0,
4242,1034374.327450400,0.000013700,0.020000000,0.020000000,1034374.327464100,1034374.347450400,0,
4243,1034374.343612000,0.000012800,0.020000000,0.020000000,1034374.343624800,1034374.363612000,0,
4244,1034374.358856500,0.000007400,0.020000000,0.020000000,1034374.358863900,1034374.378856500,0,
4245,1034374.389969000,0.000013900,0.020000000,0.020000000,1034374.389982900,1034374.409969000,0,
4246,1034374.405224100,0.000011000,0.020000000,0.020000000,1034374.405235100,1034374.425224100,0,
4247,1034374.420611300,0.000004200,0.020000000,0.020000000,1034374.420615500,1034374.440611300,0,
4248,1034374.435965700,0.000004900,0.020000000,0.020000000,1034374.435970600,1034374.455965700,0,
4249,1034374.467531000,0.000005300,0.020000000,0.020000000,1034374.467536300,1034374.487531000,0,
4250,1034374.483686800,0.000006800,0.020000000,0.020000000,1034374.483693600,1034374.503686800,0,
4251,1034374.499728500,0.000010700,0.020000000,0.020000000,1034374.499739200,1034374.519728500,0,
4252,1034374.530410600,0.000007400,0.020000000,0.020000000,1034374.530418000,1034374.550410600,0,
4253,1034374.546324500,0.000009100,0.020000000,0.020000000,1034374.546333600,1034374.566324500,0,
4254,1034374.562325900,0.000008400,0.020000000,0.020000000,1034374.562334300,1034374.582325900,0,
4255,1034374.577629500,0.000006700,0.020000000,0.020000000,1034374.577636200,1034374.597629500,0,
4256,1034374.608803600,0.000016500,0.020000000,0.020000000,1034374.608820100,1034374.628803600,0,
4257,1034374.624298100,0.000014800,0.020000000,0.020000000,1034374.624312900,1034374.644298100,0,
4258,1034374.640065300,0.000005400,0.020000000,0.020000000,1034374.640070700,1034374.660065300,0,
4259,1034374.655649700,0.000009600,0.020000000,0.020000000,1034374.655659300,1034374.675649700,0,
4260,1034374.686919800,0.000011700,0.020000000,0.020000000,1034374.686931500,1034374.706919800,0,
4261,1034374.702158900,0.000007400,0.020000000,0.020000000,1034374.702166300,1034374.722158900,0,
4262,1034374.717711400,0.000014600,0.020000000,0.020000000,1034374.717726000,1034374.737711400,0,
4263,1034374.748347200,0.000008000,0.020000000,0.020000000,1034374.748355200,1034374.768347200,0,
4264,1034374.765230200,0.000015900,0.020000000,0.020000000,1034374.765246100,1034374.785230200,0,
4265,1034374.780527100,0.000005900,0.020000000,0.020000000,1034374.780533000,1034374.800527100,0,
4266,1034374.796460200,0.000006900,0.020000000,0.020000000,1034374.796467100,1034374.816460200,0,
4267,1034374.828442900,0.000008000,0.020000000,0.020000000,1034374.828450900,1034374.848442900,0,
4268,1034374.844688700,0.000007400,0.020000000,0.020000000,1034374.844696100,1034374.864688700,0,
4269,1034374.860918600,0.000005100,0.020000000,0.020000000,1034374.860923700,1034374.880918600,0,
4270,1034374.876176100,0.000011000,0.020000000,0.020000000,1034374.876187100,1034374.896176100,0,
4271,1034374.907189600,0.000010000,0.020000000,0.020000000,1034374.907199600,1034374.927189600,0,
4272,1034374.923392900,0.000010500,0.020000000,0.020000000,1034374.923403400,1034374.943392900,0,
4273,1034374.939182600,0.000007200,0.020000000,0.020000000,1034374.939189800,1034374.959182600,0,
4274,1034374.970439600,0.000007000,0.020000000,0.020000000,1034374.970446600,1034374.990439600,0,
4275,1034374.985958700,0.000010700,0.020000000,0.020000000,1034374.985969400,1034375.005958700,0,
4276,1034375.002097400,0.000004400,0.020000000,0.020000000,1034375.002101800,1034375.022097400,0,
4277,1034375.017975000,0.000006300,0.020000000,0.020000000,1034375.017981300,1034375.037975000,0,
4278,1034375.048613100,0.000011200,0.020000000,0.020000000,1034375.048624300,1034375.068613100,0,
4279,1034375.064227200,0.000007900,0.020000000,0.020000000,1034375.064235100,1034375.084227200,0,
4280,1034375.079966400,0.000005700,0.020000000,0.020000000,1034375.079972100,1034375.099966400,0,
4281,1034375.095986900,0.000006900,0.020000000,0.020000000,1034375.095993800,1034375.115986900,0,
4282,1034375.127037800,0.000010600,0.020000000,0.020000000,1034375.127048400,1034375.147037800,0,
4283,1034375.143303300,0.000006300,0.020000000,0.020000000,1034375.143309600,1034375.163303300,0,
4284,1034375.159341200,0.000006900,0.020000000,0.020000000,1034375.159348100,1034375.179341200,0,
4285,1034375.190291100,0.000010900,0.020000000,0.020000000,1034375.190302000,1034375.210291100,0,
4286,1034375.205494000,0.000011500,0.020000000,0.020000000,1034375.205505500,1034375.225494000,0,
4287,1034375.221766000,0.000005300,0.020000000,0.020000000,1034375.221771300,1034375.241766000,0,
4288,1034375.237689400,0.000008200,0.020000000,0.020000000,1034375.237697600,1034375.257689400,0,
4289,1034375.268716200,0.000009500,0.020000000,0.020000000,1034375.268725700,1034375.288716200,0,
4290,1034375.284868400,0.000005000,0.020000000,0.020000000,1034375.284873400,1034375.304868400,0,
4291,1034375.300979000,0.000006800,0.020000000,0.020000000,1034375.300985800,1034375.320979000,0,
4292,1034375.316856400,0.000010500,0.020000000,0.020000000,1034375.316866900,1034375.336856400,0,
4293,1034375.348430400,0.000011100,0.020000000,0.020000000,1034375.348441500,1034375.368430400,0,
4294,1034375.363853800,0.000010000,0.020000000,0.020000000,1034375.363863800,1034375.383853800,0,
4295,1034375.379734300,0.000005200,0.020000000,0.020000000,1034375.379739500,1034375.399734300,0,
4296,1034375.410844300,0.000016200,0.020000000,0.020000000,1034375.410860500,1034375.430844300,0,
4297,1034375.426418300,0.000009300,0.020000000,0.020000000,1034375.426427600,1034375.446418300,0,
4298,1034375.442418800,0.000005900,0.020000000,0.020000000,1034375.442424700,1034375.462418800,0,
4299,1034375.458305200,0.000007800,0.020000000,0.020000000,1034375.458313000,1034375.478305200,0,
4300,1034375.489185500,0.000011400,0.020000000,0.020000000,1034375.489196900,1034375.509185500,0,
4301,1034375.505012400,0.000011800,0.020000000,0.020000000,1034375.505024200,1034375.525012400,0,
4302,1034375.521020300,0.000006200,0.020000000,0.020000000,1034375.521026500,1034375.541020300,0,
4303,1034375.537607100,0.000009800,0.020000000,0.020000000,1034375.537616900,1034375.557607100,0,
4304,1034375.569016400,0.000010400,0.020000000,0.020000000,1034375.569026800,1034375.589016400,0,
4305,1034375.584143400,0.000011000,0.020000000,0.020000000,1034375.584154400,1034375.604143400,0,
4306,1034375.600518700,0.000005200,0.020000000,0.020000000,1034375.600523900,1034375.620518700,0,
4307,1034375.615932400,0.000007600,0.020000000,0.020000000,1034375.615940000,1034375.635932400,0,
4308,1034375.646524000,0.000012100,0.020000000,0.020000000,1034375.646536100,1034375.666524000,0,
4309,1034375.662518600,0.000005000,0.020000000,0.020000000,1034375.662523600,1034375.682518600,0,
4310,1034375.678445800,0.000004400,0.020000000,0.020000000,1034375.678450200,1034375.698445800,0,
4311,1034375.709309500,0.000010900,0.020000000,0.020000000,1034375.709320400,1034375.729309500,0,
4312,1034375.724805500,0.000006000,0.020000000,0.020000000,1034375.724811500,1034375.744805500,0,
4313,1034375.740586900,0.000006700,0.020000000,0.020000000,1034375.740593600,1034375.760586900,0,
4314,1034375.755890300,0.000004000,0.020000000,0.020000000,1034375.755894300,1034375.775890300,0,
4315,1034375.787504300,0.000009500,0.020000000,0.020000000,1034375.787513800,1034375.807504300,0,
4316,1034375.803269000,0.000006000,0.020000000,0.020000000,1034375.803275000,1034375.823269000,0,
4317,1034375.818749000,0.000024800,0.020000000,0.020000000,1034375.818773800,1034375.838749000,0,
4318,1034375.849817800,0.000009000,0.020000000,0.020000000,1034375.849826800,1034375.869817800,0,
4319,1034375.865296300,0.000010100,0.020000000,0.020000000,1034375.865306400,1034375.885296300,0,
4320,1034375.881397900,0.000010100,0.020000000,0.020000000,1034375.881408000,1034375.901397900,0,
4321,1034375.897522800,0.000006200,0.020000000,0.020000000,1034375.897529000,1034375.917522800,0,
4322,1034375.928508200,0.000011000,0.020000000,0.020000000,1034375.928519200,1034375.948508200,0,
4323,1034375.943745400,0.000008600,0.020000000,0.020000000,1034375.943754000,1034375.963745400,0,
4324,1034375.959716500,0.000010200,0.020000000,0.020000000,1034375.959726700,1034375.979716500,0,
4325,1034375.990625700,0.000016900,0.020000000,0.020000000,1034375.990642600,1034376.010625700,0,
4326,1034376.005821000,0.000010900,0.020000000,0.020000000,1034376.005831900,1034376.025821000,0,
4327,1034376.021621300,0.000006700,0.020000000,0.020000000,1034376.021628000,1034376.041621300,0,
4328,1034376.037641600,0.000007300,0.020000000,0.020000000,1034376.037648900,1034376.057641600,0,
4329,1034376.068816100,0.000009400,0.020000000,0.020000000,1034376.068825500,1034376.088816100,0,
4330,1034376.083879900,0.000007000,0.020000000,0.020000000,1034376.083886900,1034376.103879900,0,
4331,1034376.100320800,0.000007100,0.020000000,0.020000000,1034376.100327900,1034376.120320800,0,
4332,1034376.115692500,0.000008000,0.020000000,0.020000000,1034376.115700500,1034376.135692500,0,
4333,1034376.146919000,0.000008200,0.020000000,0.020000000,1034376.146927200,1034376.166919000,0,
4334,1034376.163645600,0.000005800,0.020000000,0.020000000,1034376.163651400,1034376.183645600,0,
4335,1034376.179544300,0.000009600,0.020000000,0.020000000,1034376.179553900,1034376.199544300,0,
4336,1034376.195664800,0.000011600,0.020000000,0.020000000,1034376.195676400,1034376.215664800,0,
4337,1034376.227377000,0.000012000,0.020000000,0.020000000,1034376.227389000,1034376.247377000,0,
4338,1034376.243433900,0.000010500,0.020000000,0.020000000,1034376.243444400,1034376.263433900,0,
4339,1034376.258943900,0.000007100,0.020000000,0.020000000,1034376.258951000,1034376.278943900,0,
4340,1034376.289630100,0.000011300,0.020000000,0.020000000,1034376.289641400,1034376.309630100,0,
4341,1034376.305351300,0.000014400,0.020000000,0.020000000,1034376.305365700,1034376.325351300,0,
4342,1034376.320620000,0.000004700,0.020000000,0.020000000,1034376.320624700,1034376.340620000,0,
4343,1034376.335903400,0.000007400,0.020000000,0.020000000,1034376.335910800,1034376.355903400,0,
4344,1034376.367211000,0.000010600,0.020000000,0.020000000,1034376.367221600,1034376.387211000,0,
4345,1034376.382485000,0.000016200,0.020000000,0.020000000,1034376.382501200,1034376.402485000,0,
4346,1034376.397937800,0.000006600,0.020000000,0.020000000,1034376.397944400,1034376.417937800,0,
4347,1034376.428504100,0.000016600,0.020000000,0.020000000,1034376.428520700,1034376.448504100,0,
4348,1034376.444837500,0.000014500,0.020000000,0.020000000,1034376.444852000,1034376.464837500,0,
4349,1034376.460984600,0.000013000,0.020000000,0.020000000,1034376.460997600,1034376.480984600,0,
4350,1034376.476416200,0.000011200,0.020000000,0.020000000,1034376.476427400,1034376.496416200,0,
4351,1034376.507472700,0.000010000,0.020000000,0.020000000,1034376.507482700,1034376.527472700,0,
4352,1034376.523625100,0.000007200,0.020000000,0.020000000,1034376.523632300,1034376.543625100,0,
4353,1034376.539254000,0.000005900,0.020000000,0.020000000,1034376.539259900,1034376.559254000,0,
4354,1034376.570851300,0.000006500,0.020000000,0.020000000,1034376.570857800,1034376.590851300,0,
4355,1034376.585809500,0.000007900,0.020000000,0.020000000,1034376.585817400,1034376.605809500,0,
4356,1034376.601420700,0.000004900,0.020000000,0.020000000,1034376.601425600,1034376.621420700,0,
4357,1034376.616687700,0.000010100,0.020000000,0.020000000,1034376.616697800,1034376.636687700,0,
4358,1034376.646689400,0.000008400,0.020000000,0.020000000,1034376.646697800,1034376.666689400,0,
4359,1034376.661657300,0.000004400,0.020000000,0.020000000,1034376.661661700,1034376.681657300,0,
4360,1034376.677769900,0.000006400,0.020000000,0.020000000,1034376.677776300,1034376.697769900,0,
4361,1034376.708808200,0.000009200,0.020000000,0.020000000,1034376.708817400,1034376.728808200,0,
4362,1034376.724511300,0.000011400,0.020000000,0.020000000,1034376.724522700,1034376.744511300,0,
4363,1034376.740208700,0.000007000,0.020000000,0.020000000,1034376.740215700,1034376.760208700,0,
4364,1034376.755287000,0.000006900,0.020000000,0.020000000,1034376.755293900,1034376.775287000,0,
4365,1034376.787234200,0.000010000,0.020000000,0.020000000,1034376.787244200,1034376.807234200,0,
4366,1034376.802374400,0.000014700,0.020000000,0.020000000,1034376.802389100,1034376.822374400,0,
4367,1034376.818738300,0.000007600,0.020000000,0.020000000,1034376.818745900,1034376.838738300,0,
4368,1034376.850681500,0.000010300,0.020000000,0.020000000,1034376.850691800,1034376.870681500,0,
4369,1034376.866203500,0.000009200,0.020000000,0.020000000,1034376.866212700,1034376.886203500,0,
4370,1034376.881714200,0.000024500,0.020000000,0.020000000,1034376.881738700,1034376.901714200,0,
4371,1034376.898253200,0.000004300,0.020000000,0.020000000,1034376.898257500,1034376.918253200,0,
4372,1034376.928699800,0.000009200,0.020000000,0.020000000,1034376.928709000,1034376.948699800,0,
4373,1034376.944068700,0.000007700,0.020000000,0.020000000,1034376.944076400,1034376.964068700,0,
4374,1034376.960539600,0.000007200,0.020000000,0.020000000,1034376.960546800,1034376.980539600,0,
4375,1034376.975789800,0.000005400,0.020000000,0.020000000,1034376.975795200,1034376.995789800,0,
4376,1034377.006589600,0.000009900,0.020000000,0.020000000,1034377.006599500,1034377.026589600,0,
4377,1034377.023285100,0.000015500,0.020000000,0.020000000,1034377.023300600,1034377.043285100,0,
4378,1034377.038836100,0.000008400,0.020000000,0.020000000,1034377.038844500,1034377.058836100,0,
4379,1034377.070081000,0.000010800,0.020000000,0.020000000,1034377.070091800,1034377.090081000,0,
4380,1034377.086216800,0.000013100,0.020000000,0.020000000,1034377.086229900,1034377.106216800,0,
4381,1034377.101230700,0.000011400,0.020000000,0.020000000,1034377.101242100,1034377.121230700,0,
4382,1034377.117399700,0.000012100,0.020000000,0.020000000,1034377.117411800,1034377.137399700,0,
4383,1034377.148593400,0.000010700,0.020000000,0.020000000,1034377.148604100,1034377.168593400,0,
4384,1034377.164760200,0.000006800,0.020000000,0.020000000,1034377.164767000,1034377.184760200,0,
4385,1034377.180281700,0.000012400,0.020000000,0.020000000,1034377.180294100,1034377.200281700,0,
4386,1034377.195442000,0.000007500,0.020000000,0.020000000,1034377.195449500,1034377.215442000,0,
4387,1034377.226461500,0.000016000,0.020000000,0.020000000,1034377.226477500,1034377.246461500,0,
4388,1034377.241913800,0.000011400,0.020000000,0.020000000,1034377.241925200,1034377.261913800,0,
4389,1034377.257448200,0.000008200,0.020000000,0.020000000,1034377.257456400,1034377.277448200,0,
4390,1034377.288448200,0.000013700,0.020000000,0.020000000,1034377.288461900,1034377.308448200,0,
4391,1034377.303420800,0.000009900,0.020000000,0.020000000,1034377.303430700,1034377.323420800,0,
4392,1034377.319375500,0.000006500,0.020000000,0.020000000,1034377.319382000,1034377.339375500,0,
4393,1034377.350331700,0.000012400,0.020000000,0.020000000,1034377.350344100,1034377.370331700,0,
4394,1034377.365717200,0.000012700,0.020000000,0.020000000,1034377.365729900,1034377.385717200,0,
4395,1034377.381461200,0.000007700,0.020000000,0.020000000,1034377.381468900,1034377.401461200,0,
4396,1034377.396838900,0.000009800,0.020000000,0.020000000,1034377.396848700,1034377.416838900,0,
4397,1034377.427459100,0.000009900,0.020000000,0.020000000,1034377.427469000,1034377.447459100,0,
4398,1034377.443555700,0.000014700,0.020000000,0.020000000,1034377.443570400,1034377.463555700,0,
4399,1034377.459101600,0.000006700,0.020000000,0.020000000,1034377.459108300,1034377.479101600,0,
4400,1034377.489557100,0.000019300,0.020000000,0.020000000,1034377.489576400,1034377.509557100,0,
4401,1034377.504431400,0.000012300,0.020000000,0.020000000,1034377.504443700,1034377.524431400,0,
4402,1034377.520611300,0.000010700,0.020000000,0.020000000,1034377.520622000,1034377.540611300,0,
4403,1034377.536446700,0.000015100,0.020000000,0.020000000,1034377.536461800,1034377.556446700,0,
4404,1034377.567476100,0.000011400,0.020000000,0.020000000,1034377.567487500,1034377.587476100,0,
4405,1034377.583606600,0.000014500,0.020000000,0.020000000,1034377.583621100,1034377.603606600,0,
4406,1034377.598962000,0.000013300,0.020000000,0.020000000,1034377.598975300,1034377.618962000,0,
4407,1034377.629867000,0.000017700,0.020000000,0.020000000,1034377.629884700,1034377.649867000,0,
4408,1034377.645148100,0.000019000,0.020000000,0.020000000,1034377.645167100,1034377.665148100,0,
4409,1034377.660651500,0.000008100,0.020000000,0.020000000,1034377.660659600,1034377.680651500,0,
4410,1034377.676156100,0.000013700,0.020000000,0.020000000,1034377.676169800,1034377.696156100,0,
4411,1034377.706530000,0.000014700,0.020000000,0.020000000,1034377.706544700,1034377.726530000,0,
4412,1034377.723580400,0.000006900,0.020000000,0.020000000,1034377.723587300,1034377.743580400,0,
4413,1034377.738811200,0.000010600,0.020000000,0.020000000,1034377.738821800,1034377.758811200,0,
4414,1034377.769974300,0.000007100,0.020000000,0.020000000,1034377.769981400,1034377.789974300,0,
4415,1034377.785805500,0.000020000,0.020000000,0.020000000,1034377.785825500,1034377.805805500,0,
4416,1034377.801851600,0.000007900,0.020000000,0.020000000,1034377.801859500,1034377.821851600,0,
4417,1034377.817972100,0.000006400,0.020000000,0.020000000,1034377.817978500,1034377.837972100,0,
4418,1034377.848918600,0.000016900,0.020000000,0.020000000,1034377.848935500,1034377.868918600,0,
4419,1034377.864772100,0.000007800,0.020000000,0.020000000,1034377.864779900,1034377.884772100,0,
4420,1034377.881652100,0.000006800,0.020000000,0.020000000,1034377.881658900,1034377.901652100,0,
4421,1034377.896999200,0.000004900,0.020000000,0.020000000,1034377.897004100,1034377.916999200,0,
4422,1034377.927947000,0.000009000,0.020000000,0.020000000,1034377.927956000,1034377.947947000,0,
4423,1034377.943379800,0.000009000,0.020000000,0.020000000,1034377.943388800,1034377.963379800,0,
4424,1034377.959343100,0.000007300,0.020000000,0.020000000,1034377.959350400,1034377.979343100,0,
4425,1034377.990180600,0.000015000,0.020000000,0.020000000,1034377.990195600,1034378.010180600,0,
4426,1034378.005932200,0.000011800,0.020000000,0.020000000,1034378.005944000,1034378.025932200,0,
4427,1034378.021892300,0.000007600,0.020000000,0.020000000,1034378.021899900,1034378.041892300,0,
4428,1034378.037508600,0.000005900,0.020000000,0.020000000,1034378.037514500,1034378.057508600,0,
4429,1034378.069219900,0.000007300,0.020000000,0.020000000,1034378.069227200,1034378.089219900,0,
4430,1034378.084833600,0.000011200,0.020000000,0.020000000,1034378.084844800,1034378.104833600,0,
4431,1034378.100737800,0.000006200,0.020000000,0.020000000,1034378.100744000,1034378.120737800,0,
4432,1034378.116585300,0.000005600,0.020000000,0.020000000,1034378.116590900,1034378.136585300,0,
4433,1034378.147040500,0.000011300,0.020000000,0.020000000,1034378.147051800,1034378.167040500,0,
4434,1034378.162405600,0.000008100,0.020000000,0.020000000,1034378.162413700,1034378.182405600,0,
4435,1034378.177429200,0.000004700,0.020000000,0.020000000,1034378.177433900,1034378.197429200,0,
4436,1034378.207786900,0.000011600,0.020000000,0.020000000,1034378.207798500,1034378.227786900,0,
4437,1034378.223594900,0.000008000,0.020000000,0.020000000,1034378.223602900,1034378.243594900,0,
4438,1034378.239238300,0.000006900,0.020000000,0.020000000,1034378.239245200,1034378.259238300,0,
4439,1034378.269865600,0.000006200,0.020000000,0.020000000,1034378.269871800,1034378.289865600,0,
4440,1034378.285793500,0.000010100,0.020000000,0.020000000,1034378.285803600,1034378.305793500,0,
4441,1034378.302063400,0.000006600,0.020000000,0.020000000,1034378.302070000,1034378.322063400,0,
4442,1034378.317330100,0.000004000,0.020000000,0.020000000,1034378.317334100,1034378.337330100,0,
4443,1034378.348542600,0.000007900,0.020000000,0.020000000,1034378.348550500,1034378.368542600,0,
4444,1034378.364426600,0.000007900,0.020000000,0.020000000,1034378.364434500,1034378.384426600,0,
4445,1034378.380093800,0.000008900,0.020000000,0.020000000,1034378.380102700,1034378.400093800,0,
4446,1034378.395355300,0.000007700,0.020000000,0.020000000,1034378.395363000,1034378.415355300,0,
4447,1034378.426822700,0.000007700,0.020000000,0.020000000,1034378.426830400,1034378.446822700,0,
4448,1034378.442500200,0.000027400,0.020000000,0.020000000,1034378.442527600,1034378.462500200,0,
4449,1034378.457971700,0.000005700,0.020000000,0.020000000,1034378.457977400,1034378.477971700,0,
4450,1034378.488722600,0.000008300,0.020000000,0.020000000,1034378.488730900,1034378.508722600,0,
4451,1034378.504645900,0.000007000,0.020000000,0.020000000,1034378.504652900,1034378.524645900,0,
4452,1034378.520897300,0.000005500,0.020000000,0.020000000,1034378.520902800,1034378.540897300,0,
4453,1034378.536554500,0.000005000,0.020000000,0.020000000,1034378.536559500,1034378.556554500,0,
4454,1034378.567403600,0.000014800,0.020000000,0.020000000,1034378.567418400,1034378.587403600,0,
4455,1034378.583444900,0.000011400,0.020000000,0.020000000,1034378.583456300,1034378.603444900,0,
4456,1034378.600101700,0.000004700,0.020000000,0.020000000,1034378.600106400,1034378.620101700,0,
4457,1034378.615393900,0.000003500,0.020000000,0.020000000,1034378.615397400,1034378.635393900,0,
4458,1034378.646723300,0.000007200,0.020000000,0.020000000,1034378.646730500,1034378.666723300,0,
4459,1034378.661913200,0.000010100,0.020000000,0.020000000,1034378.661923300,1034378.681913200,0,
4460,1034378.677458200,0.000007800,0.020000000,0.020000000,1034378.677466000,1034378.697458200,0,
4461,1034378.709271400,0.000007600,0.020000000,0.020000000,1034378.709279000,1034378.729271400,0,
4462,1034378.724416100,0.000008500,0.020000000,0.020000000,1034378.724424600,1034378.744416100,0,
4463,1034378.740643100,0.000007000,0.020000000,0.020000000,1034378.740650100,1034378.760643100,0,
4464,1034378.756235000,0.000007200,0.020000000,0.020000000,1034378.756242200,1034378.776235000,0,
4465,1034378.787034600,0.000005600,0.020000000,0.020000000,1034378.787040200,1034378.807034600,0,
4466,1034378.803109500,0.000006800,0.020000000,0.020000000,1034378.803116300,1034378.823109500,0,
4467,1034378.818714800,0.000007500,0.020000000,0.020000000,1034378.818722300,1034378.838714800,0,
4468,1034378.849363800,0.000005400,0.020000000,0.020000000,1034378.849369200,1034378.869363800,0,
4469,1034378.865025600,0.000005100,0.020000000,0.020000000,1034378.865030700,1034378.885025600,0,
4470,1034378.880679000,0.000006000,0.020000000,0.020000000,1034378.880685000,1034378.900679000,0,
4471,1034378.896473000,0.000003600,0.020000000,0.020000000,1034378.896476600,1034378.916473000,0,
4472,1034378.927365300,0.000005600,0.020000000,0.020000000,1034378.927370900,1034378.947365300,0,
4473,1034378.943271200,0.000014300,0.020000000,0.020000000,1034378.943285500,1034378.963271200,0,
4474,1034378.959111700,0.000017200,0.020000000,0.020000000,1034378.959128900,1034378.979111700,0,
4475,1034378.989320400,0.000010900,0.020000000,0.020000000,1034378.989331300,1034379.009320400,0,
4476,1034379.005277400,0.000017600,0.020000000,0.020000000,1034379.005295000,1034379.025277400,0,
4477,1034379.021703000,0.000006700,0.020000000,0.020000000,1034379.021709700,1034379.041703000,0,
4478,1034379.037175200,0.000007400,0.020000000,0.020000000,1034379.037182600,1034379.057175200,0,
4479,1034379.069100800,0.000013100,0.020000000,0.020000000,1034379.069113900,1034379.089100800,0,
4480,1034379.084167500,0.000012400,0.020000000,0.020000000,1034379.084179900,1034379.104167500,0,
4481,1034379.100015200,0.000012400,0.020000000,0.020000000,1034379.100027600,1034379.120015200,0,
4482,1034379.115451200,0.000011400,0.020000000,0.020000000,1034379.115462600,1034379.135451200,0,
4483,1034379.145622700,0.000017400,0.020000000,0.020000000,1034379.145640100,1034379.165622700,0,
4484,1034379.161778300,0.000005000,0.020000000,0.020000000,1034379.161783300,1034379.181778300,0,
4485,1034379.176763300,0.000011300,0.020000000,0.020000000,1034379.176774600,1034379.196763300,0,
4486,1034379.207358200,0.000014400,0.020000000,0.020000000,1034379.207372600,1034379.227358200,0,
4487,1034379.223737600,0.000012900,0.020000000,0.020000000,1034379.223750500,1034379.243737600,0,
4488,1034379.239233800,0.000014400,0.020000000,0.020000000,1034379.239248200,1034379.259233800,0,
4489,1034379.270569300,0.000017400,0.020000000,0.020000000,1034379.270586700,1034379.290569300,0,
4490,1034379.286549600,0.000015500,0.020000000,0.020000000,1034379.286565100,1034379.306549600,0,
4491,1034379.301797100,0.000009500,0.020000000,0.020000000,1034379.301806600,1034379.321797100,0,
4492,1034379.317675900,0.000006300,0.020000000,0.020000000,1034379.317682200,1034379.337675900,0,
4493,1034379.349713700,0.000016900,0.020000000,0.020000000,1034379.349730600,1034379.369713700,0,
4494,1034379.365260800,0.000008500,0.020000000,0.020000000,1034379.365269300,1034379.385260800,0,
4495,1034379.381382600,0.000005100,0.020000000,0.020000000,1034379.381387700,1034379.401382600,0,
4496,1034379.396571300,0.000016500,0.020000000,0.020000000,1034379.396587800,1034379.416571300,0,
4497,1034379.426878100,0.000009300,0.020000000,0.020000000,1034379.426887400,1034379.446878100,0,
4498,1034379.442942700,0.000017100,0.020000000,0.020000000,1034379.442959800,1034379.462942700,0,
4499,1034379.458263200,0.000007200,0.020000000,0.020000000,1034379.458270400,1034379.478263200,0,
4500,1034379.488076100,0.000017800,0.020000000,0.020000000,1034379.488093900,1034379.508076100,0,
4501,1034379.503542100,0.000018500,0.020000000,0.020000000,1034379.503560600,1034379.523542100,0,
4502,1034379.520076000,0.000017100,0.020000000,0.020000000,1034379.520093100,1034379.540076000,0,
4503,1034379.549769400,0.000020500,0.020000000,0.020000000,1034379.549789900,1034379.569769400,0,
4504,1034379.566247100,0.000020300,0.020000000,0.020000000,1034379.566267400,1034379.586247100,0,
4505,1034379.581554800,0.000011500,0.020000000,0.020000000,1034379.581566300,1034379.601554800,0,
4506,1034379.596784000,0.000012000,0.020000000,0.020000000,1034379.596796000,1034379.616784000,0,
4507,1034379.627557100,0.000048900,0.020000000,0.020000000,1034379.627606000,1034379.647557100,0,
4508,1034379.642794600,0.000012900,0.020000000,0.020000000,1034379.642807500,1034379.662794600,0,
4509,1034379.658134000,0.000015400,0.020000000,0.020000000,1034379.658149400,1034379.678134000,0,
4510,1034379.689376500,0.000019100,0.020000000,0.020000000,1034379.689395600,1034379.709376500,0,
4511,1034379.704505400,0.000012700,0.020000000,0.020000000,1034379.704518100,1034379.724505400,0,
4512,1034379.720262800,0.000013100,0.020000000,0.020000000,1034379.720275900,1034379.740262800,0,
4513,1034379.736510800,0.000012200,0.020000000,0.020000000,1034379.736523000,1034379.756510800,0,
4514,1034379.767813000,0.000019500,0.020000000,0.020000000,1034379.767832500,1034379.787813000,0,
4515,1034379.782532100,0.000008400,0.020000000,0.020000000,1034379.782540500,1034379.802532100,0,
4516,1034379.798902800,0.000012000,0.020000000,0.020000000,1034379.798914800,1034379.818902800,0,
4517,1034379.829921200,0.000011500,0.020000000,0.020000000,1034379.829932700,1034379.849921200,0,
4518,1034379.846479000,0.000013500,0.020000000,0.020000000,1034379.846492500,1034379.866479000,0,
4519,1034379.862244400,0.000016800,0.020000000,0.020000000,1034379.862261200,1034379.882244400,0,
4520,1034379.878362100,0.000010100,0.020000000,0.020000000,1034379.878372200,1034379.898362100,0,
4521,1034379.909836400,0.000014100,0.020000000,0.020000000,1034379.909850500,1034379.929836400,0,
4522,1034379.925482300,0.000012300,0.020000000,0.020000000,1034379.925494600,1034379.945482300,0,
4523,1034379.941324200,0.000013000,0.020000000,0.020000000,1034379.941337200,1034379.961324200,0,
4524,1034379.957006300,0.000013300,0.020000000,0.020000000,1034379.957019600,1034379.977006300,0,
4525,1034379.988666000,0.000009800,0.020000000,0.020000000,1034379.988675800,1034380.008666000,0,
4526,1034380.003779500,0.000009800,0.020000000,0.020000000,1034380.003789300,1034380.023779500,0,
4527,1034380.019754300,0.000007500,0.020000000,0.020000000,1034380.019761800,1034380.039754300,0,
4528,1034380.050225300,0.000011600,0.020000000,0.020000000,1034380.050236900,1034380.070225300,0,
4529,1034380.065457300,0.000006400,0.020000000,0.020000000,1034380.065463700,1034380.085457300,0,
4530,1034380.081087100,0.000007600,0.020000000,0.020000000,1034380.081094700,1034380.101087100,0,
4531,1034380.097779700,0.000012500,0.020000000,0.020000000,1034380.097792200,1034380.117779700,0,
4532,1034380.128779200,0.000007700,0.020000000,0.020000000,1034380.128786900,1034380.148779200,0,
4533,1034380.144861200,0.000005800,0.020000000,0.020000000,1034380.144867000,1034380.164861200,0,
4534,1034380.161222700,0.000008800,0.020000000,0.020000000,1034380.161231500,1034380.181222700,0,
4535,1034380.176748200,0.000007900,0.020000000,0.020000000,1034380.176756100,1034380.196748200,0,
4536,1034380.207181900,0.000012400,0.020000000,0.020000000,1034380.207194300,1034380.227181900,0,
4537,1034380.223390100,0.000012400,0.020000000,0.020000000,1034380.223402500,1034380.243390100,0,
4538,1034380.238882100,0.000010500,0.020000000,0.020000000,1034380.238892600,1034380.258882100,0,
4539,1034380.270421900,0.000008000,0.020000000,0.020000000,1034380.270429900,1034380.290421900,0,
4540,1034380.285385000,0.000007700,0.020000000,0.020000000,1034380.285392700,1034380.305385000,0,
4541,1034380.301133400,0.000006600,0.020000000,0.020000000,1034380.301140000,1034380.321133400,0,
4542,1034380.317262200,0.000004300,0.020000000,0.020000000,1034380.317266500,1034380.337262200,0,
4543,1034380.348290700,0.000014000,0.020000000,0.020000000,1034380.348304700,1034380.368290700,0,
4544,1034380.364167000,0.000005600,0.020000000,0.020000000,1034380.364172600,1034380.384167000,0,
4545,1034380.378677100,0.000010700,0.020000000,0.020000000,1034380.378687800,1034380.398677100,0,
4546,1034380.409234300,0.000011100,0.020000000,0.020000000,1034380.409245400,1034380.429234300,0,
4547,1034380.424506200,0.000009400,0.020000000,0.020000000,1034380.424515600,1034380.444506200,0,
4548,1034380.440234400,0.000011200,0.020000000,0.020000000,1034380.440245600,1034380.460234400,0,
4549,1034380.456013700,0.000009000,0.020000000,0.020000000,1034380.456022700,1034380.476013700,0,
4550,1034380.487648500,0.000010100,0.020000000,0.020000000,1034380.487658600,1034380.507648500,0,
4551,1034380.503294500,0.000006500,0.020000000,0.020000000,1034380.503301000,1034380.523294500,0,
4552,1034380.519078700,0.000007400,0.020000000,0.020000000,1034380.519086100,1034380.539078700,0,
4553,1034380.534833300,0.000012100,0.020000000,0.020000000,1034380.534845400,1034380.554833300,0,
4554,1034380.565108000,0.000016800,0.020000000,0.020000000,1034380.565124800,1034380.585108000,0,
4555,1034380.580913800,0.000009100,0.020000000,0.020000000,1034380.580922900,1034380.600913800,0,
4556,1034380.595800800,0.000004300,0.020000000,0.020000000,1034380.595805100,1034380.615800800,0,
4557,1034380.626537100,0.000015400,0.020000000,0.020000000,1034380.626552500,1034380.646537100,0,
4558,1034380.642945300,0.000010800,0.020000000,0.020000000,1034380.642956100,1034380.662945300,0,
4559,1034380.658364600,0.000006800,0.020000000,0.020000000,1034380.658371400,1034380.678364600,0,
4560,1034380.688514700,0.000012200,0.020000000,0.020000000,1034380.688526900,1034380.708514700,0,
4561,1034380.704013400,0.000005700,0.020000000,0.020000000,1034380.704019100,1034380.724013400,0,
4562,1034380.719162200,0.000004700,0.020000000,0.020000000,1034380.719166900,1034380.739162200,0,
4563,1034380.749531100,0.000008100,0.020000000,0.020000000,1034380.749539200,1034380.769531100,0,
4564,1034380.765070000,0.000009800,0.020000000,0.020000000,1034380.765079800,1034380.785070000,0,
4565,1034380.780528500,0.000007000,0.020000000,0.020000000,1034380.780535500,1034380.800528500,0,
4566,1034380.796544400,0.000007500,0.020000000,0.020000000,1034380.796551900,1034380.816544400,0,
4567,1034380.828005600,0.000008800,0.020000000,0.020000000,1034380.828014400,1034380.848005600,0,
4568,1034380.843149300,0.000007800,0.020000000,0.020000000,1034380.843157100,1034380.863149300,0,
4569,1034380.859588800,0.000007800,0.020000000,0.020000000,1034380.859596600,1034380.879588800,0,
4570,1034380.890215900,0.000015900,0.020000000,0.020000000,1034380.890231800,1034380.910215900,0,
4571,1034380.905461100,0.000009000,0.020000000,0.020000000,1034380.905470100,1034380.925461100,0,
4572,1034380.921230800,0.000006600,0.020000000,0.020000000,1034380.921237400,1034380.941230800,0,
4573,1034380.936987500,0.000009100,0.020000000,0.020000000,1034380.936996600,1034380.956987500,0,
4574,1034380.969067600,0.000009300,0.020000000,0.020000000,1034380.969076900,1034380.989067600,0,
4575,1034380.984713400,0.000005800,0.020000000,0.020000000,1034380.984719200,1034381.004713400,0,
4576,1034381.000013900,0.000006100,0.020000000,0.020000000,1034381.000020000,1034381.020013900,0,
4577,1034381.015854900,0.000007800,0.020000000,0.020000000,1034381.015862700,1034381.035854900,0,
4578,1034381.047096400,0.000010500,0.020000000,0.020000000,1034381.047106900,1034381.067096400,0,
4579,1034381.062732500,0.000008000,0.020000000,0.020000000,1034381.062740500,1034381.082732500,0,
4580,1034381.078334700,0.000009100,0.020000000,0.020000000,1034381.078343800,1034381.098334700,0,
4581,1034381.108268600,0.000008000,0.020000000,0.020000000,1034381.108276600,1034381.128268600,0,
4582,1034381.124154300,0.000008900,0.020000000,0.020000000,1034381.124163200,1034381.144154300,0,
4583,1034381.139800200,0.000007600,0.020000000,0.020000000,1034381.139807800,1034381.159800200,0,
4584,1034381.170286100,0.000013400,0.020000000,0.020000000,1034381.170299500,1034381.190286100,0,
4585,1034381.185396000,0.000009800,0.020000000,0.020000000,1034381.185405800,1034381.205396000,0,
4586,1034381.200851500,0.000007700,0.020000000,0.020000000,1034381.200859200,1034381.220851500,0,
4587,1034381.216584300,0.000008800,0.020000000,0.020000000,1034381.216593100,1034381.236584300,0,
4588,1034381.247519100,0.000009900,0.020000000,0.020000000,1034381.247529000,1034381.267519100,0,
4589,1034381.263454100,0.000010300,0.020000000,0.020000000,1034381.263464400,1034381.283454100,0,
4590,1034381.278987500,0.000009700,0.020000000,0.020000000,1034381.278997200,1034381.298987500,0,
4591,1034381.295109100,0.000009000,0.020000000,0.020000000,1034381.295118100,1034381.315109100,0,
4592,1034381.325775400,0.000015400,0.020000000,0.020000000,1034381.325790800,1034381.345775400,0,
4593,1034381.341538300,0.000009300,0.020000000,0.020000000,1034381.341547600,1034381.361538300,0,
4594,1034381.357527000,0.000008900,0.020000000,0.020000000,1034381.357535900,1034381.377527000,0,
4595,1034381.388002100,0.000012300,0.020000000,0.020000000,1034381.388014400,1034381.408002100,0,
4596,1034381.403268700,0.000016400,0.020000000,0.020000000,1034381.403285100,1034381.423268700,0,
4597,1034381.419295400,0.000009800,0.020000000,0.020000000,1034381.419305200,1034381.439295400,0,
4598,1034381.450295200,0.000015000,0.020000000,0.020000000,1034381.450310200,1034381.470295200,0,
4599,1034381.465737600,0.000025600,0.020000000,0.020000000,1034381.465763200,1034381.485737600,0,
4600,1034381.481449400,0.000017100,0.020000000,0.020000000,1034381.481466500,1034381.501449400,0,
4601,1034381.496754600,0.000009400,0.020000000,0.020000000,1034381.496764000,1034381.516754600,0,
4602,1034381.527319100,0.000020400,0.020000000,0.020000000,1034381.527339500,1034381.547319100,0,
4603,1034381.543418700,0.000015600,0.020000000,0.020000000,1034381.543434300,1034381.563418700,0,
4604,1034381.560147200,0.000019200,0.020000000,0.020000000,1034381.560166400,1034381.580147200,0,
4605,1034381.589894300,0.000019800,0.020000000,0.020000000,1034381.589914100,1034381.609894300,0,
4606,1034381.605592300,0.000032000,0.020000000,0.020000000,1034381.605624300,1034381.625592300,0,
4607,1034381.621713300,0.000020500,0.020000000,0.020000000,1034381.621733800,1034381.641713300,0,
4608,1034381.635873800,0.000018400,0.020000000,0.020000000,1034381.635892200,1034381.655873800,0,
4609,1034381.667533800,0.000023700,0.020000000,0.020000000,1034381.667557500,1034381.687533800,0,
4610,1034381.682659200,0.000008000,0.020000000,0.020000000,1034381.682667200,1034381.702659200,0,
4611,1034381.698375600,0.000019500,0.020000000,0.020000000,1034381.698395100,1034381.718375600,0,
4612,1034381.728659000,0.000019800,0.020000000,0.020000000,1034381.728678800,1034381.748659000,0,
4613,1034381.744665500,0.000011700,0.020000000,0.020000000,1034381.744677200,1034381.764665500,0,
4614,1034381.760980200,0.000027900,0.020000000,0.020000000,1034381.761008100,1034381.780980200,0,
4615,1034381.776417100,0.000009800,0.020000000,0.020000000,1034381.776426900,1034381.796417100,0,
4616,1034381.807198400,0.000019100,0.020000000,0.020000000,1034381.807217500,1034381.827198400,0,
4617,1034381.824267900,0.000022900,0.020000000,0.020000000,1034381.824290800,1034381.844267900,0,
4618,1034381.839260500,0.000028700,0.020000000,0.020000000,1034381.839289200,1034381.859260500,0,
4619,1034381.869659300,0.000018200,0.020000000,0.020000000,1034381.869677500,1034381.889659300,0,
4620,1034381.883208000,0.000016800,0.020000000,0.020000000,1034381.883224800,1034381.903208000,0,
4621,1034381.900032900,0.000015200,0.020000000,0.020000000,1034381.900048100,1034381.920032900,0,
4622,1034381.929893100,0.000022900,0.020000000,0.020000000,1034381.929916000,1034381.949893100,0,
4623,1034381.944424300,0.000153100,0.020000000,0.020000000,1034381.944577400,1034381.964424300,0,
4624,1034381.961270900,0.000020000,0.020000000,0.020000000,1034381.961290900,1034381.981270900,0,
4625,1034381.976541300,0.000020500,0.020000000,0.020000000,1034381.976561800,1034381.996541300,0,
4626,1034382.007145400,0.000064300,0.020000000,0.020000000,1034382.007209700,1034382.027145400,0,
4627,1034382.023370300,0.000023500,0.020000000,0.020000000,1034382.023393800,1034382.043370300,0,
4628,1034382.037819900,0.000022600,0.020000000,0.020000000,1034382.037842500,1034382.057819900,0,
4629,1034382.068459200,0.000019500,0.020000000,0.020000000,1034382.068478700,1034382.088459200,0,
4630,1034382.084584900,0.000251800,0.020000000,0.020000000,1034382.084836700,1034382.104584900,0,
4631,1034382.100540000,0.000024800,0.020000000,0.020000000,1034382.100564800,1034382.120540000,0,
4632,1034382.115945000,0.000012400,0.020000000,0.020000000,1034382.115957400,1034382.135945000,0,
4633,1034382.146149900,0.000023000,0.020000000,0.020000000,1034382.146172900,1034382.166149900,0,
4634,1034382.162619400,0.000011500,0.020000000,0.020000000,1034382.162630900,1034382.182619400,0,
4635,1034382.177439000,0.000011800,0.020000000,0.020000000,1034382.177450800,1034382.197439000,0,
4636,1034382.208217400,0.000023400,0.020000000,0.020000000,1034382.208240800,1034382.228217400,0,
4637,1034382.224098700,0.000021000,0.020000000,0.020000000,1034382.224119700,1034382.244098700,0,
4638,1034382.239623800,0.000032700,0.020000000,0.020000000,1034382.239656500,1034382.259623800,0,
4639,1034382.270861700,0.000010800,0.020000000,0.020000000,1034382.270872500,1034382.290861700,0,
4640,1034382.285971600,0.000023000,0.020000000,0.020000000,1034382.285994600,1034382.305971600,0,
4641,1034382.301075300,0.000021700,0.020000000,0.020000000,1034382.301097000,1034382.321075300,0,
4642,1034382.318303200,0.000120400,0.020000000,0.020000000,1034382.318423600,1034382.338303200,0,
4643,1034382.349421000,0.000026500,0.020000000,0.020000000,1034382.349447500,1034382.369421000,0,
4644,1034382.365096200,0.000027500,0.020000000,0.020000000,1034382.365123700,1034382.385096200,0,
4645,1034382.381908800,0.000022100,0.020000000,0.020000000,1034382.381930900,1034382.401908800,0,
4646,1034382.397587800,0.000023900,0.020000000,0.020000000,1034382.397611700,1034382.417587800,0,
4647,1034382.428046800,0.000112400,0.020000000,0.020000000,1034382.428159200,1034382.448046800,0,
4648,1034382.444585500,0.000019300,0.020000000,0.020000000,1034382.444604800,1034382.464585500,0,
4649,1034382.459641700,0.000027400,0.020000000,0.020000000,1034382.459669100,1034382.479641700,0,
4650,1034382.491036000,0.000192000,0.020000000,0.020000000,1034382.491228000,1034382.511036000,0,
4651,1034382.506245100,0.000029700,0.020000000,0.020000000,1034382.506274800,1034382.526245100,0,
4652,1034382.522699400,0.000025300,0.020000000,0.020000000,1034382.522724700,1034382.542699400,0,
4653,1034382.538567300,0.000014200,0.020000000,0.020000000,1034382.538581500,1034382.558567300,0,
4654,1034382.570946300,0.000023700,0.020000000,0.020000000,1034382.570970000,1034382.590946300,0,
4655,1034382.584942800,0.000023000,0.020000000,0.020000000,1034382.584965800,1034382.604942800,0,
4656,1034382.603008700,0.000023400,0.020000000,0.020000000,1034382.603032100,1034382.623008700,0,
4657,1034382.617763200,0.000021700,0.020000000,0.020000000,1034382.617784900,1034382.637763200,0,
4658,1034382.647673100,0.000034400,0.020000000,0.020000000,1034382.647707500,1034382.667673100,0,
4659,1034382.665840800,0.000025000,0.020000000,0.020000000,1034382.665865800,1034382.685840800,0,
4660,1034382.679780400,0.000022800,0.020000000,0.020000000,1034382.679803200,1034382.699780400,0,
4661,1034382.711885400,0.000018500,0.020000000,0.020000000,1034382.711903900,1034382.731885400,0,
4662,1034382.726767900,0.000034900,0.020000000,0.020000000,1034382.726802800,1034382.746767900,0,
4663,1034382.743258200,0.000160700,0.020000000,0.020000000,1034382.743418900,1034382.763258200,0,
4664,1034382.760028900,0.000024800,0.020000000,0.020000000,1034382.760053700,1034382.780028900,0,
4665,1034382.791886300,0.000021300,0.020000000,0.020000000,1034382.791907600,1034382.811886300,0,
4666,1034382.806420000,0.000022000,0.020000000,0.020000000,1034382.806442000,1034382.826420000,0,
4667,1034382.821621000,0.000025900,0.020000000,0.020000000,1034382.821646900,1034382.841621000,0,
4668,1034382.838167600,0.000019200,0.020000000,0.020000000,1034382.838186800,1034382.858167600,0,
4669,1034382.869079200,0.000023200,0.020000000,0.020000000,1034382.869102400,1034382.889079200,0,
4670,1034382.885280500,0.000021400,0.020000000,0.020000000,1034382.885301900,1034382.905280500,0,
4671,1034382.901601300,0.000019500,0.020000000,0.020000000,1034382.901620800,1034382.921601300,0,
4672,1034382.917547500,0.000013000,0.020000000,0.020000000,1034382.917560500,1034382.937547500,0,
4673,1034382.947360500,0.000040300,0.020000000,0.020000000,1034382.947400800,1034382.967360500,0,
4674,1034382.964370800,0.000019400,0.020000000,0.020000000,1034382.964390200,1034382.984370800,0,
4675,1034382.979532100,0.000022400,0.020000000,0.020000000,1034382.979554500,1034382.999532100,0,
4676,1034382.995716800,0.000024100,0.020000000,0.020000000,1034382.995740900,1034383.015716800,0,
4677,1034383.026700300,0.000029200,0.020000000,0.020000000,1034383.026729500,1034383.046700300,0,
4678,1034383.042654700,0.000020200,0.020000000,0.020000000,1034383.042674900,1034383.062654700,0,
4679,1034383.059346800,0.000022500,0.020000000,0.020000000,1034383.059369300,1034383.079346800,0,
4680,1034383.093078100,0.000030100,0.020000000,0.020000000,1034383.093108200,1034383.113078100,0,
4681,1034383.107609700,0.000083300,0.020000000,0.020000000,1034383.107693000,1034383.127609700,0,
4682,1034383.121102200,0.000020600,0.020000000,0.020000000,1034383.121122800,1034383.141102200,0,
4683,1034383.135916800,0.000020200,0.020000000,0.020000000,1034383.135937000,1034383.155916800,0,
4684,1034383.166603500,0.000023200,0.020000000,0.020000000,1034383.166626700,1034383.186603500,0,
4685,1034383.182012300,0.000020200,0.020000000,0.020000000,1034383.182032500,1034383.202012300,0,
4686,1034383.198445500,0.000018100,0.020000000,0.020000000,1034383.198463600,1034383.218445500,0,
4687,1034383.229535100,0.000021200,0.020000000,0.020000000,1034383.229556300,1034383.249535100,0,
4688,1034383.245190900,0.000023300,0.020000000,0.020000000,1034383.245214200,1034383.265190900,0,
4689,1034383.260356300,0.000023500,0.020000000,0.020000000,1034383.260379800,1034383.280356300,0,
4690,1034383.291159700,0.000021900,0.020000000,0.020000000,1034383.291181600,1034383.311159700,0,
4691,1034383.306437600,0.000024200,0.020000000,0.020000000,1034383.306461800,1034383.326437600,0,
4692,1034383.323041000,0.000020400,0.020000000,0.020000000,1034383.323061400,1034383.343041000,0,
4693,1034383.338864700,0.000024900,0.020000000,0.020000000,1034383.338889600,1034383.358864700,0,
4694,1034383.368996400,0.000107000,0.020000000,0.020000000,1034383.369103400,1034383.388996400,0,
4695,1034383.384129600,0.000074400,0.020000000,0.020000000,1034383.384204000,1034383.404129600,0,
4696,1034383.401436300,0.000015100,0.020000000,0.020000000,1034383.401451400,1034383.421436300,0,
4697,1034383.416361600,0.000017500,0.020000000,0.020000000,1034383.416379100,1034383.436361600,0,
4698,1034383.447000200,0.000034300,0.020000000,0.020000000,1034383.447034500,1034383.467000200,0,
4699,1034383.464883200,0.000020100,0.020000000,0.020000000,1034383.464903300,1034383.484883200,0,
4700,1034383.479197100,0.000023200,0.020000000,0.020000000,1034383.479220300,1034383.499197100,0,
4701,1034383.509983600,0.000028100,0.020000000,0.020000000,1034383.510011700,1034383.529983600,0,
4702,1034383.524430000,0.000016900,0.020000000,0.020000000,1034383.524446900,1034383.544430000,0,
4703,1034383.540439600,0.000049800,0.020000000,0.020000000,1034383.540489400,1034383.560439600,0,
4704,1034383.571591300,0.000016900,0.020000000,0.020000000,1034383.571608200,1034383.591591300,0,
4705,1034383.586571300,0.000022500,0.020000000,0.020000000,1034383.586593800,1034383.606571300,0,
4706,1034383.603057300,0.000016000,0.020000000,0.020000000,1034383.603073300,1034383.623057300,0,
4707,1034383.618867800,0.000018300,0.020000000,0.020000000,1034383.618886100,1034383.638867800,0,
4708,1034383.650245500,0.000022500,0.020000000,0.020000000,1034383.650268000,1034383.670245500,0,
4709,1034383.666251300,0.000024900,0.020000000,0.020000000,1034383.666276200,1034383.686251300,0,
4710,1034383.682372200,0.000023000,0.020000000,0.020000000,1034383.682395200,1034383.702372200,0,
4711,1034383.698242100,0.000020200,0.020000000,0.020000000,1034383.698262300,1034383.718242100,0,
4712,1034383.729645600,0.000022100,0.020000000,0.020000000,1034383.729667700,1034383.749645600,0,
4713,1034383.743809400,0.000020900,0.020000000,0.020000000,1034383.743830300,1034383.763809400,0,
4714,1034383.759879100,0.000014100,0.020000000,0.020000000,1034383.759893200,1034383.779879100,0,
4715,1034383.776288900,0.000022900,0.020000000,0.020000000,1034383.776311800,1034383.796288900,0,
4716,1034383.806519800,0.000036400,0.020000000,0.020000000,1034383.806556200,1034383.826519800,0,
4717,1034383.823156200,0.000008600,0.020000000,0.020000000,1034383.823164800,1034383.843156200,0,
4718,1034383.839044700,0.000020400,0.020000000,0.020000000,1034383.839065100,1034383.859044700,0,
4719,1034383.869271400,0.000019300,0.020000000,0.020000000,1034383.869290700,1034383.889271400,0,
4720,1034383.883914900,0.000015100,0.020000000,0.020000000,1034383.883930000,1034383.903914900,0,
4721,1034383.900118200,0.000014400,0.020000000,0.020000000,1034383.900132600,1034383.920118200,0,
4722,1034383.915478900,0.000011800,0.020000000,0.020000000,1034383.915490700,1034383.935478900,0,
4723,1034383.946250200,0.000023400,0.020000000,0.020000000,1034383.946273600,1034383.966250200,0,
4724,1034383.962714200,0.000018200,0.020000000,0.020000000,1034383.962732400,1034383.982714200,0,
4725,1034383.977746100,0.000007700,0.020000000,0.020000000,1034383.977753800,1034383.997746100,0,
4726,1034384.009431300,0.000022000,0.020000000,0.020000000,1034384.009453300,1034384.029431300,0,
4727,1034384.029422900,0.000019200,0.020000000,0.020000000,1034384.029442100,1034384.049422900,0,
4728,1034384.041382500,0.000023000,0.020000000,0.020000000,1034384.041405500,1034384.061382500,0,
4729,1034384.056575900,0.000011200,0.020000000,0.020000000,1034384.056587100,1034384.076575900,0,
4730,1034384.087763600,0.000013300,0.020000000,0.020000000,1034384.087776900,1034384.107763600,0,
4731,1034384.103069900,0.000023700,0.020000000,0.020000000,1034384.103093600,1034384.123069900,0,
4732,1034384.119290400,0.000013400,0.020000000,0.020000000,1034384.119303800,1034384.139290400,0,
4733,1034384.148782600,0.000023600,0.020000000,0.020000000,1034384.148806200,1034384.168782600,0,
4734,1034384.163325000,0.000073500,0.020000000,0.020000000,1034384.163398500,1034384.183325000,0,
4735,1034384.179157600,0.000017800,0.020000000,0.020000000,1034384.179175400,1034384.199157600,0,
4736,1034384.209883100,0.000281100,0.020000000,0.020000000,1034384.210164200,1034384.229883100,0,
4737,1034384.225250700,0.000025900,0.020000000,0.020000000,1034384.225276600,1034384.245250700,0,
4738,1034384.241770400,0.000012500,0.020000000,0.020000000,1034384.241782900,1034384.261770400,0,
4739,1034384.256868600,0.000017700,0.020000000,0.020000000,1034384.256886300,1034384.276868600,0,
4740,1034384.286896700,0.000015700,0.020000000,0.020000000,1034384.286912400,1034384.306896700,0,
4741,1034384.303295700,0.000018000,0.020000000,0.020000000,1034384.303313700,1034384.323295700,0,
4742,1034384.319386600,0.000008800,0.020000000,0.020000000,1034384.319395400,1034384.339386600,0,
4743,1034384.336165000,0.000013400,0.020000000,0.020000000,1034384.336178400,1034384.356165000,0,
4744,1034384.366148100,0.000014600,0.020000000,0.020000000,1034384.366162700,1034384.386148100,0,
4745,1034384.381232900,0.000021500,0.020000000,0.020000000,1034384.381254400,1034384.401232900,0,
4746,1034384.397796700,0.000011200,0.020000000,0.020000000,1034384.397807900,1034384.417796700,0,
4747,1034384.429424600,0.000025300,0.020000000,0.020000000,1034384.429449900,1034384.449424600,0,
4748,1034384.444901000,0.000023200,0.020000000,0.020000000,1034384.444924200,1034384.464901000,0,
4749,1034384.460605800,0.000019700,0.020000000,0.020000000,1034384.460625500,1034384.480605800,0,
4750,1034384.476595700,0.000028600,0.020000000,0.020000000,1034384.476624300,1034384.496595700,0,
4751,1034384.507084900,0.000020300,0.020000000,0.020000000,1034384.507105200,1034384.527084900,0,
4752,1034384.523635000,0.000008200,0.020000000,0.020000000,1034384.523643200,1034384.543635000,0,
4753,1034384.540865800,0.000012100,0.020000000,0.020000000,1034384.540877900,1034384.560865800,0,
4754,1034384.571132200,0.000013800,0.020000000,0.020000000,1034384.571146000,1034384.591132200,0,
4755,1034384.585605700,0.000030400,0.020000000,0.020000000,1034384.585636100,1034384.605605700,0,
4756,1034384.601371200,0.000015100,0.020000000,0.020000000,1034384.601386300,1034384.621371200,0,
4757,1034384.617322200,0.000023800,0.020000000,0.020000000,1034384.617346000,1034384.637322200,0,
4758,1034384.646731900,0.000022100,0.020000000,0.020000000,1034384.646754000,1034384.666731900,0,
4759,1034384.662587000,0.000013700,0.020000000,0.020000000,1034384.662600700,1034384.682587000,0,
4760,1034384.678514700,0.000017700,0.020000000,0.020000000,1034384.678532400,1034384.698514700,0,
4761,1034384.708941700,0.000080900,0.020000000,0.020000000,1034384.709022600,1034384.728941700,0,
4762,1034384.725001400,0.000008500,0.020000000,0.020000000,1034384.725009900,1034384.745001400,0,
4763,1034384.739598900,0.000014000,0.020000000,0.020000000,1034384.739612900,1034384.759598900,0,
4764,1034384.770074200,0.000094800,0.020000000,0.020000000,1034384.770169000,1034384.790074200,0,
4765,1034384.785736800,0.000022000,0.020000000,0.020000000,1034384.785758800,1034384.805736800,0,
4766,1034384.801324600,0.000022900,0.020000000,0.020000000,1034384.801347500,1034384.821324600,0,
4767,1034384.816436100,0.000010500,0.020000000,0.020000000,1034384.816446600,1034384.836436100,0,
4768,1034384.846540700,0.000013300,0.020000000,0.020000000,1034384.846554000,1034384.866540700,0,
4769,1034384.862084100,0.000019200,0.020000000,0.020000000,1034384.862103300,1034384.882084100,0,
4770,1034384.877290500,0.000017700,0.020000000,0.020000000,1034384.877308200,1034384.897290500,0,
4771,1034384.907659000,0.000016900,0.020000000,0.020000000,1034384.907675900,1034384.927659000,0,
4772,1034384.923755800,0.000009900,0.020000000,0.020000000,1034384.923765700,1034384.943755800,0,
4773,1034384.939701400,0.000010300,0.020000000,0.020000000,1034384.939711700,1034384.959701400,0,
4774,1034384.969945500,0.000021000,0.020000000,0.020000000,1034384.969966500,1034384.989945500,0,
4775,1034384.986281800,0.000032600,0.020000000,0.020000000,1034384.986314400,1034385.006281800,0,
4776,1034385.001759100,0.000017000,0.020000000,0.020000000,1034385.001776100,1034385.021759100,0,
4777,1034385.017374900,0.000011100,0.020000000,0.020000000,1034385.017386000,1034385.037374900,0,
4778,1034385.049111200,0.000018900,0.020000000,0.020000000,1034385.049130100,1034385.069111200,0,
4779,1034385.064390400,0.000016900,0.020000000,0.020000000,1034385.064407300,1034385.084390400,0,
4780,1034385.081574400,0.000023700,0.020000000,0.020000000,1034385.081598100,1034385.101574400,0,
4781,1034385.097368700,0.000016600,0.020000000,0.020000000,1034385.097385300,1034385.117368700,0,
4782,1034385.127404200,0.000033200,0.020000000,0.020000000,1034385.127437400,1034385.147404200,0,
4783,1034385.142395000,0.000022000,0.020000000,0.020000000,1034385.142417000,1034385.162395000,0,
4784,1034385.157914700,0.000026000,0.020000000,0.020000000,1034385.157940700,1034385.177914700,0,
4785,1034385.188988600,0.000019600,0.020000000,0.020000000,1034385.189008200,1034385.208988600,0,
4786,1034385.205071400,0.000023700,0.020000000,0.020000000,1034385.205095100,1034385.225071400,0,
4787,1034385.220702600,0.000015300,0.020000000,0.020000000,1034385.220717900,1034385.240702600,0,
4788,1034385.236332700,0.000019700,0.020000000,0.020000000,1034385.236352400,1034385.256332700,0,
4789,1034385.267299000,0.000025700,0.020000000,0.020000000,1034385.267324700,1034385.287299000,0,
4790,1034385.283213400,0.000015500,0.020000000,0.020000000,1034385.283228900,1034385.303213400,0,
4791,1034385.298954800,0.000021400,0.020000000,0.020000000,1034385.298976200,1034385.318954800,0,
4792,1034385.329959700,0.000013800,0.020000000,0.020000000,1034385.329973500,1034385.349959700,0,
4793,1034385.379006600,0.000018600,0.020000000,0.020000000,1034385.379025200,1034385.399006600,0,
4794,1034385.379125400,0.000005100,0.020000000,0.020000000,1034385.379130500,1034385.399125400,0,
4795,1034385.417376700,0.000086500,0.020000000,0.020000000,1034385.417463200,1034385.437376700,0,
4796,1034385.426987600,0.000020900,0.020000000,0.020000000,1034385.427008500,1034385.446987600,0,
4797,1034385.472533800,0.000029300,0.020000000,0.020000000,1034385.472563100,1034385.492533800,0,
4798,1034385.472669800,0.000006800,0.020000000,0.020000000,1034385.472676600,1034385.492669800,0,
4799,1034385.500459500,0.000023800,0.020000000,0.020000000,1034385.500483300,1034385.520459500,0,
4800,1034385.516398500,0.000021500,0.020000000,0.020000000,1034385.516420000,1034385.536398500,0,
4801,1034385.546095600,0.000020200,0.020000000,0.020000000,1034385.546115800,1034385.566095600,0,
4802,1034385.569209000,0.000021100,0.020000000,0.020000000,1034385.569230100,1034385.589209000,0,
4803,1034385.575602000,0.000015800,0.020000000,0.020000000,1034385.575617800,1034385.595602000,0,
4804,1034385.626371200,0.000019100,0.020000000,0.020000000,1034385.626390300,1034385.646371200,0,
4805,1034385.626543300,0.000008100,0.020000000,0.020000000,1034385.626551400,1034385.646543300,0,
4806,1034385.663664200,0.000020000,0.020000000,0.020000000,1034385.663684200,1034385.683664200,0,
4807,1034385.676606000,0.000018500,0.020000000,0.020000000,1034385.676624500,1034385.696606000,0,
4808,1034385.703951800,0.000013100,0.020000000,0.020000000,1034385.703964900,1034385.723951800,0,
4809,1034385.718503100,0.000016200,0.020000000,0.020000000,1034385.718519300,1034385.738503100,0,
4810,1034385.731803000,0.000015000,0.020000000,0.020000000,1034385.731818000,1034385.751803000,0,
4811,1034385.763780100,0.000015100,0.020000000,0.020000000,1034385.763795200,1034385.783780100,0,
4812,1034385.779368500,0.000020100,0.020000000,0.020000000,1034385.779388600,1034385.799368500,0,
4813,1034385.800223000,0.000105000,0.020000000,0.020000000,1034385.800328000,1034385.820223000,0,
4814,1034385.809100400,0.000052200,0.020000000,0.020000000,1034385.809152600,1034385.829100400,0,
4815,1034385.842975300,0.000019400,0.020000000,0.020000000,1034385.842994700,1034385.862975300,0,
4816,1034385.860338100,0.000013900,0.020000000,0.020000000,1034385.860352000,1034385.880338100,0,
4817,1034385.873925800,0.000020200,0.020000000,0.020000000,1034385.873946000,1034385.893925800,0,
4818,1034385.901460700,0.000023700,0.020000000,0.020000000,1034385.901484400,1034385.921460700,0,
4819,1034385.917270600,0.000017500,0.020000000,0.020000000,1034385.917288100,1034385.937270600,0,
4820,1034385.934339900,0.000022500,0.020000000,0.020000000,1034385.934362400,1034385.954339900,0,
4821,1034385.952179300,0.000014700,0.020000000,0.020000000,1034385.952194000,1034385.972179300,0,
4822,1034385.981251300,0.000013700,0.020000000,0.020000000,1034385.981265000,1034386.001251300,0,
4823,1034385.995690600,0.000026900,0.020000000,0.020000000,1034385.995717500,1034386.015690600,0,
4824,1034386.011606500,0.000013500,0.020000000,0.020000000,1034386.011620000,1034386.031606500,0,
4825,1034386.043982300,0.000021400,0.020000000,0.020000000,1034386.044003700,1034386.063982300,0,
4826,1034386.057139300,0.000018300,0.020000000,0.020000000,1034386.057157600,1034386.077139300,0,
4827,1034386.072297500,0.000019500,0.020000000,0.020000000,1034386.072317000,1034386.092297500,0,
4828,1034386.090076000,0.000026300,0.020000000,0.020000000,1034386.090102300,1034386.110076000,0,
4829,1034386.121196700,0.000012200,0.020000000,0.020000000,1034386.121208900,1034386.141196700,0,
4830,1034386.139749900,0.000047300,0.020000000,0.020000000,1034386.139797200,1034386.159749900,0,
4831,1034386.162178200,0.000018200,0.020000000,0.020000000,1034386.162196400,1034386.182178200,0,
4832,1034386.181969700,0.000018500,0.020000000,0.020000000,1034386.181988200,1034386.201969700,0,
4833,1034386.196712600,0.000019200,0.020000000,0.020000000,1034386.196731800,1034386.216712600,0,
4834,1034386.214805200,0.000018200,0.020000000,0.020000000,1034386.214823400,1034386.234805200,0,
4835,1034386.229778100,0.000020300,0.020000000,0.020000000,1034386.229798400,1034386.249778100,0,
4836,1034386.260751000,0.000014900,0.020000000,0.020000000,1034386.260765900,1034386.280751000,0,
4837,1034386.274703100,0.000013800,0.020000000,0.020000000,1034386.274716900,1034386.294703100,0,
4838,1034386.290533000,0.000015100,0.020000000,0.020000000,1034386.290548100,1034386.310533000,0,
4839,1034386.322828000,0.000021400,0.020000000,0.020000000,1034386.322849400,1034386.342828000,0,
4840,1034386.337710900,0.000013400,0.020000000,0.020000000,1034386.337724300,1034386.357710900,0,
4841,1034386.353918800,0.000023800,0.020000000,0.020000000,1034386.353942600,1034386.373918800,0,
4842,1034386.370133300,0.000015000,0.020000000,0.020000000,1034386.370148300,1034386.390133300,0,
4843,1034386.403007000,0.000016200,0.020000000,0.020000000,1034386.403023200,1034386.423007000,0,
4844,1034386.418144800,0.000013600,0.020000000,0.020000000,1034386.418158400,1034386.438144800,0,
4845,1034386.432123200,0.000024300,0.020000000,0.020000000,1034386.432147500,1034386.452123200,0,
4846,1034386.466533400,0.000017000,0.020000000,0.020000000,1034386.466550400,1034386.486533400,0,
4847,1034386.466661400,0.000006300,0.020000000,0.020000000,1034386.466667700,1034386.486661400,0,
4848,1034386.494096100,0.000025200,0.020000000,0.020000000,1034386.494121300,1034386.514096100,0,
4849,1034386.510086000,0.000014000,0.020000000,0.020000000,1034386.510100000,1034386.530086000,0,
4850,1034386.542005700,0.000016700,0.020000000,0.020000000,1034386.542022400,1034386.562005700,0,
4851,1034386.555805800,0.000023100,0.020000000,0.020000000,1034386.555828900,1034386.575805800,0,
4852,1034386.571336700,0.000011500,0.020000000,0.020000000,1034386.571348200,1034386.591336700,0,
4853,1034386.601914500,0.000019700,0.020000000,0.020000000,1034386.601934200,1034386.621914500,0,
4854,1034386.617560800,0.000010200,0.020000000,0.020000000,1034386.617571000,1034386.637560800,0,
4855,1034386.633634500,0.000019200,0.020000000,0.020000000,1034386.633653700,1034386.653634500,0,
4856,1034386.649030400,0.000015600,0.020000000,0.020000000,1034386.649046000,1034386.669030400,0,
4857,1034386.680903100,0.000069000,0.020000000,0.020000000,1034386.680972100,1034386.700903100,0,
4858,1034386.695172200,0.000021100,0.020000000,0.020000000,1034386.695193300,1034386.715172200,0,
4859,1034386.709649400,0.000029300,0.020000000,0.020000000,1034386.709678700,1034386.729649400,0,
4860,1034386.740525400,0.000024600,0.020000000,0.020000000,1034386.740550000,1034386.760525400,0,
4861,1034386.756817200,0.000017600,0.020000000,0.020000000,1034386.756834800,1034386.776817200,0,
4862,1034386.772892300,0.000019100,0.020000000,0.020000000,1034386.772911400,1034386.792892300,0,
4863,1034386.787822700,0.000020600,0.020000000,0.020000000,1034386.787843300,1034386.807822700,0,
4864,1034386.819721000,0.000019800,0.020000000,0.020000000,1034386.819740800,1034386.839721000,0,
4865,1034386.834805200,0.000022600,0.020000000,0.020000000,1034386.834827800,1034386.854805200,0,
4866,1034386.849799900,0.000014700,0.020000000,0.020000000,1034386.849814600,1034386.869799900,0,
4867,1034386.881987500,0.000017900,0.020000000,0.020000000,1034386.882005400,1034386.901987500,0,
4868,1034386.896946600,0.000020100,0.020000000,0.020000000,1034386.896966700,1034386.916946600,0,
4869,1034386.912531500,0.000008200,0.020000000,0.020000000,1034386.912539700,1034386.932531500,0,
4870,1034386.927387100,0.000007900,0.020000000,0.020000000,1034386.927395000,1034386.947387100,0,
4871,1034386.958660700,0.000057100,0.020000000,0.020000000,1034386.958717800,1034386.978660700,0,
4872,1034386.974182600,0.000019500,0.020000000,0.020000000,1034386.974202100,1034386.994182600,0,
4873,1034386.989980800,0.000017800,0.020000000,0.020000000,1034386.989998600,1034387.009980800,0,
4874,1034387.020802400,0.000015400,0.020000000,0.020000000,1034387.020817800,1034387.040802400,0,
4875,1034387.036118600,0.000027600,0.020000000,0.020000000,1034387.036146200,1034387.056118600,0,
4876,1034387.051686000,0.000018100,0.020000000,0.020000000,1034387.051704100,1034387.071686000,0,
4877,1034387.066612700,0.000008600,0.020000000,0.020000000,1034387.066621300,1034387.086612700,0,
4878,1034387.097312400,0.000025600,0.020000000,0.020000000,1034387.097338000,1034387.117312400,0,
4879,1034387.113466000,0.000016600,0.020000000,0.020000000,1034387.113482600,1034387.133466000,0,
4880,1034387.128568800,0.000020000,0.020000000,0.020000000,1034387.128588800,1034387.148568800,0,
4881,1034387.159082900,0.000020000,0.020000000,0.020000000,1034387.159102900,1034387.179082900,0,
4882,1034387.174000500,0.000016800,0.020000000,0.020000000,1034387.174017300,1034387.194000500,0,
4883,1034387.189725900,0.000017300,0.020000000,0.020000000,1034387.189743200,1034387.209725900,0,
4884,1034387.223948800,0.000074500,0.020000000,0.020000000,1034387.224023300,1034387.243948800,0,
4885,1034387.234734900,0.000020800,0.020000000,0.020000000,1034387.234755700,1034387.254734900,0,
4886,1034387.250527100,0.000019800,0.020000000,0.020000000,1034387.250546900,1034387.270527100,0,
4887,1034387.281798500,0.000024500,0.020000000,0.020000000,1034387.281823000,1034387.301798500,0,
4888,1034387.297167700,0.000024100,0.020000000,0.020000000,1034387.297191800,1034387.317167700,0,
4889,1034387.312258800,0.000014100,0.020000000,0.020000000,1034387.312272900,1034387.332258800,0,
4890,1034387.327880700,0.000012400,0.020000000,0.020000000,1034387.327893100,1034387.347880700,0,
4891,1034387.359592700,0.000006700,0.020000000,0.020000000,1034387.359599400,1034387.379592700,0,
4892,1034387.374118800,0.000014000,0.020000000,0.020000000,1034387.374132800,1034387.394118800,0,
4893,1034387.389720700,0.000006800,0.020000000,0.020000000,1034387.389727500,1034387.409720700,0,
4894,1034387.420838800,0.000007800,0.020000000,0.020000000,1034387.420846600,1034387.440838800,0,
4895,1034387.435736900,0.000010700,0.020000000,0.020000000,1034387.435747600,1034387.455736900,0,
4896,1034387.451622300,0.000017600,0.020000000,0.020000000,1034387.451639900,1034387.471622300,0,
4897,1034387.466905400,0.000008300,0.020000000,0.020000000,1034387.466913700,1034387.486905400,0,
4898,1034387.496849000,0.000021700,0.020000000,0.020000000,1034387.496870700,1034387.516849000,0,
4899,1034387.512309500,0.000006300,0.020000000,0.020000000,1034387.512315800,1034387.532309500,0,
4900,1034387.527551200,0.000010500,0.020000000,0.020000000,1034387.527561700,1034387.547551200,0,
4901,1034387.558389500,0.000011000,0.020000000,0.020000000,1034387.558400500,1034387.578389500,0,
4902,1034387.573738500,0.000009400,0.020000000,0.020000000,1034387.573747900,1034387.593738500,0,
4903,1034387.588928200,0.000004100,0.020000000,0.020000000,1034387.588932300,1034387.608928200,0,
4904,1034387.620049500,0.000009100,0.020000000,0.020000000,1034387.620058600,1034387.640049500,0,
4905,1034387.634817100,0.000007800,0.020000000,0.020000000,1034387.634824900,1034387.654817100,0,
4906,1034387.650148400,0.000010500,0.020000000,0.020000000,1034387.650158900,1034387.670148400,0,
4907,1034387.680505400,0.000016600,0.020000000,0.020000000,1034387.680522000,1034387.700505400,0,
4908,1034387.696646500,0.000022100,0.020000000,0.020000000,1034387.696668600,1034387.716646500,0,
4909,1034387.713730700,0.000021800,0.020000000,0.020000000,1034387.713752500,1034387.733730700,0,
4910,1034387.728787300,0.000021400,0.020000000,0.020000000,1034387.728808700,1034387.748787300,0,
4911,1034387.759448800,0.000011000,0.020000000,0.020000000,1034387.759459800,1034387.779448800,0,
4912,1034387.774793300,0.000012400,0.020000000,0.020000000,1034387.774805700,1034387.794793300,0,
4913,1034387.790870200,0.000008700,0.020000000,0.020000000,1034387.790878900,1034387.810870200,0,
4914,1034387.821993400,0.000012900,0.020000000,0.020000000,1034387.822006300,1034387.841993400,0,
4915,1034387.836782500,0.000006300,0.020000000,0.020000000,1034387.836788800,1034387.856782500,0,
4916,1034387.851837200,0.000009000,0.020000000,0.020000000,1034387.851846200,1034387.871837200,0,
4917,1034387.867628000,0.000004700,0.020000000,0.020000000,1034387.867632700,1034387.887628000,0,
4918,1034387.897683200,0.000015500,0.020000000,0.020000000,1034387.897698700,1034387.917683200,0,
4919,1034387.912447200,0.000013100,0.020000000,0.020000000,1034387.912460300,1034387.932447200,0,
4920,1034387.927779700,0.000012300,0.020000000,0.020000000,1034387.927792000,1034387.947779700,0,
4921,1034387.959376500,0.000010100,0.020000000,0.020000000,1034387.959386600,1034387.979376500,0,
4922,1034387.973717900,0.000005900,0.020000000,0.020000000,1034387.973723800,1034387.993717900,0,
4923,1034387.989511400,0.000005900,0.020000000,0.020000000,1034387.989517300,1034388.009511400,0,
4924,1034388.020440000,0.000024100,0.020000000,0.020000000,1034388.020464100,1034388.040440000,0,
4925,1034388.035936000,0.000008600,0.020000000,0.020000000,1034388.035944600,1034388.055936000,0,
4926,1034388.051454700,0.000006600,0.020000000,0.020000000,1034388.051461300,1034388.071454700,0,
4927,1034388.082575800,0.000004900,0.020000000,0.020000000,1034388.082580700,1034388.102575800,0,
4928,1034388.097748000,0.000006900,0.020000000,0.020000000,1034388.097754900,1034388.117748000,0,
4929,1034388.113111300,0.000009200,0.020000000,0.020000000,1034388.113120500,1034388.133111300,0,
4930,1034388.129124000,0.000014400,0.020000000,0.020000000,1034388.129138400,1034388.149124000,0,
4931,1034388.160482400,0.000061700,0.020000000,0.020000000,1034388.160544100,1034388.180482400,0,
4932,1034388.175647000,0.000098600,0.020000000,0.020000000,1034388.175745600,1034388.195647000,0,
4933,1034388.191497500,0.000020200,0.020000000,0.020000000,1034388.191517700,1034388.211497500,0,
4934,1034388.222290800,0.000009900,0.020000000,0.020000000,1034388.222300700,1034388.242290800,0,
4935,1034388.237836900,0.000007300,0.020000000,0.020000000,1034388.237844200,1034388.257836900,0,
4936,1034388.253615600,0.000006600,0.020000000,0.020000000,1034388.253622200,1034388.273615600,0,
4937,1034388.269100200,0.000006200,0.020000000,0.020000000,1034388.269106400,1034388.289100200,0,
4938,1034388.300657100,0.000009300,0.020000000,0.020000000,1034388.300666400,1034388.320657100,0,
4939,1034388.316627600,0.000007700,0.020000000,0.020000000,1034388.316635300,1034388.336627600,0,
4940,1034388.331997400,0.000005300,0.020000000,0.020000000,1034388.332002700,1034388.351997400,0,
4941,1034388.347897900,0.000015300,0.020000000,0.020000000,1034388.347913200,1034388.367897900,0,
4942,1034388.377517900,0.000009200,0.020000000,0.020000000,1034388.377527100,1034388.397517900,0,
4943,1034388.393294500,0.000009900,0.020000000,0.020000000,1034388.393304400,1034388.413294500,0,
4944,1034388.408764000,0.000010100,0.020000000,0.020000000,1034388.408774100,1034388.428764000,0,
4945,1034388.438953100,0.000011600,0.020000000,0.020000000,1034388.438964700,1034388.458953100,0,
4946,1034388.454284900,0.000005600,0.020000000,0.020000000,1034388.454290500,1034388.474284900,0,
4947,1034388.469882700,0.000009800,0.020000000,0.020000000,1034388.469892500,1034388.489882700,0,
4948,1034388.501275200,0.000016500,0.020000000,0.020000000,1034388.501291700,1034388.521275200,0,
4949,1034388.516893300,0.000008400,0.020000000,0.020000000,1034388.516901700,1034388.536893300,0,
4950,1034388.532773900,0.000011000,0.020000000,0.020000000,1034388.532784900,1034388.552773900,0,
4951,1034388.548213900,0.000008700,0.020000000,0.020000000,1034388.548222600,1034388.568213900,0,
4952,1034388.580169100,0.000008800,0.020000000,0.020000000,1034388.580177900,1034388.600169100,0,
4953,1034388.596394300,0.000013500,0.020000000,0.020000000,1034388.596407800,1034388.616394300,0,
4954,1034388.612208300,0.000008600,0.020000000,0.020000000,1034388.612216900,1034388.632208300,0,
4955,1034388.627458000,0.000012200,0.020000000,0.020000000,1034388.627470200,1034388.647458000,0,
4956,1034388.657856500,0.000015100,0.020000000,0.020000000,1034388.657871600,1034388.677856500,0,
4957,1034388.673323900,0.000015500,0.020000000,0.020000000,1034388.673339400,1034388.693323900,0,
4958,1034388.688916400,0.000010800,0.020000000,0.020000000,1034388.688927200,1034388.708916400,0,
4959,1034388.720082800,0.000007800,0.020000000,0.020000000,1034388.720090600,1034388.740082800,0,
4960,1034388.736187400,0.000012300,0.020000000,0.020000000,1034388.736199700,1034388.756187400,0,
4961,1034388.752604600,0.000010200,0.020000000,0.020000000,1034388.752614800,1034388.772604600,0,
4962,1034388.768851200,0.000013500,0.020000000,0.020000000,1034388.768864700,1034388.788851200,0,
4963,1034388.799748900,0.000017700,0.020000000,0.020000000,1034388.799766600,1034388.819748900,0,
4964,1034388.815012600,0.000016000,0.020000000,0.020000000,1034388.815028600,1034388.835012600,0,
4965,1034388.830815300,0.000010600,0.020000000,0.020000000,1034388.830825900,1034388.850815300,0,
4966,1034388.861808500,0.000014500,0.020000000,0.020000000,1034388.861823000,1034388.881808500,0,
4967,1034388.876903200,0.000019000,0.020000000,0.020000000,1034388.876922200,1034388.896903200,0,
4968,1034388.892779000,0.000011600,0.020000000,0.020000000,1034388.892790600,1034388.912779000,0,
4969,1034388.908249600,0.000015900,0.020000000,0.020000000,1034388.908265500,1034388.928249600,0,
4970,1034388.938568600,0.000017700,0.020000000,0.020000000,1034388.938586300,1034388.958568600,0,
4971,1034388.954540400,0.000020000,0.020000000,0.020000000,1034388.954560400,1034388.974540400,0,
4972,1034388.971822300,0.000016200,0.020000000,0.020000000,1034388.971838500,1034388.991822300,0,
4973,1034389.001156000,0.000016800,0.020000000,0.020000000,1034389.001172800,1034389.021156000,0,
4974,1034389.016764800,0.000010600,0.020000000,0.020000000,1034389.016775400,1034389.036764800,0,
4975,1034389.031840100,0.000016600,0.020000000,0.020000000,1034389.031856700,1034389.051840100,0,
4976,1034389.048056200,0.000014000,0.020000000,0.020000000,1034389.048070200,1034389.068056200,0,
4977,1034389.078717400,0.000008900,0.020000000,0.020000000,1034389.078726300,1034389.098717400,0,
4978,1034389.093843800,0.000006900,0.020000000,0.020000000,1034389.093850700,1034389.113843800,0,
4979,1034389.109140100,0.000005600,0.020000000,0.020000000,1034389.109145700,1034389.129140100,0,
4980,1034389.140599400,0.000012000,0.020000000,0.020000000,1034389.140611400,1034389.160599400,0,
4981,1034389.156171000,0.000077900,0.020000000,0.020000000,1034389.156248900,1034389.176171000,0,
4982,1034389.172053500,0.000022600,0.020000000,0.020000000,1034389.172076100,1034389.192053500,0,
4983,1034389.202224700,0.000022600,0.020000000,0.020000000,1034389.202247300,1034389.222224700,0,
4984,1034389.218591300,0.000021400,0.020000000,0.020000000,1034389.218612700,1034389.238591300,0,
4985,1034389.233121700,0.000015000,0.020000000,0.020000000,1034389.233136700,1034389.253121700,0,
4986,1034389.249055300,0.000017700,0.020000000,0.020000000,1034389.249073000,1034389.269055300,0,
4987,1034389.279995700,0.000009500,0.020000000,0.020000000,1034389.280005200,1034389.299995700,0,
4988,1034389.295222000,0.000017200,0.020000000,0.020000000,1034389.295239200,1034389.315222000,0,
4989,1034389.311750000,0.000008600,0.020000000,0.020000000,1034389.311758600,1034389.331750000,0,
4990,1034389.327184400,0.000012300,0.020000000,0.020000000,1034389.327196700,1034389.347184400,0,
4991,1034389.357629000,0.000019400,0.020000000,0.020000000,1034389.357648400,1034389.377629000,0,
4992,1034389.374223200,0.000015900,0.020000000,0.020000000,1034389.374239100,1034389.394223200,0,
4993,1034389.388875100,0.000016000,0.020000000,0.020000000,1034389.388891100,1034389.408875100,0,
4994,1034389.419115800,0.000023600,0.020000000,0.020000000,1034389.419139400,1034389.439115800,0,
4995,1034389.433962900,0.000015900,0.020000000,0.020000000,1034389.433978800,1034389.453962900,0,
4996,1034389.449363500,0.000012200,0.020000000,0.020000000,1034389.449375700,1034389.469363500,0,
4997,1034389.480611500,0.000151200,0.020000000,0.020000000,1034389.480762700,1034389.500611500,0,
4998,1034389.496046400,0.000023300,0.020000000,0.020000000,1034389.496069700,1034389.516046400,0,
4999,1034389.512855700,0.000013900,0.020000000,0.020000000,1034389.512869600,1034389.532855700,0,
5000,1034389.542990200,0.000014000,0.020000000,0.020000000,1034389.543004200,1034389.562990200,0,
5001,1034389.558778000,0.000016600,0.020000000,0.020000000,1034389.558794600,1034389.578778000,0,
5002,1034389.575504300,0.000016100,0.020000000,0.020000000,1034389.575520400,1034389.595504300,0,
5003,1034389.590937000,0.000015300,0.020000000,0.020000000,1034389.590952300,1034389.610937000,0,
5004,1034389.621311300,0.000016500,0.020000000,0.020000000,1034389.621327800,1034389.641311300,0,
5005,1034389.636834800,0.000011500,0.020000000,0.020000000,1034389.636846300,1034389.656834800,0,
5006,1034389.652738700,0.000019400,0.020000000,0.020000000,1034389.652758100,1034389.672738700,0,
5007,1034389.668552500,0.000012900,0.020000000,0.020000000,1034389.668565400,1034389.688552500,0,
5008,1034389.697795600,0.000018900,0.020000000,0.020000000,1034389.697814500,1034389.717795600,0,
5009,1034389.712643100,0.000014700,0.020000000,0.020000000,1034389.712657800,1034389.732643100,0,
5010,1034389.729223800,0.000016500,0.020000000,0.020000000,1034389.729240300,1034389.749223800,0,
5011,1034389.760651000,0.000018300,0.020000000,0.020000000,1034389.760669300,1034389.780651000,0,
5012,1034389.776384000,0.000035900,0.020000000,0.020000000,1034389.776419900,1034389.796384000,0,
5013,1034389.792836000,0.000012200,0.020000000,0.020000000,1034389.792848200,1034389.812836000,0,
5014,1034389.808182700,0.000019400,0.020000000,0.020000000,1034389.808202100,1034389.828182700,0,
5015,1034389.838802900,0.000019400,0.020000000,0.020000000,1034389.838822300,1034389.858802900,0,
5016,1034389.854305500,0.000009600,0.020000000,0.020000000,1034389.854315100,1034389.874305500,0,
5017,1034389.869959200,0.000006100,0.020000000,0.020000000,1034389.869965300,1034389.889959200,0,
5018,1034389.900683200,0.000014400,0.020000000,0.020000000,1034389.900697600,1034389.920683200,0,
5019,1034389.916363300,0.000019100,0.020000000,0.020000000,1034389.916382400,1034389.936363300,0,
5020,1034389.932059800,0.000038100,0.020000000,0.020000000,1034389.932097900,1034389.952059800,0,
5021,1034389.962625900,0.000011200,0.020000000,0.020000000,1034389.962637100,1034389.982625900,0,
5022,1034389.978016700,0.000008700,0.020000000,0.020000000,1034389.978025400,1034389.998016700,0,
5023,1034389.992962900,0.000005900,0.020000000,0.020000000,1034389.992968800,1034390.012962900,0,
5024,1034390.008341500,0.000014200,0.020000000,0.020000000,1034390.008355700,1034390.028341500,0,
5025,1034390.039010400,0.000008900,0.020000000,0.020000000,1034390.039019300,1034390.059010400,0,
5026,1034390.054812200,0.000006300,0.020000000,0.020000000,1034390.054818500,1034390.074812200,0,
5027,1034390.070289600,0.000006600,0.020000000,0.020000000,1034390.070296200,1034390.090289600,0,
5028,1034390.101437300,0.000006500,0.020000000,0.020000000,1034390.101443800,1034390.121437300,0,
5029,1034390.116678600,0.000012500,0.020000000,0.020000000,1034390.116691100,1034390.136678600,0,
5030,1034390.132401300,0.000012100,0.020000000,0.020000000,1034390.132413400,1034390.152401300,0,
5031,1034390.162581200,0.000011600,0.020000000,0.020000000,1034390.162592800,1034390.182581200,0,
5032,1034390.177480200,0.000020900,0.020000000,0.020000000,1034390.177501100,1034390.197480200,0,
5033,1034390.192693000,0.000010500,0.020000000,0.020000000,1034390.192703500,1034390.212693000,0,
5034,1034390.208499900,0.000017300,0.020000000,0.020000000,1034390.208517200,1034390.228499900,0,
5035,1034390.237904100,0.000016700,0.020000000,0.020000000,1034390.237920800,1034390.257904100,0,
5036,1034390.253563600,0.000023600,0.020000000,0.020000000,1034390.253587200,1034390.273563600,0,
5037,1034390.269595700,0.000020100,0.020000000,0.020000000,1034390.269615800,1034390.289595700,0,
5038,1034390.299702200,0.000021800,0.020000000,0.020000000,1034390.299724000,1034390.319702200,0,
5039,1034390.315301900,0.000016600,0.020000000,0.020000000,1034390.315318500,1034390.335301900,0,
5040,1034390.330811400,0.000016900,0.020000000,0.020000000,1034390.330828300,1034390.350811400,0,
5041,1034390.361144500,0.000020900,0.020000000,0.020000000,1034390.361165400,1034390.381144500,0,
5042,1034390.376980200,0.000008500,0.020000000,0.020000000,1034390.376988700,1034390.396980200,0,
5043,1034390.393708500,0.000016800,0.020000000,0.020000000,1034390.393725300,1034390.413708500,0,
5044,1034390.408668900,0.000009500,0.020000000,0.020000000,1034390.408678400,1034390.428668900,0,
5045,1034390.439537300,0.000020600,0.020000000,0.020000000,1034390.439557900,1034390.459537300,0,
5046,1034390.455150600,0.000022000,0.020000000,0.020000000,1034390.455172600,1034390.475150600,0,
5047,1034390.471879300,0.000016600,0.020000000,0.020000000,1034390.471895900,1034390.491879300,0,
5048,1034390.501238000,0.000075500,0.020000000,0.020000000,1034390.501313500,1034390.521238000,0,
5049,1034390.517197400,0.000013200,0.020000000,0.020000000,1034390.517210600,1034390.537197400,0,
5050,1034390.532426200,0.000009600,0.020000000,0.020000000,1034390.532435800,1034390.552426200,0,
5051,1034390.548735300,0.000015900,0.020000000,0.020000000,1034390.548751200,1034390.568735300,0,
5052,1034390.579971900,0.000014200,0.020000000,0.020000000,1034390.579986100,1034390.599971900,0,
5053,1034390.594858800,0.000008600,0.020000000,0.020000000,1034390.594867400,1034390.614858800,0,
5054,1034390.610370000,0.000010500,0.020000000,0.020000000,1034390.610380500,1034390.630370000,0,
5055,1034390.641118400,0.000015500,0.020000000,0.020000000,1034390.641133900,1034390.661118400,0,
5056,1034390.656363500,0.000015900,0.020000000,0.020000000,1034390.656379400,1034390.676363500,0,
5057,1034390.672172600,0.000006400,0.020000000,0.020000000,1034390.672179000,1034390.692172600,0,
5058,1034390.687593300,0.000012200,0.020000000,0.020000000,1034390.687605500,1034390.707593300,0,
5059,1034390.718440300,0.000005700,0.020000000,0.020000000,1034390.718446000,1034390.738440300,0,
5060,1034390.734097100,0.000007100,0.020000000,0.020000000,1034390.734104200,1034390.754097100,0,
5061,1034390.749793000,0.000010300,0.020000000,0.020000000,1034390.749803300,1034390.769793000,0,
5062,1034390.780170200,0.000009700,0.020000000,0.020000000,1034390.780179900,1034390.800170200,0,
5063,1034390.795498000,0.000012900,0.020000000,0.020000000,1034390.795510900,1034390.815498000,0,
5064,1034390.812181500,0.000006500,0.020000000,0.020000000,1034390.812188000,1034390.832181500,0,
5065,1034390.842228100,0.000007900,0.020000000,0.020000000,1034390.842236000,1034390.862228100,0,
5066,1034390.857082100,0.000006600,0.020000000,0.020000000,1034390.857088700,1034390.877082100,0,
5067,1034390.873419900,0.000007700,0.020000000,0.020000000,1034390.873427600,1034390.893419900,0,
5068,1034390.889256300,0.000015500,0.020000000,0.020000000,1034390.889271800,1034390.909256300,0,
5069,1034390.919699300,0.000009300,0.020000000,0.020000000,1034390.919708600,1034390.939699300,0,
5070,1034390.934761000,0.000010000,0.020000000,0.020000000,1034390.934771000,1034390.954761000,0,
5071,1034390.951086300,0.000011600,0.020000000,0.020000000,1034390.951097900,1034390.971086300,0,
5072,1034390.981510900,0.000008100,0.020000000,0.020000000,1034390.981519000,1034391.001510900,0,
5073,1034390.996997000,0.000009800,0.020000000,0.020000000,1034390.997006800,1034391.016997000,0,
5074,1034391.013734700,0.000011200,0.020000000,0.020000000,1034391.013745900,1034391.033734700,0,
5075,1034391.028924000,0.000008200,0.020000000,0.020000000,1034391.028932200,1034391.048924000,0,
5076,1034391.059879000,0.000013600,0.020000000,0.020000000,1034391.059892600,1034391.079879000,0,
5077,1034391.074572700,0.000013600,0.020000000,0.020000000,1034391.074586300,1034391.094572700,0,
5078,1034391.091259900,0.000014300,0.020000000,0.020000000,1034391.091274200,1034391.111259900,0,
5079,1034391.122054600,0.000005400,0.020000000,0.020000000,1034391.122060000,1034391.142054600,0,
5080,1034391.137285700,0.000011500,0.020000000,0.020000000,1034391.137297200,1034391.157285700,0,
5081,1034391.152927300,0.000007500,0.020000000,0.020000000,1034391.152934800,1034391.172927300,0,
5082,1034391.168250000,0.000002700,0.020000000,0.020000000,1034391.168252700,1034391.188250000,0,
5083,1034391.198332800,0.000014600,0.020000000,0.020000000,1034391.198347400,1034391.218332800,0,
5084,1034391.213590200,0.000006900,0.020000000,0.020000000,1034391.213597100,1034391.233590200,0,
5085,1034391.229334700,0.000010300,0.020000000,0.020000000,1034391.229345000,1034391.249334700,0,
5086,1034391.259979200,0.000013900,0.020000000,0.020000000,1034391.259993100,1034391.279979200,0,
5087,1034391.275325900,0.000016900,0.020000000,0.020000000,1034391.275342800,1034391.295325900,0,
5088,1034391.291266000,0.000019900,0.020000000,0.020000000,1034391.291285900,1034391.311266000,0,
5089,1034391.321419900,0.000047600,0.020000000,0.020000000,1034391.321467500,1034391.341419900,0,
5090,1034391.336727900,0.000011200,0.020000000,0.020000000,1034391.336739100,1034391.356727900,0,
5091,1034391.351968700,0.000009900,0.020000000,0.020000000,1034391.351978600,1034391.371968700,0,
5092,1034391.367658700,0.000007900,0.020000000,0.020000000,1034391.367666600,1034391.387658700,0,
5093,1034391.398429500,0.000008100,0.020000000,0.020000000,1034391.398437600,1034391.418429500,0,
5094,1034391.414498900,0.000007600,0.020000000,0.020000000,1034391.414506500,1034391.434498900,0,
5095,1034391.430343100,0.000007600,0.020000000,0.020000000,1034391.430350700,1034391.450343100,0,
5096,1034391.460838800,0.000008700,0.020000000,0.020000000,1034391.460847500,1034391.480838800,0,
5097,1034391.476078100,0.000011400,0.020000000,0.020000000,1034391.476089500,1034391.496078100,0,
5098,1034391.491991700,0.000008600,0.020000000,0.020000000,1034391.492000300,1034391.511991700,0,
5099,1034391.522078300,0.000025300,0.020000000,0.020000000,1034391.522103600,1034391.542078300,0,
5100,1034391.538044200,0.000015600,0.020000000,0.020000000,1034391.538059800,1034391.558044200,0,
5101,1034391.553521800,0.000021300,0.020000000,0.020000000,1034391.553543100,1034391.573521800,0,
5102,1034391.569385200,0.000009900,0.020000000,0.020000000,1034391.569395100,1034391.589385200,0,
5103,1034391.600463400,0.000024500,0.020000000,0.020000000,1034391.600487900,1034391.620463400,0,
5104,1034391.616556300,0.000016600,0.020000000,0.020000000,1034391.616572900,1034391.636556300,0,
5105,1034391.631621800,0.000017000,0.020000000,0.020000000,1034391.631638800,1034391.651621800,0,
5106,1034391.646967800,0.000013500,0.020000000,0.020000000,1034391.646981300,1034391.666967800,0,
5107,1034391.678810500,0.000023900,0.020000000,0.020000000,1034391.678834400,1034391.698810500,0,
5108,1034391.692898000,0.000011800,0.020000000,0.020000000,1034391.692909800,1034391.712898000,0,
5109,1034391.708163700,0.000022600,0.020000000,0.020000000,1034391.708186300,1034391.728163700,0,
5110,1034391.738159800,0.000019600,0.020000000,0.020000000,1034391.738179400,1034391.758159800,0,
5111,1034391.753679400,0.000033500,0.020000000,0.020000000,1034391.753712900,1034391.773679400,0,
5112,1034391.770284000,0.000019100,0.020000000,0.020000000,1034391.770303100,1034391.790284000,0,
5113,1034391.800736800,0.000020100,0.020000000,0.020000000,1034391.800756900,1034391.820736800,0,
5114,1034391.816811600,0.000016500,0.020000000,0.020000000,1034391.816828100,1034391.836811600,0,
5115,1034391.832723400,0.000017800,0.020000000,0.020000000,1034391.832741200,1034391.852723400,0,
5116,1034391.848529400,0.000029900,0.020000000,0.020000000,1034391.848559300,1034391.868529400,0,
5117,1034391.878824300,0.000012800,0.020000000,0.020000000,1034391.878837100,1034391.898824300,0,
5118,1034391.895033900,0.000016700,0.020000000,0.020000000,1034391.895050600,1034391.915033900,0,
5119,1034391.911346100,0.000012200,0.020000000,0.020000000,1034391.911358300,1034391.931346100,0,
5120,1034391.941299400,0.000015700,0.020000000,0.020000000,1034391.941315100,1034391.961299400,0,
5121,1034391.957636800,0.000024300,0.020000000,0.020000000,1034391.957661100,1034391.977636800,0,
5122,1034391.973027700,0.000020600,0.020000000,0.020000000,1034391.973048300,1034391.993027700,0,
5123,1034391.988571500,0.000019800,0.020000000,0.020000000,1034391.988591300,1034392.008571500,0,
5124,1034392.019400500,0.000006000,0.020000000,0.020000000,1034392.019406500,1034392.039400500,0,
5125,1034392.034803900,0.000015900,0.020000000,0.020000000,1034392.034819800,1034392.054803900,0,
5126,1034392.050628300,0.000013300,0.020000000,0.020000000,1034392.050641600,1034392.070628300,0,
5127,1034392.081022500,0.000015700,0.020000000,0.020000000,1034392.081038200,1034392.101022500,0,
5128,1034392.096877400,0.000024100,0.020000000,0.020000000,1034392.096901500,1034392.116877400,0,
5129,1034392.112617300,0.000014700,0.020000000,0.020000000,1034392.112632000,1034392.132617300,0,
5130,1034392.128137000,0.000015300,0.020000000,0.020000000,1034392.128152300,1034392.148137000,0,
5131,1034392.159015000,0.000018600,0.020000000,0.020000000,1034392.159033600,1034392.179015000,0,
5132,1034392.174773100,0.000014400,0.020000000,0.020000000,1034392.174787500,1034392.194773100,0,
5133,1034392.190129000,0.000007500,0.020000000,0.020000000,1034392.190136500,1034392.210129000,0,
5134,1034392.220903800,0.000022100,0.020000000,0.020000000,1034392.220925900,1034392.240903800,0,
5135,1034392.235878100,0.000012900,0.020000000,0.020000000,1034392.235891000,1034392.255878100,0,
5136,1034392.251725000,0.000008900,0.020000000,0.020000000,1034392.251733900,1034392.271725000,0,
5137,1034392.267458800,0.000023500,0.020000000,0.020000000,1034392.267482300,1034392.287458800,0,
5138,1034392.297562100,0.000025100,0.020000000,0.020000000,1034392.297587200,1034392.317562100,0,
5139,1034392.312696200,0.000011200,0.020000000,0.020000000,1034392.312707400,1034392.332696200,0,
5140,1034392.328352400,0.000012500,0.020000000,0.020000000,1034392.328364900,1034392.348352400,0,
5141,1034392.359085500,0.000016600,0.020000000,0.020000000,1034392.359102100,1034392.379085500,0,
5142,1034392.374494600,0.000004500,0.020000000,0.020000000,1034392.374499100,1034392.394494600,0,
5143,1034392.389894100,0.000006400,0.020000000,0.020000000,1034392.389900500,1034392.409894100,0,
5144,1034392.420955300,0.000015900,0.020000000,0.020000000,1034392.420971200,1034392.440955300,0,
5145,1034392.436050100,0.000010800,0.020000000,0.020000000,1034392.436060900,1034392.456050100,0,
5146,1034392.452486800,0.000044900,0.020000000,0.020000000,1034392.452531700,1034392.472486800,0,
5147,1034392.468487400,0.000008100,0.020000000,0.020000000,1034392.468495500,1034392.488487400,0,
5148,1034392.498872800,0.000014100,0.020000000,0.020000000,1034392.498886900,1034392.518872800,0,
5149,1034392.514549400,0.000011400,0.020000000,0.020000000,1034392.514560800,1034392.534549400,0,
5150,1034392.529944400,0.000009500,0.020000000,0.020000000,1034392.529953900,1034392.549944400,0,
5151,1034392.560845500,0.000010100,0.020000000,0.020000000,1034392.560855600,1034392.580845500,0,
5152,1034392.576393800,0.000007600,0.020000000,0.020000000,1034392.576401400,1034392.596393800,0,
5153,1034392.591362500,0.000005500,0.020000000,0.020000000,1034392.591368000,1034392.611362500,0,
5154,1034392.622257700,0.000010000,0.020000000,0.020000000,1034392.622267700,1034392.642257700,0,
5155,1034392.637837200,0.000010900,0.020000000,0.020000000,1034392.637848100,1034392.657837200,0,
5156,1034392.653340100,0.000018800,0.020000000,0.020000000,1034392.653358900,1034392.673340100,0,
5157,1034392.670056600,0.000011800,0.020000000,0.020000000,1034392.670068400,1034392.690056600,0,
5158,1034392.701035400,0.000009000,0.020000000,0.020000000,1034392.701044400,1034392.721035400,0,
5159,1034392.716796100,0.000009200,0.020000000,0.020000000,1034392.716805300,1034392.736796100,0,
5160,1034392.731969700,0.000034900,0.020000000,0.020000000,1034392.732004600,1034392.751969700,0,
5161,1034392.748721800,0.000009400,0.020000000,0.020000000,1034392.748731200,1034392.768721800,0,
5162,1034392.779668600,0.000009600,0.020000000,0.020000000,1034392.779678200,1034392.799668600,0,
5163,1034392.795737800,0.000009700,0.020000000,0.020000000,1034392.795747500,1034392.815737800,0,
5164,1034392.811838700,0.000007800,0.020000000,0.020000000,1034392.811846500,1034392.831838700,0,
5165,1034392.826741700,0.000008200,0.020000000,0.020000000,1034392.826749900,1034392.846741700,0,
5166,1034392.857299700,0.000013400,0.020000000,0.020000000,1034392.857313100,1034392.877299700,0,
5167,1034392.873753000,0.000006600,0.020000000,0.020000000,1034392.873759600,1034392.893753000,0,
5168,1034392.889048000,0.000009000,0.020000000,0.020000000,1034392.889057000,1034392.909048000,0,
5169,1034392.920439300,0.000013900,0.020000000,0.020000000,1034392.920453200,1034392.940439300,0,
5170,1034392.935553200,0.000008900,0.020000000,0.020000000,1034392.935562100,1034392.955553200,0,
5171,1034392.951690600,0.000009100,0.020000000,0.020000000,1034392.951699700,1034392.971690600,0,
5172,1034392.967574900,0.000006200,0.020000000,0.020000000,1034392.967581100,1034392.987574900,0,
5173,1034392.998839000,0.000009500,0.020000000,0.020000000,1034392.998848500,1034393.018839000,0,
5174,1034393.014335200,0.000009900,0.020000000,0.020000000,1034393.014345100,1034393.034335200,0,
5175,1034393.030550800,0.000009400,0.020000000,0.020000000,1034393.030560200,1034393.050550800,0,
5176,1034393.062533400,0.000010300,0.020000000,0.020000000,1034393.062543700,1034393.082533400,0,
5177,1034393.078680800,0.000008600,0.020000000,0.020000000,1034393.078689400,1034393.098680800,0,
5178,1034393.094674400,0.000010300,0.020000000,0.020000000,1034393.094684700,1034393.114674400,0,
5179,1034393.111060600,0.000005800,0.020000000,0.020000000,1034393.111066400,1034393.131060600,0,
5180,1034393.141183200,0.000004200,0.020000000,0.020000000,1034393.141187400,1034393.161183200,0,
5181,1034393.156497900,0.000012100,0.020000000,0.020000000,1034393.156510000,1034393.176497900,0,
5182,1034393.173476300,0.000008700,0.020000000,0.020000000,1034393.173485000,1034393.193476300,0,
5183,1034393.189060500,0.000007800,0.020000000,0.020000000,1034393.189068300,1034393.209060500,0,
5184,1034393.220081100,0.000012200,0.020000000,0.020000000,1034393.220093300,1034393.240081100,0,
5185,1034393.236198100,0.000007900,0.020000000,0.020000000,1034393.236206000,1034393.256198100,0,
5186,1034393.251872200,0.000009900,0.020000000,0.020000000,1034393.251882100,1034393.271872200,0,
5187,1034393.267738500,0.000004300,0.020000000,0.020000000,1034393.267742800,1034393.287738500,0,
5188,1034393.298645800,0.000012700,0.020000000,0.020000000,1034393.298658500,1034393.318645800,0,
5189,1034393.314698500,0.000005800,0.020000000,0.020000000,1034393.314704300,1034393.334698500,0,
5190,1034393.330663300,0.000006900,0.020000000,0.020000000,1034393.330670200,1034393.350663300,0,
5191,1034393.346663300,0.000009000,0.020000000,0.020000000,1034393.346672300,1034393.366663300,0,
5192,1034393.378552500,0.000011600,0.020000000,0.020000000,1034393.378564100,1034393.398552500,0,
5193,1034393.394721900,0.000007000,0.020000000,0.020000000,1034393.394728900,1034393.414721900,0,
5194,1034393.410875300,0.000008100,0.020000000,0.020000000,1034393.410883400,1034393.430875300,0,
5195,1034393.426818200,0.000006200,0.020000000,0.020000000,1034393.426824400,1034393.446818200,0,
5196,1034393.457813800,0.000009700,0.020000000,0.020000000,1034393.457823500,1034393.477813800,0,
5197,1034393.473988600,0.000006500,0.020000000,0.020000000,1034393.473995100,1034393.493988600,0,
5198,1034393.489587800,0.000008500,0.020000000,0.020000000,1034393.489596300,1034393.509587800,0,
5199,1034393.521119800,0.000006200,0.020000000,0.020000000,1034393.521126000,1034393.541119800,0,
5200,1034393.537149700,0.000006200,0.020000000,0.020000000,1034393.537155900,1034393.557149700,0,
5201,1034393.553257400,0.000009200,0.020000000,0.020000000,1034393.553266600,1034393.573257400,0,
5202,1034393.569003900,0.000007700,0.020000000,0.020000000,1034393.569011600,1034393.589003900,0,
5203,1034393.599447300,0.000042100,0.020000000,0.020000000,1034393.599489400,1034393.619447300,0,
5204,1034393.615291100,0.000005400,0.020000000,0.020000000,1034393.615296500,1034393.635291100,0,
5205,1034393.630691800,0.000006400,0.020000000,0.020000000,1034393.630698200,1034393.650691800,0,
5206,1034393.646918500,0.000012700,0.020000000,0.020000000,1034393.646931200,1034393.666918500,0,
5207,1034393.678779200,0.000028300,0.020000000,0.020000000,1034393.678807500,1034393.698779200,0,
5208,1034393.694083000,0.000010000,0.020000000,0.020000000,1034393.694093000,1034393.714083000,0,
5209,1034393.710267600,0.000009600,0.020000000,0.020000000,1034393.710277200,1034393.730267600,0,
5210,1034393.740777300,0.000011600,0.020000000,0.020000000,1034393.740788900,1034393.760777300,0,
5211,1034393.756569600,0.000006300,0.020000000,0.020000000,1034393.756575900,1034393.776569600,0,
5212,1034393.772236100,0.000004900,0.020000000,0.020000000,1034393.772241000,1034393.792236100,0,
5213,1034393.802909800,0.000017900,0.020000000,0.020000000,1034393.802927700,1034393.822909800,0,
5214,1034393.818606700,0.000009000,0.020000000,0.020000000,1034393.818615700,1034393.838606700,0,
5215,1034393.834104900,0.000010600,0.020000000,0.020000000,1034393.834115500,1034393.854104900,0,
5216,1034393.850244300,0.000004100,0.020000000,0.020000000,1034393.850248400,1034393.870244300,0,
5217,1034393.881426400,0.000011800,0.020000000,0.020000000,1034393.881438200,1034393.901426400,0,
5218,1034393.896665200,0.000013200,0.020000000,0.020000000,1034393.896678400,1034393.916665200,0,
5219,1034393.912261800,0.000006500,0.020000000,0.020000000,1034393.912268300,1034393.932261800,0,
5220,1034393.927874100,0.000007200,0.020000000,0.020000000,1034393.927881300,1034393.947874100,0,
5221,1034393.958478200,0.000010100,0.020000000,0.020000000,1034393.958488300,1034393.978478200,0,
5222,1034393.973533700,0.000011700,0.020000000,0.020000000,1034393.973545400,1034393.993533700,0,
5223,1034393.988850700,0.000005900,0.020000000,0.020000000,1034393.988856600,1034394.008850700,0,
5224,1034394.020166300,0.000010500,0.020000000,0.020000000,1034394.020176800,1034394.040166300,0,
5225,1034394.036037000,0.000009400,0.020000000,0.020000000,1034394.036046400,1034394.056037000,0,
5226,1034394.051682300,0.000006000,0.020000000,0.020000000,1034394.051688300,1034394.071682300,0,
5227,1034394.067320500,0.000006600,0.020000000,0.020000000,1034394.067327100,1034394.087320500,0,
5228,1034394.097845100,0.000009800,0.020000000,0.020000000,1034394.097854900,1034394.117845100,0,
5229,1034394.113422800,0.000009400,0.020000000,0.020000000,1034394.113432200,1034394.133422800,0,
5230,1034394.128784000,0.000006600,0.020000000,0.020000000,1034394.128790600,1034394.148784000,0,
5231,1034394.160526900,0.000005000,0.020000000,0.020000000,1034394.160531900,1034394.180526900,0,
5232,1034394.176275100,0.000008200,0.020000000,0.020000000,1034394.176283300,1034394.196275100,0,
5233,1034394.191959000,0.000009100,0.020000000,0.020000000,1034394.191968100,1034394.211959000,0,
5234,1034394.207474400,0.000007600,0.020000000,0.020000000,1034394.207482000,1034394.227474400,0,
5235,1034394.238606200,0.000013400,0.020000000,0.020000000,1034394.238619600,1034394.258606200,0,
5236,1034394.254258500,0.000012200,0.020000000,0.020000000,1034394.254270700,1034394.274258500,0,
5237,1034394.269524300,0.000005600,0.020000000,0.020000000,1034394.269529900,1034394.289524300,0,
5238,1034394.300670200,0.000016200,0.020000000,0.020000000,1034394.300686400,1034394.320670200,0,
5239,1034394.317161900,0.000010000,0.020000000,0.020000000,1034394.317171900,1034394.337161900,0,
5240,1034394.332306800,0.000008900,0.020000000,0.020000000,1034394.332315700,1034394.352306800,0,
5241,1034394.347753700,0.000006500,0.020000000,0.020000000,1034394.347760200,1034394.367753700,0,
5242,1034394.378117700,0.000011100,0.020000000,0.020000000,1034394.378128800,1034394.398117700,0,
5243,1034394.393362000,0.000007300,0.020000000,0.020000000,1034394.393369300,1034394.413362000,0,
5244,1034394.409361700,0.000019400,0.020000000,0.020000000,1034394.409381100,1034394.429361700,0,
5245,1034394.439904400,0.000016400,0.020000000,0.020000000,1034394.439920800,1034394.459904400,0,
5246,1034394.454940100,0.000115800,0.020000000,0.020000000,1034394.455055900,1034394.474940100,0,
5247,1034394.471355400,0.000014500,0.020000000,0.020000000,1034394.471369900,1034394.491355400,0,
5248,1034394.502173000,0.000026500,0.020000000,0.020000000,1034394.502199500,1034394.522173000,0,
5249,1034394.519276000,0.000023800,0.020000000,0.020000000,1034394.519299800,1034394.539276000,0,
5250,1034394.534762300,0.000014400,0.020000000,0.020000000,1034394.534776700,1034394.554762300,0,
5251,1034394.549566600,0.000014200,0.020000000,0.020000000,1034394.549580800,1034394.569566600,0,
5252,1034394.579986100,0.000024500,0.020000000,0.020000000,1034394.580010600,1034394.599986100,0,
5253,1034394.595749800,0.000023500,0.020000000,0.020000000,1034394.595773300,1034394.615749800,0,
5254,1034394.611764500,0.000007700,0.020000000,0.020000000,1034394.611772200,1034394.631764500,0,
5255,1034394.627590500,0.000010300,0.020000000,0.020000000,1034394.627600800,1034394.647590500,0,
5256,1034394.658725100,0.000009000,0.020000000,0.020000000,1034394.658734100,1034394.678725100,0,
5257,1034394.674725800,0.000007400,0.020000000,0.020000000,1034394.674733200,1034394.694725800,0,
5258,1034394.690200400,0.000020700,0.020000000,0.020000000,1034394.690221100,1034394.710200400,0,
5259,1034394.721609000,0.000021300,0.020000000,0.020000000,1034394.721630300,1034394.741609000,0,
5260,1034394.736857800,0.000010000,0.020000000,0.020000000,1034394.736867800,1034394.756857800,0,
5261,1034394.752963800,0.000007700,0.020000000,0.020000000,1034394.752971500,1034394.772963800,0,
5262,1034394.768553800,0.000007600,0.020000000,0.020000000,1034394.768561400,1034394.788553800,0,
5263,1034394.799596000,0.000065900,0.020000000,0.020000000,1034394.799661900,1034394.819596000,0,
5264,1034394.815298500,0.000005500,0.020000000,0.020000000,1034394.815304000,1034394.835298500,0,
5265,1034394.830805900,0.000010500,0.020000000,0.020000000,1034394.830816400,1034394.850805900,0,
5266,1034394.861685500,0.000013900,0.020000000,0.020000000,1034394.861699400,1034394.881685500,0,
5267,1034394.876833200,0.000012100,0.020000000,0.020000000,1034394.876845300,1034394.896833200,0,
5268,1034394.893156600,0.000014500,0.020000000,0.020000000,1034394.893171100,1034394.913156600,0,
5269,1034394.908095100,0.000017400,0.020000000,0.020000000,1034394.908112500,1034394.928095100,0,
5270,1034394.939641700,0.000012200,0.020000000,0.020000000,1034394.939653900,1034394.959641700,0,
5271,1034394.954815100,0.000005800,0.020000000,0.020000000,1034394.954820900,1034394.974815100,0,
5272,1034394.971515400,0.000006800,0.020000000,0.020000000,1034394.971522200,1034394.991515400,0,
5273,1034395.001659800,0.000021000,0.020000000,0.020000000,1034395.001680800,1034395.021659800,0,
5274,1034395.016904900,0.000010200,0.020000000,0.020000000,1034395.016915100,1034395.036904900,0,
5275,1034395.032798400,0.000006900,0.020000000,0.020000000,1034395.032805300,1034395.052798400,0,
5276,1034395.048297000,0.000013800,0.020000000,0.020000000,1034395.048310800,1034395.068297000,0,
5277,1034395.078265700,0.000014400,0.020000000,0.020000000,1034395.078280100,1034395.098265700,0,
5278,1034395.094230400,0.000010400,0.020000000,0.020000000,1034395.094240800,1034395.114230400,0,
5279,1034395.109693400,0.000012000,0.020000000,0.020000000,1034395.109705400,1034395.129693400,0,
5280,1034395.140383800,0.000012400,0.020000000,0.020000000,1034395.140396200,1034395.160383800,0,
5281,1034395.156158000,0.000009000,0.020000000,0.020000000,1034395.156167000,1034395.176158000,0,
5282,1034395.172801100,0.000018600,0.020000000,0.020000000,1034395.172819700,1034395.192801100,0,
5283,1034395.202678700,0.000023900,0.020000000,0.020000000,1034395.202702600,1034395.222678700,0,
5284,1034395.217528800,0.000012300,0.020000000,0.020000000,1034395.217541100,1034395.237528800,0,
5285,1034395.233223200,0.000010600,0.020000000,0.020000000,1034395.233233800,1034395.253223200,0,
5286,1034395.249342200,0.000013500,0.020000000,0.020000000,1034395.249355700,1034395.269342200,0,
5287,1034395.280868300,0.000008400,0.020000000,0.020000000,1034395.280876700,1034395.300868300,0,
5288,1034395.295015000,0.000011400,0.020000000,0.020000000,1034395.295026400,1034395.315015000,0,
5289,1034395.310991400,0.000008000,0.020000000,0.020000000,1034395.310999400,1034395.330991400,0,
5290,1034395.342211500,0.000021500,0.020000000,0.020000000,1034395.342233000,1034395.362211500,0,
5291,1034395.357682900,0.000018300,0.020000000,0.020000000,1034395.357701200,1034395.377682900,0,
5292,1034395.373739400,0.000016500,0.020000000,0.020000000,1034395.373755900,1034395.393739400,0,
5293,1034395.388622800,0.000018200,0.020000000,0.020000000,1034395.388641000,1034395.408622800,0,
5294,1034395.418835600,0.000019800,0.020000000,0.020000000,1034395.418855400,1034395.438835600,0,
5295,1034395.434290500,0.000010600,0.020000000,0.020000000,1034395.434301100,1034395.454290500,0,
5296,1034395.449969800,0.000057800,0.020000000,0.020000000,1034395.450027600,1034395.469969800,0,
5297,1034395.479446400,0.000019600,0.020000000,0.020000000,1034395.479466000,1034395.499446400,0,
5298,1034395.494951500,0.000016200,0.020000000,0.020000000,1034395.494967700,1034395.514951500,0,
5299,1034395.512343100,0.000007400,0.020000000,0.020000000,1034395.512350500,1034395.532343100,0,
5300,1034395.526897500,0.000009900,0.020000000,0.020000000,1034395.526907400,1034395.546897500,0,
5301,1034395.558357500,0.000024900,0.020000000,0.020000000,1034395.558382400,1034395.578357500,0,
5302,1034395.574332500,0.000015900,0.020000000,0.020000000,1034395.574348400,1034395.594332500,0,
5303,1034395.590197800,0.000012600,0.020000000,0.020000000,1034395.590210400,1034395.610197800,0,
5304,1034395.620565100,0.000014700,0.020000000,0.020000000,1034395.620579800,1034395.640565100,0,
5305,1034395.635791000,0.000015300,0.020000000,0.020000000,1034395.635806300,1034395.655791000,0,
5306,1034395.650933000,0.000010100,0.020000000,0.020000000,1034395.650943100,1034395.670933000,0,
5307,1034395.681512600,0.000008200,0.020000000,0.020000000,1034395.681520800,1034395.701512600,0,
5308,1034395.697429600,0.000007400,0.020000000,0.020000000,1034395.697437000,1034395.717429600,0,
5309,1034395.712992800,0.000006600,0.020000000,0.020000000,1034395.712999400,1034395.732992800,0,
5310,1034395.728900300,0.000010400,0.020000000,0.020000000,1034395.728910700,1034395.748900300,0,
5311,1034395.760241600,0.000009600,0.020000000,0.020000000,1034395.760251200,1034395.780241600,0,
5312,1034395.775887000,0.000014500,0.020000000,0.020000000,1034395.775901500,1034395.795887000,0,
5313,1034395.791098800,0.000008300,0.020000000,0.020000000,1034395.791107100,1034395.811098800,0,
5314,1034395.822292400,0.000016600,0.020000000,0.020000000,1034395.822309000,1034395.842292400,0,
5315,1034395.838573000,0.000021500,0.020000000,0.020000000,1034395.838594500,1034395.858573000,0,
5316,1034395.854245100,0.000018600,0.020000000,0.020000000,1034395.854263700,1034395.874245100,0,
5317,1034395.870949000,0.000018000,0.020000000,0.020000000,1034395.870967000,1034395.890949000,0,
5318,1034395.900745300,0.000019600,0.020000000,0.020000000,1034395.900764900,1034395.920745300,0,
5319,1034395.916817500,0.000016100,0.020000000,0.020000000,1034395.916833600,1034395.936817500,0,
5320,1034395.932045300,0.000021900,0.020000000,0.020000000,1034395.932067200,1034395.952045300,0,
5321,1034395.948852300,0.000018700,0.020000000,0.020000000,1034395.948871000,1034395.968852300,0,
5322,1034395.979890000,0.000015800,0.020000000,0.020000000,1034395.979905800,1034395.999890000,0,
5323,1034395.995975400,0.000008100,0.020000000,0.020000000,1034395.995983500,1034396.015975400,0,
5324,1034396.012310700,0.000008400,0.020000000,0.020000000,1034396.012319100,1034396.032310700,0,
5325,1034396.027096100,0.000010900,0.020000000,0.020000000,1034396.027107000,1034396.047096100,0,
5326,1034396.057532700,0.000017400,0.020000000,0.020000000,1034396.057550100,1034396.077532700,0,
5327,1034396.073515400,0.000009000,0.020000000,0.020000000,1034396.073524400,1034396.093515400,0,
5328,1034396.089028800,0.000010400,0.020000000,0.020000000,1034396.089039200,1034396.109028800,0,
5329,1034396.119578700,0.000011000,0.020000000,0.020000000,1034396.119589700,1034396.139578700,0,
5330,1034396.134522300,0.000010000,0.020000000,0.020000000,1034396.134532300,1034396.154522300,0,
5331,1034396.149188400,0.000006700,0.020000000,0.020000000,1034396.149195100,1034396.169188400,0,
5332,1034396.180329700,0.000020100,0.020000000,0.020000000,1034396.180349800,1034396.200329700,0,
5333,1034396.196418800,0.000009700,0.020000000,0.020000000,1034396.196428500,1034396.216418800,0,
5334,1034396.213398900,0.000009800,0.020000000,0.020000000,1034396.213408700,1034396.233398900,0,
5335,1034396.229370400,0.000018800,0.020000000,0.020000000,1034396.229389200,1034396.249370400,0,
5336,1034396.258672600,0.000012400,0.020000000,0.020000000,1034396.258685000,1034396.278672600,0,
5337,1034396.274249600,0.000012200,0.020000000,0.020000000,1034396.274261800,1034396.294249600,0,
5338,1034396.290015400,0.000012500,0.020000000,0.020000000,1034396.290027900,1034396.310015400,0,
5339,1034396.320905000,0.000010100,0.020000000,0.020000000,1034396.320915100,1034396.340905000,0,
5340,1034396.336845800,0.000011700,0.020000000,0.020000000,1034396.336857500,1034396.356845800,0,
5341,1034396.352010900,0.000010600,0.020000000,0.020000000,1034396.352021500,1034396.372010900,0,
5342,1034396.368795800,0.000013400,0.020000000,0.020000000,1034396.368809200,1034396.388795800,0,
5343,1034396.400423700,0.000007500,0.020000000,0.020000000,1034396.400431200,1034396.420423700,0,
5344,1034396.415717300,0.000010000,0.020000000,0.020000000,1034396.415727300,1034396.435717300,0,
5345,1034396.431507700,0.000008900,0.020000000,0.020000000,1034396.431516600,1034396.451507700,0,
5346,1034396.447690500,0.000018600,0.020000000,0.020000000,1034396.447709100,1034396.467690500,0,
5347,1034396.479155700,0.000007500,0.020000000,0.020000000,1034396.479163200,1034396.499155700,0,
5348,1034396.494096700,0.000010800,0.020000000,0.020000000,1034396.494107500,1034396.514096700,0,
5349,1034396.510046200,0.000006000,0.020000000,0.020000000,1034396.510052200,1034396.530046200,0,
5350,1034396.541055400,0.000011600,0.020000000,0.020000000,1034396.541067000,1034396.561055400,0,
5351,1034396.556245900,0.000032200,0.020000000,0.020000000,1034396.556278100,1034396.576245900,0,
5352,1034396.572623500,0.000008400,0.020000000,0.020000000,1034396.572631900,1034396.592623500,0,
5353,1034396.588410300,0.000009800,0.020000000,0.020000000,1034396.588420100,1034396.608410300,0,
5354,1034396.621350200,0.000017800,0.020000000,0.020000000,1034396.621368000,1034396.641350200,0,
5355,1034396.638016400,0.000020400,0.020000000,0.020000000,1034396.638036800,1034396.658016400,0,
5356,1034396.653385700,0.000025900,0.020000000,0.020000000,1034396.653411600,1034396.673385700,0,
5357,1034396.670441700,0.000015300,0.020000000,0.020000000,1034396.670457000,1034396.690441700,0,
5358,1034396.701315700,0.000020900,0.020000000,0.020000000,1034396.701336600,1034396.721315700,0,
5359,1034396.717646900,0.000103600,0.020000000,0.020000000,1034396.717750500,1034396.737646900,0,
5360,1034396.732624200,0.000023900,0.020000000,0.020000000,1034396.732648100,1034396.752624200,0,
5361,1034396.749018200,0.000019400,0.020000000,0.020000000,1034396.749037600,1034396.769018200,0,
5362,1034396.779770700,0.000016700,0.020000000,0.020000000,1034396.779787400,1034396.799770700,0,
5363,1034396.796198900,0.000020200,0.020000000,0.020000000,1034396.796219100,1034396.816198900,0,
5364,1034396.813338700,0.000023100,0.020000000,0.020000000,1034396.813361800,1034396.833338700,0,
5365,1034396.843372400,0.000022200,0.020000000,0.020000000,1034396.843394600,1034396.863372400,0,
5366,1034396.857524600,0.000028200,0.020000000,0.020000000,1034396.857552800,1034396.877524600,0,
5367,1034396.872843700,0.000023900,0.020000000,0.020000000,1034396.872867600,1034396.892843700,0,
5368,1034396.888808000,0.000356900,0.020000000,0.020000000,1034396.889164900,1034396.908808000,0,
5369,1034396.919391800,0.000024900,0.020000000,0.020000000,1034396.919416700,1034396.939391800,0,
5370,1034396.935730000,0.000020100,0.020000000,0.020000000,1034396.935750100,1034396.955730000,0,
5371,1034396.951670200,0.000023900,0.020000000,0.020000000,1034396.951694100,1034396.971670200,0,
5372,1034396.981282100,0.000018900,0.020000000,0.020000000,1034396.981301000,1034397.001282100,0,
5373,1034396.995321200,0.000019000,0.020000000,0.020000000,1034396.995340200,1034397.015321200,0,
5374,1034397.012500900,0.000013200,0.020000000,0.020000000,1034397.012514100,1034397.032500900,0,
5375,1034397.042173400,0.000019600,0.020000000,0.020000000,1034397.042193000,1034397.062173400,0,
5376,1034397.057694800,0.000016700,0.020000000,0.020000000,1034397.057711500,1034397.077694800,0,
5377,1034397.073457000,0.000006900,0.020000000,0.020000000,1034397.073463900,1034397.093457000,0,
5378,1034397.088628500,0.000010100,0.020000000,0.020000000,1034397.088638600,1034397.108628500,0,
5379,1034397.119625800,0.000011100,0.020000000,0.020000000,1034397.119636900,1034397.139625800,0,
5380,1034397.136193600,0.000016200,0.020000000,0.020000000,1034397.136209800,1034397.156193600,0,
5381,1034397.151448700,0.000016600,0.020000000,0.020000000,1034397.151465300,1034397.171448700,0,
5382,1034397.181936300,0.000016300,0.020000000,0.020000000,1034397.181952600,1034397.201936300,0,
5383,1034397.197005600,0.000024900,0.020000000,0.020000000,1034397.197030500,1034397.217005600,0,
5384,1034397.212325600,0.000008500,0.020000000,0.020000000,1034397.212334100,1034397.232325600,0,
5385,1034397.229177600,0.000015600,0.020000000,0.020000000,1034397.229193200,1034397.249177600,0,
5386,1034397.260122900,0.000022400,0.020000000,0.020000000,1034397.260145300,1034397.280122900,0,
5387,1034397.275008800,0.000011200,0.020000000,0.020000000,1034397.275020000,1034397.295008800,0,
5388,1034397.291184900,0.000012200,0.020000000,0.020000000,1034397.291197100,1034397.311184900,0,
5389,1034397.321738400,0.000016500,0.020000000,0.020000000,1034397.321754900,1034397.341738400,0,
5390,1034397.336828900,0.000017900,0.020000000,0.020000000,1034397.336846800,1034397.356828900,0,
5391,1034397.352173800,0.000007700,0.020000000,0.020000000,1034397.352181500,1034397.372173800,0,
5392,1034397.368214200,0.000011200,0.020000000,0.020000000,1034397.368225400,1034397.388214200,0,
5393,1034397.398888900,0.000029500,0.020000000,0.020000000,1034397.398918400,1034397.418888900,0,
5394,1034397.414871300,0.000014900,0.020000000,0.020000000,1034397.414886200,1034397.434871300,0,
5395,1034397.430512200,0.000017600,0.020000000,0.020000000,1034397.430529800,1034397.450512200,0,
5396,1034397.461923600,0.000012300,0.020000000,0.020000000,1034397.461935900,1034397.481923600,0,
5397,1034397.478073200,0.000019300,0.020000000,0.020000000,1034397.478092500,1034397.498073200,0,
5398,1034397.493166600,0.000017700,0.020000000,0.020000000,1034397.493184300,1034397.513166600,0,
5399,1034397.508935000,0.000010600,0.020000000,0.020000000,1034397.508945600,1034397.528935000,0,
5400,1034397.539934300,0.000012800,0.020000000,0.020000000,1034397.539947100,1034397.559934300,0,
5401,1034397.555727500,0.000010700,0.020000000,0.020000000,1034397.555738200,1034397.575727500,0,
5402,1034397.572051500,0.000005600,0.020000000,0.020000000,1034397.572057100,1034397.592051500,0,
5403,1034397.587538400,0.000012000,0.020000000,0.020000000,1034397.587550400,1034397.607538400,0,
5404,1034397.617568200,0.000020200,0.020000000,0.020000000,1034397.617588400,1034397.637568200,0,
5405,1034397.633637900,0.000011400,0.020000000,0.020000000,1034397.633649300,1034397.653637900,0,
5406,1034397.648926500,0.000007900,0.020000000,0.020000000,1034397.648934400,1034397.668926500,0,
5407,1034397.680398500,0.000018500,0.020000000,0.020000000,1034397.680417000,1034397.700398500,0,
5408,1034397.695972600,0.000019400,0.020000000,0.020000000,1034397.695992000,1034397.715972600,0,
5409,1034397.712047800,0.000009800,0.020000000,0.020000000,1034397.712057600,1034397.732047800,0,
5410,1034397.728038000,0.000010100,0.020000000,0.020000000,1034397.728048100,1034397.748038000,0,
5411,1034397.757805600,0.000021800,0.020000000,0.020000000,1034397.757827400,1034397.777805600,0,
5412,1034397.773787000,0.000013300,0.020000000,0.020000000,1034397.773800300,1034397.793787000,0,
5413,1034397.789447000,0.000016300,0.020000000,0.020000000,1034397.789463300,1034397.809447000,0,
5414,1034397.820053900,0.000017300,0.020000000,0.020000000,1034397.820071200,1034397.840053900,0,
5415,1034397.835072200,0.000009200,0.020000000,0.020000000,1034397.835081400,1034397.855072200,0,
5416,1034397.850240500,0.000004100,0.020000000,0.020000000,1034397.850244600,1034397.870240500,0,
5417,1034397.880264100,0.000021900,0.020000000,0.020000000,1034397.880286000,1034397.900264100,0,
5418,1034397.895441600,0.000012700,0.020000000,0.020000000,1034397.895454300,1034397.915441600,0,
5419,1034397.911307000,0.000007900,0.020000000,0.020000000,1034397.911314900,1034397.931307000,0,
5420,1034397.941204100,0.000018700,0.020000000,0.020000000,1034397.941222800,1034397.961204100,0,
5421,1034397.956505600,0.000024000,0.020000000,0.020000000,1034397.956529600,1034397.976505600,0,
5422,1034397.972676800,0.000009600,0.020000000,0.020000000,1034397.972686400,1034397.992676800,0,
5423,1034397.987383200,0.000016200,0.020000000,0.020000000,1034397.987399400,1034398.007383200,0,
5424,1034398.018174800,0.000009000,0.020000000,0.020000000,1034398.018183800,1034398.038174800,0,
5425,1034398.033494900,0.000007900,0.020000000,0.020000000,1034398.033502800,1034398.053494900,0,
5426,1034398.049638300,0.000008600,0.020000000,0.020000000,1034398.049646900,1034398.069638300,0,
5427,1034398.081171400,0.000010700,0.020000000,0.020000000,1034398.081182100,1034398.101171400,0,
5428,1034398.096986800,0.000014500,0.020000000,0.020000000,1034398.097001300,1034398.116986800,0,
5429,1034398.112579700,0.000009100,0.020000000,0.020000000,1034398.112588800,1034398.132579700,0,
5430,1034398.143037700,0.000098400,0.020000000,0.020000000,1034398.143136100,1034398.163037700,0,
5431,1034398.158267400,0.000017900,0.020000000,0.020000000,1034398.158285300,1034398.178267400,0,
5432,1034398.173530700,0.000007200,0.020000000,0.020000000,1034398.173537900,1034398.193530700,0,
5433,1034398.189466400,0.000008600,0.020000000,0.020000000,1034398.189475000,1034398.209466400,0,
5434,1034398.220367100,0.000010100,0.020000000,0.020000000,1034398.220377200,1034398.240367100,0,
5435,1034398.235217100,0.000010700,0.020000000,0.020000000,1034398.235227800,1034398.255217100,0,
5436,1034398.251136700,0.000007600,0.020000000,0.020000000,1034398.251144300,1034398.271136700,0,
5437,1034398.281577600,0.000016500,0.020000000,0.020000000,1034398.281594100,1034398.301577600,0,
5438,1034398.296962700,0.000021800,0.020000000,0.020000000,1034398.296984500,1034398.316962700,0,
5439,1034398.313365200,0.000010800,0.020000000,0.020000000,1034398.313376000,1034398.333365200,0,
5440,1034398.329047700,0.000013500,0.020000000,0.020000000,1034398.329061200,1034398.349047700,0,
5441,1034398.359750500,0.000020900,0.020000000,0.020000000,1034398.359771400,1034398.379750500,0,
5442,1034398.374889800,0.000018700,0.020000000,0.020000000,1034398.374908500,1034398.394889800,0,
5443,1034398.390833500,0.000010300,0.020000000,0.020000000,1034398.390843800,1034398.410833500,0,
5444,1034398.421505100,0.000019000,0.020000000,0.020000000,1034398.421524100,1034398.441505100,0,
5445,1034398.436760600,0.000017400,0.020000000,0.020000000,1034398.436778000,1034398.456760600,0,
5446,1034398.452290500,0.000011000,0.020000000,0.020000000,1034398.452301500,1034398.472290500,0,
5447,1034398.467757800,0.000016000,0.020000000,0.020000000,1034398.467773800,1034398.487757800,0,
5448,1034398.498533300,0.000014400,0.020000000,0.020000000,1034398.498547700,1034398.518533300,0,
5449,1034398.514296200,0.000056700,0.020000000,0.020000000,1034398.514352900,1034398.534296200,0,
5450,1034398.530167700,0.000012700,0.020000000,0.020000000,1034398.530180400,1034398.550167700,0,
5451,1034398.561270300,0.000019800,0.020000000,0.020000000,1034398.561290100,1034398.581270300,0,
5452,1034398.576565400,0.000015500,0.020000000,0.020000000,1034398.576580900,1034398.596565400,0,
5453,1034398.592595000,0.000017600,0.020000000,0.020000000,1034398.592612600,1034398.612595000,0,
5454,1034398.607814100,0.000008700,0.020000000,0.020000000,1034398.607822800,1034398.627814100,0,
5455,1034398.638503800,0.000014200,0.020000000,0.020000000,1034398.638518000,1034398.658503800,0,
5456,1034398.653950500,0.000007300,0.020000000,0.020000000,1034398.653957800,1034398.673950500,0,
5457,1034398.670014100,0.000014600,0.020000000,0.020000000,1034398.670028700,1034398.690014100,0,
5458,1034398.700425200,0.000007100,0.020000000,0.020000000,1034398.700432300,1034398.720425200,0,
5459,1034398.716308000,0.000005800,0.020000000,0.020000000,1034398.716313800,1034398.736308000,0,
5460,1034398.731961400,0.000010400,0.020000000,0.020000000,1034398.731971800,1034398.751961400,0,
5461,1034398.747495500,0.000012900,0.020000000,0.020000000,1034398.747508400,1034398.767495500,0,
5462,1034398.777152000,0.000012900,0.020000000,0.020000000,1034398.777164900,1034398.797152000,0,
5463,1034398.793530600,0.000008100,0.020000000,0.020000000,1034398.793538700,1034398.813530600,0,
5464,1034398.810218700,0.000038200,0.020000000,0.020000000,1034398.810256900,1034398.830218700,0,
5465,1034398.840896300,0.000013000,0.020000000,0.020000000,1034398.840909300,1034398.860896300,0,
5466,1034398.856153600,0.000012800,0.020000000,0.020000000,1034398.856166400,1034398.876153600,0,
5467,1034398.872364100,0.000007600,0.020000000,0.020000000,1034398.872371700,1034398.892364100,0,
5468,1034398.887299800,0.000020000,0.020000000,0.020000000,1034398.887319800,1034398.907299800,0,
5469,1034398.918003700,0.000027300,0.020000000,0.020000000,1034398.918031000,1034398.938003700,0,
5470,1034398.934220100,0.000013500,0.020000000,0.020000000,1034398.934233600,1034398.954220100,0,
5471,1034398.948624700,0.000008600,0.020000000,0.020000000,1034398.948633300,1034398.968624700,0,
5472,1034398.979697800,0.000013900,0.020000000,0.020000000,1034398.979711700,1034398.999697800,0,
5473,1034398.994536300,0.000007000,0.020000000,0.020000000,1034398.994543300,1034399.014536300,0,
5474,1034399.010549200,0.000009100,0.020000000,0.020000000,1034399.010558300,1034399.030549200,0,
5475,1034399.041284200,0.000013900,0.020000000,0.020000000,1034399.041298100,1034399.061284200,0,
5476,1034399.057349300,0.000017700,0.020000000,0.020000000,1034399.057367000,1034399.077349300,0,
5477,1034399.072895900,0.000012300,0.020000000,0.020000000,1034399.072908200,1034399.092895900,0,
5478,1034399.088584000,0.000006300,0.020000000,0.020000000,1034399.088590300,1034399.108584000,0,
5479,1034399.119458600,0.000014300,0.020000000,0.020000000,1034399.119472900,1034399.139458600,0,
5480,1034399.135197800,0.000010200,0.020000000,0.020000000,1034399.135208000,1034399.155197800,0,
5481,1034399.151164900,0.000010500,0.020000000,0.020000000,1034399.151175400,1034399.171164900,0,
5482,1034399.181914100,0.000017500,0.020000000,0.020000000,1034399.181931600,1034399.201914100,0,
5483,1034399.198465100,0.000009800,0.020000000,0.020000000,1034399.198474900,1034399.218465100,0,
5484,1034399.213928900,0.000011000,0.020000000,0.020000000,1034399.213939900,1034399.233928900,0,
5485,1034399.229183000,0.000006600,0.020000000,0.020000000,1034399.229189600,1034399.249183000,0,
5486,1034399.271980300,0.000024100,0.020000000,0.020000000,1034399.272004400,1034399.291980300,0,
5487,1034399.272104700,0.000006300,0.020000000,0.020000000,1034399.272111000,1034399.292104700,0,
5488,1034399.308768300,0.000019500,0.020000000,0.020000000,1034399.308787800,1034399.328768300,0,
5489,1034399.322441800,0.000024600,0.020000000,0.020000000,1034399.322466400,1034399.342441800,0,
5490,1034399.338435900,0.000019800,0.020000000,0.020000000,1034399.338455700,1034399.358435900,0,
5491,1034399.354878600,0.000022700,0.020000000,0.020000000,1034399.354901300,1034399.374878600,0,
>>>>>>> 02ee8c3bfd403264429dd7a7c37e7633ce5d11d3
