release_idx,release_time,exec_time_s,period_s,deadline_s,finish_time,deadline_abs,missed_deadline,note
0,1034289.457665700,0.000141400,0.020000000,0.020000000,1034289.457807100,1034289.477665700,0,
1,1034289.483386000,0.000323500,0.020000000,0.020000000,1034289.483709500,1034289.503386000,0,stale_state_154.2ms
2,1034289.499583900,0.000185500,0.020000000,0.020000000,1034289.499769400,1034289.519583900,0,stale_state_170.4ms
3,1034289.530779500,0.000201900,0.020000000,0.020000000,1034289.530981400,1034289.550779500,0,stale_state_201.6ms;perception_unhealthy_x3
4,1034289.544754200,0.000283900,0.020000000,0.020000000,1034289.545038100,1034289.564754200,0,stale_state_215.7ms;perception_unhealthy_x4
5,1034289.560828600,0.000185500,0.020000000,0.020000000,1034289.561014100,1034289.580828600,0,stale_state_231.7ms;perception_unhealthy_x5
6,1034289.592791000,0.000146000,0.020000000,0.020000000,1034289.592937000,1034289.612791000,0,stale_state_263.6ms;perception_unhealthy_x7
7,1034289.608360800,0.000194000,0.020000000,0.020000000,1034289.608554800,1034289.628360800,0,stale_state_279.2ms;perception_unhealthy_x8
8,1034289.628478300,0.000062100,0.020000000,0.020000000,1034289.628540400,1034289.648478300,0,stale_state_299.3ms;perception_unhealthy_x8
9,1034289.639110600,0.000177300,0.020000000,0.020000000,1034289.639287900,1034289.659110600,0,stale_state_309.9ms;perception_unhealthy_x10
10,1034289.671672700,0.000090800,0.020000000,0.020000000,1034289.671763500,1034289.691672700,0,stale_state_342.5ms;perception_unhealthy_x11
11,1034289.687107900,0.000229400,0.020000000,0.020000000,1034289.687337300,1034289.707107900,0,stale_state_357.9ms;perception_unhealthy_x12
12,1034289.720034000,0.000110100,0.020000000,0.020000000,1034289.720144100,1034289.740034000,0,stale_state_390.9ms;perception_unhealthy_x14
13,1034289.720189700,0.000039300,0.020000000,0.020000000,1034289.720229000,1034289.740189700,0,stale_state_391.0ms;perception_unhealthy_x14
14,1034289.750952900,0.000179600,0.020000000,0.020000000,1034289.751132500,1034289.770952900,0,stale_state_421.8ms;perception_unhealthy_x15
15,1034289.767051000,0.000089900,0.020000000,0.020000000,1034289.767140900,1034289.787051000,0,stale_state_437.9ms;perception_unhealthy_x15
16,1034289.781707600,0.000113600,0.020000000,0.020000000,1034289.781821200,1034289.801707600,0,stale_state_452.5ms;perception_unhealthy_x16
17,1034289.813451900,0.000152800,0.020000000,0.020000000,1034289.813604700,1034289.833451900,0,stale_state_484.3ms;perception_unhealthy_x17
18,1034289.829207500,0.000188200,0.020000000,0.020000000,1034289.829395700,1034289.849207500,0,stale_state_500.0ms;perception_unhealthy_x18
19,1034289.846442700,0.000107700,0.020000000,0.020000000,1034289.846550400,1034289.866442700,0,stale_state_517.3ms;perception_unhealthy_x20
20,1034289.860419200,0.000091200,0.020000000,0.020000000,1034289.860510400,1034289.880419200,0,stale_state_531.3ms;perception_unhealthy_x20
21,1034289.891781200,0.000098800,0.020000000,0.020000000,1034289.891880000,1034289.911781200,0,stale_state_562.6ms;perception_unhealthy_x22
22,1034289.906835400,0.000125400,0.020000000,0.020000000,1034289.906960800,1034289.926835400,0,stale_state_577.7ms;perception_unhealthy_x22
23,1034289.923291400,0.000220900,0.020000000,0.020000000,1034289.923512300,1034289.943291400,0,stale_state_594.1ms;perception_unhealthy_x23
24,1034289.968445200,0.000260000,0.020000000,0.020000000,1034289.968705200,1034289.988445200,0,stale_state_639.3ms;perception_unhealthy_x24
25,1034289.968790100,0.000073200,0.020000000,0.020000000,1034289.968863300,1034289.988790100,0,stale_state_639.6ms;perception_unhealthy_x24
26,1034290.000644900,0.000183400,0.020000000,0.020000000,1034290.000828300,1034290.020644900,0,stale_state_671.5ms;perception_unhealthy_x26
27,1034290.016093200,0.000196700,0.020000000,0.020000000,1034290.016289900,1034290.036093200,0,stale_state_686.9ms;perception_unhealthy_x27
28,1034290.031832400,0.000131700,0.020000000,0.020000000,1034290.031964100,1034290.051832400,0,stale_state_702.7ms;perception_unhealthy_x28
29,1034290.063657800,0.000153300,0.020000000,0.020000000,1034290.063811100,1034290.083657800,0,stale_state_734.5ms;perception_unhealthy_x30
30,1034290.078405500,0.000323800,0.020000000,0.020000000,1034290.078729300,1034290.098405500,0,stale_state_749.2ms;perception_unhealthy_x30
31,1034290.094439200,0.000149900,0.020000000,0.020000000,1034290.094589100,1034290.114439200,0,stale_state_765.3ms;perception_unhealthy_x31
32,1034290.125692500,0.000301000,0.020000000,0.020000000,1034290.125993500,1034290.145692500,0,recovered
33,1034290.140606900,0.000132400,0.020000000,0.020000000,1034290.140739300,1034290.160606900,0,
34,1034290.156895300,0.000197600,0.020000000,0.020000000,1034290.157092900,1034290.176895300,0,
35,1034290.172519400,0.000123100,0.020000000,0.020000000,1034290.172642500,1034290.192519400,0,
36,1034290.203735000,0.000131000,0.020000000,0.020000000,1034290.203866000,1034290.223735000,0,
37,1034290.219082800,0.000081100,0.020000000,0.020000000,1034290.219163900,1034290.239082800,0,
38,1034290.234285900,0.000124900,0.020000000,0.020000000,1034290.234410800,1034290.254285900,0,
39,1034290.250004700,0.000057300,0.020000000,0.020000000,1034290.250062000,1034290.270004700,0,
40,1034290.281272700,0.000181400,0.020000000,0.020000000,1034290.281454100,1034290.301272700,0,stale_state_175.0ms
41,1034290.296941600,0.000097500,0.020000000,0.020000000,1034290.297039100,1034290.316941600,0,stale_state_190.7ms
42,1034290.313397400,0.000060700,0.020000000,0.020000000,1034290.313458100,1034290.333397400,0,stale_state_207.1ms
43,1034290.330137700,0.000046500,0.020000000,0.020000000,1034290.330184200,1034290.350137700,0,stale_state_223.8ms
44,1034290.358979200,0.000112500,0.020000000,0.020000000,1034290.359091700,1034290.378979200,0,stale_state_252.7ms
45,1034290.374779700,0.000066100,0.020000000,0.020000000,1034290.374845800,1034290.394779700,0,stale_state_268.5ms
46,1034290.390747400,0.000097800,0.020000000,0.020000000,1034290.390845200,1034290.410747400,0,stale_state_284.5ms
47,1034290.421449700,0.000241400,0.020000000,0.020000000,1034290.421691100,1034290.441449700,0,stale_state_315.2ms
48,1034290.436618800,0.000133100,0.020000000,0.020000000,1034290.436751900,1034290.456618800,0,stale_state_330.3ms
49,1034290.452410700,0.000166800,0.020000000,0.020000000,1034290.452577500,1034290.472410700,0,stale_state_346.1ms
50,1034290.483169500,0.000185600,0.020000000,0.020000000,1034290.483355100,1034290.503169500,0,stale_state_376.9ms
51,1034290.498634300,0.000117600,0.020000000,0.020000000,1034290.498751900,1034290.518634300,0,stale_state_392.3ms
52,1034290.514703200,0.000046000,0.020000000,0.020000000,1034290.514749200,1034290.534703200,0,recovered
53,1034290.530135400,0.000052000,0.020000000,0.020000000,1034290.530187400,1034290.550135400,0,
54,1034290.560924500,0.000077200,0.020000000,0.020000000,1034290.561001700,1034290.580924500,0,
55,1034290.576780300,0.000064500,0.020000000,0.020000000,1034290.576844800,1034290.596780300,0,
56,1034290.591398400,0.000052500,0.020000000,0.020000000,1034290.591450900,1034290.611398400,0,
57,1034290.623536400,0.000063300,0.020000000,0.020000000,1034290.623599700,1034290.643536400,0,
58,1034290.639414700,0.000161000,0.020000000,0.020000000,1034290.639575700,1034290.659414700,0,
59,1034290.655078900,0.000065400,0.020000000,0.020000000,1034290.655144300,1034290.675078900,0,
60,1034290.671116000,0.000068200,0.020000000,0.020000000,1034290.671184200,1034290.691116000,0,
61,1034290.700836400,0.000150900,0.020000000,0.020000000,1034290.700987300,1034290.720836400,0,
62,1034290.716017700,0.000157300,0.020000000,0.020000000,1034290.716175000,1034290.736017700,0,
63,1034290.731818900,0.000088900,0.020000000,0.020000000,1034290.731907800,1034290.751818900,0,
64,1034290.762114500,0.000039000,0.020000000,0.020000000,1034290.762153500,1034290.782114500,0,
65,1034290.777507600,0.000101500,0.020000000,0.020000000,1034290.777609100,1034290.797507600,0,
66,1034290.793073600,0.000083200,0.020000000,0.020000000,1034290.793156800,1034290.813073600,0,
67,1034290.809725800,0.000071200,0.020000000,0.020000000,1034290.809797000,1034290.829725800,0,
68,1034290.839943500,0.000112100,0.020000000,0.020000000,1034290.840055600,1034290.859943500,0,
69,1034290.855108100,0.000072700,0.020000000,0.020000000,1034290.855180800,1034290.875108100,0,
70,1034290.872245400,0.000079000,0.020000000,0.020000000,1034290.872324400,1034290.892245400,0,
71,1034290.903396700,0.000120000,0.020000000,0.020000000,1034290.903516700,1034290.923396700,0,
72,1034290.919722900,0.000118000,0.020000000,0.020000000,1034290.919840900,1034290.939722900,0,
73,1034290.934417900,0.000148900,0.020000000,0.020000000,1034290.934566800,1034290.954417900,0,
74,1034290.949740200,0.000069400,0.020000000,0.020000000,1034290.949809600,1034290.969740200,0,
75,1034290.980538100,0.000073900,0.020000000,0.020000000,1034290.980612000,1034291.000538100,0,
76,1034290.996842100,0.000047900,0.020000000,0.020000000,1034290.996890000,1034291.016842100,0,
77,1034291.011710100,0.000046100,0.020000000,0.020000000,1034291.011756200,1034291.031710100,0,
78,1034291.041998100,0.000037000,0.020000000,0.020000000,1034291.042035100,1034291.061998100,0,
79,1034291.058191200,0.000071200,0.020000000,0.020000000,1034291.058262400,1034291.078191200,0,
80,1034291.073640700,0.000037900,0.020000000,0.020000000,1034291.073678600,1034291.093640700,0,
81,1034291.104181900,0.000047900,0.020000000,0.020000000,1034291.104229800,1034291.124181900,0,
82,1034291.119771000,0.000058400,0.020000000,0.020000000,1034291.119829400,1034291.139771000,0,
83,1034291.135883600,0.000074600,0.020000000,0.020000000,1034291.135958200,1034291.155883600,0,
84,1034291.151100100,0.000067300,0.020000000,0.020000000,1034291.151167400,1034291.171100100,0,
85,1034291.183236900,0.000063900,0.020000000,0.020000000,1034291.183300800,1034291.203236900,0,
86,1034291.198737200,0.000096300,0.020000000,0.020000000,1034291.198833500,1034291.218737200,0,
87,1034291.215114200,0.000093400,0.020000000,0.020000000,1034291.215207600,1034291.235114200,0,
88,1034291.230692400,0.000087500,0.020000000,0.020000000,1034291.230779900,1034291.250692400,0,
89,1034291.262887500,0.000103500,0.020000000,0.020000000,1034291.262991000,1034291.282887500,0,
90,1034291.278414000,0.000124100,0.020000000,0.020000000,1034291.278538100,1034291.298414000,0,
91,1034291.294642500,0.000119500,0.020000000,0.020000000,1034291.294762000,1034291.314642500,0,
92,1034291.310315500,0.000059900,0.020000000,0.020000000,1034291.310375400,1034291.330315500,0,
93,1034291.341411100,0.000084100,0.020000000,0.020000000,1034291.341495200,1034291.361411100,0,
94,1034291.357548500,0.000084500,0.020000000,0.020000000,1034291.357633000,1034291.377548500,0,
95,1034291.373501800,0.000058400,0.020000000,0.020000000,1034291.373560200,1034291.393501800,0,
96,1034291.404245700,0.000146500,0.020000000,0.020000000,1034291.404392200,1034291.424245700,0,
97,1034291.418930800,0.000091300,0.020000000,0.020000000,1034291.419022100,1034291.438930800,0,
98,1034291.434353100,0.000096100,0.020000000,0.020000000,1034291.434449200,1034291.454353100,0,
99,1034291.449596700,0.000151300,0.020000000,0.020000000,1034291.449748000,1034291.469596700,0,
100,1034291.479703900,0.000060300,0.020000000,0.020000000,1034291.479764200,1034291.499703900,0,
101,1034291.495611800,0.000110200,0.020000000,0.020000000,1034291.495722000,1034291.515611800,0,
102,1034291.511136600,0.000025800,0.020000000,0.020000000,1034291.511162400,1034291.531136600,0,
103,1034291.542130700,0.000102900,0.020000000,0.020000000,1034291.542233600,1034291.562130700,0,
104,1034291.557536700,0.000072700,0.020000000,0.020000000,1034291.557609400,1034291.577536700,0,
105,1034291.573708700,0.000055900,0.020000000,0.020000000,1034291.573764600,1034291.593708700,0,
106,1034291.588767800,0.000049500,0.020000000,0.020000000,1034291.588817300,1034291.608767800,0,
107,1034291.620147100,0.000108500,0.020000000,0.020000000,1034291.620255600,1034291.640147100,0,
108,1034291.635400800,0.000116100,0.020000000,0.020000000,1034291.635516900,1034291.655400800,0,
109,1034291.651538400,0.000074300,0.020000000,0.020000000,1034291.651612700,1034291.671538400,0,
110,1034291.683655300,0.000116200,0.020000000,0.020000000,1034291.683771500,1034291.703655300,0,
111,1034291.698397000,0.000104700,0.020000000,0.020000000,1034291.698501700,1034291.718397000,0,
112,1034291.713790900,0.000104900,0.020000000,0.020000000,1034291.713895800,1034291.733790900,0,
113,1034291.729994200,0.000103100,0.020000000,0.020000000,1034291.730097300,1034291.749994200,0,
114,1034291.760480600,0.000209800,0.020000000,0.020000000,1034291.760690400,1034291.780480600,0,
115,1034291.776433100,0.000051200,0.020000000,0.020000000,1034291.776484300,1034291.796433100,0,
116,1034291.792012700,0.000104600,0.020000000,0.020000000,1034291.792117300,1034291.812012700,0,
117,1034291.822846800,0.000072600,0.020000000,0.020000000,1034291.822919400,1034291.842846800,0,
118,1034291.838000600,0.000043600,0.020000000,0.020000000,1034291.838044200,1034291.858000600,0,
119,1034291.853160000,0.000076100,0.020000000,0.020000000,1034291.853236100,1034291.873160000,0,
120,1034291.884087200,0.000041500,0.020000000,0.020000000,1034291.884128700,1034291.904087200,0,
121,1034291.899657300,0.000071600,0.020000000,0.020000000,1034291.899728900,1034291.919657300,0,
122,1034291.915273500,0.000098600,0.020000000,0.020000000,1034291.915372100,1034291.935273500,0,
123,1034291.930750100,0.000044000,0.020000000,0.020000000,1034291.930794100,1034291.950750100,0,
124,1034291.962545900,0.000082100,0.020000000,0.020000000,1034291.962628000,1034291.982545900,0,
125,1034291.978460000,0.000070200,0.020000000,0.020000000,1034291.978530200,1034291.998460000,0,
126,1034291.994821800,0.000108700,0.020000000,0.020000000,1034291.994930500,1034292.014821800,0,
127,1034292.010567700,0.000067000,0.020000000,0.020000000,1034292.010634700,1034292.030567700,0,
128,1034292.040929600,0.000165500,0.020000000,0.020000000,1034292.041095100,1034292.060929600,0,
129,1034292.056503700,0.000184000,0.020000000,0.020000000,1034292.056687700,1034292.076503700,0,
130,1034292.073575700,0.000076600,0.020000000,0.020000000,1034292.073652300,1034292.093575700,0,
131,1034292.103600800,0.000064300,0.020000000,0.020000000,1034292.103665100,1034292.123600800,0,
132,1034292.118969200,0.000038200,0.020000000,0.020000000,1034292.119007400,1034292.138969200,0,
133,1034292.134866500,0.000038000,0.020000000,0.020000000,1034292.134904500,1034292.154866500,0,
134,1034292.150885200,0.000031800,0.020000000,0.020000000,1034292.150917000,1034292.170885200,0,
135,1034292.181963400,0.000058400,0.020000000,0.020000000,1034292.182021800,1034292.201963400,0,
136,1034292.197501100,0.000048900,0.020000000,0.020000000,1034292.197550000,1034292.217501100,0,
137,1034292.213241100,0.000042200,0.020000000,0.020000000,1034292.213283300,1034292.233241100,0,
138,1034292.244971200,0.000079400,0.020000000,0.020000000,1034292.245050600,1034292.264971200,0,
139,1034292.260143000,0.000068500,0.020000000,0.020000000,1034292.260211500,1034292.280143000,0,
140,1034292.275730100,0.000052500,0.020000000,0.020000000,1034292.275782600,1034292.295730100,0,
141,1034292.291470600,0.000036400,0.020000000,0.020000000,1034292.291507000,1034292.311470600,0,
142,1034292.321778000,0.000034100,0.020000000,0.020000000,1034292.321812100,1034292.341778000,0,
143,1034292.337621600,0.000041000,0.020000000,0.020000000,1034292.337662600,1034292.357621600,0,
144,1034292.353300200,0.000050400,0.020000000,0.020000000,1034292.353350600,1034292.373300200,0,
145,1034292.383867200,0.000063400,0.020000000,0.020000000,1034292.383930600,1034292.403867200,0,
146,1034292.398983700,0.000075400,0.020000000,0.020000000,1034292.399059100,1034292.418983700,0,
147,1034292.414457300,0.000025100,0.020000000,0.020000000,1034292.414482400,1034292.434457300,0,
148,1034292.429494500,0.000041600,0.020000000,0.020000000,1034292.429536100,1034292.449494500,0,
149,1034292.461288300,0.000048900,0.020000000,0.020000000,1034292.461337200,1034292.481288300,0,
150,1034292.477374600,0.000062300,0.020000000,0.020000000,1034292.477436900,1034292.497374600,0,
151,1034292.493494000,0.000045600,0.020000000,0.020000000,1034292.493539600,1034292.513494000,0,
152,1034292.524271500,0.000051300,0.020000000,0.020000000,1034292.524322800,1034292.544271500,0,
153,1034292.539805800,0.000043100,0.020000000,0.020000000,1034292.539848900,1034292.559805800,0,
154,1034292.554958000,0.000057600,0.020000000,0.020000000,1034292.555015600,1034292.574958000,0,
155,1034292.570364000,0.000037900,0.020000000,0.020000000,1034292.570401900,1034292.590364000,0,
156,1034292.602631900,0.000034800,0.020000000,0.020000000,1034292.602666700,1034292.622631900,0,
157,1034292.617726500,0.000034500,0.020000000,0.020000000,1034292.617761000,1034292.637726500,0,
158,1034292.633476800,0.000041600,0.020000000,0.020000000,1034292.633518400,1034292.653476800,0,
159,1034292.664793500,0.000047500,0.020000000,0.020000000,1034292.664841000,1034292.684793500,0,
160,1034292.679899800,0.000044000,0.020000000,0.020000000,1034292.679943800,1034292.699899800,0,
161,1034292.695765300,0.000068000,0.020000000,0.020000000,1034292.695833300,1034292.715765300,0,
162,1034292.710991100,0.000041300,0.020000000,0.020000000,1034292.711032400,1034292.730991100,0,
163,1034292.742284700,0.000032500,0.020000000,0.020000000,1034292.742317200,1034292.762284700,0,
164,1034292.757194200,0.000068900,0.020000000,0.020000000,1034292.757263100,1034292.777194200,0,
165,1034292.773663100,0.000094800,0.020000000,0.020000000,1034292.773757900,1034292.793663100,0,
166,1034292.788985400,0.000099000,0.020000000,0.020000000,1034292.789084400,1034292.808985400,0,
167,1034292.820157400,0.000068200,0.020000000,0.020000000,1034292.820225600,1034292.840157400,0,
168,1034292.835271500,0.000109100,0.020000000,0.020000000,1034292.835380600,1034292.855271500,0,
169,1034292.850568400,0.000147600,0.020000000,0.020000000,1034292.850716000,1034292.870568400,0,
170,1034292.881745000,0.000076700,0.020000000,0.020000000,1034292.881821700,1034292.901745000,0,
171,1034292.897712500,0.000077400,0.020000000,0.020000000,1034292.897789900,1034292.917712500,0,
172,1034292.913403000,0.000088300,0.020000000,0.020000000,1034292.913491300,1034292.933403000,0,
173,1034292.943953900,0.000052300,0.020000000,0.020000000,1034292.944006200,1034292.963953900,0,
174,1034292.959098400,0.000055500,0.020000000,0.020000000,1034292.959153900,1034292.979098400,0,
175,1034292.974606700,0.000128000,0.020000000,0.020000000,1034292.974734700,1034292.994606700,0,
176,1034292.990161600,0.000048500,0.020000000,0.020000000,1034292.990210100,1034293.010161600,0,
177,1034293.021275600,0.000054500,0.020000000,0.020000000,1034293.021330100,1034293.041275600,0,
178,1034293.037510000,0.000105700,0.020000000,0.020000000,1034293.037615700,1034293.057510000,0,
179,1034293.053108000,0.000053100,0.020000000,0.020000000,1034293.053161100,1034293.073108000,0,
180,1034293.084352300,0.000084400,0.020000000,0.020000000,1034293.084436700,1034293.104352300,0,
181,1034293.099791100,0.000078200,0.020000000,0.020000000,1034293.099869300,1034293.119791100,0,
182,1034293.115349700,0.000046000,0.020000000,0.020000000,1034293.115395700,1034293.135349700,0,
183,1034293.131114700,0.000127900,0.020000000,0.020000000,1034293.131242600,1034293.151114700,0,
184,1034293.162296200,0.000023700,0.020000000,0.020000000,1034293.162319900,1034293.182296200,0,
185,1034293.177249200,0.000022100,0.020000000,0.020000000,1034293.177271300,1034293.197249200,0,
186,1034293.193292900,0.000025300,0.020000000,0.020000000,1034293.193318200,1034293.213292900,0,
187,1034293.223537500,0.000036900,0.020000000,0.020000000,1034293.223574400,1034293.243537500,0,
188,1034293.239154600,0.000046000,0.020000000,0.020000000,1034293.239200600,1034293.259154600,0,
189,1034293.254727800,0.000102600,0.020000000,0.020000000,1034293.254830400,1034293.274727800,0,
190,1034293.270049900,0.000041700,0.020000000,0.020000000,1034293.270091600,1034293.290049900,0,
191,1034293.300691900,0.000048200,0.020000000,0.020000000,1034293.300740100,1034293.320691900,0,
192,1034293.316735400,0.000036900,0.020000000,0.020000000,1034293.316772300,1034293.336735400,0,
193,1034293.332312000,0.000085700,0.020000000,0.020000000,1034293.332397700,1034293.352312000,0,
194,1034293.362264900,0.000061000,0.020000000,0.020000000,1034293.362325900,1034293.382264900,0,
195,1034293.378433700,0.000077500,0.020000000,0.020000000,1034293.378511200,1034293.398433700,0,
196,1034293.394230200,0.000054300,0.020000000,0.020000000,1034293.394284500,1034293.414230200,0,
197,1034293.410481200,0.000031300,0.020000000,0.020000000,1034293.410512500,1034293.430481200,0,
198,1034293.441003300,0.000048200,0.020000000,0.020000000,1034293.441051500,1034293.461003300,0,
199,1034293.456377600,0.000037100,0.020000000,0.020000000,1034293.456414700,1034293.476377600,0,
200,1034293.471586200,0.000026300,0.020000000,0.020000000,1034293.471612500,1034293.491586200,0,
201,1034293.501856900,0.000136300,0.020000000,0.020000000,1034293.501993200,1034293.521856900,0,
202,1034293.517211300,0.000028700,0.020000000,0.020000000,1034293.517240000,1034293.537211300,0,
203,1034293.533093200,0.000028700,0.020000000,0.020000000,1034293.533121900,1034293.553093200,0,
204,1034293.563733900,0.000030400,0.020000000,0.020000000,1034293.563764300,1034293.583733900,0,
205,1034293.579478000,0.000061300,0.020000000,0.020000000,1034293.579539300,1034293.599478000,0,
206,1034293.595130300,0.000054800,0.020000000,0.020000000,1034293.595185100,1034293.615130300,0,
207,1034293.610964800,0.000051500,0.020000000,0.020000000,1034293.611016300,1034293.630964800,0,
208,1034293.642193800,0.000081900,0.020000000,0.020000000,1034293.642275700,1034293.662193800,0,
209,1034293.657199900,0.000034600,0.020000000,0.020000000,1034293.657234500,1034293.677199900,0,
210,1034293.673382700,0.000034900,0.020000000,0.020000000,1034293.673417600,1034293.693382700,0,
211,1034293.689561100,0.000056600,0.020000000,0.020000000,1034293.689617700,1034293.709561100,0,
212,1034293.720683700,0.000076000,0.020000000,0.020000000,1034293.720759700,1034293.740683700,0,
213,1034293.735835700,0.000080700,0.020000000,0.020000000,1034293.735916400,1034293.755835700,0,
214,1034293.752128200,0.000042000,0.020000000,0.020000000,1034293.752170200,1034293.772128200,0,
215,1034293.783696500,0.000065100,0.020000000,0.020000000,1034293.783761600,1034293.803696500,0,
216,1034293.798629400,0.000064800,0.020000000,0.020000000,1034293.798694200,1034293.818629400,0,
217,1034293.814249300,0.000031000,0.020000000,0.020000000,1034293.814280300,1034293.834249300,0,
218,1034293.830416500,0.000070000,0.020000000,0.020000000,1034293.830486500,1034293.850416500,0,
219,1034293.860922200,0.000098600,0.020000000,0.020000000,1034293.861020800,1034293.880922200,0,
220,1034293.876045500,0.000040500,0.020000000,0.020000000,1034293.876086000,1034293.896045500,0,
221,1034293.891557300,0.000073200,0.020000000,0.020000000,1034293.891630500,1034293.911557300,0,
222,1034293.922045800,0.000022300,0.020000000,0.020000000,1034293.922068100,1034293.942045800,0,
223,1034293.937011500,0.000087500,0.020000000,0.020000000,1034293.937099000,1034293.957011500,0,
224,1034293.953491500,0.000090700,0.020000000,0.020000000,1034293.953582200,1034293.973491500,0,
225,1034293.984252100,0.000084100,0.020000000,0.020000000,1034293.984336200,1034294.004252100,0,
226,1034294.000113200,0.000090200,0.020000000,0.020000000,1034294.000203400,1034294.020113200,0,
227,1034294.015870100,0.000041500,0.020000000,0.020000000,1034294.015911600,1034294.035870100,0,
228,1034294.031180000,0.000062500,0.020000000,0.020000000,1034294.031242500,1034294.051180000,0,
229,1034294.062123800,0.000027600,0.020000000,0.020000000,1034294.062151400,1034294.082123800,0,
230,1034294.077586500,0.000066600,0.020000000,0.020000000,1034294.077653100,1034294.097586500,0,
231,1034294.093422800,0.000086800,0.020000000,0.020000000,1034294.093509600,1034294.113422800,0,
232,1034294.124674200,0.000044700,0.020000000,0.020000000,1034294.124718900,1034294.144674200,0,
233,1034294.140273400,0.000127200,0.020000000,0.020000000,1034294.140400600,1034294.160273400,0,
234,1034294.155785800,0.000107900,0.020000000,0.020000000,1034294.155893700,1034294.175785800,0,
235,1034294.171966500,0.000062600,0.020000000,0.020000000,1034294.172029100,1034294.191966500,0,
236,1034294.202250000,0.000048000,0.020000000,0.020000000,1034294.202298000,1034294.222250000,0,
237,1034294.217701400,0.000046200,0.020000000,0.020000000,1034294.217747600,1034294.237701400,0,
238,1034294.233046600,0.000052600,0.020000000,0.020000000,1034294.233099200,1034294.253046600,0,
239,1034294.264239700,0.000055500,0.020000000,0.020000000,1034294.264295200,1034294.284239700,0,
240,1034294.280270200,0.000060000,0.020000000,0.020000000,1034294.280330200,1034294.300270200,0,
241,1034294.295985500,0.000087800,0.020000000,0.020000000,1034294.296073300,1034294.315985500,0,
242,1034294.311355100,0.000074500,0.020000000,0.020000000,1034294.311429600,1034294.331355100,0,
243,1034294.343561400,0.000034100,0.020000000,0.020000000,1034294.343595500,1034294.363561400,0,
244,1034294.359180800,0.000050200,0.020000000,0.020000000,1034294.359231000,1034294.379180800,0,
245,1034294.374848700,0.000092600,0.020000000,0.020000000,1034294.374941300,1034294.394848700,0,
246,1034294.390627500,0.000064500,0.020000000,0.020000000,1034294.390692000,1034294.410627500,0,
247,1034294.422125200,0.000029100,0.020000000,0.020000000,1034294.422154300,1034294.442125200,0,
248,1034294.437291200,0.000037300,0.020000000,0.020000000,1034294.437328500,1034294.457291200,0,
249,1034294.453436200,0.000033300,0.020000000,0.020000000,1034294.453469500,1034294.473436200,0,
250,1034294.484362100,0.000051900,0.020000000,0.020000000,1034294.484414000,1034294.504362100,0,
251,1034294.499800700,0.000046700,0.020000000,0.020000000,1034294.499847400,1034294.519800700,0,
252,1034294.515562400,0.000053900,0.020000000,0.020000000,1034294.515616300,1034294.535562400,0,
253,1034294.531195700,0.000061200,0.020000000,0.020000000,1034294.531256900,1034294.551195700,0,
254,1034294.561559000,0.000089700,0.020000000,0.020000000,1034294.561648700,1034294.581559000,0,
255,1034294.577147400,0.000073700,0.020000000,0.020000000,1034294.577221100,1034294.597147400,0,
256,1034294.593160300,0.000068100,0.020000000,0.020000000,1034294.593228400,1034294.613160300,0,
257,1034294.623610800,0.000049100,0.020000000,0.020000000,1034294.623659900,1034294.643610800,0,
258,1034294.639022100,0.000057600,0.020000000,0.020000000,1034294.639079700,1034294.659022100,0,
259,1034294.654651400,0.000090100,0.020000000,0.020000000,1034294.654741500,1034294.674651400,0,
260,1034294.670086800,0.000036600,0.020000000,0.020000000,1034294.670123400,1034294.690086800,0,
261,1034294.701366800,0.000061900,0.020000000,0.020000000,1034294.701428700,1034294.721366800,0,
262,1034294.716492400,0.000079800,0.020000000,0.020000000,1034294.716572200,1034294.736492400,0,
263,1034294.732470500,0.000075800,0.020000000,0.020000000,1034294.732546300,1034294.752470500,0,
264,1034294.763153500,0.000051900,0.020000000,0.020000000,1034294.763205400,1034294.783153500,0,
265,1034294.778924000,0.000079600,0.020000000,0.020000000,1034294.779003600,1034294.798924000,0,
266,1034294.794129200,0.000105500,0.020000000,0.020000000,1034294.794234700,1034294.814129200,0,
267,1034294.809286700,0.000041700,0.020000000,0.020000000,1034294.809328400,1034294.829286700,0,
268,1034294.840176600,0.000060500,0.020000000,0.020000000,1034294.840237100,1034294.860176600,0,
269,1034294.855439700,0.000088400,0.020000000,0.020000000,1034294.855528100,1034294.875439700,0,
270,1034294.871215700,0.000032500,0.020000000,0.020000000,1034294.871248200,1034294.891215700,0,
271,1034294.903250000,0.000067700,0.020000000,0.020000000,1034294.903317700,1034294.923250000,0,
272,1034294.918952600,0.000101600,0.020000000,0.020000000,1034294.919054200,1034294.938952600,0,
273,1034294.934349900,0.000067900,0.020000000,0.020000000,1034294.934417800,1034294.954349900,0,
274,1034294.949800500,0.000033800,0.020000000,0.020000000,1034294.949834300,1034294.969800500,0,
275,1034294.981166800,0.000055900,0.020000000,0.020000000,1034294.981222700,1034295.001166800,0,
276,1034294.996941500,0.000041800,0.020000000,0.020000000,1034294.996983300,1034295.016941500,0,
277,1034295.012653000,0.000067500,0.020000000,0.020000000,1034295.012720500,1034295.032653000,0,
278,1034295.043541800,0.000126300,0.020000000,0.020000000,1034295.043668100,1034295.063541800,0,
279,1034295.058767700,0.000308000,0.020000000,0.020000000,1034295.059075700,1034295.078767700,0,
280,1034295.074913800,0.000124500,0.020000000,0.020000000,1034295.075038300,1034295.094913800,0,
281,1034295.090096200,0.000092500,0.020000000,0.020000000,1034295.090188700,1034295.110096200,0,
282,1034295.120535800,0.000226100,0.020000000,0.020000000,1034295.120761900,1034295.140535800,0,
283,1034295.136469400,0.000087400,0.020000000,0.020000000,1034295.136556800,1034295.156469400,0,
284,1034295.151742500,0.000088600,0.020000000,0.020000000,1034295.151831100,1034295.171742500,0,
285,1034295.183294400,0.000084700,0.020000000,0.020000000,1034295.183379100,1034295.203294400,0,
286,1034295.198684700,0.000107900,0.020000000,0.020000000,1034295.198792600,1034295.218684700,0,
287,1034295.213690200,0.000051800,0.020000000,0.020000000,1034295.213742000,1034295.233690200,0,
288,1034295.244217700,0.000060500,0.020000000,0.020000000,1034295.244278200,1034295.264217700,0,
289,1034295.260508000,0.000107900,0.020000000,0.020000000,1034295.260615900,1034295.280508000,0,
290,1034295.275798000,0.000078200,0.020000000,0.020000000,1034295.275876200,1034295.295798000,0,
291,1034295.291425000,0.000066200,0.020000000,0.020000000,1034295.291491200,1034295.311425000,0,
292,1034295.323220300,0.000079200,0.020000000,0.020000000,1034295.323299500,1034295.343220300,0,
293,1034295.338824500,0.000119500,0.020000000,0.020000000,1034295.338944000,1034295.358824500,0,
294,1034295.354463600,0.000081500,0.020000000,0.020000000,1034295.354545100,1034295.374463600,0,
295,1034295.370854400,0.000078100,0.020000000,0.020000000,1034295.370932500,1034295.390854400,0,
296,1034295.400558100,0.000106400,0.020000000,0.020000000,1034295.400664500,1034295.420558100,0,
297,1034295.416154300,0.000072100,0.020000000,0.020000000,1034295.416226400,1034295.436154300,0,
298,1034295.432051500,0.000077900,0.020000000,0.020000000,1034295.432129400,1034295.452051500,0,
299,1034295.462101700,0.000060800,0.020000000,0.020000000,1034295.462162500,1034295.482101700,0,
300,1034295.477393800,0.000065500,0.020000000,0.020000000,1034295.477459300,1034295.497393800,0,
301,1034295.493153400,0.000093100,0.020000000,0.020000000,1034295.493246500,1034295.513153400,0,
302,1034295.524516300,0.000045800,0.020000000,0.020000000,1034295.524562100,1034295.544516300,0,
303,1034295.539818200,0.000074100,0.020000000,0.020000000,1034295.539892300,1034295.559818200,0,
304,1034295.555452300,0.000108400,0.020000000,0.020000000,1034295.555560700,1034295.575452300,0,
305,1034295.571330900,0.000107000,0.020000000,0.020000000,1034295.571437900,1034295.591330900,0,
306,1034295.603127600,0.000050800,0.020000000,0.020000000,1034295.603178400,1034295.623127600,0,
307,1034295.619148600,0.000047300,0.020000000,0.020000000,1034295.619195900,1034295.639148600,0,
308,1034295.633884600,0.000090900,0.020000000,0.020000000,1034295.633975500,1034295.653884600,0,
309,1034295.650213700,0.000039600,0.020000000,0.020000000,1034295.650253300,1034295.670213700,0,
310,1034295.681119200,0.000074700,0.020000000,0.020000000,1034295.681193900,1034295.701119200,0,
311,1034295.697234300,0.000104300,0.020000000,0.020000000,1034295.697338600,1034295.717234300,0,
312,1034295.712296400,0.000038800,0.020000000,0.020000000,1034295.712335200,1034295.732296400,0,
313,1034295.744510700,0.000080100,0.020000000,0.020000000,1034295.744590800,1034295.764510700,0,
314,1034295.759347300,0.000043600,0.020000000,0.020000000,1034295.759390900,1034295.779347300,0,
315,1034295.775045100,0.000067400,0.020000000,0.020000000,1034295.775112500,1034295.795045100,0,
316,1034295.791174500,0.000105200,0.020000000,0.020000000,1034295.791279700,1034295.811174500,0,
317,1034295.821778700,0.000156800,0.020000000,0.020000000,1034295.821935500,1034295.841778700,0,
318,1034295.837714000,0.000102600,0.020000000,0.020000000,1034295.837816600,1034295.857714000,0,
319,1034295.853215000,0.000054600,0.020000000,0.020000000,1034295.853269600,1034295.873215000,0,
320,1034295.883819200,0.000097900,0.020000000,0.020000000,1034295.883917100,1034295.903819200,0,
321,1034295.898849900,0.000084800,0.020000000,0.020000000,1034295.898934700,1034295.918849900,0,
322,1034295.914781800,0.000056000,0.020000000,0.020000000,1034295.914837800,1034295.934781800,0,
323,1034295.930645100,0.000094900,0.020000000,0.020000000,1034295.930740000,1034295.950645100,0,
324,1034295.962230000,0.000080100,0.020000000,0.020000000,1034295.962310100,1034295.982230000,0,
325,1034295.978096400,0.000088200,0.020000000,0.020000000,1034295.978184600,1034295.998096400,0,
326,1034295.993283400,0.000048800,0.020000000,0.020000000,1034295.993332200,1034296.013283400,0,
327,1034296.023299700,0.000112400,0.020000000,0.020000000,1034296.023412100,1034296.043299700,0,
328,1034296.039254300,0.000061800,0.020000000,0.020000000,1034296.039316100,1034296.059254300,0,
329,1034296.054921200,0.000083200,0.020000000,0.020000000,1034296.055004400,1034296.074921200,0,
330,1034296.070275700,0.000085600,0.020000000,0.020000000,1034296.070361300,1034296.090275700,0,
331,1034296.100999900,0.000053600,0.020000000,0.020000000,1034296.101053500,1034296.120999900,0,
332,1034296.116556200,0.000062500,0.020000000,0.020000000,1034296.116618700,1034296.136556200,0,
333,1034296.131997200,0.000060300,0.020000000,0.020000000,1034296.132057500,1034296.151997200,0,
334,1034296.162087200,0.000051600,0.020000000,0.020000000,1034296.162138800,1034296.182087200,0,
335,1034296.177299000,0.000064600,0.020000000,0.020000000,1034296.177363600,1034296.197299000,0,
336,1034296.193564100,0.000092200,0.020000000,0.020000000,1034296.193656300,1034296.213564100,0,
337,1034296.224179100,0.000086000,0.020000000,0.020000000,1034296.224265100,1034296.244179100,0,
338,1034296.239347700,0.000082200,0.020000000,0.020000000,1034296.239429900,1034296.259347700,0,
339,1034296.255325400,0.000118600,0.020000000,0.020000000,1034296.255444000,1034296.275325400,0,
340,1034296.270773100,0.000067400,0.020000000,0.020000000,1034296.270840500,1034296.290773100,0,
341,1034296.301380100,0.000090000,0.020000000,0.020000000,1034296.301470100,1034296.321380100,0,
342,1034296.316727100,0.000059000,0.020000000,0.020000000,1034296.316786100,1034296.336727100,0,
343,1034296.332578400,0.000059100,0.020000000,0.020000000,1034296.332637500,1034296.352578400,0,
344,1034296.364427500,0.000099100,0.020000000,0.020000000,1034296.364526600,1034296.384427500,0,
345,1034296.380127500,0.000091300,0.020000000,0.020000000,1034296.380218800,1034296.400127500,0,
346,1034296.395154000,0.000051100,0.020000000,0.020000000,1034296.395205100,1034296.415154000,0,
347,1034296.411059700,0.000065100,0.020000000,0.020000000,1034296.411124800,1034296.431059700,0,
348,1034296.441684600,0.000086000,0.020000000,0.020000000,1034296.441770600,1034296.461684600,0,
349,1034296.457414900,0.000048800,0.020000000,0.020000000,1034296.457463700,1034296.477414900,0,
350,1034296.473169500,0.000062300,0.020000000,0.020000000,1034296.473231800,1034296.493169500,0,
351,1034296.503799900,0.000046700,0.020000000,0.020000000,1034296.503846600,1034296.523799900,0,
352,1034296.519813100,0.000051700,0.020000000,0.020000000,1034296.519864800,1034296.539813100,0,
353,1034296.534690800,0.000102900,0.020000000,0.020000000,1034296.534793700,1034296.554690800,0,
354,1034296.549822700,0.000046500,0.020000000,0.020000000,1034296.549869200,1034296.569822700,0,
355,1034296.579771500,0.000073200,0.020000000,0.020000000,1034296.579844700,1034296.599771500,0,
356,1034296.594893800,0.000074100,0.020000000,0.020000000,1034296.594967900,1034296.614893800,0,
357,1034296.611322000,0.000070900,0.020000000,0.020000000,1034296.611392900,1034296.631322000,0,
358,1034296.641656400,0.000063600,0.020000000,0.020000000,1034296.641720000,1034296.661656400,0,
359,1034296.657395700,0.000103100,0.020000000,0.020000000,1034296.657498800,1034296.677395700,0,
360,1034296.674520100,0.000080200,0.020000000,0.020000000,1034296.674600300,1034296.694520100,0,
361,1034296.704615900,0.000066500,0.020000000,0.020000000,1034296.704682400,1034296.724615900,0,
362,1034296.720339300,0.000038400,0.020000000,0.020000000,1034296.720377700,1034296.740339300,0,
363,1034296.736037700,0.000086300,0.020000000,0.020000000,1034296.736124000,1034296.756037700,0,
364,1034296.751849500,0.000049600,0.020000000,0.020000000,1034296.751899100,1034296.771849500,0,
365,1034296.782850700,0.000056900,0.020000000,0.020000000,1034296.782907600,1034296.802850700,0,
366,1034296.798651200,0.000054200,0.020000000,0.020000000,1034296.798705400,1034296.818651200,0,
367,1034296.814764700,0.000045100,0.020000000,0.020000000,1034296.814809800,1034296.834764700,0,
368,1034296.830038100,0.000061400,0.020000000,0.020000000,1034296.830099500,1034296.850038100,0,
369,1034296.861119900,0.000104000,0.020000000,0.020000000,1034296.861223900,1034296.881119900,0,stale_state_159.8ms
370,1034296.876732500,0.000260500,0.020000000,0.020000000,1034296.876993000,1034296.896732500,0,stale_state_175.4ms
371,1034296.892226600,0.000125000,0.020000000,0.020000000,1034296.892351600,1034296.912226600,0,stale_state_190.9ms
372,1034296.923746900,0.000047300,0.020000000,0.020000000,1034296.923794200,1034296.943746900,0,stale_state_222.4ms
373,1034296.939184600,0.000123400,0.020000000,0.020000000,1034296.939308000,1034296.959184600,0,stale_state_237.8ms
374,1034296.954963700,0.000087100,0.020000000,0.020000000,1034296.955050800,1034296.974963700,0,stale_state_253.6ms
375,1034296.970304600,0.000051600,0.020000000,0.020000000,1034296.970356200,1034296.990304600,0,stale_state_269.0ms
376,1034297.001866100,0.000081500,0.020000000,0.020000000,1034297.001947600,1034297.021866100,0,stale_state_300.5ms
377,1034297.016913500,0.000123900,0.020000000,0.020000000,1034297.017037400,1034297.036913500,0,stale_state_315.6ms
378,1034297.033140400,0.000065900,0.020000000,0.020000000,1034297.033206300,1034297.053140400,0,stale_state_331.8ms
379,1034297.064779800,0.000040700,0.020000000,0.020000000,1034297.064820500,1034297.084779800,0,stale_state_363.4ms
380,1034297.080211700,0.000060900,0.020000000,0.020000000,1034297.080272600,1034297.100211700,0,stale_state_378.9ms
381,1034297.096117500,0.000113400,0.020000000,0.020000000,1034297.096230900,1034297.116117500,0,stale_state_394.8ms
382,1034297.111528300,0.000041700,0.020000000,0.020000000,1034297.111570000,1034297.131528300,0,stale_state_410.2ms
383,1034297.143071900,0.000072600,0.020000000,0.020000000,1034297.143144500,1034297.163071900,0,stale_state_441.7ms
384,1034297.158248500,0.000074800,0.020000000,0.020000000,1034297.158323300,1034297.178248500,0,stale_state_456.9ms
385,1034297.173239000,0.000085400,0.020000000,0.020000000,1034297.173324400,1034297.193239000,0,stale_state_471.9ms
386,1034297.204607000,0.000078300,0.020000000,0.020000000,1034297.204685300,1034297.224607000,0,stale_state_503.3ms
387,1034297.220769000,0.000054800,0.020000000,0.020000000,1034297.220823800,1034297.240769000,0,stale_state_519.4ms
388,1034297.235925400,0.000058800,0.020000000,0.020000000,1034297.235984200,1034297.255925400,0,stale_state_534.6ms
389,1034297.251243400,0.000121900,0.020000000,0.020000000,1034297.251365300,1034297.271243400,0,stale_state_549.9ms
390,1034297.282150300,0.000068800,0.020000000,0.020000000,1034297.282219100,1034297.302150300,0,recovered
391,1034297.297521900,0.000029100,0.020000000,0.020000000,1034297.297551000,1034297.317521900,0,
392,1034297.313253100,0.000069000,0.020000000,0.020000000,1034297.313322100,1034297.333253100,0,
393,1034297.344422100,0.000104800,0.020000000,0.020000000,1034297.344526900,1034297.364422100,0,
394,1034297.359152800,0.000060700,0.020000000,0.020000000,1034297.359213500,1034297.379152800,0,
395,1034297.374068900,0.000095500,0.020000000,0.020000000,1034297.374164400,1034297.394068900,0,
396,1034297.390597000,0.000052500,0.020000000,0.020000000,1034297.390649500,1034297.410597000,0,
397,1034297.421114700,0.000122400,0.020000000,0.020000000,1034297.421237100,1034297.441114700,0,
398,1034297.436903000,0.000077500,0.020000000,0.020000000,1034297.436980500,1034297.456903000,0,
399,1034297.453298800,0.000117900,0.020000000,0.020000000,1034297.453416700,1034297.473298800,0,
400,1034297.483361500,0.000061000,0.020000000,0.020000000,1034297.483422500,1034297.503361500,0,
401,1034297.499425900,0.000089200,0.020000000,0.020000000,1034297.499515100,1034297.519425900,0,
402,1034297.515675500,0.000078500,0.020000000,0.020000000,1034297.515754000,1034297.535675500,0,
403,1034297.531441200,0.000056600,0.020000000,0.020000000,1034297.531497800,1034297.551441200,0,
404,1034297.562982800,0.000040100,0.020000000,0.020000000,1034297.563022900,1034297.582982800,0,
405,1034297.578668700,0.000103800,0.020000000,0.020000000,1034297.578772500,1034297.598668700,0,
406,1034297.593902200,0.000086900,0.020000000,0.020000000,1034297.593989100,1034297.613902200,0,
407,1034297.609899400,0.000066600,0.020000000,0.020000000,1034297.609966000,1034297.629899400,0,
408,1034297.641302600,0.000164900,0.020000000,0.020000000,1034297.641467500,1034297.661302600,0,
409,1034297.657308200,0.000034700,0.020000000,0.020000000,1034297.657342900,1034297.677308200,0,
410,1034297.672417600,0.000036000,0.020000000,0.020000000,1034297.672453600,1034297.692417600,0,
411,1034297.703620100,0.000046400,0.020000000,0.020000000,1034297.703666500,1034297.723620100,0,
412,1034297.719199900,0.000083500,0.020000000,0.020000000,1034297.719283400,1034297.739199900,0,
413,1034297.734231100,0.000092900,0.020000000,0.020000000,1034297.734324000,1034297.754231100,0,
414,1034297.749413300,0.000037900,0.020000000,0.020000000,1034297.749451200,1034297.769413300,0,
415,1034297.780915700,0.000052200,0.020000000,0.020000000,1034297.780967900,1034297.800915700,0,
416,1034297.795681300,0.000044800,0.020000000,0.020000000,1034297.795726100,1034297.815681300,0,
417,1034297.811527400,0.000052800,0.020000000,0.020000000,1034297.811580200,1034297.831527400,0,
418,1034297.844194600,0.000096200,0.020000000,0.020000000,1034297.844290800,1034297.864194600,0,
419,1034297.859292600,0.000032700,0.020000000,0.020000000,1034297.859325300,1034297.879292600,0,
420,1034297.874726200,0.000035400,0.020000000,0.020000000,1034297.874761600,1034297.894726200,0,
421,1034297.890703300,0.000113500,0.020000000,0.020000000,1034297.890816800,1034297.910703300,0,
422,1034297.921775600,0.000074300,0.020000000,0.020000000,1034297.921849900,1034297.941775600,0,
423,1034297.936916500,0.000092200,0.020000000,0.020000000,1034297.937008700,1034297.956916500,0,
424,1034297.954099200,0.000075400,0.020000000,0.020000000,1034297.954174600,1034297.974099200,0,
425,1034297.984380800,0.000049400,0.020000000,0.020000000,1034297.984430200,1034298.004380800,0,
426,1034298.000578100,0.000049000,0.020000000,0.020000000,1034298.000627100,1034298.020578100,0,
427,1034298.016768400,0.000052600,0.020000000,0.020000000,1034298.016821000,1034298.036768400,0,
428,1034298.031580700,0.000048900,0.020000000,0.020000000,1034298.031629600,1034298.051580700,0,
429,1034298.061728000,0.000058600,0.020000000,0.020000000,1034298.061786600,1034298.081728000,0,
430,1034298.077264800,0.000112400,0.020000000,0.020000000,1034298.077377200,1034298.097264800,0,
431,1034298.093438100,0.000076900,0.020000000,0.020000000,1034298.093515000,1034298.113438100,0,
432,1034298.124715200,0.000054400,0.020000000,0.020000000,1034298.124769600,1034298.144715200,0,
433,1034298.140231000,0.000089900,0.020000000,0.020000000,1034298.140320900,1034298.160231000,0,
434,1034298.155039300,0.000053600,0.020000000,0.020000000,1034298.155092900,1034298.175039300,0,
435,1034298.170469100,0.000031200,0.020000000,0.020000000,1034298.170500300,1034298.190469100,0,
436,1034298.200783100,0.000054800,0.020000000,0.020000000,1034298.200837900,1034298.220783100,0,
437,1034298.216267900,0.000043300,0.020000000,0.020000000,1034298.216311200,1034298.236267900,0,
438,1034298.231572000,0.000095400,0.020000000,0.020000000,1034298.231667400,1034298.251572000,0,
439,1034298.262799400,0.000064100,0.020000000,0.020000000,1034298.262863500,1034298.282799400,0,
440,1034298.278052400,0.000104900,0.020000000,0.020000000,1034298.278157300,1034298.298052400,0,
441,1034298.293740100,0.000078500,0.020000000,0.020000000,1034298.293818600,1034298.313740100,0,
442,1034298.309025900,0.000075800,0.020000000,0.020000000,1034298.309101700,1034298.329025900,0,
443,1034298.340005600,0.000047200,0.020000000,0.020000000,1034298.340052800,1034298.360005600,0,
444,1034298.355980800,0.000105800,0.020000000,0.020000000,1034298.356086600,1034298.375980800,0,
445,1034298.371958800,0.000098300,0.020000000,0.020000000,1034298.372057100,1034298.391958800,0,
446,1034298.401800400,0.000082700,0.020000000,0.020000000,1034298.401883100,1034298.421800400,0,
447,1034298.416954400,0.000060600,0.020000000,0.020000000,1034298.417015000,1034298.436954400,0,
448,1034298.433397700,0.000052600,0.020000000,0.020000000,1034298.433450300,1034298.453397700,0,
449,1034298.463715100,0.000052000,0.020000000,0.020000000,1034298.463767100,1034298.483715100,0,
450,1034298.479454200,0.000155900,0.020000000,0.020000000,1034298.479610100,1034298.499454200,0,
451,1034298.494949100,0.000104500,0.020000000,0.020000000,1034298.495053600,1034298.514949100,0,
452,1034298.511060200,0.000047200,0.020000000,0.020000000,1034298.511107400,1034298.531060200,0,
453,1034298.542063800,0.000130200,0.020000000,0.020000000,1034298.542194000,1034298.562063800,0,
454,1034298.558075100,0.000102100,0.020000000,0.020000000,1034298.558177200,1034298.578075100,0,
455,1034298.573588400,0.000057600,0.020000000,0.020000000,1034298.573646000,1034298.593588400,0,
456,1034298.603564000,0.000057800,0.020000000,0.020000000,1034298.603621800,1034298.623564000,0,
457,1034298.618878300,0.000072900,0.020000000,0.020000000,1034298.618951200,1034298.638878300,0,
458,1034298.634134300,0.000081000,0.020000000,0.020000000,1034298.634215300,1034298.654134300,0,
459,1034298.650352700,0.000112700,0.020000000,0.020000000,1034298.650465400,1034298.670352700,0,
460,1034298.681143000,0.000058800,0.020000000,0.020000000,1034298.681201800,1034298.701143000,0,
461,1034298.696514200,0.000098900,0.020000000,0.020000000,1034298.696613100,1034298.716514200,0,
462,1034298.712052500,0.000038600,0.020000000,0.020000000,1034298.712091100,1034298.732052500,0,
463,1034298.743834900,0.000039500,0.020000000,0.020000000,1034298.743874400,1034298.763834900,0,
464,1034298.759702000,0.000095000,0.020000000,0.020000000,1034298.759797000,1034298.779702000,0,
465,1034298.775202100,0.000097900,0.020000000,0.020000000,1034298.775300000,1034298.795202100,0,
466,1034298.791154000,0.000047500,0.020000000,0.020000000,1034298.791201500,1034298.811154000,0,
467,1034298.821316000,0.000026200,0.020000000,0.020000000,1034298.821342200,1034298.841316000,0,
468,1034298.837263300,0.000075000,0.020000000,0.020000000,1034298.837338300,1034298.857263300,0,
469,1034298.853555400,0.000079800,0.020000000,0.020000000,1034298.853635200,1034298.873555400,0,
470,1034298.884078600,0.000054500,0.020000000,0.020000000,1034298.884133100,1034298.904078600,0,
471,1034298.900694900,0.000057900,0.020000000,0.020000000,1034298.900752800,1034298.920694900,0,
472,1034298.916981300,0.000050100,0.020000000,0.020000000,1034298.917031400,1034298.936981300,0,
473,1034298.932374600,0.000096600,0.020000000,0.020000000,1034298.932471200,1034298.952374600,0,
474,1034298.962360500,0.000063300,0.020000000,0.020000000,1034298.962423800,1034298.982360500,0,
475,1034298.978176700,0.000081000,0.020000000,0.020000000,1034298.978257700,1034298.998176700,0,
476,1034298.993063600,0.000045600,0.020000000,0.020000000,1034298.993109200,1034299.013063600,0,
477,1034299.024700600,0.000062000,0.020000000,0.020000000,1034299.024762600,1034299.044700600,0,
478,1034299.039554300,0.000044600,0.020000000,0.020000000,1034299.039598900,1034299.059554300,0,
479,1034299.055306100,0.000067100,0.020000000,0.020000000,1034299.055373200,1034299.075306100,0,
480,1034299.070742700,0.000053300,0.020000000,0.020000000,1034299.070796000,1034299.090742700,0,
481,1034299.101878200,0.000058600,0.020000000,0.020000000,1034299.101936800,1034299.121878200,0,
482,1034299.117122000,0.000127300,0.020000000,0.020000000,1034299.117249300,1034299.137122000,0,
483,1034299.133420200,0.000085100,0.020000000,0.020000000,1034299.133505300,1034299.153420200,0,
484,1034299.164780000,0.000036500,0.020000000,0.020000000,1034299.164816500,1034299.184780000,0,
485,1034299.179907600,0.000061400,0.020000000,0.020000000,1034299.179969000,1034299.199907600,0,
486,1034299.194715500,0.000042700,0.020000000,0.020000000,1034299.194758200,1034299.214715500,0,
487,1034299.210749500,0.000057400,0.020000000,0.020000000,1034299.210806900,1034299.230749500,0,
488,1034299.240605600,0.000069700,0.020000000,0.020000000,1034299.240675300,1034299.260605600,0,
489,1034299.256573100,0.000102600,0.020000000,0.020000000,1034299.256675700,1034299.276573100,0,
490,1034299.272262200,0.000036900,0.020000000,0.020000000,1034299.272299100,1034299.292262200,0,
491,1034299.303531700,0.000073500,0.020000000,0.020000000,1034299.303605200,1034299.323531700,0,
492,1034299.319180400,0.000039000,0.020000000,0.020000000,1034299.319219400,1034299.339180400,0,
493,1034299.334162300,0.000054700,0.020000000,0.020000000,1034299.334217000,1034299.354162300,0,
494,1034299.350364300,0.000059800,0.020000000,0.020000000,1034299.350424100,1034299.370364300,0,
495,1034299.381461500,0.000073600,0.020000000,0.020000000,1034299.381535100,1034299.401461500,0,
496,1034299.397299600,0.000062900,0.020000000,0.020000000,1034299.397362500,1034299.417299600,0,
497,1034299.414195200,0.000067200,0.020000000,0.020000000,1034299.414262400,1034299.434195200,0,
498,1034299.444155700,0.000051400,0.020000000,0.020000000,1034299.444207100,1034299.464155700,0,
499,1034299.459895900,0.000116900,0.020000000,0.020000000,1034299.460012800,1034299.479895900,0,
500,1034299.475586500,0.000068500,0.020000000,0.020000000,1034299.475655000,1034299.495586500,0,
501,1034299.491537700,0.000065200,0.020000000,0.020000000,1034299.491602900,1034299.511537700,0,
502,1034299.523510700,0.000061700,0.020000000,0.020000000,1034299.523572400,1034299.543510700,0,
503,1034299.538379700,0.000104300,0.020000000,0.020000000,1034299.538484000,1034299.558379700,0,
504,1034299.553615600,0.000050200,0.020000000,0.020000000,1034299.553665800,1034299.573615600,0,
505,1034299.570119500,0.000041200,0.020000000,0.020000000,1034299.570160700,1034299.590119500,0,
506,1034299.600264900,0.000049100,0.020000000,0.020000000,1034299.600314000,1034299.620264900,0,
507,1034299.615049200,0.000068600,0.020000000,0.020000000,1034299.615117800,1034299.635049200,0,
508,1034299.630644200,0.000089000,0.020000000,0.020000000,1034299.630733200,1034299.650644200,0,
509,1034299.661385000,0.000088900,0.020000000,0.020000000,1034299.661473900,1034299.681385000,0,
510,1034299.676431500,0.000109100,0.020000000,0.020000000,1034299.676540600,1034299.696431500,0,
511,1034299.692256700,0.000036800,0.020000000,0.020000000,1034299.692293500,1034299.712256700,0,
512,1034299.723265300,0.000113400,0.020000000,0.020000000,1034299.723378700,1034299.743265300,0,
513,1034299.739259100,0.000212500,0.020000000,0.020000000,1034299.739471600,1034299.759259100,0,
514,1034299.754867400,0.000050300,0.020000000,0.020000000,1034299.754917700,1034299.774867400,0,
515,1034299.770300800,0.000046900,0.020000000,0.020000000,1034299.770347700,1034299.790300800,0,
516,1034299.800265900,0.000059600,0.020000000,0.020000000,1034299.800325500,1034299.820265900,0,
517,1034299.817030100,0.000048500,0.020000000,0.020000000,1034299.817078600,1034299.837030100,0,
518,1034299.831962700,0.000092200,0.020000000,0.020000000,1034299.832054900,1034299.851962700,0,
519,1034299.864345700,0.000072400,0.020000000,0.020000000,1034299.864418100,1034299.884345700,0,
520,1034299.879905200,0.000084100,0.020000000,0.020000000,1034299.879989300,1034299.899905200,0,
521,1034299.895111400,0.000081200,0.020000000,0.020000000,1034299.895192600,1034299.915111400,0,
522,1034299.910780500,0.000045800,0.020000000,0.020000000,1034299.910826300,1034299.930780500,0,
523,1034299.942466300,0.000075700,0.020000000,0.020000000,1034299.942542000,1034299.962466300,0,
524,1034299.956831900,0.000067500,0.020000000,0.020000000,1034299.956899400,1034299.976831900,0,
525,1034299.973265900,0.000035900,0.020000000,0.020000000,1034299.973301800,1034299.993265900,0,
526,1034300.004339500,0.000108800,0.020000000,0.020000000,1034300.004448300,1034300.024339500,0,
527,1034300.020133600,0.000029600,0.020000000,0.020000000,1034300.020163200,1034300.040133600,0,
528,1034300.035914500,0.000164100,0.020000000,0.020000000,1034300.036078600,1034300.055914500,0,
529,1034300.051296100,0.000180600,0.020000000,0.020000000,1034300.051476700,1034300.071296100,0,
530,1034300.082036100,0.000068700,0.020000000,0.020000000,1034300.082104800,1034300.102036100,0,
531,1034300.098804800,0.000105900,0.020000000,0.020000000,1034300.098910700,1034300.118804800,0,
532,1034300.114304300,0.000070200,0.020000000,0.020000000,1034300.114374500,1034300.134304300,0,
533,1034300.129986300,0.000071100,0.020000000,0.020000000,1034300.130057400,1034300.149986300,0,
534,1034300.160749200,0.000071700,0.020000000,0.020000000,1034300.160820900,1034300.180749200,0,
535,1034300.176191100,0.000116800,0.020000000,0.020000000,1034300.176307900,1034300.196191100,0,
536,1034300.191752600,0.000053200,0.020000000,0.020000000,1034300.191805800,1034300.211752600,0,
537,1034300.223259400,0.000051900,0.020000000,0.020000000,1034300.223311300,1034300.243259400,0,
538,1034300.238073000,0.000062500,0.020000000,0.020000000,1034300.238135500,1034300.258073000,0,
539,1034300.254214700,0.000083900,0.020000000,0.020000000,1034300.254298600,1034300.274214700,0,
540,1034300.283924400,0.000057800,0.020000000,0.020000000,1034300.283982200,1034300.303924400,0,
541,1034300.299998200,0.000055600,0.020000000,0.020000000,1034300.300053800,1034300.319998200,0,
542,1034300.315955300,0.000086900,0.020000000,0.020000000,1034300.316042200,1034300.335955300,0,
543,1034300.331695600,0.000076700,0.020000000,0.020000000,1034300.331772300,1034300.351695600,0,
544,1034300.363190300,0.000076700,0.020000000,0.020000000,1034300.363267000,1034300.383190300,0,
545,1034300.378911800,0.000170800,0.020000000,0.020000000,1034300.379082600,1034300.398911800,0,
546,1034300.394606300,0.000035500,0.020000000,0.020000000,1034300.394641800,1034300.414606300,0,
547,1034300.410311900,0.000039700,0.020000000,0.020000000,1034300.410351600,1034300.430311900,0,
548,1034300.441046100,0.000088800,0.020000000,0.020000000,1034300.441134900,1034300.461046100,0,
549,1034300.456477900,0.000047300,0.020000000,0.020000000,1034300.456525200,1034300.476477900,0,
550,1034300.472468400,0.000039600,0.020000000,0.020000000,1034300.472508000,1034300.492468400,0,
551,1034300.503577300,0.000119400,0.020000000,0.020000000,1034300.503696700,1034300.523577300,0,
552,1034300.519342700,0.000062800,0.020000000,0.020000000,1034300.519405500,1034300.539342700,0,
553,1034300.534819700,0.000083500,0.020000000,0.020000000,1034300.534903200,1034300.554819700,0,
554,1034300.550863900,0.000092700,0.020000000,0.020000000,1034300.550956600,1034300.570863900,0,
555,1034300.582034000,0.000064300,0.020000000,0.020000000,1034300.582098300,1034300.602034000,0,
556,1034300.597248300,0.000040900,0.020000000,0.020000000,1034300.597289200,1034300.617248300,0,
557,1034300.613333000,0.000085200,0.020000000,0.020000000,1034300.613418200,1034300.633333000,0,
558,1034300.644774800,0.000032400,0.020000000,0.020000000,1034300.644807200,1034300.664774800,0,
559,1034300.660541400,0.000097100,0.020000000,0.020000000,1034300.660638500,1034300.680541400,0,
560,1034300.676236800,0.000082700,0.020000000,0.020000000,1034300.676319500,1034300.696236800,0,
561,1034300.691699900,0.000054500,0.020000000,0.020000000,1034300.691754400,1034300.711699900,0,
562,1034300.722963200,0.000058400,0.020000000,0.020000000,1034300.723021600,1034300.742963200,0,
563,1034300.738035000,0.000084800,0.020000000,0.020000000,1034300.738119800,1034300.758035000,0,
564,1034300.753699000,0.000033900,0.020000000,0.020000000,1034300.753732900,1034300.773699000,0,
565,1034300.784343100,0.000075300,0.020000000,0.020000000,1034300.784418400,1034300.804343100,0,
566,1034300.800158900,0.000093900,0.020000000,0.020000000,1034300.800252800,1034300.820158900,0,
567,1034300.816411600,0.000029700,0.020000000,0.020000000,1034300.816441300,1034300.836411600,0,
568,1034300.831596700,0.000049400,0.020000000,0.020000000,1034300.831646100,1034300.851596700,0,
569,1034300.863454400,0.000192700,0.020000000,0.020000000,1034300.863647100,1034300.883454400,0,
570,1034300.879019700,0.000039900,0.020000000,0.020000000,1034300.879059600,1034300.899019700,0,
571,1034300.894583900,0.000073300,0.020000000,0.020000000,1034300.894657200,1034300.914583900,0,
572,1034300.910329200,0.000067200,0.020000000,0.020000000,1034300.910396400,1034300.930329200,0,
573,1034300.941140200,0.000070600,0.020000000,0.020000000,1034300.941210800,1034300.961140200,0,
574,1034300.956659200,0.000040000,0.020000000,0.020000000,1034300.956699200,1034300.976659200,0,
575,1034300.972464700,0.000044000,0.020000000,0.020000000,1034300.972508700,1034300.992464700,0,
576,1034301.004025500,0.000059400,0.020000000,0.020000000,1034301.004084900,1034301.024025500,0,
577,1034301.019672800,0.000062000,0.020000000,0.020000000,1034301.019734800,1034301.039672800,0,
578,1034301.036312400,0.000046900,0.020000000,0.020000000,1034301.036359300,1034301.056312400,0,
579,1034301.051908100,0.000054300,0.020000000,0.020000000,1034301.051962400,1034301.071908100,0,
580,1034301.084141300,0.000032200,0.020000000,0.020000000,1034301.084173500,1034301.104141300,0,
581,1034301.100101200,0.000059000,0.020000000,0.020000000,1034301.100160200,1034301.120101200,0,
582,1034301.115422700,0.000057100,0.020000000,0.020000000,1034301.115479800,1034301.135422700,0,
583,1034301.130939800,0.000048100,0.020000000,0.020000000,1034301.130987900,1034301.150939800,0,
584,1034301.163106800,0.000031700,0.020000000,0.020000000,1034301.163138500,1034301.183106800,0,stale_state_176.7ms
585,1034301.178733900,0.000053700,0.020000000,0.020000000,1034301.178787600,1034301.198733900,0,stale_state_192.3ms
586,1034301.194313500,0.000084600,0.020000000,0.020000000,1034301.194398100,1034301.214313500,0,stale_state_207.9ms
587,1034301.210138900,0.000072400,0.020000000,0.020000000,1034301.210211300,1034301.230138900,0,stale_state_223.7ms
588,1034301.242175200,0.000054100,0.020000000,0.020000000,1034301.242229300,1034301.262175200,0,stale_state_255.8ms
589,1034301.257714700,0.000122400,0.020000000,0.020000000,1034301.257837100,1034301.277714700,0,stale_state_271.3ms
590,1034301.273542900,0.000061600,0.020000000,0.020000000,1034301.273604500,1034301.293542900,0,stale_state_287.1ms
591,1034301.304482200,0.000102600,0.020000000,0.020000000,1034301.304584800,1034301.324482200,0,stale_state_318.1ms
592,1034301.319954300,0.000114800,0.020000000,0.020000000,1034301.320069100,1034301.339954300,0,stale_state_333.5ms
593,1034301.336301100,0.000147600,0.020000000,0.020000000,1034301.336448700,1034301.356301100,0,stale_state_349.9ms
594,1034301.351313700,0.000194600,0.020000000,0.020000000,1034301.351508300,1034301.371313700,0,stale_state_364.9ms
595,1034301.381974800,0.000091000,0.020000000,0.020000000,1034301.382065800,1034301.401974800,0,stale_state_395.6ms
596,1034301.398555000,0.000099200,0.020000000,0.020000000,1034301.398654200,1034301.418555000,0,stale_state_412.1ms
597,1034301.414387600,0.000086300,0.020000000,0.020000000,1034301.414473900,1034301.434387600,0,stale_state_428.0ms
598,1034301.429988600,0.000069700,0.020000000,0.020000000,1034301.430058300,1034301.449988600,0,stale_state_443.6ms
599,1034301.460796600,0.000046800,0.020000000,0.020000000,1034301.460843400,1034301.480796600,0,stale_state_474.4ms
600,1034301.475541900,0.000074800,0.020000000,0.020000000,1034301.475616700,1034301.495541900,0,stale_state_489.1ms
601,1034301.491154500,0.000083400,0.020000000,0.020000000,1034301.491237900,1034301.511154500,0,stale_state_504.7ms
602,1034301.521942000,0.000097400,0.020000000,0.020000000,1034301.522039400,1034301.541942000,0,stale_state_535.5ms
603,1034301.538328100,0.000104000,0.020000000,0.020000000,1034301.538432100,1034301.558328100,0,stale_state_551.9ms
604,1034301.554204000,0.000079800,0.020000000,0.020000000,1034301.554283800,1034301.574204000,0,stale_state_567.8ms
605,1034301.569882900,0.000042000,0.020000000,0.020000000,1034301.569924900,1034301.589882900,0,stale_state_583.5ms
606,1034301.601187300,0.000071700,0.020000000,0.020000000,1034301.601259000,1034301.621187300,0,stale_state_614.8ms
607,1034301.616293600,0.000090600,0.020000000,0.020000000,1034301.616384200,1034301.636293600,0,stale_state_629.9ms
608,1034301.631866500,0.000069000,0.020000000,0.020000000,1034301.631935500,1034301.651866500,0,stale_state_645.5ms
609,1034301.664015200,0.000033300,0.020000000,0.020000000,1034301.664048500,1034301.684015200,0,stale_state_677.6ms
610,1034301.679151900,0.000088900,0.020000000,0.020000000,1034301.679240800,1034301.699151900,0,stale_state_692.7ms
611,1034301.695366400,0.000052700,0.020000000,0.020000000,1034301.695419100,1034301.715366400,0,stale_state_709.0ms
612,1034301.711014800,0.000102300,0.020000000,0.020000000,1034301.711117100,1034301.731014800,0,stale_state_724.6ms
613,1034301.741332600,0.000077300,0.020000000,0.020000000,1034301.741409900,1034301.761332600,0,stale_state_754.9ms
614,1034301.756406400,0.000081100,0.020000000,0.020000000,1034301.756487500,1034301.776406400,0,stale_state_770.0ms
615,1034301.772288500,0.000053600,0.020000000,0.020000000,1034301.772342100,1034301.792288500,0,stale_state_785.9ms
616,1034301.803156200,0.000057800,0.020000000,0.020000000,1034301.803214000,1034301.823156200,0,stale_state_816.7ms
617,1034301.818633200,0.000101100,0.020000000,0.020000000,1034301.818734300,1034301.838633200,0,stale_state_832.2ms
618,1034301.834769200,0.000087000,0.020000000,0.020000000,1034301.834856200,1034301.854769200,0,stale_state_848.4ms
619,1034301.850776300,0.000049300,0.020000000,0.020000000,1034301.850825600,1034301.870776300,0,stale_state_864.4ms
620,1034301.882068400,0.000056200,0.020000000,0.020000000,1034301.882124600,1034301.902068400,0,stale_state_895.7ms
621,1034301.897797600,0.000038200,0.020000000,0.020000000,1034301.897835800,1034301.917797600,0,stale_state_911.4ms
622,1034301.912604400,0.000052100,0.020000000,0.020000000,1034301.912656500,1034301.932604400,0,stale_state_926.2ms
623,1034301.943382400,0.000047900,0.020000000,0.020000000,1034301.943430300,1034301.963382400,0,stale_state_957.0ms
624,1034301.959121100,0.000066500,0.020000000,0.020000000,1034301.959187600,1034301.979121100,0,stale_state_972.7ms
625,1034301.974476400,0.000051700,0.020000000,0.020000000,1034301.974528100,1034301.994476400,0,stale_state_988.1ms
626,1034301.990299900,0.000043000,0.020000000,0.020000000,1034301.990342900,1034302.010299900,0,stale_state_1003.9ms
627,1034302.022010900,0.000057200,0.020000000,0.020000000,1034302.022068100,1034302.042010900,0,stale_state_1035.6ms
628,1034302.037019900,0.000051000,0.020000000,0.020000000,1034302.037070900,1034302.057019900,0,stale_state_1050.6ms
629,1034302.052894000,0.000047700,0.020000000,0.020000000,1034302.052941700,1034302.072894000,0,stale_state_1066.5ms
630,1034302.083978000,0.000070900,0.020000000,0.020000000,1034302.084048900,1034302.103978000,0,stale_state_1097.6ms
631,1034302.100486200,0.000132500,0.020000000,0.020000000,1034302.100618700,1034302.120486200,0,stale_state_1114.1ms
632,1034302.115494500,0.000089800,0.020000000,0.020000000,1034302.115584300,1034302.135494500,0,recovered
633,1034302.131200500,0.000055600,0.020000000,0.020000000,1034302.131256100,1034302.151200500,0,
634,1034302.163809300,0.000095800,0.020000000,0.020000000,1034302.163905100,1034302.183809300,0,
635,1034302.178741300,0.000089200,0.020000000,0.020000000,1034302.178830500,1034302.198741300,0,
636,1034302.194750500,0.000065700,0.020000000,0.020000000,1034302.194816200,1034302.214750500,0,
637,1034302.210310500,0.000136200,0.020000000,0.020000000,1034302.210446700,1034302.230310500,0,
638,1034302.241149200,0.000146200,0.020000000,0.020000000,1034302.241295400,1034302.261149200,0,
639,1034302.257311500,0.000214700,0.020000000,0.020000000,1034302.257526200,1034302.277311500,0,
640,1034302.273629400,0.000214600,0.020000000,0.020000000,1034302.273844000,1034302.293629400,0,
641,1034302.303800300,0.000118600,0.020000000,0.020000000,1034302.303918900,1034302.323800300,0,
642,1034302.319080200,0.000118200,0.020000000,0.020000000,1034302.319198400,1034302.339080200,0,
643,1034302.334537900,0.000130800,0.020000000,0.020000000,1034302.334668700,1034302.354537900,0,
644,1034302.365149700,0.000114400,0.020000000,0.020000000,1034302.365264100,1034302.385149700,0,
645,1034302.379861600,0.000119000,0.020000000,0.020000000,1034302.379980600,1034302.399861600,0,
646,1034302.395284800,0.000359500,0.020000000,0.020000000,1034302.395644300,1034302.415284800,0,
647,1034302.412060800,0.000121900,0.020000000,0.020000000,1034302.412182700,1034302.432060800,0,
648,1034302.442669300,0.000183600,0.020000000,0.020000000,1034302.442852900,1034302.462669300,0,
649,1034302.458675900,0.000054700,0.020000000,0.020000000,1034302.458730600,1034302.478675900,0,
650,1034302.474266600,0.000093100,0.020000000,0.020000000,1034302.474359700,1034302.494266600,0,
651,1034302.504791500,0.000101200,0.020000000,0.020000000,1034302.504892700,1034302.524791500,0,
652,1034302.519968000,0.000103900,0.020000000,0.020000000,1034302.520071900,1034302.539968000,0,
653,1034302.535719900,0.000093700,0.020000000,0.020000000,1034302.535813600,1034302.555719900,0,
654,1034302.551269100,0.000099800,0.020000000,0.020000000,1034302.551368900,1034302.571269100,0,
655,1034302.581978300,0.000120600,0.020000000,0.020000000,1034302.582098900,1034302.601978300,0,
656,1034302.597536100,0.000096300,0.020000000,0.020000000,1034302.597632400,1034302.617536100,0,
657,1034302.613408800,0.000083800,0.020000000,0.020000000,1034302.613492600,1034302.633408800,0,
658,1034302.644240300,0.000077700,0.020000000,0.020000000,1034302.644318000,1034302.664240300,0,
659,1034302.660020500,0.000105100,0.020000000,0.020000000,1034302.660125600,1034302.680020500,0,
660,1034302.674416100,0.000050600,0.020000000,0.020000000,1034302.674466700,1034302.694416100,0,
661,1034302.690155200,0.000060200,0.020000000,0.020000000,1034302.690215400,1034302.710155200,0,
662,1034302.721064800,0.000054700,0.020000000,0.020000000,1034302.721119500,1034302.741064800,0,
663,1034302.737366400,0.000133500,0.020000000,0.020000000,1034302.737499900,1034302.757366400,0,
664,1034302.753366400,0.000071600,0.020000000,0.020000000,1034302.753438000,1034302.773366400,0,
665,1034302.784271100,0.000113800,0.020000000,0.020000000,1034302.784384900,1034302.804271100,0,
666,1034302.799114800,0.000061300,0.020000000,0.020000000,1034302.799176100,1034302.819114800,0,
667,1034302.814288700,0.000092300,0.020000000,0.020000000,1034302.814381000,1034302.834288700,0,
668,1034302.829705900,0.000091700,0.020000000,0.020000000,1034302.829797600,1034302.849705900,0,
669,1034302.860821200,0.000191700,0.020000000,0.020000000,1034302.861012900,1034302.880821200,0,
670,1034302.876152900,0.000066900,0.020000000,0.020000000,1034302.876219800,1034302.896152900,0,
671,1034302.891668500,0.000090100,0.020000000,0.020000000,1034302.891758600,1034302.911668500,0,
672,1034302.921902900,0.000054700,0.020000000,0.020000000,1034302.921957600,1034302.941902900,0,
673,1034302.938303300,0.000076700,0.020000000,0.020000000,1034302.938380000,1034302.958303300,0,
674,1034302.953476200,0.000074000,0.020000000,0.020000000,1034302.953550200,1034302.973476200,0,
675,1034302.985177600,0.000101800,0.020000000,0.020000000,1034302.985279400,1034303.005177600,0,
676,1034303.000518400,0.000047600,0.020000000,0.020000000,1034303.000566000,1034303.020518400,0,
677,1034303.015657800,0.000112800,0.020000000,0.020000000,1034303.015770600,1034303.035657800,0,
678,1034303.031299000,0.000041200,0.020000000,0.020000000,1034303.031340200,1034303.051299000,0,
679,1034303.064028500,0.000103300,0.020000000,0.020000000,1034303.064131800,1034303.084028500,0,
680,1034303.078781300,0.000052700,0.020000000,0.020000000,1034303.078834000,1034303.098781300,0,
681,1034303.094260100,0.000068800,0.020000000,0.020000000,1034303.094328900,1034303.114260100,0,
682,1034303.110625600,0.000041600,0.020000000,0.020000000,1034303.110667200,1034303.130625600,0,
683,1034303.140771800,0.000102400,0.020000000,0.020000000,1034303.140874200,1034303.160771800,0,
684,1034303.156099300,0.000079900,0.020000000,0.020000000,1034303.156179200,1034303.176099300,0,
685,1034303.172003300,0.000040300,0.020000000,0.020000000,1034303.172043600,1034303.192003300,0,
686,1034303.203306300,0.000100200,0.020000000,0.020000000,1034303.203406500,1034303.223306300,0,
687,1034303.219036400,0.000044100,0.020000000,0.020000000,1034303.219080500,1034303.239036400,0,
688,1034303.235083900,0.000073900,0.020000000,0.020000000,1034303.235157800,1034303.255083900,0,
689,1034303.250429200,0.000112200,0.020000000,0.020000000,1034303.250541400,1034303.270429200,0,
690,1034303.281575100,0.000143400,0.020000000,0.020000000,1034303.281718500,1034303.301575100,0,
691,1034303.297658600,0.000067600,0.020000000,0.020000000,1034303.297726200,1034303.317658600,0,
692,1034303.313310000,0.000073300,0.020000000,0.020000000,1034303.313383300,1034303.333310000,0,
693,1034303.344218900,0.000049300,0.020000000,0.020000000,1034303.344268200,1034303.364218900,0,
694,1034303.359662400,0.000109200,0.020000000,0.020000000,1034303.359771600,1034303.379662400,0,
695,1034303.375234400,0.000046600,0.020000000,0.020000000,1034303.375281000,1034303.395234400,0,
696,1034303.391383800,0.000175300,0.020000000,0.020000000,1034303.391559100,1034303.411383800,0,
697,1034303.421184400,0.000076600,0.020000000,0.020000000,1034303.421261000,1034303.441184400,0,
698,1034303.436237700,0.000068100,0.020000000,0.020000000,1034303.436305800,1034303.456237700,0,
699,1034303.451655900,0.000107800,0.020000000,0.020000000,1034303.451763700,1034303.471655900,0,
700,1034303.483279100,0.000072900,0.020000000,0.020000000,1034303.483352000,1034303.503279100,0,
701,1034303.498629500,0.000049300,0.020000000,0.020000000,1034303.498678800,1034303.518629500,0,
702,1034303.515119800,0.000062300,0.020000000,0.020000000,1034303.515182100,1034303.535119800,0,
703,1034303.530908600,0.000039300,0.020000000,0.020000000,1034303.530947900,1034303.550908600,0,
704,1034303.561315100,0.000043600,0.020000000,0.020000000,1034303.561358700,1034303.581315100,0,
705,1034303.576272100,0.000067600,0.020000000,0.020000000,1034303.576339700,1034303.596272100,0,
706,1034303.591801600,0.000114100,0.020000000,0.020000000,1034303.591915700,1034303.611801600,0,
707,1034303.623799500,0.000098800,0.020000000,0.020000000,1034303.623898300,1034303.643799500,0,
708,1034303.639039800,0.000085200,0.020000000,0.020000000,1034303.639125000,1034303.659039800,0,
709,1034303.654789500,0.000108000,0.020000000,0.020000000,1034303.654897500,1034303.674789500,0,
710,1034303.670632900,0.000093000,0.020000000,0.020000000,1034303.670725900,1034303.690632900,0,
711,1034303.700193300,0.000129200,0.020000000,0.020000000,1034303.700322500,1034303.720193300,0,
712,1034303.715340200,0.000135200,0.020000000,0.020000000,1034303.715475400,1034303.735340200,0,
713,1034303.730568200,0.000085500,0.020000000,0.020000000,1034303.730653700,1034303.750568200,0,
714,1034303.761976800,0.000065800,0.020000000,0.020000000,1034303.762042600,1034303.781976800,0,
715,1034303.777519800,0.000034400,0.020000000,0.020000000,1034303.777554200,1034303.797519800,0,
716,1034303.793521600,0.000062300,0.020000000,0.020000000,1034303.793583900,1034303.813521600,0,
717,1034303.824374700,0.000055900,0.020000000,0.020000000,1034303.824430600,1034303.844374700,0,
718,1034303.840051900,0.000136700,0.020000000,0.020000000,1034303.840188600,1034303.860051900,0,
719,1034303.855846900,0.000089300,0.020000000,0.020000000,1034303.855936200,1034303.875846900,0,
720,1034303.871097100,0.000046900,0.020000000,0.020000000,1034303.871144000,1034303.891097100,0,
721,1034303.903612400,0.000055500,0.020000000,0.020000000,1034303.903667900,1034303.923612400,0,
722,1034303.919512100,0.000132400,0.020000000,0.020000000,1034303.919644500,1034303.939512100,0,
723,1034303.935249600,0.000035700,0.020000000,0.020000000,1034303.935285300,1034303.955249600,0,
724,1034303.951207600,0.000067200,0.020000000,0.020000000,1034303.951274800,1034303.971207600,0,
725,1034303.982118800,0.000083200,0.020000000,0.020000000,1034303.982202000,1034304.002118800,0,
726,1034303.997071100,0.000082500,0.020000000,0.020000000,1034303.997153600,1034304.017071100,0,
727,1034304.013158900,0.000045400,0.020000000,0.020000000,1034304.013204300,1034304.033158900,0,
728,1034304.044517000,0.000107700,0.020000000,0.020000000,1034304.044624700,1034304.064517000,0,
729,1034304.059538100,0.000076400,0.020000000,0.020000000,1034304.059614500,1034304.079538100,0,
730,1034304.075900800,0.000040000,0.020000000,0.020000000,1034304.075940800,1034304.095900800,0,
731,1034304.091260900,0.000085100,0.020000000,0.020000000,1034304.091346000,1034304.111260900,0,
732,1034304.121924700,0.000074400,0.020000000,0.020000000,1034304.121999100,1034304.141924700,0,
733,1034304.138097000,0.000068000,0.020000000,0.020000000,1034304.138165000,1034304.158097000,0,
734,1034304.153614000,0.000439700,0.020000000,0.020000000,1034304.154053700,1034304.173614000,0,
735,1034304.169109600,0.000065400,0.020000000,0.020000000,1034304.169175000,1034304.189109600,0,
736,1034304.200787300,0.000098000,0.020000000,0.020000000,1034304.200885300,1034304.220787300,0,
737,1034304.216849200,0.000071500,0.020000000,0.020000000,1034304.216920700,1034304.236849200,0,
738,1034304.233039800,0.000058000,0.020000000,0.020000000,1034304.233097800,1034304.253039800,0,
739,1034304.263298600,0.000130900,0.020000000,0.020000000,1034304.263429500,1034304.283298600,0,
740,1034304.278451600,0.000076100,0.020000000,0.020000000,1034304.278527700,1034304.298451600,0,
741,1034304.294024900,0.000102700,0.020000000,0.020000000,1034304.294127600,1034304.314024900,0,
742,1034304.309765200,0.000035100,0.020000000,0.020000000,1034304.309800300,1034304.329765200,0,
743,1034304.340420600,0.000112100,0.020000000,0.020000000,1034304.340532700,1034304.360420600,0,
744,1034304.356065500,0.000069900,0.020000000,0.020000000,1034304.356135400,1034304.376065500,0,
745,1034304.372149200,0.000062600,0.020000000,0.020000000,1034304.372211800,1034304.392149200,0,
746,1034304.403269600,0.000033900,0.020000000,0.020000000,1034304.403303500,1034304.423269600,0,
747,1034304.418464400,0.000099000,0.020000000,0.020000000,1034304.418563400,1034304.438464400,0,
748,1034304.434084400,0.000069300,0.020000000,0.020000000,1034304.434153700,1034304.454084400,0,
749,1034304.449803700,0.000036300,0.020000000,0.020000000,1034304.449840000,1034304.469803700,0,
750,1034304.481111700,0.000305200,0.020000000,0.020000000,1034304.481416900,1034304.501111700,0,
751,1034304.495956000,0.000047900,0.020000000,0.020000000,1034304.496003900,1034304.515956000,0,
752,1034304.511359900,0.000032600,0.020000000,0.020000000,1034304.511392500,1034304.531359900,0,
753,1034304.541784600,0.000050300,0.020000000,0.020000000,1034304.541834900,1034304.561784600,0,
754,1034304.557431700,0.000060000,0.020000000,0.020000000,1034304.557491700,1034304.577431700,0,
755,1034304.573630700,0.000022900,0.020000000,0.020000000,1034304.573653600,1034304.593630700,0,
756,1034304.604339300,0.000077200,0.020000000,0.020000000,1034304.604416500,1034304.624339300,0,
757,1034304.619225500,0.000046200,0.020000000,0.020000000,1034304.619271700,1034304.639225500,0,
758,1034304.634556700,0.000090500,0.020000000,0.020000000,1034304.634647200,1034304.654556700,0,
759,1034304.650258600,0.000085100,0.020000000,0.020000000,1034304.650343700,1034304.670258600,0,
760,1034304.680530800,0.000057000,0.020000000,0.020000000,1034304.680587800,1034304.700530800,0,
761,1034304.696107600,0.000066400,0.020000000,0.020000000,1034304.696174000,1034304.716107600,0,
762,1034304.712561200,0.000062100,0.020000000,0.020000000,1034304.712623300,1034304.732561200,0,
763,1034304.743201400,0.000067400,0.020000000,0.020000000,1034304.743268800,1034304.763201400,0,
764,1034304.758678600,0.000110800,0.020000000,0.020000000,1034304.758789400,1034304.778678600,0,
765,1034304.774366800,0.000059900,0.020000000,0.020000000,1034304.774426700,1034304.794366800,0,
766,1034304.790011100,0.000099800,0.020000000,0.020000000,1034304.790110900,1034304.810011100,0,
767,1034304.821259400,0.000047700,0.020000000,0.020000000,1034304.821307100,1034304.841259400,0,
768,1034304.837141900,0.000082800,0.020000000,0.020000000,1034304.837224700,1034304.857141900,0,
769,1034304.853132500,0.000060700,0.020000000,0.020000000,1034304.853193200,1034304.873132500,0,
770,1034304.884298700,0.000055800,0.020000000,0.020000000,1034304.884354500,1034304.904298700,0,
771,1034304.900135900,0.000048700,0.020000000,0.020000000,1034304.900184600,1034304.920135900,0,
772,1034304.915964300,0.000064000,0.020000000,0.020000000,1034304.916028300,1034304.935964300,0,
773,1034304.931439600,0.000118600,0.020000000,0.020000000,1034304.931558200,1034304.951439600,0,
774,1034304.962042100,0.000047300,0.020000000,0.020000000,1034304.962089400,1034304.982042100,0,
775,1034304.976935200,0.000056400,0.020000000,0.020000000,1034304.976991600,1034304.996935200,0,
776,1034304.993679500,0.000094800,0.020000000,0.020000000,1034304.993774300,1034305.013679500,0,
777,1034305.009953100,0.000087600,0.020000000,0.020000000,1034305.010040700,1034305.029953100,0,
778,1034305.041138700,0.000080400,0.020000000,0.020000000,1034305.041219100,1034305.061138700,0,
779,1034305.055125200,0.000082000,0.020000000,0.020000000,1034305.055207200,1034305.075125200,0,
780,1034305.071909200,0.000169100,0.020000000,0.020000000,1034305.072078300,1034305.091909200,0,
781,1034305.103144500,0.000046300,0.020000000,0.020000000,1034305.103190800,1034305.123144500,0,
782,1034305.118999400,0.000145600,0.020000000,0.020000000,1034305.119145000,1034305.138999400,0,
783,1034305.133617600,0.000059100,0.020000000,0.020000000,1034305.133676700,1034305.153617600,0,
784,1034305.164574400,0.000069900,0.020000000,0.020000000,1034305.164644300,1034305.184574400,0,
785,1034305.180922200,0.000065700,0.020000000,0.020000000,1034305.180987900,1034305.200922200,0,
786,1034305.195078300,0.000046500,0.020000000,0.020000000,1034305.195124800,1034305.215078300,0,
787,1034305.211279400,0.000057700,0.020000000,0.020000000,1034305.211337100,1034305.231279400,0,
788,1034305.242256600,0.000111800,0.020000000,0.020000000,1034305.242368400,1034305.262256600,0,
789,1034305.257727500,0.000057200,0.020000000,0.020000000,1034305.257784700,1034305.277727500,0,
790,1034305.273348800,0.000076000,0.020000000,0.020000000,1034305.273424800,1034305.293348800,0,
791,1034305.304071300,0.000067900,0.020000000,0.020000000,1034305.304139200,1034305.324071300,0,
792,1034305.319659300,0.000073400,0.020000000,0.020000000,1034305.319732700,1034305.339659300,0,
793,1034305.335807600,0.000070400,0.020000000,0.020000000,1034305.335878000,1034305.355807600,0,
794,1034305.350556400,0.000043100,0.020000000,0.020000000,1034305.350599500,1034305.370556400,0,
795,1034305.381709800,0.000034600,0.020000000,0.020000000,1034305.381744400,1034305.401709800,0,
796,1034305.397463600,0.000039900,0.020000000,0.020000000,1034305.397503500,1034305.417463600,0,
797,1034305.413083800,0.000060400,0.020000000,0.020000000,1034305.413144200,1034305.433083800,0,
798,1034305.443625200,0.000051800,0.020000000,0.020000000,1034305.443677000,1034305.463625200,0,
799,1034305.458797700,0.000045600,0.020000000,0.020000000,1034305.458843300,1034305.478797700,0,
800,1034305.474663500,0.000025500,0.020000000,0.020000000,1034305.474689000,1034305.494663500,0,
801,1034305.490522300,0.000072200,0.020000000,0.020000000,1034305.490594500,1034305.510522300,0,
802,1034305.520603900,0.000085100,0.020000000,0.020000000,1034305.520689000,1034305.540603900,0,
803,1034305.535749200,0.000046300,0.020000000,0.020000000,1034305.535795500,1034305.555749200,0,
804,1034305.551963500,0.000035100,0.020000000,0.020000000,1034305.551998600,1034305.571963500,0,
805,1034305.583494800,0.000040100,0.020000000,0.020000000,1034305.583534900,1034305.603494800,0,
806,1034305.598659400,0.000086400,0.020000000,0.020000000,1034305.598745800,1034305.618659400,0,
807,1034305.614781800,0.000021900,0.020000000,0.020000000,1034305.614803700,1034305.634781800,0,
808,1034305.630162900,0.000041800,0.020000000,0.020000000,1034305.630204700,1034305.650162900,0,
809,1034305.661469700,0.000154700,0.020000000,0.020000000,1034305.661624400,1034305.681469700,0,
810,1034305.677119900,0.000071600,0.020000000,0.020000000,1034305.677191500,1034305.697119900,0,
811,1034305.693266700,0.000110900,0.020000000,0.020000000,1034305.693377600,1034305.713266700,0,
812,1034305.725085100,0.000083900,0.020000000,0.020000000,1034305.725169000,1034305.745085100,0,
813,1034305.740188700,0.000071700,0.020000000,0.020000000,1034305.740260400,1034305.760188700,0,
814,1034305.756041800,0.000050900,0.020000000,0.020000000,1034305.756092700,1034305.776041800,0,
815,1034305.772705200,0.000068100,0.020000000,0.020000000,1034305.772773300,1034305.792705200,0,
816,1034305.803288700,0.000109100,0.020000000,0.020000000,1034305.803397800,1034305.823288700,0,
817,1034305.818953600,0.000061200,0.020000000,0.020000000,1034305.819014800,1034305.838953600,0,
818,1034305.834545700,0.000078900,0.020000000,0.020000000,1034305.834624600,1034305.854545700,0,
819,1034305.850283000,0.000076900,0.020000000,0.020000000,1034305.850359900,1034305.870283000,0,
820,1034305.881511600,0.000066200,0.020000000,0.020000000,1034305.881577800,1034305.901511600,0,
821,1034305.897131100,0.000090700,0.020000000,0.020000000,1034305.897221800,1034305.917131100,0,
822,1034305.912890800,0.000107300,0.020000000,0.020000000,1034305.912998100,1034305.932890800,0,
823,1034305.944853400,0.000114700,0.020000000,0.020000000,1034305.944968100,1034305.964853400,0,
824,1034305.959033900,0.000074300,0.020000000,0.020000000,1034305.959108200,1034305.979033900,0,
825,1034305.974633300,0.000096000,0.020000000,0.020000000,1034305.974729300,1034305.994633300,0,
826,1034305.990494500,0.000085700,0.020000000,0.020000000,1034305.990580200,1034306.010494500,0,
827,1034306.021386600,0.000114600,0.020000000,0.020000000,1034306.021501200,1034306.041386600,0,
828,1034306.036574100,0.000102900,0.020000000,0.020000000,1034306.036677000,1034306.056574100,0,
829,1034306.053154700,0.000048400,0.020000000,0.020000000,1034306.053203100,1034306.073154700,0,
830,1034306.084659600,0.000076600,0.020000000,0.020000000,1034306.084736200,1034306.104659600,0,
831,1034306.100360200,0.000179000,0.020000000,0.020000000,1034306.100539200,1034306.120360200,0,
832,1034306.116479300,0.000040500,0.020000000,0.020000000,1034306.116519800,1034306.136479300,0,
833,1034306.131889400,0.000069100,0.020000000,0.020000000,1034306.131958500,1034306.151889400,0,
834,1034306.163247400,0.000074600,0.020000000,0.020000000,1034306.163322000,1034306.183247400,0,
835,1034306.178901700,0.000039300,0.020000000,0.020000000,1034306.178941000,1034306.198901700,0,
836,1034306.193855700,0.000051900,0.020000000,0.020000000,1034306.193907600,1034306.213855700,0,
837,1034306.209877100,0.000045700,0.020000000,0.020000000,1034306.209922800,1034306.229877100,0,
838,1034306.240879800,0.000026900,0.020000000,0.020000000,1034306.240906700,1034306.260879800,0,
839,1034306.256225600,0.000050600,0.020000000,0.020000000,1034306.256276200,1034306.276225600,0,
840,1034306.271545300,0.000059800,0.020000000,0.020000000,1034306.271605100,1034306.291545300,0,
841,1034306.301449400,0.000067500,0.020000000,0.020000000,1034306.301516900,1034306.321449400,0,
842,1034306.317214100,0.000030600,0.020000000,0.020000000,1034306.317244700,1034306.337214100,0,
843,1034306.333245800,0.000039500,0.020000000,0.020000000,1034306.333285300,1034306.353245800,0,
844,1034306.364002000,0.000036800,0.020000000,0.020000000,1034306.364038800,1034306.384002000,0,
845,1034306.379442400,0.000058700,0.020000000,0.020000000,1034306.379501100,1034306.399442400,0,
846,1034306.395187200,0.000046600,0.020000000,0.020000000,1034306.395233800,1034306.415187200,0,
847,1034306.410457100,0.000030000,0.020000000,0.020000000,1034306.410487100,1034306.430457100,0,
848,1034306.441255300,0.000069800,0.020000000,0.020000000,1034306.441325100,1034306.461255300,0,
849,1034306.457007900,0.000035000,0.020000000,0.020000000,1034306.457042900,1034306.477007900,0,
850,1034306.472133600,0.000042000,0.020000000,0.020000000,1034306.472175600,1034306.492133600,0,
851,1034306.503262600,0.000054200,0.020000000,0.020000000,1034306.503316800,1034306.523262600,0,
852,1034306.518947200,0.000059400,0.020000000,0.020000000,1034306.519006600,1034306.538947200,0,
853,1034306.534746100,0.000069800,0.020000000,0.020000000,1034306.534815900,1034306.554746100,0,
854,1034306.549926300,0.000035000,0.020000000,0.020000000,1034306.549961300,1034306.569926300,0,
855,1034306.580973500,0.000084500,0.020000000,0.020000000,1034306.581058000,1034306.600973500,0,
856,1034306.596638900,0.000047200,0.020000000,0.020000000,1034306.596686100,1034306.616638900,0,
857,1034306.613308100,0.000061700,0.020000000,0.020000000,1034306.613369800,1034306.633308100,0,
858,1034306.644811800,0.000066500,0.020000000,0.020000000,1034306.644878300,1034306.664811800,0,
859,1034306.660947400,0.000039500,0.020000000,0.020000000,1034306.660986900,1034306.680947400,0,
860,1034306.676503800,0.000045500,0.020000000,0.020000000,1034306.676549300,1034306.696503800,0,
861,1034306.691943400,0.000035200,0.020000000,0.020000000,1034306.691978600,1034306.711943400,0,
862,1034306.723108800,0.000099500,0.020000000,0.020000000,1034306.723208300,1034306.743108800,0,
863,1034306.738700300,0.000036600,0.020000000,0.020000000,1034306.738736900,1034306.758700300,0,
864,1034306.754216900,0.000044300,0.020000000,0.020000000,1034306.754261200,1034306.774216900,0,
865,1034306.769722600,0.000053500,0.020000000,0.020000000,1034306.769776100,1034306.789722600,0,
866,1034306.801485000,0.000046900,0.020000000,0.020000000,1034306.801531900,1034306.821485000,0,
867,1034306.817488200,0.000039200,0.020000000,0.020000000,1034306.817527400,1034306.837488200,0,
868,1034306.833214400,0.000049300,0.020000000,0.020000000,1034306.833263700,1034306.853214400,0,
869,1034306.864311100,0.000062500,0.020000000,0.020000000,1034306.864373600,1034306.884311100,0,
870,1034306.880062600,0.000033500,0.020000000,0.020000000,1034306.880096100,1034306.900062600,0,
871,1034306.895593300,0.000045700,0.020000000,0.020000000,1034306.895639000,1034306.915593300,0,
872,1034306.911805300,0.000036700,0.020000000,0.020000000,1034306.911842000,1034306.931805300,0,
873,1034306.943198600,0.000053500,0.020000000,0.020000000,1034306.943252100,1034306.963198600,0,
874,1034306.959267500,0.000044100,0.020000000,0.020000000,1034306.959311600,1034306.979267500,0,
875,1034306.975136000,0.000048300,0.020000000,0.020000000,1034306.975184300,1034306.995136000,0,
876,1034306.990878200,0.000030700,0.020000000,0.020000000,1034306.990908900,1034307.010878200,0,
877,1034307.023469100,0.000034100,0.020000000,0.020000000,1034307.023503200,1034307.043469100,0,
878,1034307.038928500,0.000037500,0.020000000,0.020000000,1034307.038966000,1034307.058928500,0,
879,1034307.054367500,0.000042800,0.020000000,0.020000000,1034307.054410300,1034307.074367500,0,
880,1034307.070069600,0.000029300,0.020000000,0.020000000,1034307.070098900,1034307.090069600,0,
881,1034307.101713100,0.000067600,0.020000000,0.020000000,1034307.101780700,1034307.121713100,0,
882,1034307.117214000,0.000051600,0.020000000,0.020000000,1034307.117265600,1034307.137214000,0,
883,1034307.133241900,0.000041400,0.020000000,0.020000000,1034307.133283300,1034307.153241900,0,
884,1034307.164968900,0.000023000,0.020000000,0.020000000,1034307.164991900,1034307.184968900,0,
885,1034307.180206600,0.000042400,0.020000000,0.020000000,1034307.180249000,1034307.200206600,0,
886,1034307.196414000,0.000029700,0.020000000,0.020000000,1034307.196443700,1034307.216414000,0,
887,1034307.211853400,0.000031800,0.020000000,0.020000000,1034307.211885200,1034307.231853400,0,
888,1034307.243224500,0.000039800,0.020000000,0.020000000,1034307.243264300,1034307.263224500,0,
889,1034307.258670300,0.000037500,0.020000000,0.020000000,1034307.258707800,1034307.278670300,0,
890,1034307.274285400,0.000034300,0.020000000,0.020000000,1034307.274319700,1034307.294285400,0,
891,1034307.289654800,0.000038000,0.020000000,0.020000000,1034307.289692800,1034307.309654800,0,
892,1034307.320991100,0.000037500,0.020000000,0.020000000,1034307.321028600,1034307.340991100,0,
893,1034307.337031600,0.000041500,0.020000000,0.020000000,1034307.337073100,1034307.357031600,0,
894,1034307.352309800,0.000041500,0.020000000,0.020000000,1034307.352351300,1034307.372309800,0,
895,1034307.384304200,0.000029200,0.020000000,0.020000000,1034307.384333400,1034307.404304200,0,
896,1034307.399785700,0.000034700,0.020000000,0.020000000,1034307.399820400,1034307.419785700,0,
897,1034307.415164300,0.000042600,0.020000000,0.020000000,1034307.415206900,1034307.435164300,0,
898,1034307.430500400,0.000048000,0.020000000,0.020000000,1034307.430548400,1034307.450500400,0,
899,1034307.463307300,0.000034400,0.020000000,0.020000000,1034307.463341700,1034307.483307300,0,
900,1034307.478903100,0.000036600,0.020000000,0.020000000,1034307.478939700,1034307.498903100,0,
901,1034307.493687200,0.000051300,0.020000000,0.020000000,1034307.493738500,1034307.513687200,0,
902,1034307.525260700,0.000041000,0.020000000,0.020000000,1034307.525301700,1034307.545260700,0,
903,1034307.540574500,0.000055200,0.020000000,0.020000000,1034307.540629700,1034307.560574500,0,
904,1034307.556123300,0.000060100,0.020000000,0.020000000,1034307.556183400,1034307.576123300,0,
905,1034307.571561500,0.000030900,0.020000000,0.020000000,1034307.571592400,1034307.591561500,0,
906,1034307.603468500,0.000047600,0.020000000,0.020000000,1034307.603516100,1034307.623468500,0,
907,1034307.618967200,0.000051300,0.020000000,0.020000000,1034307.619018500,1034307.638967200,0,
908,1034307.634104500,0.000057700,0.020000000,0.020000000,1034307.634162200,1034307.654104500,0,
909,1034307.650306500,0.000037100,0.020000000,0.020000000,1034307.650343600,1034307.670306500,0,
910,1034307.680806500,0.000040900,0.020000000,0.020000000,1034307.680847400,1034307.700806500,0,
911,1034307.696875200,0.000047400,0.020000000,0.020000000,1034307.696922600,1034307.716875200,0,
912,1034307.713377800,0.000047500,0.020000000,0.020000000,1034307.713425300,1034307.733377800,0,
913,1034307.743864600,0.000055400,0.020000000,0.020000000,1034307.743920000,1034307.763864600,0,
914,1034307.759426200,0.000046200,0.020000000,0.020000000,1034307.759472400,1034307.779426200,0,
915,1034307.774926500,0.000044700,0.020000000,0.020000000,1034307.774971200,1034307.794926500,0,
916,1034307.790499700,0.000034300,0.020000000,0.020000000,1034307.790534000,1034307.810499700,0,
917,1034307.821831600,0.000036100,0.020000000,0.020000000,1034307.821867700,1034307.841831600,0,
918,1034307.837738500,0.000051200,0.020000000,0.020000000,1034307.837789700,1034307.857738500,0,
919,1034307.853075300,0.000046000,0.020000000,0.020000000,1034307.853121300,1034307.873075300,0,
920,1034307.884886700,0.000034300,0.020000000,0.020000000,1034307.884921000,1034307.904886700,0,
921,1034307.900285600,0.000054200,0.020000000,0.020000000,1034307.900339800,1034307.920285600,0,
922,1034307.915808200,0.000049200,0.020000000,0.020000000,1034307.915857400,1034307.935808200,0,
923,1034307.931392300,0.000048000,0.020000000,0.020000000,1034307.931440300,1034307.951392300,0,
924,1034307.963228300,0.000018400,0.020000000,0.020000000,1034307.963246700,1034307.983228300,0,
925,1034307.978562300,0.000041600,0.020000000,0.020000000,1034307.978603900,1034307.998562300,0,
926,1034307.993698100,0.000045800,0.020000000,0.020000000,1034307.993743900,1034308.013698100,0,
927,1034308.024433300,0.000033100,0.020000000,0.020000000,1034308.024466400,1034308.044433300,0,
928,1034308.039706400,0.000036500,0.020000000,0.020000000,1034308.039742900,1034308.059706400,0,
929,1034308.055210600,0.000053400,0.020000000,0.020000000,1034308.055264000,1034308.075210600,0,
930,1034308.071060800,0.000030800,0.020000000,0.020000000,1034308.071091600,1034308.091060800,0,
931,1034308.101614500,0.000034500,0.020000000,0.020000000,1034308.101649000,1034308.121614500,0,
932,1034308.117116900,0.000051000,0.020000000,0.020000000,1034308.117167900,1034308.137116900,0,
933,1034308.133066700,0.000044000,0.020000000,0.020000000,1034308.133110700,1034308.153066700,0,
934,1034308.164394000,0.000048600,0.020000000,0.020000000,1034308.164442600,1034308.184394000,0,
935,1034308.179962000,0.000043700,0.020000000,0.020000000,1034308.180005700,1034308.199962000,0,
936,1034308.196078700,0.000043800,0.020000000,0.020000000,1034308.196122500,1034308.216078700,0,
937,1034308.211458800,0.000033700,0.020000000,0.020000000,1034308.211492500,1034308.231458800,0,
938,1034308.242993700,0.000078700,0.020000000,0.020000000,1034308.243072400,1034308.262993700,0,
939,1034308.258629000,0.000080100,0.020000000,0.020000000,1034308.258709100,1034308.278629000,0,
940,1034308.274674100,0.000037800,0.020000000,0.020000000,1034308.274711900,1034308.294674100,0,
941,1034308.289826300,0.000046900,0.020000000,0.020000000,1034308.289873200,1034308.309826300,0,
942,1034308.321004900,0.000058800,0.020000000,0.020000000,1034308.321063700,1034308.341004900,0,
943,1034308.337193300,0.000050600,0.020000000,0.020000000,1034308.337243900,1034308.357193300,0,
944,1034308.352180100,0.000050800,0.020000000,0.020000000,1034308.352230900,1034308.372180100,0,
945,1034308.383547200,0.000036700,0.020000000,0.020000000,1034308.383583900,1034308.403547200,0,
946,1034308.399148700,0.000037400,0.020000000,0.020000000,1034308.399186100,1034308.419148700,0,
947,1034308.414589300,0.000043000,0.020000000,0.020000000,1034308.414632300,1034308.434589300,0,
948,1034308.430096700,0.000039000,0.020000000,0.020000000,1034308.430135700,1034308.450096700,0,
949,1034308.460213400,0.000058700,0.020000000,0.020000000,1034308.460272100,1034308.480213400,0,
950,1034308.475953900,0.000048700,0.020000000,0.020000000,1034308.476002600,1034308.495953900,0,
951,1034308.491343500,0.000042900,0.020000000,0.020000000,1034308.491386400,1034308.511343500,0,
952,1034308.522988800,0.000049800,0.020000000,0.020000000,1034308.523038600,1034308.542988800,0,
953,1034308.538469700,0.000081600,0.020000000,0.020000000,1034308.538551300,1034308.558469700,0,
954,1034308.554241100,0.000053200,0.020000000,0.020000000,1034308.554294300,1034308.574241100,0,
955,1034308.569760300,0.000020700,0.020000000,0.020000000,1034308.569781000,1034308.589760300,0,
956,1034308.601703200,0.000054800,0.020000000,0.020000000,1034308.601758000,1034308.621703200,0,
957,1034308.617278400,0.000076600,0.020000000,0.020000000,1034308.617355000,1034308.637278400,0,
958,1034308.632952300,0.000056300,0.020000000,0.020000000,1034308.633008600,1034308.652952300,0,
959,1034308.663802600,0.000051600,0.020000000,0.020000000,1034308.663854200,1034308.683802600,0,
960,1034308.678528800,0.000080700,0.020000000,0.020000000,1034308.678609500,1034308.698528800,0,
961,1034308.694241900,0.000039500,0.020000000,0.020000000,1034308.694281400,1034308.714241900,0,
962,1034308.709651400,0.000031000,0.020000000,0.020000000,1034308.709682400,1034308.729651400,0,
963,1034308.740680800,0.000036300,0.020000000,0.020000000,1034308.740717100,1034308.760680800,0,
964,1034308.756346300,0.000035800,0.020000000,0.020000000,1034308.756382100,1034308.776346300,0,
965,1034308.771768300,0.000047000,0.020000000,0.020000000,1034308.771815300,1034308.791768300,0,
966,1034308.803346900,0.000053500,0.020000000,0.020000000,1034308.803400400,1034308.823346900,0,
967,1034308.818994000,0.000052400,0.020000000,0.020000000,1034308.819046400,1034308.838994000,0,
968,1034308.834155600,0.000059100,0.020000000,0.020000000,1034308.834214700,1034308.854155600,0,
969,1034308.849914100,0.000042600,0.020000000,0.020000000,1034308.849956700,1034308.869914100,0,
970,1034308.881061000,0.000051000,0.020000000,0.020000000,1034308.881112000,1034308.901061000,0,
971,1034308.896766500,0.000050500,0.020000000,0.020000000,1034308.896817000,1034308.916766500,0,
972,1034308.913040500,0.000046000,0.020000000,0.020000000,1034308.913086500,1034308.933040500,0,
973,1034308.928471800,0.000038600,0.020000000,0.020000000,1034308.928510400,1034308.948471800,0,
974,1034308.958050400,0.000093600,0.020000000,0.020000000,1034308.958144000,1034308.978050400,0,
975,1034308.973405500,0.000026000,0.020000000,0.020000000,1034308.973431500,1034308.993405500,0,
976,1034309.003243600,0.000040900,0.020000000,0.020000000,1034309.003284500,1034309.023243600,0,
977,1034309.018829500,0.000023200,0.020000000,0.020000000,1034309.018852700,1034309.038829500,0,
978,1034309.033748900,0.000047700,0.020000000,0.020000000,1034309.033796600,1034309.053748900,0,
979,1034309.049689300,0.000048000,0.020000000,0.020000000,1034309.049737300,1034309.069689300,0,
980,1034309.081278100,0.000052100,0.020000000,0.020000000,1034309.081330200,1034309.101278100,0,
981,1034309.097364500,0.000049800,0.020000000,0.020000000,1034309.097414300,1034309.117364500,0,
982,1034309.112363500,0.000051600,0.020000000,0.020000000,1034309.112415100,1034309.132363500,0,
983,1034309.144268200,0.000039400,0.020000000,0.020000000,1034309.144307600,1034309.164268200,0,
984,1034309.160470800,0.000033400,0.020000000,0.020000000,1034309.160504200,1034309.180470800,0,
985,1034309.175266800,0.000034200,0.020000000,0.020000000,1034309.175301000,1034309.195266800,0,
986,1034309.190774900,0.000036400,0.020000000,0.020000000,1034309.190811300,1034309.210774900,0,
987,1034309.221861100,0.000046500,0.020000000,0.020000000,1034309.221907600,1034309.241861100,0,
988,1034309.238355900,0.000029400,0.020000000,0.020000000,1034309.238385300,1034309.258355900,0,
989,1034309.253560600,0.000044600,0.020000000,0.020000000,1034309.253605200,1034309.273560600,0,
990,1034309.284483600,0.000047300,0.020000000,0.020000000,1034309.284530900,1034309.304483600,0,
991,1034309.300500600,0.000056600,0.020000000,0.020000000,1034309.300557200,1034309.320500600,0,
992,1034309.316327200,0.000046800,0.020000000,0.020000000,1034309.316374000,1034309.336327200,0,
993,1034309.331914000,0.000032000,0.020000000,0.020000000,1034309.331946000,1034309.351914000,0,
994,1034309.364160000,0.000021100,0.020000000,0.020000000,1034309.364181100,1034309.384160000,0,
995,1034309.379448400,0.000044600,0.020000000,0.020000000,1034309.379493000,1034309.399448400,0,
996,1034309.395677000,0.000034600,0.020000000,0.020000000,1034309.395711600,1034309.415677000,0,
997,1034309.411906400,0.000033600,0.020000000,0.020000000,1034309.411940000,1034309.431906400,0,
998,1034309.443124600,0.000063500,0.020000000,0.020000000,1034309.443188100,1034309.463124600,0,
999,1034309.458404600,0.000085100,0.020000000,0.020000000,1034309.458489700,1034309.478404600,0,
1000,1034309.473727500,0.000039300,0.020000000,0.020000000,1034309.473766800,1034309.493727500,0,
1001,1034309.503849600,0.000052200,0.020000000,0.020000000,1034309.503901800,1034309.523849600,0,
1002,1034309.519399900,0.000083800,0.020000000,0.020000000,1034309.519483700,1034309.539399900,0,
1003,1034309.535699100,0.000033300,0.020000000,0.020000000,1034309.535732400,1034309.555699100,0,
1004,1034309.551614900,0.000041300,0.020000000,0.020000000,1034309.551656200,1034309.571614900,0,
1005,1034309.582231300,0.000050900,0.020000000,0.020000000,1034309.582282200,1034309.602231300,0,
1006,1034309.598302900,0.000065100,0.020000000,0.020000000,1034309.598368000,1034309.618302900,0,
1007,1034309.614488000,0.000060300,0.020000000,0.020000000,1034309.614548300,1034309.634488000,0,
1008,1034309.630533200,0.000101300,0.020000000,0.020000000,1034309.630634500,1034309.650533200,0,
1009,1034309.662347300,0.000023400,0.020000000,0.020000000,1034309.662370700,1034309.682347300,0,
1010,1034309.677966000,0.000054200,0.020000000,0.020000000,1034309.678020200,1034309.697966000,0,
1011,1034309.694086300,0.000051300,0.020000000,0.020000000,1034309.694137600,1034309.714086300,0,
1012,1034309.710320900,0.000034200,0.020000000,0.020000000,1034309.710355100,1034309.730320900,0,
1013,1034309.741418100,0.000039300,0.020000000,0.020000000,1034309.741457400,1034309.761418100,0,
1014,1034309.756413800,0.000081000,0.020000000,0.020000000,1034309.756494800,1034309.776413800,0,
1015,1034309.772644200,0.000044800,0.020000000,0.020000000,1034309.772689000,1034309.792644200,0,
1016,1034309.803244100,0.000044200,0.020000000,0.020000000,1034309.803288300,1034309.823244100,0,
1017,1034309.818891000,0.000038800,0.020000000,0.020000000,1034309.818929800,1034309.838891000,0,
1018,1034309.833770600,0.000047100,0.020000000,0.020000000,1034309.833817700,1034309.853770600,0,
1019,1034309.850200300,0.000037500,0.020000000,0.020000000,1034309.850237800,1034309.870200300,0,
1020,1034309.881021800,0.000044200,0.020000000,0.020000000,1034309.881066000,1034309.901021800,0,
1021,1034309.896195500,0.000061900,0.020000000,0.020000000,1034309.896257400,1034309.916195500,0,
1022,1034309.911572300,0.000047200,0.020000000,0.020000000,1034309.911619500,1034309.931572300,0,
1023,1034309.943067600,0.000057000,0.020000000,0.020000000,1034309.943124600,1034309.963067600,0,
1024,1034309.958550500,0.000046600,0.020000000,0.020000000,1034309.958597100,1034309.978550500,0,
1025,1034309.974676500,0.000041900,0.020000000,0.020000000,1034309.974718400,1034309.994676500,0,
1026,1034309.990370800,0.000026200,0.020000000,0.020000000,1034309.990397000,1034310.010370800,0,
1027,1034310.021526200,0.000033700,0.020000000,0.020000000,1034310.021559900,1034310.041526200,0,
1028,1034310.036613400,0.000036800,0.020000000,0.020000000,1034310.036650200,1034310.056613400,0,
1029,1034310.052959800,0.000034000,0.020000000,0.020000000,1034310.052993800,1034310.072959800,0,
1030,1034310.084443800,0.000044400,0.020000000,0.020000000,1034310.084488200,1034310.104443800,0,
1031,1034310.099588200,0.000045300,0.020000000,0.020000000,1034310.099633500,1034310.119588200,0,
1032,1034310.115242500,0.000030900,0.020000000,0.020000000,1034310.115273400,1034310.135242500,0,
1033,1034310.130425700,0.000043200,0.020000000,0.020000000,1034310.130468900,1034310.150425700,0,
1034,1034310.161465000,0.000050000,0.020000000,0.020000000,1034310.161515000,1034310.181465000,0,
1035,1034310.176984500,0.000052300,0.020000000,0.020000000,1034310.177036800,1034310.196984500,0,
1036,1034310.192405400,0.000032000,0.020000000,0.020000000,1034310.192437400,1034310.212405400,0,
1037,1034310.223480300,0.000025100,0.020000000,0.020000000,1034310.223505400,1034310.243480300,0,
1038,1034310.239035600,0.000047500,0.020000000,0.020000000,1034310.239083100,1034310.259035600,0,
1039,1034310.254357800,0.000038200,0.020000000,0.020000000,1034310.254396000,1034310.274357800,0,
1040,1034310.269753100,0.000039300,0.020000000,0.020000000,1034310.269792400,1034310.289753100,0,
1041,1034310.301865500,0.000042900,0.020000000,0.020000000,1034310.301908400,1034310.321865500,0,
1042,1034310.317396200,0.000050600,0.020000000,0.020000000,1034310.317446800,1034310.337396200,0,
1043,1034310.332945900,0.000053800,0.020000000,0.020000000,1034310.332999700,1034310.352945900,0,
1044,1034310.364325400,0.000052800,0.020000000,0.020000000,1034310.364378200,1034310.384325400,0,
1045,1034310.379978500,0.000043200,0.020000000,0.020000000,1034310.380021700,1034310.399978500,0,
1046,1034310.395898500,0.000050700,0.020000000,0.020000000,1034310.395949200,1034310.415898500,0,
1047,1034310.412166500,0.000042500,0.020000000,0.020000000,1034310.412209000,1034310.432166500,0,
1048,1034310.443440500,0.000036800,0.020000000,0.020000000,1034310.443477300,1034310.463440500,0,
1049,1034310.459043300,0.000049000,0.020000000,0.020000000,1034310.459092300,1034310.479043300,0,
1050,1034310.474517400,0.000031200,0.020000000,0.020000000,1034310.474548600,1034310.494517400,0,
1051,1034310.489988800,0.000041800,0.020000000,0.020000000,1034310.490030600,1034310.509988800,0,
1052,1034310.520560900,0.000046500,0.020000000,0.020000000,1034310.520607400,1034310.540560900,0,
1053,1034310.536817500,0.000035500,0.020000000,0.020000000,1034310.536853000,1034310.556817500,0,
1054,1034310.553373500,0.000031300,0.020000000,0.020000000,1034310.553404800,1034310.573373500,0,
1055,1034310.585026200,0.000029700,0.020000000,0.020000000,1034310.585055900,1034310.605026200,0,
1056,1034310.600839100,0.000052100,0.020000000,0.020000000,1034310.600891200,1034310.620839100,0,
1057,1034310.616919800,0.000049600,0.020000000,0.020000000,1034310.616969400,1034310.636919800,0,
1058,1034310.633042400,0.000052100,0.020000000,0.020000000,1034310.633094500,1034310.653042400,0,
1059,1034310.664303400,0.000052700,0.020000000,0.020000000,1034310.664356100,1034310.684303400,0,
1060,1034310.680089800,0.000046000,0.020000000,0.020000000,1034310.680135800,1034310.700089800,0,
1061,1034310.696209300,0.000033000,0.020000000,0.020000000,1034310.696242300,1034310.716209300,0,
1062,1034310.712357100,0.000029800,0.020000000,0.020000000,1034310.712386900,1034310.732357100,0,
1063,1034310.744013200,0.000047800,0.020000000,0.020000000,1034310.744061000,1034310.764013200,0,
1064,1034310.759173300,0.000059700,0.020000000,0.020000000,1034310.759233000,1034310.779173300,0,
1065,1034310.774814300,0.000058600,0.020000000,0.020000000,1034310.774872900,1034310.794814300,0,
1066,1034310.790598300,0.000033000,0.020000000,0.020000000,1034310.790631300,1034310.810598300,0,
1067,1034310.821449700,0.000054800,0.020000000,0.020000000,1034310.821504500,1034310.841449700,0,
1068,1034310.837495200,0.000055400,0.020000000,0.020000000,1034310.837550600,1034310.857495200,0,
1069,1034310.853175100,0.000034000,0.020000000,0.020000000,1034310.853209100,1034310.873175100,0,
1070,1034310.884758600,0.000037800,0.020000000,0.020000000,1034310.884796400,1034310.904758600,0,
1071,1034310.899729800,0.000046500,0.020000000,0.020000000,1034310.899776300,1034310.919729800,0,
1072,1034310.915125300,0.000042000,0.020000000,0.020000000,1034310.915167300,1034310.935125300,0,
1073,1034310.930665900,0.000028300,0.020000000,0.020000000,1034310.930694200,1034310.950665900,0,
1074,1034310.961734500,0.000054700,0.020000000,0.020000000,1034310.961789200,1034310.981734500,0,
1075,1034310.977259400,0.000050600,0.020000000,0.020000000,1034310.977310000,1034310.997259400,0,
1076,1034310.993335900,0.000041600,0.020000000,0.020000000,1034310.993377500,1034311.013335900,0,
1077,1034311.024266800,0.000030200,0.020000000,0.020000000,1034311.024297000,1034311.044266800,0,
1078,1034311.039655300,0.000044300,0.020000000,0.020000000,1034311.039699600,1034311.059655300,0,
1079,1034311.055220600,0.000047000,0.020000000,0.020000000,1034311.055267600,1034311.075220600,0,
1080,1034311.071010500,0.000029600,0.020000000,0.020000000,1034311.071040100,1034311.091010500,0,
1081,1034311.100809400,0.000055800,0.020000000,0.020000000,1034311.100865200,1034311.120809400,0,
1082,1034311.116700300,0.000041800,0.020000000,0.020000000,1034311.116742100,1034311.136700300,0,
1083,1034311.132288800,0.000034600,0.020000000,0.020000000,1034311.132323400,1034311.152288800,0,
1084,1034311.164422900,0.000037300,0.020000000,0.020000000,1034311.164460200,1034311.184422900,0,
1085,1034311.179632900,0.000045100,0.020000000,0.020000000,1034311.179678000,1034311.199632900,0,
1086,1034311.194879200,0.000038200,0.020000000,0.020000000,1034311.194917400,1034311.214879200,0,
1087,1034311.211269400,0.000037500,0.020000000,0.020000000,1034311.211306900,1034311.231269400,0,
1088,1034311.242007700,0.000050200,0.020000000,0.020000000,1034311.242057900,1034311.262007700,0,
1089,1034311.257773500,0.000064900,0.020000000,0.020000000,1034311.257838400,1034311.277773500,0,
1090,1034311.273335800,0.000054300,0.020000000,0.020000000,1034311.273390100,1034311.293335800,0,
1091,1034311.304609600,0.000055300,0.020000000,0.020000000,1034311.304664900,1034311.324609600,0,
1092,1034311.319748800,0.000062400,0.020000000,0.020000000,1034311.319811200,1034311.339748800,0,
1093,1034311.336019600,0.000028600,0.020000000,0.020000000,1034311.336048200,1034311.356019600,0,
1094,1034311.350940600,0.000048000,0.020000000,0.020000000,1034311.350988600,1034311.370940600,0,
1095,1034311.382823900,0.000042200,0.020000000,0.020000000,1034311.382866100,1034311.402823900,0,
1096,1034311.398752600,0.000053800,0.020000000,0.020000000,1034311.398806400,1034311.418752600,0,
1097,1034311.414365300,0.000046600,0.020000000,0.020000000,1034311.414411900,1034311.434365300,0,
1098,1034311.430310600,0.000039600,0.020000000,0.020000000,1034311.430350200,1034311.450310600,0,
1099,1034311.461609200,0.000043200,0.020000000,0.020000000,1034311.461652400,1034311.481609200,0,
1100,1034311.476932800,0.000053900,0.020000000,0.020000000,1034311.476986700,1034311.496932800,0,
1101,1034311.493017700,0.000043000,0.020000000,0.020000000,1034311.493060700,1034311.513017700,0,
1102,1034311.523433000,0.000032000,0.020000000,0.020000000,1034311.523465000,1034311.543433000,0,
1103,1034311.538771900,0.000055600,0.020000000,0.020000000,1034311.538827500,1034311.558771900,0,
1104,1034311.554778900,0.000035900,0.020000000,0.020000000,1034311.554814800,1034311.574778900,0,
1105,1034311.570971500,0.000032200,0.020000000,0.020000000,1034311.571003700,1034311.590971500,0,
1106,1034311.602413600,0.000040000,0.020000000,0.020000000,1034311.602453600,1034311.622413600,0,
1107,1034311.618348300,0.000045500,0.020000000,0.020000000,1034311.618393800,1034311.638348300,0,
1108,1034311.634488700,0.000049600,0.020000000,0.020000000,1034311.634538300,1034311.654488700,0,
1109,1034311.650566600,0.000039300,0.020000000,0.020000000,1034311.650605900,1034311.670566600,0,
1110,1034311.681758600,0.000048700,0.020000000,0.020000000,1034311.681807300,1034311.701758600,0,
1111,1034311.697018400,0.000032400,0.020000000,0.020000000,1034311.697050800,1034311.717018400,0,
1112,1034311.712998200,0.000046300,0.020000000,0.020000000,1034311.713044500,1034311.732998200,0,
1113,1034311.744624500,0.000045500,0.020000000,0.020000000,1034311.744670000,1034311.764624500,0,
1114,1034311.760817700,0.000030400,0.020000000,0.020000000,1034311.760848100,1034311.780817700,0,
1115,1034311.775882100,0.000054600,0.020000000,0.020000000,1034311.775936700,1034311.795882100,0,
1116,1034311.791606400,0.000042800,0.020000000,0.020000000,1034311.791649200,1034311.811606400,0,
1117,1034311.823240700,0.000038500,0.020000000,0.020000000,1034311.823279200,1034311.843240700,0,
1118,1034311.837915300,0.000059900,0.020000000,0.020000000,1034311.837975200,1034311.857915300,0,
1119,1034311.853553700,0.000032800,0.020000000,0.020000000,1034311.853586500,1034311.873553700,0,
1120,1034311.885007100,0.000034400,0.020000000,0.020000000,1034311.885041500,1034311.905007100,0,
1121,1034311.900473900,0.000059300,0.020000000,0.020000000,1034311.900533200,1034311.920473900,0,
1122,1034311.916338600,0.000043700,0.020000000,0.020000000,1034311.916382300,1034311.936338600,0,
1123,1034311.931692500,0.000055800,0.020000000,0.020000000,1034311.931748300,1034311.951692500,0,
1124,1034311.963025700,0.000066500,0.020000000,0.020000000,1034311.963092200,1034311.983025700,0,
1125,1034311.978596800,0.000094900,0.020000000,0.020000000,1034311.978691700,1034311.998596800,0,
1126,1034311.993874900,0.000047300,0.020000000,0.020000000,1034311.993922200,1034312.013874900,0,
1127,1034312.009826500,0.000025700,0.020000000,0.020000000,1034312.009852200,1034312.029826500,0,
1128,1034312.040268700,0.000069800,0.020000000,0.020000000,1034312.040338500,1034312.060268700,0,
1129,1034312.056183700,0.000040900,0.020000000,0.020000000,1034312.056224600,1034312.076183700,0,
1130,1034312.072158700,0.000046600,0.020000000,0.020000000,1034312.072205300,1034312.092158700,0,
1131,1034312.103724500,0.000061800,0.020000000,0.020000000,1034312.103786300,1034312.123724500,0,
1132,1034312.119832600,0.000025700,0.020000000,0.020000000,1034312.119858300,1034312.139832600,0,
1133,1034312.135649300,0.000057100,0.020000000,0.020000000,1034312.135706400,1034312.155649300,0,
1134,1034312.151719400,0.000055200,0.020000000,0.020000000,1034312.151774600,1034312.171719400,0,
1135,1034312.183263100,0.000067500,0.020000000,0.020000000,1034312.183330600,1034312.203263100,0,
1136,1034312.198854500,0.000060800,0.020000000,0.020000000,1034312.198915300,1034312.218854500,0,
1137,1034312.214845300,0.000030400,0.020000000,0.020000000,1034312.214875700,1034312.234845300,0,
1138,1034312.230213900,0.000055300,0.020000000,0.020000000,1034312.230269200,1034312.250213900,0,
1139,1034312.261506100,0.000044400,0.020000000,0.020000000,1034312.261550500,1034312.281506100,0,
1140,1034312.276157200,0.000050100,0.020000000,0.020000000,1034312.276207300,1034312.296157200,0,
1141,1034312.291739100,0.000051900,0.020000000,0.020000000,1034312.291791000,1034312.311739100,0,
1142,1034312.323505600,0.000027400,0.020000000,0.020000000,1034312.323533000,1034312.343505600,0,
1143,1034312.338936500,0.000048500,0.020000000,0.020000000,1034312.338985000,1034312.358936500,0,
1144,1034312.354513100,0.000052100,0.020000000,0.020000000,1034312.354565200,1034312.374513100,0,
1145,1034312.370785800,0.000037900,0.020000000,0.020000000,1034312.370823700,1034312.390785800,0,
1146,1034312.402150500,0.000058300,0.020000000,0.020000000,1034312.402208800,1034312.422150500,0,
1147,1034312.418317400,0.000040700,0.020000000,0.020000000,1034312.418358100,1034312.438317400,0,
1148,1034312.434389100,0.000038900,0.020000000,0.020000000,1034312.434428000,1034312.454389100,0,
1149,1034312.449648800,0.000026100,0.020000000,0.020000000,1034312.449674900,1034312.469648800,0,
1150,1034312.480842700,0.000050100,0.020000000,0.020000000,1034312.480892800,1034312.500842700,0,
1151,1034312.496046400,0.000047800,0.020000000,0.020000000,1034312.496094200,1034312.516046400,0,
1152,1034312.511672300,0.000046100,0.020000000,0.020000000,1034312.511718400,1034312.531672300,0,
1153,1034312.543405800,0.000068000,0.020000000,0.020000000,1034312.543473800,1034312.563405800,0,
1154,1034312.559451200,0.000051500,0.020000000,0.020000000,1034312.559502700,1034312.579451200,0,
1155,1034312.575190200,0.000041900,0.020000000,0.020000000,1034312.575232100,1034312.595190200,0,
1156,1034312.590641000,0.000030800,0.020000000,0.020000000,1034312.590671800,1034312.610641000,0,
1157,1034312.620968400,0.000047700,0.020000000,0.020000000,1034312.621016100,1034312.640968400,0,
1158,1034312.636019800,0.000051900,0.020000000,0.020000000,1034312.636071700,1034312.656019800,0,
1159,1034312.652064000,0.000047800,0.020000000,0.020000000,1034312.652111800,1034312.672064000,0,
1160,1034312.684192000,0.000053000,0.020000000,0.020000000,1034312.684245000,1034312.704192000,0,
1161,1034312.699298700,0.000049700,0.020000000,0.020000000,1034312.699348400,1034312.719298700,0,
1162,1034312.714947100,0.000028200,0.020000000,0.020000000,1034312.714975300,1034312.734947100,0,
1163,1034312.730188400,0.000043900,0.020000000,0.020000000,1034312.730232300,1034312.750188400,0,
1164,1034312.762175800,0.000063400,0.020000000,0.020000000,1034312.762239200,1034312.782175800,0,
1165,1034312.778489000,0.000031700,0.020000000,0.020000000,1034312.778520700,1034312.798489000,0,
1166,1034312.793940900,0.000046700,0.020000000,0.020000000,1034312.793987600,1034312.813940900,0,
1167,1034312.809931400,0.000029000,0.020000000,0.020000000,1034312.809960400,1034312.829931400,0,
1168,1034312.840510200,0.000051200,0.020000000,0.020000000,1034312.840561400,1034312.860510200,0,
1169,1034312.856268000,0.000031300,0.020000000,0.020000000,1034312.856299300,1034312.876268000,0,
1170,1034312.872334800,0.000020900,0.020000000,0.020000000,1034312.872355700,1034312.892334800,0,
1171,1034312.903535600,0.000039200,0.020000000,0.020000000,1034312.903574800,1034312.923535600,0,
1172,1034312.918892200,0.000042600,0.020000000,0.020000000,1034312.918934800,1034312.938892200,0,
1173,1034312.934633100,0.000035500,0.020000000,0.020000000,1034312.934668600,1034312.954633100,0,
1174,1034312.950506000,0.000051800,0.020000000,0.020000000,1034312.950557800,1034312.970506000,0,
1175,1034312.982160100,0.000027400,0.020000000,0.020000000,1034312.982187500,1034313.002160100,0,
1176,1034312.998714000,0.000044800,0.020000000,0.020000000,1034312.998758800,1034313.018714000,0,
1177,1034313.014646000,0.000032800,0.020000000,0.020000000,1034313.014678800,1034313.034646000,0,
1178,1034313.030046800,0.000027400,0.020000000,0.020000000,1034313.030074200,1034313.050046800,0,
1179,1034313.061012500,0.000080400,0.020000000,0.020000000,1034313.061092900,1034313.081012500,0,
1180,1034313.077066000,0.000044000,0.020000000,0.020000000,1034313.077110000,1034313.097066000,0,
1181,1034313.093433700,0.000057700,0.020000000,0.020000000,1034313.093491400,1034313.113433700,0,
1182,1034313.124020600,0.000032500,0.020000000,0.020000000,1034313.124053100,1034313.144020600,0,
1183,1034313.139462600,0.000034600,0.020000000,0.020000000,1034313.139497200,1034313.159462600,0,
1184,1034313.155215200,0.000046400,0.020000000,0.020000000,1034313.155261600,1034313.175215200,0,
1185,1034313.170674200,0.000033900,0.020000000,0.020000000,1034313.170708100,1034313.190674200,0,
1186,1034313.200939000,0.000046700,0.020000000,0.020000000,1034313.200985700,1034313.220939000,0,
1187,1034313.216045500,0.000565700,0.020000000,0.020000000,1034313.216611200,1034313.236045500,0,
1188,1034313.231724400,0.000039800,0.020000000,0.020000000,1034313.231764200,1034313.251724400,0,
1189,1034313.263725900,0.000037500,0.020000000,0.020000000,1034313.263763400,1034313.283725900,0,
1190,1034313.278910300,0.000052100,0.020000000,0.020000000,1034313.278962400,1034313.298910300,0,
1191,1034313.295041800,0.000044900,0.020000000,0.020000000,1034313.295086700,1034313.315041800,0,
1192,1034313.311245900,0.000035100,0.020000000,0.020000000,1034313.311281000,1034313.331245900,0,
1193,1034313.341349900,0.000055900,0.020000000,0.020000000,1034313.341405800,1034313.361349900,0,
1194,1034313.356904700,0.000049900,0.020000000,0.020000000,1034313.356954600,1034313.376904700,0,
1195,1034313.373025000,0.000050400,0.020000000,0.020000000,1034313.373075400,1034313.393025000,0,
1196,1034313.404476200,0.000043000,0.020000000,0.020000000,1034313.404519200,1034313.424476200,0,
1197,1034313.420844600,0.000021900,0.020000000,0.020000000,1034313.420866500,1034313.440844600,0,
1198,1034313.436471200,0.000047800,0.020000000,0.020000000,1034313.436519000,1034313.456471200,0,
1199,1034313.451759100,0.000047800,0.020000000,0.020000000,1034313.451806900,1034313.471759100,0,
1200,1034313.483040100,0.000068900,0.020000000,0.020000000,1034313.483109000,1034313.503040100,0,
1201,1034313.498670100,0.000044100,0.020000000,0.020000000,1034313.498714200,1034313.518670100,0,
1202,1034313.514816200,0.000048500,0.020000000,0.020000000,1034313.514864700,1034313.534816200,0,
1203,1034313.529877400,0.000041200,0.020000000,0.020000000,1034313.529918600,1034313.549877400,0,
1204,1034313.561935300,0.000059500,0.020000000,0.020000000,1034313.561994800,1034313.581935300,0,
1205,1034313.577496600,0.000060400,0.020000000,0.020000000,1034313.577557000,1034313.597496600,0,
1206,1034313.593471000,0.000044600,0.020000000,0.020000000,1034313.593515600,1034313.613471000,0,
1207,1034313.609979300,0.000026000,0.020000000,0.020000000,1034313.610005300,1034313.629979300,0,
1208,1034313.640868900,0.000053800,0.020000000,0.020000000,1034313.640922700,1034313.660868900,0,
1209,1034313.656144600,0.000058700,0.020000000,0.020000000,1034313.656203300,1034313.676144600,0,
1210,1034313.672339600,0.000050300,0.020000000,0.020000000,1034313.672389900,1034313.692339600,0,
1211,1034313.703394000,0.000066100,0.020000000,0.020000000,1034313.703460100,1034313.723394000,0,
1212,1034313.719165900,0.000054600,0.020000000,0.020000000,1034313.719220500,1034313.739165900,0,
1213,1034313.734790000,0.000047200,0.020000000,0.020000000,1034313.734837200,1034313.754790000,0,
1214,1034313.749748000,0.000052100,0.020000000,0.020000000,1034313.749800100,1034313.769748000,0,
1215,1034313.780830800,0.000060300,0.020000000,0.020000000,1034313.780891100,1034313.800830800,0,
1216,1034313.796910800,0.000063000,0.020000000,0.020000000,1034313.796973800,1034313.816910800,0,
1217,1034313.812135600,0.000052600,0.020000000,0.020000000,1034313.812188200,1034313.832135600,0,
1218,1034313.843143900,0.000050700,0.020000000,0.020000000,1034313.843194600,1034313.863143900,0,
1219,1034313.858572200,0.000062700,0.020000000,0.020000000,1034313.858634900,1034313.878572200,0,
1220,1034313.874377400,0.000042900,0.020000000,0.020000000,1034313.874420300,1034313.894377400,0,
1221,1034313.890309300,0.000044500,0.020000000,0.020000000,1034313.890353800,1034313.910309300,0,
1222,1034313.921184400,0.000044400,0.020000000,0.020000000,1034313.921228800,1034313.941184400,0,
1223,1034313.935755300,0.000052500,0.020000000,0.020000000,1034313.935807800,1034313.955755300,0,
1224,1034313.950910600,0.000053500,0.020000000,0.020000000,1034313.950964100,1034313.970910600,0,
1225,1034313.981927800,0.000058100,0.020000000,0.020000000,1034313.981985900,1034314.001927800,0,
1226,1034313.998642200,0.000044000,0.020000000,0.020000000,1034313.998686200,1034314.018642200,0,
1227,1034314.014658100,0.000058100,0.020000000,0.020000000,1034314.014716200,1034314.034658100,0,
1228,1034314.031030800,0.000043200,0.020000000,0.020000000,1034314.031074000,1034314.051030800,0,
1229,1034314.061756200,0.000066500,0.020000000,0.020000000,1034314.061822700,1034314.081756200,0,
1230,1034314.076988000,0.000060700,0.020000000,0.020000000,1034314.077048700,1034314.096988000,0,
1231,1034314.093133400,0.000051400,0.020000000,0.020000000,1034314.093184800,1034314.113133400,0,
1232,1034314.109323800,0.000054100,0.020000000,0.020000000,1034314.109377900,1034314.129323800,0,
1233,1034314.140464500,0.000059600,0.020000000,0.020000000,1034314.140524100,1034314.160464500,0,
1234,1034314.156462500,0.000063900,0.020000000,0.020000000,1034314.156526400,1034314.176462500,0,
1235,1034314.173072300,0.000052100,0.020000000,0.020000000,1034314.173124400,1034314.193072300,0,
1236,1034314.204089000,0.000107300,0.020000000,0.020000000,1034314.204196300,1034314.224089000,0,
1237,1034314.219819400,0.000024500,0.020000000,0.020000000,1034314.219843900,1034314.239819400,0,
1238,1034314.235331900,0.000059100,0.020000000,0.020000000,1034314.235391000,1034314.255331900,0,
1239,1034314.251461000,0.000063200,0.020000000,0.020000000,1034314.251524200,1034314.271461000,0,
1240,1034314.283691200,0.000029900,0.020000000,0.020000000,1034314.283721100,1034314.303691200,0,
1241,1034314.298360700,0.000060300,0.020000000,0.020000000,1034314.298421000,1034314.318360700,0,
1242,1034314.313488200,0.000042900,0.020000000,0.020000000,1034314.313531100,1034314.333488200,0,
1243,1034314.329545500,0.000041100,0.020000000,0.020000000,1034314.329586600,1034314.349545500,0,
1244,1034314.360550000,0.000069200,0.020000000,0.020000000,1034314.360619200,1034314.380550000,0,
1245,1034314.376371700,0.000042100,0.020000000,0.020000000,1034314.376413800,1034314.396371700,0,
1246,1034314.391357000,0.000053000,0.020000000,0.020000000,1034314.391410000,1034314.411357000,0,
1247,1034314.422507300,0.000044800,0.020000000,0.020000000,1034314.422552100,1034314.442507300,0,
1248,1034314.437659200,0.000055100,0.020000000,0.020000000,1034314.437714300,1034314.457659200,0,
1249,1034314.453496500,0.000043700,0.020000000,0.020000000,1034314.453540200,1034314.473496500,0,
1250,1034314.484402800,0.000050500,0.020000000,0.020000000,1034314.484453300,1034314.504402800,0,
1251,1034314.499836400,0.000053900,0.020000000,0.020000000,1034314.499890300,1034314.519836400,0,
1252,1034314.515634500,0.000054300,0.020000000,0.020000000,1034314.515688800,1034314.535634500,0,
1253,1034314.531207100,0.000052900,0.020000000,0.020000000,1034314.531260000,1034314.551207100,0,
1254,1034314.562238000,0.000057900,0.020000000,0.020000000,1034314.562295900,1034314.582238000,0,
1255,1034314.578199500,0.000043800,0.020000000,0.020000000,1034314.578243300,1034314.598199500,0,
1256,1034314.593017400,0.000056100,0.020000000,0.020000000,1034314.593073500,1034314.613017400,0,
1257,1034314.609375200,0.000052200,0.020000000,0.020000000,1034314.609427400,1034314.629375200,0,
1258,1034314.640246400,0.000070300,0.020000000,0.020000000,1034314.640316700,1034314.660246400,0,
1259,1034314.655888200,0.000056200,0.020000000,0.020000000,1034314.655944400,1034314.675888200,0,
1260,1034314.672002100,0.000046900,0.020000000,0.020000000,1034314.672049000,1034314.692002100,0,
1261,1034314.703141000,0.000064900,0.020000000,0.020000000,1034314.703205900,1034314.723141000,0,
1262,1034314.718395800,0.000054400,0.020000000,0.020000000,1034314.718450200,1034314.738395800,0,
1263,1034314.733964500,0.000042500,0.020000000,0.020000000,1034314.734007000,1034314.753964500,0,
1264,1034314.748938300,0.000041500,0.020000000,0.020000000,1034314.748979800,1034314.768938300,0,
1265,1034314.780383700,0.000039300,0.020000000,0.020000000,1034314.780423000,1034314.800383700,0,
1266,1034314.795825400,0.000040800,0.020000000,0.020000000,1034314.795866200,1034314.815825400,0,
1267,1034314.811908300,0.000040300,0.020000000,0.020000000,1034314.811948600,1034314.831908300,0,
1268,1034314.843188500,0.000035700,0.020000000,0.020000000,1034314.843224200,1034314.863188500,0,
1269,1034314.858118200,0.000054600,0.020000000,0.020000000,1034314.858172800,1034314.878118200,0,
1270,1034314.873629600,0.000039800,0.020000000,0.020000000,1034314.873669400,1034314.893629600,0,
1271,1034314.889432900,0.000037500,0.020000000,0.020000000,1034314.889470400,1034314.909432900,0,
1272,1034314.920813300,0.000059300,0.020000000,0.020000000,1034314.920872600,1034314.940813300,0,
1273,1034314.936665700,0.000037100,0.020000000,0.020000000,1034314.936702800,1034314.956665700,0,
1274,1034314.953207400,0.000057100,0.020000000,0.020000000,1034314.953264500,1034314.973207400,0,
1275,1034314.984504100,0.000057900,0.020000000,0.020000000,1034314.984562000,1034315.004504100,0,
1276,1034314.999945000,0.000031600,0.020000000,0.020000000,1034314.999976600,1034315.019945000,0,
1277,1034315.015278100,0.000053100,0.020000000,0.020000000,1034315.015331200,1034315.035278100,0,
1278,1034315.030914200,0.000035400,0.020000000,0.020000000,1034315.030949600,1034315.050914200,0,
1279,1034315.061864000,0.000055000,0.020000000,0.020000000,1034315.061919000,1034315.081864000,0,
1280,1034315.077967800,0.000061500,0.020000000,0.020000000,1034315.078029300,1034315.097967800,0,
1281,1034315.093459500,0.000044900,0.020000000,0.020000000,1034315.093504400,1034315.113459500,0,
1282,1034315.124566000,0.000049400,0.020000000,0.020000000,1034315.124615400,1034315.144566000,0,
1283,1034315.139910400,0.000056100,0.020000000,0.020000000,1034315.139966500,1034315.159910400,0,
1284,1034315.155714700,0.000043900,0.020000000,0.020000000,1034315.155758600,1034315.175714700,0,
1285,1034315.171627300,0.000045400,0.020000000,0.020000000,1034315.171672700,1034315.191627300,0,
1286,1034315.203473100,0.000037800,0.020000000,0.020000000,1034315.203510900,1034315.223473100,0,
1287,1034315.218694000,0.000084100,0.020000000,0.020000000,1034315.218778100,1034315.238694000,0,
1288,1034315.234097000,0.000045100,0.020000000,0.020000000,1034315.234142100,1034315.254097000,0,
1289,1034315.250091400,0.000033200,0.020000000,0.020000000,1034315.250124600,1034315.270091400,0,
1290,1034315.281038300,0.000051800,0.020000000,0.020000000,1034315.281090100,1034315.301038300,0,
1291,1034315.297158800,0.000056300,0.020000000,0.020000000,1034315.297215100,1034315.317158800,0,
1292,1034315.312309000,0.000041600,0.020000000,0.020000000,1034315.312350600,1034315.332309000,0,
1293,1034315.343106600,0.000058800,0.020000000,0.020000000,1034315.343165400,1034315.363106600,0,
1294,1034315.358740900,0.000036600,0.020000000,0.020000000,1034315.358777500,1034315.378740900,0,
1295,1034315.374812700,0.000044400,0.020000000,0.020000000,1034315.374857100,1034315.394812700,0,
1296,1034315.390347200,0.000037300,0.020000000,0.020000000,1034315.390384500,1034315.410347200,0,
1297,1034315.421530900,0.000051800,0.020000000,0.020000000,1034315.421582700,1034315.441530900,0,
1298,1034315.437746400,0.000058200,0.020000000,0.020000000,1034315.437804600,1034315.457746400,0,
1299,1034315.453379100,0.000055000,0.020000000,0.020000000,1034315.453434100,1034315.473379100,0,
1300,1034315.484437400,0.000037700,0.020000000,0.020000000,1034315.484475100,1034315.504437400,0,
1301,1034315.499323100,0.000050600,0.020000000,0.020000000,1034315.499373700,1034315.519323100,0,
1302,1034315.515037800,0.000030300,0.020000000,0.020000000,1034315.515068100,1034315.535037800,0,
1303,1034315.530524400,0.000054500,0.020000000,0.020000000,1034315.530578900,1034315.550524400,0,
1304,1034315.561407700,0.000051800,0.020000000,0.020000000,1034315.561459500,1034315.581407700,0,
1305,1034315.577118200,0.000048200,0.020000000,0.020000000,1034315.577166400,1034315.597118200,0,
1306,1034315.593032400,0.000052100,0.020000000,0.020000000,1034315.593084500,1034315.613032400,0,
1307,1034315.624409000,0.000043400,0.020000000,0.020000000,1034315.624452400,1034315.644409000,0,
1308,1034315.639760000,0.000047300,0.020000000,0.020000000,1034315.639807300,1034315.659760000,0,
1309,1034315.655502900,0.000031300,0.020000000,0.020000000,1034315.655534200,1034315.675502900,0,
1310,1034315.670598900,0.000033000,0.020000000,0.020000000,1034315.670631900,1034315.690598900,0,
1311,1034315.701586800,0.000052900,0.020000000,0.020000000,1034315.701639700,1034315.721586800,0,
1312,1034315.717493900,0.000045900,0.020000000,0.020000000,1034315.717539800,1034315.737493900,0,
1313,1034315.733094800,0.000050000,0.020000000,0.020000000,1034315.733144800,1034315.753094800,0,
1314,1034315.764250300,0.000031000,0.020000000,0.020000000,1034315.764281300,1034315.784250300,0,
1315,1034315.779512100,0.000026600,0.020000000,0.020000000,1034315.779538700,1034315.799512100,0,
1316,1034315.795441400,0.000053100,0.020000000,0.020000000,1034315.795494500,1034315.815441400,0,
1317,1034315.811474800,0.000034200,0.020000000,0.020000000,1034315.811509000,1034315.831474800,0,
1318,1034315.841772700,0.000045200,0.020000000,0.020000000,1034315.841817900,1034315.861772700,0,
1319,1034315.857375700,0.000045300,0.020000000,0.020000000,1034315.857421000,1034315.877375700,0,
1320,1034315.873510500,0.000042800,0.020000000,0.020000000,1034315.873553300,1034315.893510500,0,
1321,1034315.903459200,0.000058400,0.020000000,0.020000000,1034315.903517600,1034315.923459200,0,
1322,1034315.918889100,0.000034100,0.020000000,0.020000000,1034315.918923200,1034315.938889100,0,
1323,1034315.934117900,0.000049700,0.020000000,0.020000000,1034315.934167600,1034315.954117900,0,
1324,1034315.950021500,0.000055500,0.020000000,0.020000000,1034315.950077000,1034315.970021500,0,
1325,1034315.981137200,0.000060200,0.020000000,0.020000000,1034315.981197400,1034316.001137200,0,
1326,1034315.996320900,0.000052300,0.020000000,0.020000000,1034315.996373200,1034316.016320900,0,
1327,1034316.012135700,0.000048400,0.020000000,0.020000000,1034316.012184100,1034316.032135700,0,
1328,1034316.043404400,0.000064200,0.020000000,0.020000000,1034316.043468600,1034316.063404400,0,
1329,1034316.059155300,0.000043400,0.020000000,0.020000000,1034316.059198700,1034316.079155300,0,
1330,1034316.074406400,0.000033000,0.020000000,0.020000000,1034316.074439400,1034316.094406400,0,
1331,1034316.089878600,0.000046200,0.020000000,0.020000000,1034316.089924800,1034316.109878600,0,
1332,1034316.120220900,0.000047800,0.020000000,0.020000000,1034316.120268700,1034316.140220900,0,
1333,1034316.136244900,0.000058500,0.020000000,0.020000000,1034316.136303400,1034316.156244900,0,
1334,1034316.151400500,0.000043400,0.020000000,0.020000000,1034316.151443900,1034316.171400500,0,
1335,1034316.182874000,0.000056600,0.020000000,0.020000000,1034316.182930600,1034316.202874000,0,
1336,1034316.198849700,0.000041100,0.020000000,0.020000000,1034316.198890800,1034316.218849700,0,
1337,1034316.214986900,0.000045800,0.020000000,0.020000000,1034316.215032700,1034316.234986900,0,
1338,1034316.230599400,0.000049000,0.020000000,0.020000000,1034316.230648400,1034316.250599400,0,
1339,1034316.260949100,0.000035000,0.020000000,0.020000000,1034316.260984100,1034316.280949100,0,
1340,1034316.276624000,0.000053000,0.020000000,0.020000000,1034316.276677000,1034316.296624000,0,
1341,1034316.292193100,0.000042200,0.020000000,0.020000000,1034316.292235300,1034316.312193100,0,
1342,1034316.323618200,0.000035300,0.020000000,0.020000000,1034316.323653500,1034316.343618200,0,
1343,1034316.339115100,0.000050600,0.020000000,0.020000000,1034316.339165700,1034316.359115100,0,
1344,1034316.354718800,0.000037500,0.020000000,0.020000000,1034316.354756300,1034316.374718800,0,
1345,1034316.369847800,0.000051800,0.020000000,0.020000000,1034316.369899600,1034316.389847800,0,
1346,1034316.401328100,0.000032800,0.020000000,0.020000000,1034316.401360900,1034316.421328100,0,
1347,1034316.416404200,0.000047500,0.020000000,0.020000000,1034316.416451700,1034316.436404200,0,
1348,1034316.433120100,0.000045700,0.020000000,0.020000000,1034316.433165800,1034316.453120100,0,
1349,1034316.463353500,0.000047800,0.020000000,0.020000000,1034316.463401300,1034316.483353500,0,
1350,1034316.478859400,0.000061600,0.020000000,0.020000000,1034316.478921000,1034316.498859400,0,
1351,1034316.494093700,0.000049000,0.020000000,0.020000000,1034316.494142700,1034316.514093700,0,
1352,1034316.509388000,0.000061500,0.020000000,0.020000000,1034316.509449500,1034316.529388000,0,
1353,1034316.539956300,0.000057300,0.020000000,0.020000000,1034316.540013600,1034316.559956300,0,
1354,1034316.555307200,0.000045000,0.020000000,0.020000000,1034316.555352200,1034316.575307200,0,
1355,1034316.571531000,0.000022500,0.020000000,0.020000000,1034316.571553500,1034316.591531000,0,
1356,1034316.603004100,0.000053600,0.020000000,0.020000000,1034316.603057700,1034316.623004100,0,
1357,1034316.618606000,0.000036300,0.020000000,0.020000000,1034316.618642300,1034316.638606000,0,
1358,1034316.633333900,0.000041800,0.020000000,0.020000000,1034316.633375700,1034316.653333900,0,
1359,1034316.664255600,0.000040000,0.020000000,0.020000000,1034316.664295600,1034316.684255600,0,
1360,1034316.680291300,0.000032600,0.020000000,0.020000000,1034316.680323900,1034316.700291300,0,
1361,1034316.695771900,0.000061100,0.020000000,0.020000000,1034316.695833000,1034316.715771900,0,
1362,1034316.711323400,0.000041400,0.020000000,0.020000000,1034316.711364800,1034316.731323400,0,
1363,1034316.743043300,0.000038000,0.020000000,0.020000000,1034316.743081300,1034316.763043300,0,
1364,1034316.758119600,0.000056200,0.020000000,0.020000000,1034316.758175800,1034316.778119600,0,
1365,1034316.773706700,0.000031100,0.020000000,0.020000000,1034316.773737800,1034316.793706700,0,
1366,1034316.804912000,0.000045100,0.020000000,0.020000000,1034316.804957100,1034316.824912000,0,
1367,1034316.820499300,0.000021300,0.020000000,0.020000000,1034316.820520600,1034316.840499300,0,
1368,1034316.836252100,0.000054900,0.020000000,0.020000000,1034316.836307000,1034316.856252100,0,
1369,1034316.852406700,0.000040500,0.020000000,0.020000000,1034316.852447200,1034316.872406700,0,
1370,1034316.883147700,0.000060200,0.020000000,0.020000000,1034316.883207900,1034316.903147700,0,
1371,1034316.898901100,0.000070300,0.020000000,0.020000000,1034316.898971400,1034316.918901100,0,
1372,1034316.914408700,0.000034600,0.020000000,0.020000000,1034316.914443300,1034316.934408700,0,
1373,1034316.929864100,0.000034200,0.020000000,0.020000000,1034316.929898300,1034316.949864100,0,
1374,1034316.960888300,0.000050600,0.020000000,0.020000000,1034316.960938900,1034316.980888300,0,
1375,1034316.976403800,0.000044000,0.020000000,0.020000000,1034316.976447800,1034316.996403800,0,
1376,1034316.991947700,0.000048600,0.020000000,0.020000000,1034316.991996300,1034317.011947700,0,
1377,1034317.023333100,0.000039200,0.020000000,0.020000000,1034317.023372300,1034317.043333100,0,
1378,1034317.039164000,0.000049800,0.020000000,0.020000000,1034317.039213800,1034317.059164000,0,
1379,1034317.054284000,0.000053700,0.020000000,0.020000000,1034317.054337700,1034317.074284000,0,
1380,1034317.070959300,0.000039400,0.020000000,0.020000000,1034317.070998700,1034317.090959300,0,
1381,1034317.100488300,0.000052000,0.020000000,0.020000000,1034317.100540300,1034317.120488300,0,
1382,1034317.115930700,0.000025500,0.020000000,0.020000000,1034317.115956200,1034317.135930700,0,
1383,1034317.131339300,0.000055700,0.020000000,0.020000000,1034317.131395000,1034317.151339300,0,
1384,1034317.161766000,0.000099000,0.020000000,0.020000000,1034317.161865000,1034317.181766000,0,
1385,1034317.177429800,0.000054900,0.020000000,0.020000000,1034317.177484700,1034317.197429800,0,
1386,1034317.193820900,0.000048100,0.020000000,0.020000000,1034317.193869000,1034317.213820900,0,
1387,1034317.208546300,0.000055300,0.020000000,0.020000000,1034317.208601600,1034317.228546300,0,
1388,1034317.238865200,0.000032100,0.020000000,0.020000000,1034317.238897300,1034317.258865200,0,
1389,1034317.253798200,0.000112700,0.020000000,0.020000000,1034317.253910900,1034317.273798200,0,
1390,1034317.270074400,0.000028500,0.020000000,0.020000000,1034317.270102900,1034317.290074400,0,
1391,1034317.300964700,0.000060400,0.020000000,0.020000000,1034317.301025100,1034317.320964700,0,
1392,1034317.316448200,0.000027200,0.020000000,0.020000000,1034317.316475400,1034317.336448200,0,
1393,1034317.331785200,0.000050600,0.020000000,0.020000000,1034317.331835800,1034317.351785200,0,
1394,1034317.363929500,0.000035100,0.020000000,0.020000000,1034317.363964600,1034317.383929500,0,
1395,1034317.379179200,0.000051300,0.020000000,0.020000000,1034317.379230500,1034317.399179200,0,
1396,1034317.394596000,0.000052500,0.020000000,0.020000000,1034317.394648500,1034317.414596000,0,
1397,1034317.410742800,0.000020900,0.020000000,0.020000000,1034317.410763700,1034317.430742800,0,
1398,1034317.441789500,0.000036200,0.020000000,0.020000000,1034317.441825700,1034317.461789500,0,
1399,1034317.457555600,0.000051600,0.020000000,0.020000000,1034317.457607200,1034317.477555600,0,
1400,1034317.473259000,0.000050100,0.020000000,0.020000000,1034317.473309100,1034317.493259000,0,
1401,1034317.504268700,0.000042300,0.020000000,0.020000000,1034317.504311000,1034317.524268700,0,
1402,1034317.519835900,0.000022100,0.020000000,0.020000000,1034317.519858000,1034317.539835900,0,
1403,1034317.535838200,0.000033900,0.020000000,0.020000000,1034317.535872100,1034317.555838200,0,
1404,1034317.551838300,0.000047100,0.020000000,0.020000000,1034317.551885400,1034317.571838300,0,
1405,1034317.583008600,0.000038800,0.020000000,0.020000000,1034317.583047400,1034317.603008600,0,
1406,1034317.598463600,0.000063400,0.020000000,0.020000000,1034317.598527000,1034317.618463600,0,
1407,1034317.614002800,0.000025200,0.020000000,0.020000000,1034317.614028000,1034317.634002800,0,
1408,1034317.629493400,0.000033600,0.020000000,0.020000000,1034317.629527000,1034317.649493400,0,
1409,1034317.661788400,0.000024700,0.020000000,0.020000000,1034317.661813100,1034317.681788400,0,
1410,1034317.676975000,0.000047300,0.020000000,0.020000000,1034317.677022300,1034317.696975000,0,
1411,1034317.693104800,0.000050000,0.020000000,0.020000000,1034317.693154800,1034317.713104800,0,
1412,1034317.724778400,0.000039900,0.020000000,0.020000000,1034317.724818300,1034317.744778400,0,
1413,1034317.739791900,0.000061600,0.020000000,0.020000000,1034317.739853500,1034317.759791900,0,
1414,1034317.755425400,0.000050900,0.020000000,0.020000000,1034317.755476300,1034317.775425400,0,
1415,1034317.771456800,0.000042900,0.020000000,0.020000000,1034317.771499700,1034317.791456800,0,
1416,1034317.803459100,0.000036700,0.020000000,0.020000000,1034317.803495800,1034317.823459100,0,
1417,1034317.818983900,0.000053600,0.020000000,0.020000000,1034317.819037500,1034317.838983900,0,
1418,1034317.834178300,0.000053200,0.020000000,0.020000000,1034317.834231500,1034317.854178300,0,
1419,1034317.849672500,0.000033700,0.020000000,0.020000000,1034317.849706200,1034317.869672500,0,
1420,1034317.880995400,0.000044900,0.020000000,0.020000000,1034317.881040300,1034317.900995400,0,
1421,1034317.896068100,0.000052100,0.020000000,0.020000000,1034317.896120200,1034317.916068100,0,
1422,1034317.912160500,0.000037400,0.020000000,0.020000000,1034317.912197900,1034317.932160500,0,
1423,1034317.943254000,0.000065200,0.020000000,0.020000000,1034317.943319200,1034317.963254000,0,
1424,1034317.958706900,0.000057400,0.020000000,0.020000000,1034317.958764300,1034317.978706900,0,
1425,1034317.973786400,0.000036400,0.020000000,0.020000000,1034317.973822800,1034317.993786400,0,
1426,1034317.989407300,0.000042600,0.020000000,0.020000000,1034317.989449900,1034318.009407300,0,
1427,1034318.020469700,0.000053400,0.020000000,0.020000000,1034318.020523100,1034318.040469700,0,
1428,1034318.036589300,0.000042300,0.020000000,0.020000000,1034318.036631600,1034318.056589300,0,
1429,1034318.053110200,0.000049800,0.020000000,0.020000000,1034318.053160000,1034318.073110200,0,
1430,1034318.083702300,0.000049600,0.020000000,0.020000000,1034318.083751900,1034318.103702300,0,
1431,1034318.099912800,0.000057900,0.020000000,0.020000000,1034318.099970700,1034318.119912800,0,
1432,1034318.115814800,0.000226500,0.020000000,0.020000000,1034318.116041300,1034318.135814800,0,
1433,1034318.131462700,0.000036800,0.020000000,0.020000000,1034318.131499500,1034318.151462700,0,
1434,1034318.163079200,0.000067200,0.020000000,0.020000000,1034318.163146400,1034318.183079200,0,
1435,1034318.178619600,0.000073400,0.020000000,0.020000000,1034318.178693000,1034318.198619600,0,
1436,1034318.193856500,0.000056400,0.020000000,0.020000000,1034318.193912900,1034318.213856500,0,
1437,1034318.210111800,0.000020700,0.020000000,0.020000000,1034318.210132500,1034318.230111800,0,
1438,1034318.241126100,0.000022000,0.020000000,0.020000000,1034318.241148100,1034318.261126100,0,
1439,1034318.256059800,0.000043500,0.020000000,0.020000000,1034318.256103300,1034318.276059800,0,
1440,1034318.272142000,0.000031200,0.020000000,0.020000000,1034318.272173200,1034318.292142000,0,
1441,1034318.303616700,0.000030500,0.020000000,0.020000000,1034318.303647200,1034318.323616700,0,
1442,1034318.318948000,0.000044400,0.020000000,0.020000000,1034318.318992400,1034318.338948000,0,
1443,1034318.334261500,0.000042400,0.020000000,0.020000000,1034318.334303900,1034318.354261500,0,
1444,1034318.349536900,0.000032800,0.020000000,0.020000000,1034318.349569700,1034318.369536900,0,
1445,1034318.381014000,0.000049300,0.020000000,0.020000000,1034318.381063300,1034318.401014000,0,
1446,1034318.396990700,0.000053600,0.020000000,0.020000000,1034318.397044300,1034318.416990700,0,
1447,1034318.413693700,0.000029200,0.020000000,0.020000000,1034318.413722900,1034318.433693700,0,
1448,1034318.444186800,0.000030600,0.020000000,0.020000000,1034318.444217400,1034318.464186800,0,
1449,1034318.460078800,0.000055400,0.020000000,0.020000000,1034318.460134200,1034318.480078800,0,
1450,1034318.476068900,0.000055400,0.020000000,0.020000000,1034318.476124300,1034318.496068900,0,
1451,1034318.492211900,0.000046800,0.020000000,0.020000000,1034318.492258700,1034318.512211900,0,
1452,1034318.523944100,0.000040100,0.020000000,0.020000000,1034318.523984200,1034318.543944100,0,
1453,1034318.539492000,0.000038900,0.020000000,0.020000000,1034318.539530900,1034318.559492000,0,
1454,1034318.555139900,0.000042300,0.020000000,0.020000000,1034318.555182200,1034318.575139900,0,
1455,1034318.570680400,0.000041600,0.020000000,0.020000000,1034318.570722000,1034318.590680400,0,
1456,1034318.601466000,0.000036900,0.020000000,0.020000000,1034318.601502900,1034318.621466000,0,
1457,1034318.617285800,0.000051300,0.020000000,0.020000000,1034318.617337100,1034318.637285800,0,
1458,1034318.633057300,0.000048600,0.020000000,0.020000000,1034318.633105900,1034318.653057300,0,
1459,1034318.664530800,0.000065300,0.020000000,0.020000000,1034318.664596100,1034318.684530800,0,
1460,1034318.680028300,0.000562300,0.020000000,0.020000000,1034318.680590600,1034318.700028300,0,
1461,1034318.695631500,0.000046000,0.020000000,0.020000000,1034318.695677500,1034318.715631500,0,
1462,1034318.711637100,0.000029500,0.020000000,0.020000000,1034318.711666600,1034318.731637100,0,
1463,1034318.743537300,0.000032000,0.020000000,0.020000000,1034318.743569300,1034318.763537300,0,
1464,1034318.759330400,0.000044900,0.020000000,0.020000000,1034318.759375300,1034318.779330400,0,
1465,1034318.775157000,0.000045400,0.020000000,0.020000000,1034318.775202400,1034318.795157000,0,
1466,1034318.790787800,0.000047000,0.020000000,0.020000000,1034318.790834800,1034318.810787800,0,
1467,1034318.821803500,0.000050200,0.020000000,0.020000000,1034318.821853700,1034318.841803500,0,
1468,1034318.837593300,0.000048700,0.020000000,0.020000000,1034318.837642000,1034318.857593300,0,
1469,1034318.853659300,0.000034800,0.020000000,0.020000000,1034318.853694100,1034318.873659300,0,
1470,1034318.884209000,0.000044300,0.020000000,0.020000000,1034318.884253300,1034318.904209000,0,
1471,1034318.899239000,0.000032100,0.020000000,0.020000000,1034318.899271100,1034318.919239000,0,
1472,1034318.914896800,0.000034700,0.020000000,0.020000000,1034318.914931500,1034318.934896800,0,
1473,1034318.930490700,0.000035000,0.020000000,0.020000000,1034318.930525700,1034318.950490700,0,
1474,1034318.963277100,0.000042200,0.020000000,0.020000000,1034318.963319300,1034318.983277100,0,
1475,1034318.978495100,0.000051000,0.020000000,0.020000000,1034318.978546100,1034318.998495100,0,
1476,1034318.993633700,0.000051600,0.020000000,0.020000000,1034318.993685300,1034319.013633700,0,
1477,1034319.024286300,0.000037500,0.020000000,0.020000000,1034319.024323800,1034319.044286300,0,
1478,1034319.039435400,0.000043100,0.020000000,0.020000000,1034319.039478500,1034319.059435400,0,
1479,1034319.055124800,0.000047300,0.020000000,0.020000000,1034319.055172100,1034319.075124800,0,
1480,1034319.070364800,0.000041400,0.020000000,0.020000000,1034319.070406200,1034319.090364800,0,
1481,1034319.102229900,0.000051100,0.020000000,0.020000000,1034319.102281000,1034319.122229900,0,
1482,1034319.117646300,0.000046500,0.020000000,0.020000000,1034319.117692800,1034319.137646300,0,
1483,1034319.133143100,0.000041300,0.020000000,0.020000000,1034319.133184400,1034319.153143100,0,
1484,1034319.163836100,0.000029000,0.020000000,0.020000000,1034319.163865100,1034319.183836100,0,
1485,1034319.179233000,0.000038700,0.020000000,0.020000000,1034319.179271700,1034319.199233000,0,
1486,1034319.194228200,0.000042300,0.020000000,0.020000000,1034319.194270500,1034319.214228200,0,
1487,1034319.210030100,0.000035100,0.020000000,0.020000000,1034319.210065200,1034319.230030100,0,
1488,1034319.240982100,0.000049700,0.020000000,0.020000000,1034319.241031800,1034319.260982100,0,
1489,1034319.256754500,0.000032700,0.020000000,0.020000000,1034319.256787200,1034319.276754500,0,
1490,1034319.273260600,0.000033900,0.020000000,0.020000000,1034319.273294500,1034319.293260600,0,
1491,1034319.304551400,0.000046900,0.020000000,0.020000000,1034319.304598300,1034319.324551400,0,
1492,1034319.320255900,0.000036300,0.020000000,0.020000000,1034319.320292200,1034319.340255900,0,
1493,1034319.335544400,0.000049600,0.020000000,0.020000000,1034319.335594000,1034319.355544400,0,
1494,1034319.350642500,0.000053700,0.020000000,0.020000000,1034319.350696200,1034319.370642500,0,
1495,1034319.381530800,0.000050700,0.020000000,0.020000000,1034319.381581500,1034319.401530800,0,
1496,1034319.396732000,0.000038900,0.020000000,0.020000000,1034319.396770900,1034319.416732000,0,
1497,1034319.413147200,0.000044600,0.020000000,0.020000000,1034319.413191800,1034319.433147200,0,
1498,1034319.444674500,0.000029500,0.020000000,0.020000000,1034319.444704000,1034319.464674500,0,
1499,1034319.460207800,0.000045000,0.020000000,0.020000000,1034319.460252800,1034319.480207800,0,
1500,1034319.475979600,0.000041800,0.020000000,0.020000000,1034319.476021400,1034319.495979600,0,
1501,1034319.491500100,0.000040200,0.020000000,0.020000000,1034319.491540300,1034319.511500100,0,
1502,1034319.523178300,0.000041500,0.020000000,0.020000000,1034319.523219800,1034319.543178300,0,
1503,1034319.538628800,0.000061100,0.020000000,0.020000000,1034319.538689900,1034319.558628800,0,
1504,1034319.554245000,0.000047500,0.020000000,0.020000000,1034319.554292500,1034319.574245000,0,
1505,1034319.570030700,0.000044900,0.020000000,0.020000000,1034319.570075600,1034319.590030700,0,
1506,1034319.600164300,0.000030800,0.020000000,0.020000000,1034319.600195100,1034319.620164300,0,
1507,1034319.615962300,0.000035500,0.020000000,0.020000000,1034319.615997800,1034319.635962300,0,
1508,1034319.631419000,0.000049500,0.020000000,0.020000000,1034319.631468500,1034319.651419000,0,
1509,1034319.663015800,0.000053200,0.020000000,0.020000000,1034319.663069000,1034319.683015800,0,
1510,1034319.678479000,0.000100600,0.020000000,0.020000000,1034319.678579600,1034319.698479000,0,
1511,1034319.694598500,0.000042500,0.020000000,0.020000000,1034319.694641000,1034319.714598500,0,
1512,1034319.710108100,0.000028500,0.020000000,0.020000000,1034319.710136600,1034319.730108100,0,
1513,1034319.740500800,0.000049800,0.020000000,0.020000000,1034319.740550600,1034319.760500800,0,
1514,1034319.756164600,0.000292900,0.020000000,0.020000000,1034319.756457500,1034319.776164600,0,
1515,1034319.772089500,0.000031900,0.020000000,0.020000000,1034319.772121400,1034319.792089500,0,
1516,1034319.803282300,0.000051500,0.020000000,0.020000000,1034319.803333800,1034319.823282300,0,
1517,1034319.818534000,0.000039000,0.020000000,0.020000000,1034319.818573000,1034319.838534000,0,
1518,1034319.834555600,0.000044300,0.020000000,0.020000000,1034319.834599900,1034319.854555600,0,
1519,1034319.850575400,0.000030900,0.020000000,0.020000000,1034319.850606300,1034319.870575400,0,
1520,1034319.881910000,0.000034900,0.020000000,0.020000000,1034319.881944900,1034319.901910000,0,
1521,1034319.897905500,0.000048900,0.020000000,0.020000000,1034319.897954400,1034319.917905500,0,
1522,1034319.914102000,0.000032100,0.020000000,0.020000000,1034319.914134100,1034319.934102000,0,
1523,1034319.943888100,0.000045300,0.020000000,0.020000000,1034319.943933400,1034319.963888100,0,
1524,1034319.960055100,0.000032700,0.020000000,0.020000000,1034319.960087800,1034319.980055100,0,
1525,1034319.975249600,0.000053900,0.020000000,0.020000000,1034319.975303500,1034319.995249600,0,
1526,1034319.990941700,0.000041400,0.020000000,0.020000000,1034319.990983100,1034320.010941700,0,
1527,1034320.021980900,0.000058900,0.020000000,0.020000000,1034320.022039800,1034320.041980900,0,
1528,1034320.037477400,0.000026800,0.020000000,0.020000000,1034320.037504200,1034320.057477400,0,
1529,1034320.052280000,0.000041200,0.020000000,0.020000000,1034320.052321200,1034320.072280000,0,
1530,1034320.083413300,0.000082200,0.020000000,0.020000000,1034320.083495500,1034320.103413300,0,
1531,1034320.098642400,0.000054600,0.020000000,0.020000000,1034320.098697000,1034320.118642400,0,
1532,1034320.114461100,0.000041400,0.020000000,0.020000000,1034320.114502500,1034320.134461100,0,
1533,1034320.129985500,0.000027100,0.020000000,0.020000000,1034320.130012600,1034320.149985500,0,
1534,1034320.161828500,0.000034600,0.020000000,0.020000000,1034320.161863100,1034320.181828500,0,
1535,1034320.177102700,0.000059800,0.020000000,0.020000000,1034320.177162500,1034320.197102700,0,
1536,1034320.193260200,0.000037000,0.020000000,0.020000000,1034320.193297200,1034320.213260200,0,
1537,1034320.223459700,0.000047000,0.020000000,0.020000000,1034320.223506700,1034320.243459700,0,
1538,1034320.239143000,0.000055600,0.020000000,0.020000000,1034320.239198600,1034320.259143000,0,
1539,1034320.255065000,0.000040500,0.020000000,0.020000000,1034320.255105500,1034320.275065000,0,
1540,1034320.270342000,0.000042000,0.020000000,0.020000000,1034320.270384000,1034320.290342000,0,
1541,1034320.300968200,0.000059400,0.020000000,0.020000000,1034320.301027600,1034320.320968200,0,
1542,1034320.316086300,0.000063400,0.020000000,0.020000000,1034320.316149700,1034320.336086300,0,
1543,1034320.331796400,0.000037200,0.020000000,0.020000000,1034320.331833600,1034320.351796400,0,
1544,1034320.363037000,0.000050700,0.020000000,0.020000000,1034320.363087700,1034320.383037000,0,
1545,1034320.378488300,0.000048500,0.020000000,0.020000000,1034320.378536800,1034320.398488300,0,
1546,1034320.393884000,0.000037200,0.020000000,0.020000000,1034320.393921200,1034320.413884000,0,
1547,1034320.408908300,0.000109500,0.020000000,0.020000000,1034320.409017800,1034320.428908300,0,
1548,1034320.439774100,0.000059300,0.020000000,0.020000000,1034320.439833400,1034320.459774100,0,
1549,1034320.455535400,0.000060100,0.020000000,0.020000000,1034320.455595500,1034320.475535400,0,
1550,1034320.471273400,0.000036200,0.020000000,0.020000000,1034320.471309600,1034320.491273400,0,
1551,1034320.502157300,0.000066700,0.020000000,0.020000000,1034320.502224000,1034320.522157300,0,
1552,1034320.517303100,0.000052800,0.020000000,0.020000000,1034320.517355900,1034320.537303100,0,
1553,1034320.532980100,0.000050500,0.020000000,0.020000000,1034320.533030600,1034320.552980100,0,
1554,1034320.563977400,0.000057900,0.020000000,0.020000000,1034320.564035300,1034320.583977400,0,
1555,1034320.579939000,0.000035800,0.020000000,0.020000000,1034320.579974800,1034320.599939000,0,
1556,1034320.594922800,0.000047300,0.020000000,0.020000000,1034320.594970100,1034320.614922800,0,
1557,1034320.611109200,0.000039500,0.020000000,0.020000000,1034320.611148700,1034320.631109200,0,
1558,1034320.641986500,0.000091700,0.020000000,0.020000000,1034320.642078200,1034320.661986500,0,
1559,1034320.657176800,0.000050200,0.020000000,0.020000000,1034320.657227000,1034320.677176800,0,
1560,1034320.673297100,0.000065000,0.020000000,0.020000000,1034320.673362100,1034320.693297100,0,
1561,1034320.703965600,0.000053100,0.020000000,0.020000000,1034320.704018700,1034320.723965600,0,
1562,1034320.719811200,0.000056500,0.020000000,0.020000000,1034320.719867700,1034320.739811200,0,
1563,1034320.735002700,0.000038000,0.020000000,0.020000000,1034320.735040700,1034320.755002700,0,
1564,1034320.751203000,0.000048600,0.020000000,0.020000000,1034320.751251600,1034320.771203000,0,
1565,1034320.782064500,0.000039600,0.020000000,0.020000000,1034320.782104100,1034320.802064500,0,
1566,1034320.797218400,0.000036000,0.020000000,0.020000000,1034320.797254400,1034320.817218400,0,
1567,1034320.813527900,0.000048300,0.020000000,0.020000000,1034320.813576200,1034320.833527900,0,
1568,1034320.845152400,0.000035300,0.020000000,0.020000000,1034320.845187700,1034320.865152400,0,
1569,1034320.860456900,0.000049300,0.020000000,0.020000000,1034320.860506200,1034320.880456900,0,
1570,1034320.875992900,0.000046300,0.020000000,0.020000000,1034320.876039200,1034320.895992900,0,
1571,1034320.891518300,0.000045500,0.020000000,0.020000000,1034320.891563800,1034320.911518300,0,
1572,1034320.923190500,0.000054300,0.020000000,0.020000000,1034320.923244800,1034320.943190500,0,
1573,1034320.938935800,0.000035500,0.020000000,0.020000000,1034320.938971300,1034320.958935800,0,
1574,1034320.954574300,0.000088400,0.020000000,0.020000000,1034320.954662700,1034320.974574300,0,
1575,1034320.970694200,0.000031300,0.020000000,0.020000000,1034320.970725500,1034320.990694200,0,
1576,1034321.001322600,0.000060100,0.020000000,0.020000000,1034321.001382700,1034321.021322600,0,
1577,1034321.016499500,0.000058000,0.020000000,0.020000000,1034321.016557500,1034321.036499500,0,
1578,1034321.032040500,0.000047200,0.020000000,0.020000000,1034321.032087700,1034321.052040500,0,
1579,1034321.064485300,0.000050200,0.020000000,0.020000000,1034321.064535500,1034321.084485300,0,
1580,1034321.079940200,0.000058300,0.020000000,0.020000000,1034321.079998500,1034321.099940200,0,
1581,1034321.096001400,0.000077600,0.020000000,0.020000000,1034321.096079000,1034321.116001400,0,
1582,1034321.112263300,0.000043100,0.020000000,0.020000000,1034321.112306400,1034321.132263300,0,
1583,1034321.143244100,0.000041700,0.020000000,0.020000000,1034321.143285800,1034321.163244100,0,
1584,1034321.158604100,0.000068400,0.020000000,0.020000000,1034321.158672500,1034321.178604100,0,
1585,1034321.173471500,0.000048100,0.020000000,0.020000000,1034321.173519600,1034321.193471500,0,
1586,1034321.204449800,0.000047700,0.020000000,0.020000000,1034321.204497500,1034321.224449800,0,
1587,1034321.220024300,0.000051000,0.020000000,0.020000000,1034321.220075300,1034321.240024300,0,
1588,1034321.235363200,0.000049900,0.020000000,0.020000000,1034321.235413100,1034321.255363200,0,
1589,1034321.251387500,0.000056800,0.020000000,0.020000000,1034321.251444300,1034321.271387500,0,
1590,1034321.283162000,0.000046300,0.020000000,0.020000000,1034321.283208300,1034321.303162000,0,
1591,1034321.298293100,0.000050300,0.020000000,0.020000000,1034321.298343400,1034321.318293100,0,
1592,1034321.313640000,0.000054900,0.020000000,0.020000000,1034321.313694900,1034321.333640000,0,
1593,1034321.344366300,0.000033000,0.020000000,0.020000000,1034321.344399300,1034321.364366300,0,
1594,1034321.359496500,0.000045800,0.020000000,0.020000000,1034321.359542300,1034321.379496500,0,
1595,1034321.375349200,0.000054200,0.020000000,0.020000000,1034321.375403400,1034321.395349200,0,
1596,1034321.391128400,0.000039600,0.020000000,0.020000000,1034321.391168000,1034321.411128400,0,
1597,1034321.422179100,0.000032300,0.020000000,0.020000000,1034321.422211400,1034321.442179100,0,
1598,1034321.437869500,0.000050800,0.020000000,0.020000000,1034321.437920300,1034321.457869500,0,
1599,1034321.453571100,0.000039900,0.020000000,0.020000000,1034321.453611000,1034321.473571100,0,
1600,1034321.470286200,0.000035100,0.020000000,0.020000000,1034321.470321300,1034321.490286200,0,
1601,1034321.499656100,0.000058300,0.020000000,0.020000000,1034321.499714400,1034321.519656100,0,
1602,1034321.515423800,0.000046200,0.020000000,0.020000000,1034321.515470000,1034321.535423800,0,
1603,1034321.530940700,0.000045800,0.020000000,0.020000000,1034321.530986500,1034321.550940700,0,
1604,1034321.562256200,0.000036300,0.020000000,0.020000000,1034321.562292500,1034321.582256200,0,
1605,1034321.577227800,0.000049300,0.020000000,0.020000000,1034321.577277100,1034321.597227800,0,
1606,1034321.593293600,0.000044500,0.020000000,0.020000000,1034321.593338100,1034321.613293600,0,
1607,1034321.624662600,0.000041100,0.020000000,0.020000000,1034321.624703700,1034321.644662600,0,
1608,1034321.640161900,0.000060500,0.020000000,0.020000000,1034321.640222400,1034321.660161900,0,
1609,1034321.655590700,0.000031900,0.020000000,0.020000000,1034321.655622600,1034321.675590700,0,
1610,1034321.671462800,0.000023200,0.020000000,0.020000000,1034321.671486000,1034321.691462800,0,
1611,1034321.703041300,0.000057700,0.020000000,0.020000000,1034321.703099000,1034321.723041300,0,
1612,1034321.718875900,0.000021300,0.020000000,0.020000000,1034321.718897200,1034321.738875900,0,
1613,1034321.734324900,0.000044200,0.020000000,0.020000000,1034321.734369100,1034321.754324900,0,
1614,1034321.750111300,0.000029400,0.020000000,0.020000000,1034321.750140700,1034321.770111300,0,
1615,1034321.781047900,0.000036800,0.020000000,0.020000000,1034321.781084700,1034321.801047900,0,
1616,1034321.795954700,0.000061700,0.020000000,0.020000000,1034321.796016400,1034321.815954700,0,
1617,1034321.811215700,0.000036000,0.020000000,0.020000000,1034321.811251700,1034321.831215700,0,
1618,1034321.841988600,0.000043100,0.020000000,0.020000000,1034321.842031700,1034321.861988600,0,
1619,1034321.857336400,0.000030500,0.020000000,0.020000000,1034321.857366900,1034321.877336400,0,
1620,1034321.873478800,0.000213500,0.020000000,0.020000000,1034321.873692300,1034321.893478800,0,
1621,1034321.903869100,0.000052500,0.020000000,0.020000000,1034321.903921600,1034321.923869100,0,
1622,1034321.919816400,0.000033400,0.020000000,0.020000000,1034321.919849800,1034321.939816400,0,
1623,1034321.935252300,0.000041600,0.020000000,0.020000000,1034321.935293900,1034321.955252300,0,
1624,1034321.951017800,0.000043500,0.020000000,0.020000000,1034321.951061300,1034321.971017800,0,
1625,1034321.981396500,0.000046000,0.020000000,0.020000000,1034321.981442500,1034322.001396500,0,
1626,1034321.996672900,0.000028700,0.020000000,0.020000000,1034321.996701600,1034322.016672900,0,
1627,1034322.011787600,0.000049400,0.020000000,0.020000000,1034322.011837000,1034322.031787600,0,
1628,1034322.043233000,0.000044700,0.020000000,0.020000000,1034322.043277700,1034322.063233000,0,
1629,1034322.058612100,0.000062000,0.020000000,0.020000000,1034322.058674100,1034322.078612100,0,
1630,1034322.073640300,0.000029600,0.020000000,0.020000000,1034322.073669900,1034322.093640300,0,
1631,1034322.089659500,0.000057600,0.020000000,0.020000000,1034322.089717100,1034322.109659500,0,
1632,1034322.121408300,0.000035800,0.020000000,0.020000000,1034322.121444100,1034322.141408300,0,
1633,1034322.137209100,0.000051400,0.020000000,0.020000000,1034322.137260500,1034322.157209100,0,
1634,1034322.153294800,0.000050800,0.020000000,0.020000000,1034322.153345600,1034322.173294800,0,
1635,1034322.184104300,0.000099400,0.020000000,0.020000000,1034322.184203700,1034322.204104300,0,
1636,1034322.200154400,0.000113000,0.020000000,0.020000000,1034322.200267400,1034322.220154400,0,
1637,1034322.215657700,0.000066200,0.020000000,0.020000000,1034322.215723900,1034322.235657700,0,
1638,1034322.231414800,0.000070200,0.020000000,0.020000000,1034322.231485000,1034322.251414800,0,
1639,1034322.262701200,0.000041300,0.020000000,0.020000000,1034322.262742500,1034322.282701200,0,
1640,1034322.278323400,0.000066300,0.020000000,0.020000000,1034322.278389700,1034322.298323400,0,
1641,1034322.294716700,0.000057800,0.020000000,0.020000000,1034322.294774500,1034322.314716700,0,
1642,1034322.310954900,0.000035900,0.020000000,0.020000000,1034322.310990800,1034322.330954900,0,
1643,1034322.341535500,0.000044700,0.020000000,0.020000000,1034322.341580200,1034322.361535500,0,
1644,1034322.357361800,0.000060300,0.020000000,0.020000000,1034322.357422100,1034322.377361800,0,
1645,1034322.373465300,0.000043500,0.020000000,0.020000000,1034322.373508800,1034322.393465300,0,
1646,1034322.389546900,0.000069100,0.020000000,0.020000000,1034322.389616000,1034322.409546900,0,
1647,1034322.420854300,0.000034700,0.020000000,0.020000000,1034322.420889000,1034322.440854300,0,
1648,1034322.436052700,0.000040800,0.020000000,0.020000000,1034322.436093500,1034322.456052700,0,
1649,1034322.450949200,0.000068000,0.020000000,0.020000000,1034322.451017200,1034322.470949200,0,
1650,1034322.482165300,0.000053000,0.020000000,0.020000000,1034322.482218300,1034322.502165300,0,
1651,1034322.497462200,0.000032500,0.020000000,0.020000000,1034322.497494700,1034322.517462200,0,
1652,1034322.512695200,0.000024700,0.020000000,0.020000000,1034322.512719900,1034322.532695200,0,
1653,1034322.544263000,0.000056800,0.020000000,0.020000000,1034322.544319800,1034322.564263000,0,
1654,1034322.560095200,0.000046000,0.020000000,0.020000000,1034322.560141200,1034322.580095200,0,
1655,1034322.575559300,0.000039800,0.020000000,0.020000000,1034322.575599100,1034322.595559300,0,
1656,1034322.590873800,0.000043900,0.020000000,0.020000000,1034322.590917700,1034322.610873800,0,
1657,1034322.621898500,0.000071800,0.020000000,0.020000000,1034322.621970300,1034322.641898500,0,
1658,1034322.637997600,0.000057000,0.020000000,0.020000000,1034322.638054600,1034322.657997600,0,
1659,1034322.653291500,0.000047400,0.020000000,0.020000000,1034322.653338900,1034322.673291500,0,
1660,1034322.683671100,0.000096600,0.020000000,0.020000000,1034322.683767700,1034322.703671100,0,
1661,1034322.699931300,0.000034000,0.020000000,0.020000000,1034322.699965300,1034322.719931300,0,
1662,1034322.715447500,0.000038100,0.020000000,0.020000000,1034322.715485600,1034322.735447500,0,
1663,1034322.730978900,0.000045000,0.020000000,0.020000000,1034322.731023900,1034322.750978900,0,
1664,1034322.761912700,0.000039700,0.020000000,0.020000000,1034322.761952400,1034322.781912700,0,
1665,1034322.777336400,0.000062700,0.020000000,0.020000000,1034322.777399100,1034322.797336400,0,
1666,1034322.793348400,0.000055300,0.020000000,0.020000000,1034322.793403700,1034322.813348400,0,
1667,1034322.809543300,0.000031400,0.020000000,0.020000000,1034322.809574700,1034322.829543300,0,
1668,1034322.839945900,0.000043600,0.020000000,0.020000000,1034322.839989500,1034322.859945900,0,
1669,1034322.855413900,0.000054800,0.020000000,0.020000000,1034322.855468700,1034322.875413900,0,
1670,1034322.871229700,0.000036200,0.020000000,0.020000000,1034322.871265900,1034322.891229700,0,
1671,1034322.902497200,0.000038400,0.020000000,0.020000000,1034322.902535600,1034322.922497200,0,
1672,1034322.917996700,0.000050800,0.020000000,0.020000000,1034322.918047500,1034322.937996700,0,
1673,1034322.933766500,0.000056300,0.020000000,0.020000000,1034322.933822800,1034322.953766500,0,
1674,1034322.950323100,0.000033500,0.020000000,0.020000000,1034322.950356600,1034322.970323100,0,
1675,1034322.980908400,0.000044800,0.020000000,0.020000000,1034322.980953200,1034323.000908400,0,
1676,1034322.996897600,0.000043800,0.020000000,0.020000000,1034322.996941400,1034323.016897600,0,
1677,1034323.012530900,0.000033100,0.020000000,0.020000000,1034323.012564000,1034323.032530900,0,
1678,1034323.043383500,0.000056800,0.020000000,0.020000000,1034323.043440300,1034323.063383500,0,
1679,1034323.058490500,0.000059200,0.020000000,0.020000000,1034323.058549700,1034323.078490500,0,
1680,1034323.073283800,0.000044700,0.020000000,0.020000000,1034323.073328500,1034323.093283800,0,
1681,1034323.104375000,0.000044000,0.020000000,0.020000000,1034323.104419000,1034323.124375000,0,
1682,1034323.119833400,0.000064400,0.020000000,0.020000000,1034323.119897800,1034323.139833400,0,
1683,1034323.135755900,0.000041200,0.020000000,0.020000000,1034323.135797100,1034323.155755900,0,
1684,1034323.150861700,0.000047600,0.020000000,0.020000000,1034323.150909300,1034323.170861700,0,
1685,1034323.181839800,0.000063600,0.020000000,0.020000000,1034323.181903400,1034323.201839800,0,
1686,1034323.198480500,0.000080100,0.020000000,0.020000000,1034323.198560600,1034323.218480500,0,
1687,1034323.214281400,0.000031500,0.020000000,0.020000000,1034323.214312900,1034323.234281400,0,
1688,1034323.229534600,0.000045300,0.020000000,0.020000000,1034323.229579900,1034323.249534600,0,
1689,1034323.260607900,0.000053000,0.020000000,0.020000000,1034323.260660900,1034323.280607900,0,
1690,1034323.276401900,0.000038500,0.020000000,0.020000000,1034323.276440400,1034323.296401900,0,
1691,1034323.291886800,0.000048300,0.020000000,0.020000000,1034323.291935100,1034323.311886800,0,
1692,1034323.323385500,0.000035300,0.020000000,0.020000000,1034323.323420800,1034323.343385500,0,
1693,1034323.338847500,0.000035900,0.020000000,0.020000000,1034323.338883400,1034323.358847500,0,
1694,1034323.354035700,0.000046400,0.020000000,0.020000000,1034323.354082100,1034323.374035700,0,
1695,1034323.369961500,0.000019600,0.020000000,0.020000000,1034323.369981100,1034323.389961500,0,
1696,1034323.399643500,0.000046900,0.020000000,0.020000000,1034323.399690400,1034323.419643500,0,
1697,1034323.415098800,0.000049700,0.020000000,0.020000000,1034323.415148500,1034323.435098800,0,
1698,1034323.430735600,0.000037900,0.020000000,0.020000000,1034323.430773500,1034323.450735600,0,
1699,1034323.461501600,0.000061900,0.020000000,0.020000000,1034323.461563500,1034323.481501600,0,
1700,1034323.477399600,0.000060600,0.020000000,0.020000000,1034323.477460200,1034323.497399600,0,
1701,1034323.493064400,0.000048000,0.020000000,0.020000000,1034323.493112400,1034323.513064400,0,
1702,1034323.523423300,0.000049100,0.020000000,0.020000000,1034323.523472400,1034323.543423300,0,
1703,1034323.539019500,0.000048700,0.020000000,0.020000000,1034323.539068200,1034323.559019500,0,
1704,1034323.554991400,0.000043900,0.020000000,0.020000000,1034323.555035300,1034323.574991400,0,
1705,1034323.570276100,0.000044800,0.020000000,0.020000000,1034323.570320900,1034323.590276100,0,
1706,1034323.600962800,0.000061700,0.020000000,0.020000000,1034323.601024500,1034323.620962800,0,
1707,1034323.616114000,0.000054200,0.020000000,0.020000000,1034323.616168200,1034323.636114000,0,
1708,1034323.631738600,0.000035700,0.020000000,0.020000000,1034323.631774300,1034323.651738600,0,
1709,1034323.663327700,0.000037000,0.020000000,0.020000000,1034323.663364700,1034323.683327700,0,
1710,1034323.678902700,0.000039500,0.020000000,0.020000000,1034323.678942200,1034323.698902700,0,
1711,1034323.693877500,0.000042700,0.020000000,0.020000000,1034323.693920200,1034323.713877500,0,
1712,1034323.710169100,0.000031200,0.020000000,0.020000000,1034323.710200300,1034323.730169100,0,
1713,1034323.741432200,0.000053500,0.020000000,0.020000000,1034323.741485700,1034323.761432200,0,
1714,1034323.757167500,0.000036900,0.020000000,0.020000000,1034323.757204400,1034323.777167500,0,
1715,1034323.773189700,0.000036200,0.020000000,0.020000000,1034323.773225900,1034323.793189700,0,
1716,1034323.803548000,0.000062100,0.020000000,0.020000000,1034323.803610100,1034323.823548000,0,
1717,1034323.819651200,0.000052200,0.020000000,0.020000000,1034323.819703400,1034323.839651200,0,
1718,1034323.834798800,0.000051200,0.020000000,0.020000000,1034323.834850000,1034323.854798800,0,
1719,1034323.850796400,0.000039100,0.020000000,0.020000000,1034323.850835500,1034323.870796400,0,
1720,1034323.881790300,0.000047200,0.020000000,0.020000000,1034323.881837500,1034323.901790300,0,
1721,1034323.897613400,0.000043300,0.020000000,0.020000000,1034323.897656700,1034323.917613400,0,
1722,1034323.912700400,0.000044400,0.020000000,0.020000000,1034323.912744800,1034323.932700400,0,
1723,1034323.944662400,0.000058500,0.020000000,0.020000000,1034323.944720900,1034323.964662400,0,
1724,1034323.959926400,0.000046500,0.020000000,0.020000000,1034323.959972900,1034323.979926400,0,
1725,1034323.975543400,0.000059600,0.020000000,0.020000000,1034323.975603000,1034323.995543400,0,
1726,1034323.991100800,0.000042800,0.020000000,0.020000000,1034323.991143600,1034324.011100800,0,
1727,1034324.022332900,0.000051100,0.020000000,0.020000000,1034324.022384000,1034324.042332900,0,
1728,1034324.038497300,0.000052200,0.020000000,0.020000000,1034324.038549500,1034324.058497300,0,
1729,1034324.053239700,0.000054700,0.020000000,0.020000000,1034324.053294400,1034324.073239700,0,
1730,1034324.084046900,0.000051200,0.020000000,0.020000000,1034324.084098100,1034324.104046900,0,
1731,1034324.100143300,0.000055200,0.020000000,0.020000000,1034324.100198500,1034324.120143300,0,
1732,1034324.115742200,0.000043200,0.020000000,0.020000000,1034324.115785400,1034324.135742200,0,
1733,1034324.130936400,0.000041100,0.020000000,0.020000000,1034324.130977500,1034324.150936400,0,
1734,1034324.163061100,0.000052500,0.020000000,0.020000000,1034324.163113600,1034324.183061100,0,
1735,1034324.178780900,0.000059800,0.020000000,0.020000000,1034324.178840700,1034324.198780900,0,
1736,1034324.193894600,0.000047000,0.020000000,0.020000000,1034324.193941600,1034324.213894600,0,
1737,1034324.210355300,0.000031900,0.020000000,0.020000000,1034324.210387200,1034324.230355300,0,
1738,1034324.241326000,0.000027400,0.020000000,0.020000000,1034324.241353400,1034324.261326000,0,
1739,1034324.256445000,0.000048500,0.020000000,0.020000000,1034324.256493500,1034324.276445000,0,
1740,1034324.271116000,0.000035400,0.020000000,0.020000000,1034324.271151400,1034324.291116000,0,
1741,1034324.303439900,0.000047100,0.020000000,0.020000000,1034324.303487000,1034324.323439900,0,
1742,1034324.318887200,0.000058500,0.020000000,0.020000000,1034324.318945700,1034324.338887200,0,
1743,1034324.333939800,0.000046500,0.020000000,0.020000000,1034324.333986300,1034324.353939800,0,
1744,1034324.349230100,0.000035200,0.020000000,0.020000000,1034324.349265300,1034324.369230100,0,
1745,1034324.380241800,0.000052500,0.020000000,0.020000000,1034324.380294300,1034324.400241800,0,
1746,1034324.396240200,0.000046800,0.020000000,0.020000000,1034324.396287000,1034324.416240200,0,
1747,1034324.413140400,0.000033400,0.020000000,0.020000000,1034324.413173800,1034324.433140400,0,
1748,1034324.443711800,0.000048700,0.020000000,0.020000000,1034324.443760500,1034324.463711800,0,
1749,1034324.459708200,0.000049200,0.020000000,0.020000000,1034324.459757400,1034324.479708200,0,
1750,1034324.474896900,0.000051000,0.020000000,0.020000000,1034324.474947900,1034324.494896900,0,
1751,1034324.490476600,0.000035700,0.020000000,0.020000000,1034324.490512300,1034324.510476600,0,
1752,1034324.522318800,0.000037200,0.020000000,0.020000000,1034324.522356000,1034324.542318800,0,
1753,1034324.538436200,0.000045200,0.020000000,0.020000000,1034324.538481400,1034324.558436200,0,
1754,1034324.553819700,0.000050200,0.020000000,0.020000000,1034324.553869900,1034324.573819700,0,
1755,1034324.570047400,0.000034800,0.020000000,0.020000000,1034324.570082200,1034324.590047400,0,
1756,1034324.601024100,0.000043900,0.020000000,0.020000000,1034324.601068000,1034324.621024100,0,
1757,1034324.616125500,0.000036600,0.020000000,0.020000000,1034324.616162100,1034324.636125500,0,
1758,1034324.631480000,0.000049000,0.020000000,0.020000000,1034324.631529000,1034324.651480000,0,
1759,1034324.663073700,0.000087800,0.020000000,0.020000000,1034324.663161500,1034324.683073700,0,
1760,1034324.678860200,0.000046700,0.020000000,0.020000000,1034324.678906900,1034324.698860200,0,
1761,1034324.694007800,0.000034500,0.020000000,0.020000000,1034324.694042300,1034324.714007800,0,
1762,1034324.710046300,0.000037600,0.020000000,0.020000000,1034324.710083900,1034324.730046300,0,
1763,1034324.741426500,0.000107500,0.020000000,0.020000000,1034324.741534000,1034324.761426500,0,
1764,1034324.756535000,0.000039900,0.020000000,0.020000000,1034324.756574900,1034324.776535000,0,
1765,1034324.771394500,0.000045500,0.020000000,0.020000000,1034324.771440000,1034324.791394500,0,
1766,1034324.803147600,0.000052500,0.020000000,0.020000000,1034324.803200100,1034324.823147600,0,
1767,1034324.818795100,0.000042100,0.020000000,0.020000000,1034324.818837200,1034324.838795100,0,
1768,1034324.834735900,0.000039900,0.020000000,0.020000000,1034324.834775800,1034324.854735900,0,
1769,1034324.849820800,0.000044100,0.020000000,0.020000000,1034324.849864900,1034324.869820800,0,
1770,1034324.880809600,0.000035500,0.020000000,0.020000000,1034324.880845100,1034324.900809600,0,
1771,1034324.896813100,0.000057400,0.020000000,0.020000000,1034324.896870500,1034324.916813100,0,
1772,1034324.911910700,0.000045000,0.020000000,0.020000000,1034324.911955700,1034324.931910700,0,
1773,1034324.942894200,0.000088700,0.020000000,0.020000000,1034324.942982900,1034324.962894200,0,
1774,1034324.959421600,0.000040400,0.020000000,0.020000000,1034324.959462000,1034324.979421600,0,
1775,1034324.974657000,0.000047300,0.020000000,0.020000000,1034324.974704300,1034324.994657000,0,
1776,1034324.990390300,0.000033900,0.020000000,0.020000000,1034324.990424200,1034325.010390300,0,
1777,1034325.021808600,0.000116100,0.020000000,0.020000000,1034325.021924700,1034325.041808600,0,
1778,1034325.036863200,0.000055300,0.020000000,0.020000000,1034325.036918500,1034325.056863200,0,
1779,1034325.053085700,0.000040300,0.020000000,0.020000000,1034325.053126000,1034325.073085700,0,
1780,1034325.083171500,0.000054600,0.020000000,0.020000000,1034325.083226100,1034325.103171500,0,
1781,1034325.098374900,0.000051800,0.020000000,0.020000000,1034325.098426700,1034325.118374900,0,
1782,1034325.113700000,0.000036100,0.020000000,0.020000000,1034325.113736100,1034325.133700000,0,
1783,1034325.143933800,0.000050700,0.020000000,0.020000000,1034325.143984500,1034325.163933800,0,
1784,1034325.159123900,0.000046700,0.020000000,0.020000000,1034325.159170600,1034325.179123900,0,
1785,1034325.174783100,0.000055600,0.020000000,0.020000000,1034325.174838700,1034325.194783100,0,
1786,1034325.190546400,0.000041700,0.020000000,0.020000000,1034325.190588100,1034325.210546400,0,
1787,1034325.222394300,0.000043700,0.020000000,0.020000000,1034325.222438000,1034325.242394300,0,
1788,1034325.238210700,0.000110400,0.020000000,0.020000000,1034325.238321100,1034325.258210700,0,
1789,1034325.253750300,0.000032800,0.020000000,0.020000000,1034325.253783100,1034325.273750300,0,
1790,1034325.269726800,0.000046000,0.020000000,0.020000000,1034325.269772800,1034325.289726800,0,
1791,1034325.301767500,0.000055200,0.020000000,0.020000000,1034325.301822700,1034325.321767500,0,
1792,1034325.317795900,0.000070900,0.020000000,0.020000000,1034325.317866800,1034325.337795900,0,
1793,1034325.332903600,0.000052900,0.020000000,0.020000000,1034325.332956500,1034325.352903600,0,
1794,1034325.364599500,0.000021500,0.020000000,0.020000000,1034325.364621000,1034325.384599500,0,
1795,1034325.380059100,0.000047400,0.020000000,0.020000000,1034325.380106500,1034325.400059100,0,
1796,1034325.395769700,0.000048100,0.020000000,0.020000000,1034325.395817800,1034325.415769700,0,
1797,1034325.410943900,0.000051100,0.020000000,0.020000000,1034325.410995000,1034325.430943900,0,
1798,1034325.442910800,0.000052000,0.020000000,0.020000000,1034325.442962800,1034325.462910800,0,
1799,1034325.458393400,0.000048400,0.020000000,0.020000000,1034325.458441800,1034325.478393400,0,
1800,1034325.474570900,0.000028800,0.020000000,0.020000000,1034325.474599700,1034325.494570900,0,
1801,1034325.489883800,0.000035800,0.020000000,0.020000000,1034325.489919600,1034325.509883800,0,
1802,1034325.521314200,0.000053700,0.020000000,0.020000000,1034325.521367900,1034325.541314200,0,
1803,1034325.536973000,0.000048200,0.020000000,0.020000000,1034325.537021200,1034325.556973000,0,
1804,1034325.553254400,0.000099800,0.020000000,0.020000000,1034325.553354200,1034325.573254400,0,
1805,1034325.584933900,0.000041200,0.020000000,0.020000000,1034325.584975100,1034325.604933900,0,
1806,1034325.600730600,0.000054600,0.020000000,0.020000000,1034325.600785200,1034325.620730600,0,
1807,1034325.616453300,0.000075600,0.020000000,0.020000000,1034325.616528900,1034325.636453300,0,
1808,1034325.632088100,0.000048000,0.020000000,0.020000000,1034325.632136100,1034325.652088100,0,
1809,1034325.662919500,0.000043600,0.020000000,0.020000000,1034325.662963100,1034325.682919500,0,
1810,1034325.678591400,0.000060500,0.020000000,0.020000000,1034325.678651900,1034325.698591400,0,
1811,1034325.693767800,0.000056100,0.020000000,0.020000000,1034325.693823900,1034325.713767800,0,
1812,1034325.710078400,0.000041800,0.020000000,0.020000000,1034325.710120200,1034325.730078400,0,
1813,1034325.740941700,0.000041000,0.020000000,0.020000000,1034325.740982700,1034325.760941700,0,
1814,1034325.756432800,0.000060300,0.020000000,0.020000000,1034325.756493100,1034325.776432800,0,
1815,1034325.773277200,0.000048500,0.020000000,0.020000000,1034325.773325700,1034325.793277200,0,
1816,1034325.804257600,0.000049000,0.020000000,0.020000000,1034325.804306600,1034325.824257600,0,
1817,1034325.818852600,0.000050500,0.020000000,0.020000000,1034325.818903100,1034325.838852600,0,
1818,1034325.834079800,0.000065100,0.020000000,0.020000000,1034325.834144900,1034325.854079800,0,
1819,1034325.849749900,0.000041600,0.020000000,0.020000000,1034325.849791500,1034325.869749900,0,
1820,1034325.880698600,0.000045700,0.020000000,0.020000000,1034325.880744300,1034325.900698600,0,
1821,1034325.896213700,0.000055700,0.020000000,0.020000000,1034325.896269400,1034325.916213700,0,
1822,1034325.912333700,0.000063100,0.020000000,0.020000000,1034325.912396800,1034325.932333700,0,
1823,1034325.942938500,0.000069900,0.020000000,0.020000000,1034325.943008400,1034325.962938500,0,
1824,1034325.958092800,0.000056500,0.020000000,0.020000000,1034325.958149300,1034325.978092800,0,
1825,1034325.973548900,0.000053200,0.020000000,0.020000000,1034325.973602100,1034325.993548900,0,
1826,1034326.004598700,0.000054900,0.020000000,0.020000000,1034326.004653600,1034326.024598700,0,
1827,1034326.020284400,0.000079300,0.020000000,0.020000000,1034326.020363700,1034326.040284400,0,
1828,1034326.035332000,0.000040600,0.020000000,0.020000000,1034326.035372600,1034326.055332000,0,
1829,1034326.050825100,0.000058700,0.020000000,0.020000000,1034326.050883800,1034326.070825100,0,
1830,1034326.081719300,0.000056600,0.020000000,0.020000000,1034326.081775900,1034326.101719300,0,
1831,1034326.096940300,0.000059100,0.020000000,0.020000000,1034326.096999400,1034326.116940300,0,
1832,1034326.112306700,0.000042600,0.020000000,0.020000000,1034326.112349300,1034326.132306700,0,
1833,1034326.143491500,0.000062800,0.020000000,0.020000000,1034326.143554300,1034326.163491500,0,
1834,1034326.159576600,0.000061000,0.020000000,0.020000000,1034326.159637600,1034326.179576600,0,
1835,1034326.175247200,0.000059300,0.020000000,0.020000000,1034326.175306500,1034326.195247200,0,
1836,1034326.190781000,0.000057500,0.020000000,0.020000000,1034326.190838500,1034326.210781000,0,
1837,1034326.221774500,0.000056800,0.020000000,0.020000000,1034326.221831300,1034326.241774500,0,
1838,1034326.236837700,0.000057800,0.020000000,0.020000000,1034326.236895500,1034326.256837700,0,
1839,1034326.252319000,0.000041500,0.020000000,0.020000000,1034326.252360500,1034326.272319000,0,
1840,1034326.283078200,0.000044200,0.020000000,0.020000000,1034326.283122400,1034326.303078200,0,
1841,1034326.298783200,0.000047200,0.020000000,0.020000000,1034326.298830400,1034326.318783200,0,
1842,1034326.314011000,0.000045200,0.020000000,0.020000000,1034326.314056200,1034326.334011000,0,
1843,1034326.329496700,0.000039200,0.020000000,0.020000000,1034326.329535900,1034326.349496700,0,
1844,1034326.361593200,0.000022900,0.020000000,0.020000000,1034326.361616100,1034326.381593200,0,
1845,1034326.377419300,0.000056900,0.020000000,0.020000000,1034326.377476200,1034326.397419300,0,
1846,1034326.393113500,0.000039900,0.020000000,0.020000000,1034326.393153400,1034326.413113500,0,
1847,1034326.424096200,0.000096600,0.020000000,0.020000000,1034326.424192800,1034326.444096200,0,
1848,1034326.439643400,0.000048300,0.020000000,0.020000000,1034326.439691700,1034326.459643400,0,
1849,1034326.455376300,0.000056700,0.020000000,0.020000000,1034326.455433000,1034326.475376300,0,
1850,1034326.470346800,0.000055600,0.020000000,0.020000000,1034326.470402400,1034326.490346800,0,
1851,1034326.501417200,0.000057800,0.020000000,0.020000000,1034326.501475000,1034326.521417200,0,
1852,1034326.517339800,0.000022100,0.020000000,0.020000000,1034326.517361900,1034326.537339800,0,
1853,1034326.533054400,0.000049200,0.020000000,0.020000000,1034326.533103600,1034326.553054400,0,
1854,1034326.563807700,0.000041400,0.020000000,0.020000000,1034326.563849100,1034326.583807700,0,
1855,1034326.579285300,0.000037300,0.020000000,0.020000000,1034326.579322600,1034326.599285300,0,
1856,1034326.594492800,0.000058400,0.020000000,0.020000000,1034326.594551200,1034326.614492800,0,
1857,1034326.610995500,0.000036100,0.020000000,0.020000000,1034326.611031600,1034326.630995500,0,
1858,1034326.641609200,0.000052800,0.020000000,0.020000000,1034326.641662000,1034326.661609200,0,
1859,1034326.656693600,0.000061100,0.020000000,0.020000000,1034326.656754700,1034326.676693600,0,
1860,1034326.672136200,0.000040000,0.020000000,0.020000000,1034326.672176200,1034326.692136200,0,
1861,1034326.702422800,0.000047800,0.020000000,0.020000000,1034326.702470600,1034326.722422800,0,
1862,1034326.717273300,0.000054400,0.020000000,0.020000000,1034326.717327700,1034326.737273300,0,
1863,1034326.733396400,0.000043900,0.020000000,0.020000000,1034326.733440300,1034326.753396400,0,
1864,1034326.763987400,0.000058600,0.020000000,0.020000000,1034326.764046000,1034326.783987400,0,
1865,1034326.779289900,0.000060600,0.020000000,0.020000000,1034326.779350500,1034326.799289900,0,
1866,1034326.794826800,0.000046900,0.020000000,0.020000000,1034326.794873700,1034326.814826800,0,
1867,1034326.810993900,0.000040300,0.020000000,0.020000000,1034326.811034200,1034326.830993900,0,
1868,1034326.842333400,0.000051400,0.020000000,0.020000000,1034326.842384800,1034326.862333400,0,
1869,1034326.857639800,0.000063600,0.020000000,0.020000000,1034326.857703400,1034326.877639800,0,
1870,1034326.873579000,0.000034900,0.020000000,0.020000000,1034326.873613900,1034326.893579000,0,
1871,1034326.904390700,0.000057700,0.020000000,0.020000000,1034326.904448400,1034326.924390700,0,
1872,1034326.920520500,0.000061000,0.020000000,0.020000000,1034326.920581500,1034326.940520500,0,
1873,1034326.936617300,0.000055200,0.020000000,0.020000000,1034326.936672500,1034326.956617300,0,
1874,1034326.953264800,0.000065400,0.020000000,0.020000000,1034326.953330200,1034326.973264800,0,
1875,1034326.983958900,0.000057500,0.020000000,0.020000000,1034326.984016400,1034327.003958900,0,
1876,1034326.999777400,0.000068500,0.020000000,0.020000000,1034326.999845900,1034327.019777400,0,
1877,1034327.015678800,0.000039000,0.020000000,0.020000000,1034327.015717800,1034327.035678800,0,
1878,1034327.031170200,0.000042800,0.020000000,0.020000000,1034327.031213000,1034327.051170200,0,
1879,1034327.061676900,0.000062500,0.020000000,0.020000000,1034327.061739400,1034327.081676900,0,
1880,1034327.077486300,0.000048200,0.020000000,0.020000000,1034327.077534500,1034327.097486300,0,
1881,1034327.093305000,0.000048000,0.020000000,0.020000000,1034327.093353000,1034327.113305000,0,
1882,1034327.124690500,0.000057500,0.020000000,0.020000000,1034327.124748000,1034327.144690500,0,
1883,1034327.140215200,0.000076000,0.020000000,0.020000000,1034327.140291200,1034327.160215200,0,
1884,1034327.155575200,0.000066900,0.020000000,0.020000000,1034327.155642100,1034327.175575200,0,
1885,1034327.171697800,0.000037000,0.020000000,0.020000000,1034327.171734800,1034327.191697800,0,
1886,1034327.203533900,0.000043000,0.020000000,0.020000000,1034327.203576900,1034327.223533900,0,
1887,1034327.219204900,0.000063000,0.020000000,0.020000000,1034327.219267900,1034327.239204900,0,
1888,1034327.234449400,0.000063700,0.020000000,0.020000000,1034327.234513100,1034327.254449400,0,
1889,1034327.250728800,0.000057800,0.020000000,0.020000000,1034327.250786600,1034327.270728800,0,
1890,1034327.281439800,0.000044200,0.020000000,0.020000000,1034327.281484000,1034327.301439800,0,
1891,1034327.297063500,0.000055100,0.020000000,0.020000000,1034327.297118600,1034327.317063500,0,
1892,1034327.313049900,0.000056000,0.020000000,0.020000000,1034327.313105900,1034327.333049900,0,
1893,1034327.344487000,0.000046400,0.020000000,0.020000000,1034327.344533400,1034327.364487000,0,
1894,1034327.360425100,0.000059300,0.020000000,0.020000000,1034327.360484400,1034327.380425100,0,
1895,1034327.375645000,0.000064800,0.020000000,0.020000000,1034327.375709800,1034327.395645000,0,
1896,1034327.391393000,0.000053800,0.020000000,0.020000000,1034327.391446800,1034327.411393000,0,
1897,1034327.422486900,0.000050000,0.020000000,0.020000000,1034327.422536900,1034327.442486900,0,
1898,1034327.438454100,0.000060900,0.020000000,0.020000000,1034327.438515000,1034327.458454100,0,
1899,1034327.454171400,0.000054400,0.020000000,0.020000000,1034327.454225800,1034327.474171400,0,
1900,1034327.469249100,0.000059200,0.020000000,0.020000000,1034327.469308300,1034327.489249100,0,
1901,1034327.500674800,0.000062500,0.020000000,0.020000000,1034327.500737300,1034327.520674800,0,
1902,1034327.516661700,0.000109200,0.020000000,0.020000000,1034327.516770900,1034327.536661700,0,
1903,1034327.532415100,0.000040500,0.020000000,0.020000000,1034327.532455600,1034327.552415100,0,
1904,1034327.562317700,0.000057500,0.020000000,0.020000000,1034327.562375200,1034327.582317700,0,
1905,1034327.578389900,0.000125100,0.020000000,0.020000000,1034327.578515000,1034327.598389900,0,
1906,1034327.594425400,0.000044500,0.020000000,0.020000000,1034327.594469900,1034327.614425400,0,
1907,1034327.609504500,0.000054900,0.020000000,0.020000000,1034327.609559400,1034327.629504500,0,
1908,1034327.640490200,0.000054300,0.020000000,0.020000000,1034327.640544500,1034327.660490200,0,
1909,1034327.656349900,0.000037500,0.020000000,0.020000000,1034327.656387400,1034327.676349900,0,
1910,1034327.671387900,0.000052100,0.020000000,0.020000000,1034327.671440000,1034327.691387900,0,
1911,1034327.703116700,0.000037500,0.020000000,0.020000000,1034327.703154200,1034327.723116700,0,
1912,1034327.718405400,0.000044900,0.020000000,0.020000000,1034327.718450300,1034327.738405400,0,
1913,1034327.734111500,0.000039700,0.020000000,0.020000000,1034327.734151200,1034327.754111500,0,
1914,1034327.750055100,0.000037300,0.020000000,0.020000000,1034327.750092400,1034327.770055100,0,
1915,1034327.781176800,0.000047000,0.020000000,0.020000000,1034327.781223800,1034327.801176800,0,
1916,1034327.796063900,0.000045800,0.020000000,0.020000000,1034327.796109700,1034327.816063900,0,
1917,1034327.811846600,0.000029500,0.020000000,0.020000000,1034327.811876100,1034327.831846600,0,
1918,1034327.843203600,0.000050400,0.020000000,0.020000000,1034327.843254000,1034327.863203600,0,
1919,1034327.859224600,0.000053200,0.020000000,0.020000000,1034327.859277800,1034327.879224600,0,
1920,1034327.874759900,0.000046300,0.020000000,0.020000000,1034327.874806200,1034327.894759900,0,
1921,1034327.890673900,0.000035300,0.020000000,0.020000000,1034327.890709200,1034327.910673900,0,
1922,1034327.920974200,0.000043300,0.020000000,0.020000000,1034327.921017500,1034327.940974200,0,
1923,1034327.936609400,0.000045700,0.020000000,0.020000000,1034327.936655100,1034327.956609400,0,
1924,1034327.953332400,0.000033900,0.020000000,0.020000000,1034327.953366300,1034327.973332400,0,
1925,1034327.984711800,0.000053200,0.020000000,0.020000000,1034327.984765000,1034328.004711800,0,
1926,1034328.000291600,0.000043600,0.020000000,0.020000000,1034328.000335200,1034328.020291600,0,
1927,1034328.015303900,0.000038500,0.020000000,0.020000000,1034328.015342400,1034328.035303900,0,
1928,1034328.030848200,0.000043600,0.020000000,0.020000000,1034328.030891800,1034328.050848200,0,
1929,1034328.061129200,0.000043100,0.020000000,0.020000000,1034328.061172300,1034328.081129200,0,
1930,1034328.076651200,0.000039400,0.020000000,0.020000000,1034328.076690600,1034328.096651200,0,
1931,1034328.092148700,0.000045600,0.020000000,0.020000000,1034328.092194300,1034328.112148700,0,
1932,1034328.123327200,0.000035200,0.020000000,0.020000000,1034328.123362400,1034328.143327200,0,
1933,1034328.139173700,0.000037700,0.020000000,0.020000000,1034328.139211400,1034328.159173700,0,
1934,1034328.154245600,0.000042900,0.020000000,0.020000000,1034328.154288500,1034328.174245600,0,
1935,1034328.169947200,0.000038500,0.020000000,0.020000000,1034328.169985700,1034328.189947200,0,
1936,1034328.201391600,0.000057400,0.020000000,0.020000000,1034328.201449000,1034328.221391600,0,
1937,1034328.217463900,0.000057900,0.020000000,0.020000000,1034328.217521800,1034328.237463900,0,
1938,1034328.233362600,0.000037800,0.020000000,0.020000000,1034328.233400400,1034328.253362600,0,
1939,1034328.264357100,0.000068000,0.020000000,0.020000000,1034328.264425100,1034328.284357100,0,
1940,1034328.280111500,0.000053300,0.020000000,0.020000000,1034328.280164800,1034328.300111500,0,
1941,1034328.296068700,0.000043200,0.020000000,0.020000000,1034328.296111900,1034328.316068700,0,
1942,1034328.312096000,0.000052200,0.020000000,0.020000000,1034328.312148200,1034328.332096000,0,
1943,1034328.344259700,0.000047600,0.020000000,0.020000000,1034328.344307300,1034328.364259700,0,
1944,1034328.359510300,0.000062900,0.020000000,0.020000000,1034328.359573200,1034328.379510300,0,
1945,1034328.375724400,0.000039400,0.020000000,0.020000000,1034328.375763800,1034328.395724400,0,
1946,1034328.390717400,0.000037700,0.020000000,0.020000000,1034328.390755100,1034328.410717400,0,
1947,1034328.423100400,0.000100100,0.020000000,0.020000000,1034328.423200500,1034328.443100400,0,
1948,1034328.438491700,0.000053600,0.020000000,0.020000000,1034328.438545300,1034328.458491700,0,
1949,1034328.454104800,0.000047600,0.020000000,0.020000000,1034328.454152400,1034328.474104800,0,
1950,1034328.470181500,0.000032800,0.020000000,0.020000000,1034328.470214300,1034328.490181500,0,
1951,1034328.501947600,0.000026000,0.020000000,0.020000000,1034328.501973600,1034328.521947600,0,
1952,1034328.517316500,0.000062000,0.020000000,0.020000000,1034328.517378500,1034328.537316500,0,
1953,1034328.533064300,0.000033400,0.020000000,0.020000000,1034328.533097700,1034328.553064300,0,
1954,1034328.564585300,0.000039900,0.020000000,0.020000000,1034328.564625200,1034328.584585300,0,
1955,1034328.579996700,0.000042700,0.020000000,0.020000000,1034328.580039400,1034328.599996700,0,
1956,1034328.594660800,0.000048000,0.020000000,0.020000000,1034328.594708800,1034328.614660800,0,
1957,1034328.610314300,0.000045600,0.020000000,0.020000000,1034328.610359900,1034328.630314300,0,
1958,1034328.641331800,0.000043600,0.020000000,0.020000000,1034328.641375400,1034328.661331800,0,
1959,1034328.656946500,0.000045700,0.020000000,0.020000000,1034328.656992200,1034328.676946500,0,
1960,1034328.673247600,0.000029700,0.020000000,0.020000000,1034328.673277300,1034328.693247600,0,
1961,1034328.703490400,0.000044300,0.020000000,0.020000000,1034328.703534700,1034328.723490400,0,
1962,1034328.718463900,0.000049100,0.020000000,0.020000000,1034328.718513000,1034328.738463900,0,
1963,1034328.735041800,0.000041800,0.020000000,0.020000000,1034328.735083600,1034328.755041800,0,
1964,1034328.750725800,0.000032100,0.020000000,0.020000000,1034328.750757900,1034328.770725800,0,
1965,1034328.781680100,0.000049700,0.020000000,0.020000000,1034328.781729800,1034328.801680100,0,
1966,1034328.797495200,0.000023800,0.020000000,0.020000000,1034328.797519000,1034328.817495200,0,
1967,1034328.813044000,0.000042400,0.020000000,0.020000000,1034328.813086400,1034328.833044000,0,
1968,1034328.843729400,0.000060600,0.020000000,0.020000000,1034328.843790000,1034328.863729400,0,
1969,1034328.859336400,0.000056100,0.020000000,0.020000000,1034328.859392500,1034328.879336400,0,
1970,1034328.874954400,0.000041600,0.020000000,0.020000000,1034328.874996000,1034328.894954400,0,
1971,1034328.890733900,0.000033400,0.020000000,0.020000000,1034328.890767300,1034328.910733900,0,
1972,1034328.922179900,0.000061400,0.020000000,0.020000000,1034328.922241300,1034328.942179900,0,
1973,1034328.937943600,0.000055800,0.020000000,0.020000000,1034328.937999400,1034328.957943600,0,
1974,1034328.953427400,0.000047800,0.020000000,0.020000000,1034328.953475200,1034328.973427400,0,
1975,1034328.984923500,0.000033200,0.020000000,0.020000000,1034328.984956700,1034329.004923500,0,
1976,1034328.999514100,0.000059100,0.020000000,0.020000000,1034328.999573200,1034329.019514100,0,
1977,1034329.015317900,0.000032800,0.020000000,0.020000000,1034329.015350700,1034329.035317900,0,
1978,1034329.030738700,0.000032900,0.020000000,0.020000000,1034329.030771600,1034329.050738700,0,
1979,1034329.061480500,0.000193000,0.020000000,0.020000000,1034329.061673500,1034329.081480500,0,
1980,1034329.077068600,0.000048200,0.020000000,0.020000000,1034329.077116800,1034329.097068600,0,
1981,1034329.093139200,0.000048900,0.020000000,0.020000000,1034329.093188100,1034329.113139200,0,
1982,1034329.124559900,0.000062000,0.020000000,0.020000000,1034329.124621900,1034329.144559900,0,
1983,1034329.140350600,0.000055800,0.020000000,0.020000000,1034329.140406400,1034329.160350600,0,
1984,1034329.155746300,0.000044700,0.020000000,0.020000000,1034329.155791000,1034329.175746300,0,
1985,1034329.171864200,0.000036400,0.020000000,0.020000000,1034329.171900600,1034329.191864200,0,
1986,1034329.203169400,0.000041800,0.020000000,0.020000000,1034329.203211200,1034329.223169400,0,
1987,1034329.219097700,0.000036700,0.020000000,0.020000000,1034329.219134400,1034329.239097700,0,
1988,1034329.235111700,0.000033900,0.020000000,0.020000000,1034329.235145600,1034329.255111700,0,
1989,1034329.250410500,0.000036800,0.020000000,0.020000000,1034329.250447300,1034329.270410500,0,
1990,1034329.281933000,0.000034500,0.020000000,0.020000000,1034329.281967500,1034329.301933000,0,
1991,1034329.296793800,0.000047500,0.020000000,0.020000000,1034329.296841300,1034329.316793800,0,
1992,1034329.312575300,0.000038100,0.020000000,0.020000000,1034329.312613400,1034329.332575300,0,
1993,1034329.344681800,0.000022400,0.020000000,0.020000000,1034329.344704200,1034329.364681800,0,
1994,1034329.360012800,0.000044700,0.020000000,0.020000000,1034329.360057500,1034329.380012800,0,
1995,1034329.375443900,0.000054600,0.020000000,0.020000000,1034329.375498500,1034329.395443900,0,
1996,1034329.391043600,0.000039400,0.020000000,0.020000000,1034329.391083000,1034329.411043600,0,
1997,1034329.421705900,0.000032300,0.020000000,0.020000000,1034329.421738200,1034329.441705900,0,
1998,1034329.437087300,0.000035100,0.020000000,0.020000000,1034329.437122400,1034329.457087300,0,
1999,1034329.452992100,0.000051300,0.020000000,0.020000000,1034329.453043400,1034329.472992100,0,
2000,1034329.483871300,0.000048300,0.020000000,0.020000000,1034329.483919600,1034329.503871300,0,
2001,1034329.499793600,0.000059800,0.020000000,0.020000000,1034329.499853400,1034329.519793600,0,
2002,1034329.515517500,0.000048600,0.020000000,0.020000000,1034329.515566100,1034329.535517500,0,
2003,1034329.531061200,0.000039400,0.020000000,0.020000000,1034329.531100600,1034329.551061200,0,
2004,1034329.562034700,0.000039800,0.020000000,0.020000000,1034329.562074500,1034329.582034700,0,
2005,1034329.578020100,0.000064200,0.020000000,0.020000000,1034329.578084300,1034329.598020100,0,
2006,1034329.594114700,0.000057000,0.020000000,0.020000000,1034329.594171700,1034329.614114700,0,
2007,1034329.610464300,0.000024900,0.020000000,0.020000000,1034329.610489200,1034329.630464300,0,
2008,1034329.641357600,0.000096000,0.020000000,0.020000000,1034329.641453600,1034329.661357600,0,
2009,1034329.657455500,0.000054700,0.020000000,0.020000000,1034329.657510200,1034329.677455500,0,
2010,1034329.673319500,0.000050400,0.020000000,0.020000000,1034329.673369900,1034329.693319500,0,
2011,1034329.704313900,0.000044100,0.020000000,0.020000000,1034329.704358000,1034329.724313900,0,
2012,1034329.719670500,0.000039600,0.020000000,0.020000000,1034329.719710100,1034329.739670500,0,
2013,1034329.734836600,0.000065800,0.020000000,0.020000000,1034329.734902400,1034329.754836600,0,
2014,1034329.750831900,0.000050800,0.020000000,0.020000000,1034329.750882700,1034329.770831900,0,
2015,1034329.782128500,0.000040000,0.020000000,0.020000000,1034329.782168500,1034329.802128500,0,
2016,1034329.797039800,0.000057400,0.020000000,0.020000000,1034329.797097200,1034329.817039800,0,
2017,1034329.812071800,0.000052500,0.020000000,0.020000000,1034329.812124300,1034329.832071800,0,
2018,1034329.843369200,0.000051700,0.020000000,0.020000000,1034329.843420900,1034329.863369200,0,
2019,1034329.858598900,0.000076400,0.020000000,0.020000000,1034329.858675300,1034329.878598900,0,
2020,1034329.874373200,0.000070900,0.020000000,0.020000000,1034329.874444100,1034329.894373200,0,
2021,1034329.889879900,0.000045500,0.020000000,0.020000000,1034329.889925400,1034329.909879900,0,
2022,1034329.920153000,0.000022500,0.020000000,0.020000000,1034329.920175500,1034329.940153000,0,
2023,1034329.936047800,0.000060000,0.020000000,0.020000000,1034329.936107800,1034329.956047800,0,
2024,1034329.952160200,0.000049500,0.020000000,0.020000000,1034329.952209700,1034329.972160200,0,
2025,1034329.984167300,0.000051300,0.020000000,0.020000000,1034329.984218600,1034330.004167300,0,
2026,1034329.999874000,0.000058000,0.020000000,0.020000000,1034329.999932000,1034330.019874000,0,
2027,1034330.015617600,0.000032100,0.020000000,0.020000000,1034330.015649700,1034330.035617600,0,
2028,1034330.031029700,0.000033500,0.020000000,0.020000000,1034330.031063200,1034330.051029700,0,
2029,1034330.061580300,0.000054000,0.020000000,0.020000000,1034330.061634300,1034330.081580300,0,
2030,1034330.077239700,0.000048600,0.020000000,0.020000000,1034330.077288300,1034330.097239700,0,
2031,1034330.093453000,0.000034700,0.020000000,0.020000000,1034330.093487700,1034330.113453000,0,
2032,1034330.123929600,0.000054700,0.020000000,0.020000000,1034330.123984300,1034330.143929600,0,
2033,1034330.139225300,0.000042700,0.020000000,0.020000000,1034330.139268000,1034330.159225300,0,
2034,1034330.155206400,0.000057700,0.020000000,0.020000000,1034330.155264100,1034330.175206400,0,
2035,1034330.171648600,0.000037700,0.020000000,0.020000000,1034330.171686300,1034330.191648600,0,
2036,1034330.203281200,0.000076400,0.020000000,0.020000000,1034330.203357600,1034330.223281200,0,
2037,1034330.219081400,0.000064300,0.020000000,0.020000000,1034330.219145700,1034330.239081400,0,
2038,1034330.233748400,0.000042800,0.020000000,0.020000000,1034330.233791200,1034330.253748400,0,
2039,1034330.249768900,0.000051000,0.020000000,0.020000000,1034330.249819900,1034330.269768900,0,
2040,1034330.280954600,0.000068600,0.020000000,0.020000000,1034330.281023200,1034330.300954600,0,
2041,1034330.296120400,0.000057000,0.020000000,0.020000000,1034330.296177400,1034330.316120400,0,
2042,1034330.312156900,0.000056700,0.020000000,0.020000000,1034330.312213600,1034330.332156900,0,
2043,1034330.343386700,0.000040200,0.020000000,0.020000000,1034330.343426900,1034330.363386700,0,
2044,1034330.358818800,0.000039500,0.020000000,0.020000000,1034330.358858300,1034330.378818800,0,
2045,1034330.374359100,0.000067800,0.020000000,0.020000000,1034330.374426900,1034330.394359100,0,
2046,1034330.389841300,0.000039200,0.020000000,0.020000000,1034330.389880500,1034330.409841300,0,
2047,1034330.421113900,0.000054400,0.020000000,0.020000000,1034330.421168300,1034330.441113900,0,
2048,1034330.437010700,0.000057500,0.020000000,0.020000000,1034330.437068200,1034330.457010700,0,
2049,1034330.453288000,0.000056400,0.020000000,0.020000000,1034330.453344400,1034330.473288000,0,
2050,1034330.484108300,0.000044200,0.020000000,0.020000000,1034330.484152500,1034330.504108300,0,
2051,1034330.499897200,0.000058600,0.020000000,0.020000000,1034330.499955800,1034330.519897200,0,
2052,1034330.515429300,0.000060500,0.020000000,0.020000000,1034330.515489800,1034330.535429300,0,
2053,1034330.531083700,0.000043700,0.020000000,0.020000000,1034330.531127400,1034330.551083700,0,
2054,1034330.561822200,0.000043100,0.020000000,0.020000000,1034330.561865300,1034330.581822200,0,
2055,1034330.577622700,0.000047700,0.020000000,0.020000000,1034330.577670400,1034330.597622700,0,
2056,1034330.593200900,0.000055000,0.020000000,0.020000000,1034330.593255900,1034330.613200900,0,
2057,1034330.624668900,0.000028800,0.020000000,0.020000000,1034330.624697700,1034330.644668900,0,
2058,1034330.639897100,0.000046100,0.020000000,0.020000000,1034330.639943200,1034330.659897100,0,
2059,1034330.655736800,0.000039400,0.020000000,0.020000000,1034330.655776200,1034330.675736800,0,
2060,1034330.670766600,0.000047600,0.020000000,0.020000000,1034330.670814200,1034330.690766600,0,
2061,1034330.703219600,0.000091200,0.020000000,0.020000000,1034330.703310800,1034330.723219600,0,
2062,1034330.718857200,0.000050100,0.020000000,0.020000000,1034330.718907300,1034330.738857200,0,
2063,1034330.733910300,0.000059800,0.020000000,0.020000000,1034330.733970100,1034330.753910300,0,
2064,1034330.749531600,0.000048200,0.020000000,0.020000000,1034330.749579800,1034330.769531600,0,
2065,1034330.780777700,0.000039200,0.020000000,0.020000000,1034330.780816900,1034330.800777700,0,
2066,1034330.796638700,0.000054700,0.020000000,0.020000000,1034330.796693400,1034330.816638700,0,
2067,1034330.813983200,0.000034500,0.020000000,0.020000000,1034330.814017700,1034330.833983200,0,
2068,1034330.843480000,0.000047400,0.020000000,0.020000000,1034330.843527400,1034330.863480000,0,
2069,1034330.859197300,0.000054400,0.020000000,0.020000000,1034330.859251700,1034330.879197300,0,
2070,1034330.874719500,0.000050200,0.020000000,0.020000000,1034330.874769700,1034330.894719500,0,
2071,1034330.890378200,0.000031000,0.020000000,0.020000000,1034330.890409200,1034330.910378200,0,
2072,1034330.922245000,0.000033800,0.020000000,0.020000000,1034330.922278800,1034330.942245000,0,
2073,1034330.938144400,0.000048100,0.020000000,0.020000000,1034330.938192500,1034330.958144400,0,
2074,1034330.954338300,0.000052700,0.020000000,0.020000000,1034330.954391000,1034330.974338300,0,
2075,1034330.970124400,0.000022500,0.020000000,0.020000000,1034330.970146900,1034330.990124400,0,
2076,1034331.000756000,0.000053700,0.020000000,0.020000000,1034331.000809700,1034331.020756000,0,
2077,1034331.016463500,0.000035100,0.020000000,0.020000000,1034331.016498600,1034331.036463500,0,
2078,1034331.031570800,0.000038100,0.020000000,0.020000000,1034331.031608900,1034331.051570800,0,
2079,1034331.062107300,0.000058900,0.020000000,0.020000000,1034331.062166200,1034331.082107300,0,
2080,1034331.077720600,0.000034200,0.020000000,0.020000000,1034331.077754800,1034331.097720600,0,
2081,1034331.093395700,0.000043200,0.020000000,0.020000000,1034331.093438900,1034331.113395700,0,
2082,1034331.109630900,0.000026400,0.020000000,0.020000000,1034331.109657300,1034331.129630900,0,
2083,1034331.139978400,0.000060700,0.020000000,0.020000000,1034331.140039100,1034331.159978400,0,
2084,1034331.156108500,0.000046400,0.020000000,0.020000000,1034331.156154900,1034331.176108500,0,
2085,1034331.171440400,0.000034500,0.020000000,0.020000000,1034331.171474900,1034331.191440400,0,
2086,1034331.203773300,0.000043700,0.020000000,0.020000000,1034331.203817000,1034331.223773300,0,
2087,1034331.219136000,0.000057900,0.020000000,0.020000000,1034331.219193900,1034331.239136000,0,
2088,1034331.234559100,0.000049700,0.020000000,0.020000000,1034331.234608800,1034331.254559100,0,
2089,1034331.250367500,0.000056400,0.020000000,0.020000000,1034331.250423900,1034331.270367500,0,
2090,1034331.280818000,0.000062500,0.020000000,0.020000000,1034331.280880500,1034331.300818000,0,
2091,1034331.295919700,0.000055600,0.020000000,0.020000000,1034331.295975300,1034331.315919700,0,
2092,1034331.312299100,0.000045100,0.020000000,0.020000000,1034331.312344200,1034331.332299100,0,
2093,1034331.343095600,0.000059500,0.020000000,0.020000000,1034331.343155100,1034331.363095600,0,
2094,1034331.358702500,0.000057900,0.020000000,0.020000000,1034331.358760400,1034331.378702500,0,
2095,1034331.374656500,0.000054100,0.020000000,0.020000000,1034331.374710600,1034331.394656500,0,
2096,1034331.390301800,0.000052900,0.020000000,0.020000000,1034331.390354700,1034331.410301800,0,
2097,1034331.421504300,0.000052300,0.020000000,0.020000000,1034331.421556600,1034331.441504300,0,
2098,1034331.437344900,0.000046200,0.020000000,0.020000000,1034331.437391100,1034331.457344900,0,
2099,1034331.453572100,0.000045300,0.020000000,0.020000000,1034331.453617400,1034331.473572100,0,
2100,1034331.484123100,0.000044400,0.020000000,0.020000000,1034331.484167500,1034331.504123100,0,
2101,1034331.499791500,0.000052800,0.020000000,0.020000000,1034331.499844300,1034331.519791500,0,
2102,1034331.515310800,0.000023900,0.020000000,0.020000000,1034331.515334700,1034331.535310800,0,
2103,1034331.530804900,0.000035200,0.020000000,0.020000000,1034331.530840100,1034331.550804900,0,
2104,1034331.561339400,0.000064500,0.020000000,0.020000000,1034331.561403900,1034331.581339400,0,
2105,1034331.577175500,0.000042000,0.020000000,0.020000000,1034331.577217500,1034331.597175500,0,
2106,1034331.592371300,0.000037500,0.020000000,0.020000000,1034331.592408800,1034331.612371300,0,
2107,1034331.623102000,0.000048400,0.020000000,0.020000000,1034331.623150400,1034331.643102000,0,
2108,1034331.638454200,0.000047100,0.020000000,0.020000000,1034331.638501300,1034331.658454200,0,
2109,1034331.653788800,0.000044600,0.020000000,0.020000000,1034331.653833400,1034331.673788800,0,
2110,1034331.668763400,0.000034900,0.020000000,0.020000000,1034331.668798300,1034331.688763400,0,
2111,1034331.700438100,0.000046400,0.020000000,0.020000000,1034331.700484500,1034331.720438100,0,
2112,1034331.716533100,0.000023600,0.020000000,0.020000000,1034331.716556700,1034331.736533100,0,
2113,1034331.731430000,0.000044000,0.020000000,0.020000000,1034331.731474000,1034331.751430000,0,
2114,1034331.762371100,0.000050000,0.020000000,0.020000000,1034331.762421100,1034331.782371100,0,
2115,1034331.778126700,0.000046000,0.020000000,0.020000000,1034331.778172700,1034331.798126700,0,
2116,1034331.794315500,0.000033100,0.020000000,0.020000000,1034331.794348600,1034331.814315500,0,
2117,1034331.810494000,0.000036500,0.020000000,0.020000000,1034331.810530500,1034331.830494000,0,
2118,1034331.841392600,0.000044400,0.020000000,0.020000000,1034331.841437000,1034331.861392600,0,
2119,1034331.856612500,0.000048000,0.020000000,0.020000000,1034331.856660500,1034331.876612500,0,
2120,1034331.873365000,0.000032300,0.020000000,0.020000000,1034331.873397300,1034331.893365000,0,
2121,1034331.904454100,0.000034000,0.020000000,0.020000000,1034331.904488100,1034331.924454100,0,
2122,1034331.920337200,0.000032600,0.020000000,0.020000000,1034331.920369800,1034331.940337200,0,
2123,1034331.935305100,0.000038200,0.020000000,0.020000000,1034331.935343300,1034331.955305100,0,
2124,1034331.951429900,0.000049200,0.020000000,0.020000000,1034331.951479100,1034331.971429900,0,
2125,1034331.983517300,0.000047700,0.020000000,0.020000000,1034331.983565000,1034332.003517300,0,
2126,1034331.998591200,0.000049800,0.020000000,0.020000000,1034331.998641000,1034332.018591200,0,
2127,1034332.014489900,0.000032500,0.020000000,0.020000000,1034332.014522400,1034332.034489900,0,
2128,1034332.029896000,0.000042700,0.020000000,0.020000000,1034332.029938700,1034332.049896000,0,
2129,1034332.061317100,0.000072000,0.020000000,0.020000000,1034332.061389100,1034332.081317100,0,
2130,1034332.076449400,0.000048300,0.020000000,0.020000000,1034332.076497700,1034332.096449400,0,
2131,1034332.092220900,0.000042100,0.020000000,0.020000000,1034332.092263000,1034332.112220900,0,
2132,1034332.122317600,0.000022600,0.020000000,0.020000000,1034332.122340200,1034332.142317600,0,
2133,1034332.138238100,0.000068500,0.020000000,0.020000000,1034332.138306600,1034332.158238100,0,
2134,1034332.153395400,0.000047000,0.020000000,0.020000000,1034332.153442400,1034332.173395400,0,
2135,1034332.184969900,0.000039300,0.020000000,0.020000000,1034332.185009200,1034332.204969900,0,
2136,1034332.200798900,0.000049800,0.020000000,0.020000000,1034332.200848700,1034332.220798900,0,
2137,1034332.216627300,0.000036800,0.020000000,0.020000000,1034332.216664100,1034332.236627300,0,
2138,1034332.231735200,0.000047800,0.020000000,0.020000000,1034332.231783000,1034332.251735200,0,
2139,1034332.262165100,0.000052400,0.020000000,0.020000000,1034332.262217500,1034332.282165100,0,
2140,1034332.277364000,0.000049200,0.020000000,0.020000000,1034332.277413200,1034332.297364000,0,
2141,1034332.293154000,0.000049400,0.020000000,0.020000000,1034332.293203400,1034332.313154000,0,
2142,1034332.309242300,0.000048200,0.020000000,0.020000000,1034332.309290500,1034332.329242300,0,
2143,1034332.340209200,0.000049000,0.020000000,0.020000000,1034332.340258200,1034332.360209200,0,
2144,1034332.355634400,0.000039300,0.020000000,0.020000000,1034332.355673700,1034332.375634400,0,
2145,1034332.371953900,0.000049500,0.020000000,0.020000000,1034332.372003400,1034332.391953900,0,
2146,1034332.403513000,0.000050900,0.020000000,0.020000000,1034332.403563900,1034332.423513000,0,
2147,1034332.419227800,0.000034500,0.020000000,0.020000000,1034332.419262300,1034332.439227800,0,
2148,1034332.435076800,0.000042900,0.020000000,0.020000000,1034332.435119700,1034332.455076800,0,
2149,1034332.450776900,0.000033500,0.020000000,0.020000000,1034332.450810400,1034332.470776900,0,
2150,1034332.481566000,0.000028400,0.020000000,0.020000000,1034332.481594400,1034332.501566000,0,
2151,1034332.497651600,0.000037900,0.020000000,0.020000000,1034332.497689500,1034332.517651600,0,
2152,1034332.512217400,0.000047000,0.020000000,0.020000000,1034332.512264400,1034332.532217400,0,
2153,1034332.544457900,0.000039000,0.020000000,0.020000000,1034332.544496900,1034332.564457900,0,
2154,1034332.560201500,0.000020600,0.020000000,0.020000000,1034332.560222100,1034332.580201500,0,
2155,1034332.575376300,0.000060900,0.020000000,0.020000000,1034332.575437200,1034332.595376300,0,
2156,1034332.590983500,0.000052400,0.020000000,0.020000000,1034332.591035900,1034332.610983500,0,
2157,1034332.623064400,0.000047200,0.020000000,0.020000000,1034332.623111600,1034332.643064400,0,
2158,1034332.639106100,0.000055500,0.020000000,0.020000000,1034332.639161600,1034332.659106100,0,
2159,1034332.655276600,0.000038700,0.020000000,0.020000000,1034332.655315300,1034332.675276600,0,
2160,1034332.671221200,0.000037000,0.020000000,0.020000000,1034332.671258200,1034332.691221200,0,
2161,1034332.703293400,0.000030400,0.020000000,0.020000000,1034332.703323800,1034332.723293400,0,
2162,1034332.718627700,0.000052600,0.020000000,0.020000000,1034332.718680300,1034332.738627700,0,
2163,1034332.734794000,0.000048600,0.020000000,0.020000000,1034332.734842600,1034332.754794000,0,
2164,1034332.750333000,0.000039700,0.020000000,0.020000000,1034332.750372700,1034332.770333000,0,
2165,1034332.781646000,0.000046800,0.020000000,0.020000000,1034332.781692800,1034332.801646000,0,
2166,1034332.797617300,0.000049400,0.020000000,0.020000000,1034332.797666700,1034332.817617300,0,
2167,1034332.813307000,0.000031800,0.020000000,0.020000000,1034332.813338800,1034332.833307000,0,
2168,1034332.844179100,0.000053000,0.020000000,0.020000000,1034332.844232100,1034332.864179100,0,
2169,1034332.859842700,0.000052100,0.020000000,0.020000000,1034332.859894800,1034332.879842700,0,
2170,1034332.875386600,0.000053500,0.020000000,0.020000000,1034332.875440100,1034332.895386600,0,
2171,1034332.890970200,0.000050400,0.020000000,0.020000000,1034332.891020600,1034332.910970200,0,
2172,1034332.923647900,0.000026300,0.020000000,0.020000000,1034332.923674200,1034332.943647900,0,
2173,1034332.939212900,0.000036700,0.020000000,0.020000000,1034332.939249600,1034332.959212900,0,
2174,1034332.955381300,0.000043400,0.020000000,0.020000000,1034332.955424700,1034332.975381300,0,
2175,1034332.971300900,0.000045000,0.020000000,0.020000000,1034332.971345900,1034332.991300900,0,
2176,1034333.003457400,0.000036000,0.020000000,0.020000000,1034333.003493400,1034333.023457400,0,
2177,1034333.018904100,0.000021600,0.020000000,0.020000000,1034333.018925700,1034333.038904100,0,
2178,1034333.035109900,0.000033500,0.020000000,0.020000000,1034333.035143400,1034333.055109900,0,
2179,1034333.049749600,0.000033200,0.020000000,0.020000000,1034333.049782800,1034333.069749600,0,
2180,1034333.080780100,0.000052300,0.020000000,0.020000000,1034333.080832400,1034333.100780100,0,
2181,1034333.096906700,0.000046800,0.020000000,0.020000000,1034333.096953500,1034333.116906700,0,
2182,1034333.112229400,0.000031900,0.020000000,0.020000000,1034333.112261300,1034333.132229400,0,
2183,1034333.143266900,0.000039400,0.020000000,0.020000000,1034333.143306300,1034333.163266900,0,
2184,1034333.158853600,0.000054000,0.020000000,0.020000000,1034333.158907600,1034333.178853600,0,
2185,1034333.174803900,0.000043400,0.020000000,0.020000000,1034333.174847300,1034333.194803900,0,
2186,1034333.190117400,0.000040500,0.020000000,0.020000000,1034333.190157900,1034333.210117400,0,
2187,1034333.221153400,0.000050200,0.020000000,0.020000000,1034333.221203600,1034333.241153400,0,
2188,1034333.236931200,0.000035700,0.020000000,0.020000000,1034333.236966900,1034333.256931200,0,
2189,1034333.252242600,0.000047000,0.020000000,0.020000000,1034333.252289600,1034333.272242600,0,
2190,1034333.284285100,0.000051300,0.020000000,0.020000000,1034333.284336400,1034333.304285100,0,
2191,1034333.300346900,0.000052500,0.020000000,0.020000000,1034333.300399400,1034333.320346900,0,
2192,1034333.316180300,0.000054100,0.020000000,0.020000000,1034333.316234400,1034333.336180300,0,
2193,1034333.331828700,0.000036200,0.020000000,0.020000000,1034333.331864900,1034333.351828700,0,
2194,1034333.363353100,0.000046900,0.020000000,0.020000000,1034333.363400000,1034333.383353100,0,
2195,1034333.379529900,0.000053800,0.020000000,0.020000000,1034333.379583700,1034333.399529900,0,
2196,1034333.394517900,0.000038400,0.020000000,0.020000000,1034333.394556300,1034333.414517900,0,
2197,1034333.410555600,0.000041300,0.020000000,0.020000000,1034333.410596900,1034333.430555600,0,
2198,1034333.441337600,0.000062700,0.020000000,0.020000000,1034333.441400300,1034333.461337600,0,
2199,1034333.456213100,0.000049700,0.020000000,0.020000000,1034333.456262800,1034333.476213100,0,
2200,1034333.471315600,0.000045800,0.020000000,0.020000000,1034333.471361400,1034333.491315600,0,
2201,1034333.503330800,0.000079200,0.020000000,0.020000000,1034333.503410000,1034333.523330800,0,
2202,1034333.518902900,0.000064500,0.020000000,0.020000000,1034333.518967400,1034333.538902900,0,
2203,1034333.534184500,0.000046700,0.020000000,0.020000000,1034333.534231200,1034333.554184500,0,
2204,1034333.549987600,0.000044700,0.020000000,0.020000000,1034333.550032300,1034333.569987600,0,
2205,1034333.580444200,0.000054800,0.020000000,0.020000000,1034333.580499000,1034333.600444200,0,
2206,1034333.595719600,0.000056700,0.020000000,0.020000000,1034333.595776300,1034333.615719600,0,
2207,1034333.611522500,0.000054100,0.020000000,0.020000000,1034333.611576600,1034333.631522500,0,
2208,1034333.642239400,0.000062100,0.020000000,0.020000000,1034333.642301500,1034333.662239400,0,
2209,1034333.657451800,0.000046900,0.020000000,0.020000000,1034333.657498700,1034333.677451800,0,
2210,1034333.673006500,0.000056300,0.020000000,0.020000000,1034333.673062800,1034333.693006500,0,
2211,1034333.704276200,0.000055600,0.020000000,0.020000000,1034333.704331800,1034333.724276200,0,
2212,1034333.720471100,0.000031600,0.020000000,0.020000000,1034333.720502700,1034333.740471100,0,
2213,1034333.735302200,0.000050500,0.020000000,0.020000000,1034333.735352700,1034333.755302200,0,
2214,1034333.750851600,0.000056600,0.020000000,0.020000000,1034333.750908200,1034333.770851600,0,
2215,1034333.782059300,0.000049000,0.020000000,0.020000000,1034333.782108300,1034333.802059300,0,
2216,1034333.798375500,0.000051100,0.020000000,0.020000000,1034333.798426600,1034333.818375500,0,
2217,1034333.814219000,0.000101800,0.020000000,0.020000000,1034333.814320800,1034333.834219000,0,
2218,1034333.829787200,0.000045600,0.020000000,0.020000000,1034333.829832800,1034333.849787200,0,
2219,1034333.861161800,0.000049700,0.020000000,0.020000000,1034333.861211500,1034333.881161800,0,
2220,1034333.877242800,0.000050900,0.020000000,0.020000000,1034333.877293700,1034333.897242800,0,
2221,1034333.893431000,0.000033500,0.020000000,0.020000000,1034333.893464500,1034333.913431000,0,
2222,1034333.909523500,0.000039100,0.020000000,0.020000000,1034333.909562600,1034333.929523500,0,
2223,1034333.940092700,0.000053000,0.020000000,0.020000000,1034333.940145700,1034333.960092700,0,
2224,1034333.955276500,0.000043500,0.020000000,0.020000000,1034333.955320000,1034333.975276500,0,
2225,1034333.971539200,0.000044700,0.020000000,0.020000000,1034333.971583900,1034333.991539200,0,
2226,1034334.003203100,0.000038200,0.020000000,0.020000000,1034334.003241300,1034334.023203100,0,
2227,1034334.018616800,0.000049300,0.020000000,0.020000000,1034334.018666100,1034334.038616800,0,
2228,1034334.033704500,0.000042700,0.020000000,0.020000000,1034334.033747200,1034334.053704500,0,
2229,1034334.049872800,0.000033400,0.020000000,0.020000000,1034334.049906200,1034334.069872800,0,
2230,1034334.080809600,0.000042300,0.020000000,0.020000000,1034334.080851900,1034334.100809600,0,
2231,1034334.096371100,0.000091600,0.020000000,0.020000000,1034334.096462700,1034334.116371100,0,
2232,1034334.112006900,0.000043200,0.020000000,0.020000000,1034334.112050100,1034334.132006900,0,
2233,1034334.143270700,0.000042500,0.020000000,0.020000000,1034334.143313200,1034334.163270700,0,
2234,1034334.158137500,0.000054000,0.020000000,0.020000000,1034334.158191500,1034334.178137500,0,
2235,1034334.173189800,0.000045100,0.020000000,0.020000000,1034334.173234900,1034334.193189800,0,
2236,1034334.189641400,0.000020900,0.020000000,0.020000000,1034334.189662300,1034334.209641400,0,
2237,1034334.220830100,0.000039500,0.020000000,0.020000000,1034334.220869600,1034334.240830100,0,
2238,1034334.236854100,0.000043400,0.020000000,0.020000000,1034334.236897500,1034334.256854100,0,
2239,1034334.253313500,0.000060500,0.020000000,0.020000000,1034334.253374000,1034334.273313500,0,
2240,1034334.284812700,0.000056600,0.020000000,0.020000000,1034334.284869300,1034334.304812700,0,
2241,1034334.300949200,0.000061200,0.020000000,0.020000000,1034334.301010400,1034334.320949200,0,
2242,1034334.316992200,0.000058200,0.020000000,0.020000000,1034334.317050400,1034334.336992200,0,
2243,1034334.333062300,0.000053500,0.020000000,0.020000000,1034334.333115800,1034334.353062300,0,
2244,1034334.364455300,0.000083400,0.020000000,0.020000000,1034334.364538700,1034334.384455300,0,
2245,1034334.380078700,0.000050300,0.020000000,0.020000000,1034334.380129000,1034334.400078700,0,
2246,1034334.396165000,0.000041000,0.020000000,0.020000000,1034334.396206000,1034334.416165000,0,
2247,1034334.411498400,0.000049200,0.020000000,0.020000000,1034334.411547600,1034334.431498400,0,
2248,1034334.443161800,0.000068400,0.020000000,0.020000000,1034334.443230200,1034334.463161800,0,
2249,1034334.459258200,0.000085900,0.020000000,0.020000000,1034334.459344100,1034334.479258200,0,
2250,1034334.475466600,0.000043200,0.020000000,0.020000000,1034334.475509800,1034334.495466600,0,
2251,1034334.490448600,0.000052100,0.020000000,0.020000000,1034334.490500700,1034334.510448600,0,
2252,1034334.521673300,0.000035800,0.020000000,0.020000000,1034334.521709100,1034334.541673300,0,
2253,1034334.537032400,0.000034800,0.020000000,0.020000000,1034334.537067200,1034334.557032400,0,
2254,1034334.553526600,0.000043000,0.020000000,0.020000000,1034334.553569600,1034334.573526600,0,
2255,1034334.584211800,0.000060200,0.020000000,0.020000000,1034334.584272000,1034334.604211800,0,
2256,1034334.599438500,0.000050900,0.020000000,0.020000000,1034334.599489400,1034334.619438500,0,
2257,1034334.615455400,0.000028300,0.020000000,0.020000000,1034334.615483700,1034334.635455400,0,
2258,1034334.630898900,0.000056100,0.020000000,0.020000000,1034334.630955000,1034334.650898900,0,
2259,1034334.663336600,0.000047500,0.020000000,0.020000000,1034334.663384100,1034334.683336600,0,
2260,1034334.678897900,0.000050000,0.020000000,0.020000000,1034334.678947900,1034334.698897900,0,
2261,1034334.693983600,0.000036100,0.020000000,0.020000000,1034334.694019700,1034334.713983600,0,
2262,1034334.710039600,0.000042600,0.020000000,0.020000000,1034334.710082200,1034334.730039600,0,
2263,1034334.741218300,0.000041300,0.020000000,0.020000000,1034334.741259600,1034334.761218300,0,
2264,1034334.756585300,0.000051400,0.020000000,0.020000000,1034334.756636700,1034334.776585300,0,
2265,1034334.773450600,0.000040200,0.020000000,0.020000000,1034334.773490800,1034334.793450600,0,
2266,1034334.804442000,0.000054700,0.020000000,0.020000000,1034334.804496700,1034334.824442000,0,
2267,1034334.820261100,0.000030300,0.020000000,0.020000000,1034334.820291400,1034334.840261100,0,
2268,1034334.835170600,0.000045900,0.020000000,0.020000000,1034334.835216500,1034334.855170600,0,
2269,1034334.850550100,0.000033600,0.020000000,0.020000000,1034334.850583700,1034334.870550100,0,
2270,1034334.881932500,0.000055400,0.020000000,0.020000000,1034334.881987900,1034334.901932500,0,
2271,1034334.897052800,0.000061400,0.020000000,0.020000000,1034334.897114200,1034334.917052800,0,
2272,1034334.913404500,0.000026300,0.020000000,0.020000000,1034334.913430800,1034334.933404500,0,
2273,1034334.944602300,0.000047700,0.020000000,0.020000000,1034334.944650000,1034334.964602300,0,
2274,1034334.960211600,0.000040100,0.020000000,0.020000000,1034334.960251700,1034334.980211600,0,
2275,1034334.975328500,0.000056200,0.020000000,0.020000000,1034334.975384700,1034334.995328500,0,
2276,1034334.990943800,0.000037400,0.020000000,0.020000000,1034334.990981200,1034335.010943800,0,
2277,1034335.022389000,0.000069600,0.020000000,0.020000000,1034335.022458600,1034335.042389000,0,
2278,1034335.037815500,0.000057300,0.020000000,0.020000000,1034335.037872800,1034335.057815500,0,
2279,1034335.053414600,0.000045400,0.020000000,0.020000000,1034335.053460000,1034335.073414600,0,
2280,1034335.084958400,0.000064100,0.020000000,0.020000000,1034335.085022500,1034335.104958400,0,
2281,1034335.100566200,0.000047400,0.020000000,0.020000000,1034335.100613600,1034335.120566200,0,
2282,1034335.116340600,0.000037900,0.020000000,0.020000000,1034335.116378500,1034335.136340600,0,
2283,1034335.131766000,0.000032600,0.020000000,0.020000000,1034335.131798600,1034335.151766000,0,
2284,1034335.163817000,0.000027000,0.020000000,0.020000000,1034335.163844000,1034335.183817000,0,
2285,1034335.179191500,0.000046100,0.020000000,0.020000000,1034335.179237600,1034335.199191500,0,
2286,1034335.195501700,0.000027300,0.020000000,0.020000000,1034335.195529000,1034335.215501700,0,
2287,1034335.211346400,0.000043500,0.020000000,0.020000000,1034335.211389900,1034335.231346400,0,
2288,1034335.243425300,0.000031100,0.020000000,0.020000000,1034335.243456400,1034335.263425300,0,
2289,1034335.259548300,0.000018200,0.020000000,0.020000000,1034335.259566500,1034335.279548300,0,
2290,1034335.275396100,0.000042800,0.020000000,0.020000000,1034335.275438900,1034335.295396100,0,
2291,1034335.290718100,0.000041500,0.020000000,0.020000000,1034335.290759600,1034335.310718100,0,
2292,1034335.321592400,0.000052400,0.020000000,0.020000000,1034335.321644800,1034335.341592400,0,
2293,1034335.337575600,0.000048200,0.020000000,0.020000000,1034335.337623800,1034335.357575600,0,
2294,1034335.353032900,0.000039700,0.020000000,0.020000000,1034335.353072600,1034335.373032900,0,
2295,1034335.383815600,0.000026000,0.020000000,0.020000000,1034335.383841600,1034335.403815600,0,
2296,1034335.399784100,0.000031500,0.020000000,0.020000000,1034335.399815600,1034335.419784100,0,
2297,1034335.415592000,0.000019600,0.020000000,0.020000000,1034335.415611600,1034335.435592000,0,
2298,1034335.430895900,0.000045000,0.020000000,0.020000000,1034335.430940900,1034335.450895900,0,
2299,1034335.461031200,0.000057400,0.020000000,0.020000000,1034335.461088600,1034335.481031200,0,
2300,1034335.476393900,0.000055600,0.020000000,0.020000000,1034335.476449500,1034335.496393900,0,
2301,1034335.492152000,0.000040800,0.020000000,0.020000000,1034335.492192800,1034335.512152000,0,
2302,1034335.523383300,0.000035100,0.020000000,0.020000000,1034335.523418400,1034335.543383300,0,
2303,1034335.539331300,0.000058500,0.020000000,0.020000000,1034335.539389800,1034335.559331300,0,
2304,1034335.554899700,0.000055500,0.020000000,0.020000000,1034335.554955200,1034335.574899700,0,
2305,1034335.570426400,0.000030600,0.020000000,0.020000000,1034335.570457000,1034335.590426400,0,
2306,1034335.601917400,0.000032400,0.020000000,0.020000000,1034335.601949800,1034335.621917400,0,
2307,1034335.617196300,0.000056100,0.020000000,0.020000000,1034335.617252400,1034335.637196300,0,
2308,1034335.633280700,0.000040800,0.020000000,0.020000000,1034335.633321500,1034335.653280700,0,
2309,1034335.663716600,0.000058500,0.020000000,0.020000000,1034335.663775100,1034335.683716600,0,
2310,1034335.679341600,0.000059100,0.020000000,0.020000000,1034335.679400700,1034335.699341600,0,
2311,1034335.695405500,0.000051400,0.020000000,0.020000000,1034335.695456900,1034335.715405500,0,
2312,1034335.710977300,0.000060200,0.020000000,0.020000000,1034335.711037500,1034335.730977300,0,
2313,1034335.742303800,0.000051000,0.020000000,0.020000000,1034335.742354800,1034335.762303800,0,
2314,1034335.757682900,0.000053900,0.020000000,0.020000000,1034335.757736800,1034335.777682900,0,
2315,1034335.773230800,0.000037900,0.020000000,0.020000000,1034335.773268700,1034335.793230800,0,
2316,1034335.804232700,0.000076300,0.020000000,0.020000000,1034335.804309000,1034335.824232700,0,
2317,1034335.820031300,0.000024300,0.020000000,0.020000000,1034335.820055600,1034335.840031300,0,
2318,1034335.835002100,0.000050600,0.020000000,0.020000000,1034335.835052700,1034335.855002100,0,
2319,1034335.850007100,0.000043300,0.020000000,0.020000000,1034335.850050400,1034335.870007100,0,
2320,1034335.880597100,0.000053600,0.020000000,0.020000000,1034335.880650700,1034335.900597100,0,
2321,1034335.895650100,0.000056100,0.020000000,0.020000000,1034335.895706200,1034335.915650100,0,
2322,1034335.911831700,0.000037000,0.020000000,0.020000000,1034335.911868700,1034335.931831700,0,
2323,1034335.943450600,0.000051400,0.020000000,0.020000000,1034335.943502000,1034335.963450600,0,
2324,1034335.958187400,0.000048100,0.020000000,0.020000000,1034335.958235500,1034335.978187400,0,
2325,1034335.973457200,0.000030400,0.020000000,0.020000000,1034335.973487600,1034335.993457200,0,
2326,1034336.004225600,0.000033600,0.020000000,0.020000000,1034336.004259200,1034336.024225600,0,
2327,1034336.019700000,0.000051700,0.020000000,0.020000000,1034336.019751700,1034336.039700000,0,
2328,1034336.034737200,0.000042200,0.020000000,0.020000000,1034336.034779400,1034336.054737200,0,
2329,1034336.050779500,0.000040000,0.020000000,0.020000000,1034336.050819500,1034336.070779500,0,
2330,1034336.081785600,0.000044800,0.020000000,0.020000000,1034336.081830400,1034336.101785600,0,
2331,1034336.098275800,0.000046300,0.020000000,0.020000000,1034336.098322100,1034336.118275800,0,
2332,1034336.113513000,0.000041200,0.020000000,0.020000000,1034336.113554200,1034336.133513000,0,
2333,1034336.144978900,0.000045100,0.020000000,0.020000000,1034336.145024000,1034336.164978900,0,
2334,1034336.161125100,0.000042500,0.020000000,0.020000000,1034336.161167600,1034336.181125100,0,
2335,1034336.176306500,0.000047700,0.020000000,0.020000000,1034336.176354200,1034336.196306500,0,
2336,1034336.191856100,0.000043800,0.020000000,0.020000000,1034336.191899900,1034336.211856100,0,
2337,1034336.223403400,0.000072800,0.020000000,0.020000000,1034336.223476200,1034336.243403400,0,
2338,1034336.239118500,0.000043600,0.020000000,0.020000000,1034336.239162100,1034336.259118500,0,
2339,1034336.254520100,0.000036900,0.020000000,0.020000000,1034336.254557000,1034336.274520100,0,
2340,1034336.270127500,0.000028500,0.020000000,0.020000000,1034336.270156000,1034336.290127500,0,
2341,1034336.300426800,0.000099100,0.020000000,0.020000000,1034336.300525900,1034336.320426800,0,
2342,1034336.316050700,0.000074300,0.020000000,0.020000000,1034336.316125000,1034336.336050700,0,
2343,1034336.331741000,0.000040100,0.020000000,0.020000000,1034336.331781100,1034336.351741000,0,
2344,1034336.363662000,0.000031900,0.020000000,0.020000000,1034336.363693900,1034336.383662000,0,
2345,1034336.378665900,0.000044300,0.020000000,0.020000000,1034336.378710200,1034336.398665900,0,
2346,1034336.393777200,0.000040100,0.020000000,0.020000000,1034336.393817300,1034336.413777200,0,
2347,1034336.409410000,0.000048300,0.020000000,0.020000000,1034336.409458300,1034336.429410000,0,
2348,1034336.440384300,0.000053000,0.020000000,0.020000000,1034336.440437300,1034336.460384300,0,
2349,1034336.456332800,0.000052100,0.020000000,0.020000000,1034336.456384900,1034336.476332800,0,
2350,1034336.471747200,0.000316200,0.020000000,0.020000000,1034336.472063400,1034336.491747200,0,
2351,1034336.503400900,0.000052800,0.020000000,0.020000000,1034336.503453700,1034336.523400900,0,
2352,1034336.519160500,0.000030200,0.020000000,0.020000000,1034336.519190700,1034336.539160500,0,
2353,1034336.535010900,0.000038500,0.020000000,0.020000000,1034336.535049400,1034336.555010900,0,
2354,1034336.550136700,0.000038200,0.020000000,0.020000000,1034336.550174900,1034336.570136700,0,
2355,1034336.581129000,0.000071300,0.020000000,0.020000000,1034336.581200300,1034336.601129000,0,
2356,1034336.596676600,0.000046000,0.020000000,0.020000000,1034336.596722600,1034336.616676600,0,
2357,1034336.612529900,0.000140100,0.020000000,0.020000000,1034336.612670000,1034336.632529900,0,
2358,1034336.644245800,0.000049700,0.020000000,0.020000000,1034336.644295500,1034336.664245800,0,
2359,1034336.659919600,0.000057600,0.020000000,0.020000000,1034336.659977200,1034336.679919600,0,
2360,1034336.675522400,0.000036500,0.020000000,0.020000000,1034336.675558900,1034336.695522400,0,
2361,1034336.691141500,0.000030100,0.020000000,0.020000000,1034336.691171600,1034336.711141500,0,
2362,1034336.723217300,0.000045900,0.020000000,0.020000000,1034336.723263200,1034336.743217300,0,
2363,1034336.738757300,0.000046200,0.020000000,0.020000000,1034336.738803500,1034336.758757300,0,
2364,1034336.754403800,0.000033900,0.020000000,0.020000000,1034336.754437700,1034336.774403800,0,
2365,1034336.769986300,0.000040500,0.020000000,0.020000000,1034336.770026800,1034336.789986300,0,
2366,1034336.800426400,0.000055700,0.020000000,0.020000000,1034336.800482100,1034336.820426400,0,
2367,1034336.816143300,0.000017900,0.020000000,0.020000000,1034336.816161200,1034336.836143300,0,
2368,1034336.831606100,0.000052200,0.020000000,0.020000000,1034336.831658300,1034336.851606100,0,
2369,1034336.863301000,0.000034200,0.020000000,0.020000000,1034336.863335200,1034336.883301000,0,
2370,1034336.878693200,0.000074300,0.020000000,0.020000000,1034336.878767500,1034336.898693200,0,
2371,1034336.893783700,0.000048000,0.020000000,0.020000000,1034336.893831700,1034336.913783700,0,
2372,1034336.909939700,0.000038000,0.020000000,0.020000000,1034336.909977700,1034336.929939700,0,
2373,1034336.940921200,0.000054400,0.020000000,0.020000000,1034336.940975600,1034336.960921200,0,
2374,1034336.956501000,0.000045800,0.020000000,0.020000000,1034336.956546800,1034336.976501000,0,
2375,1034336.973202600,0.000041000,0.020000000,0.020000000,1034336.973243600,1034336.993202600,0,
2376,1034337.003694700,0.000048600,0.020000000,0.020000000,1034337.003743300,1034337.023694700,0,
2377,1034337.019773300,0.000051400,0.020000000,0.020000000,1034337.019824700,1034337.039773300,0,
2378,1034337.035894600,0.000033900,0.020000000,0.020000000,1034337.035928500,1034337.055894600,0,
2379,1034337.051216400,0.000032500,0.020000000,0.020000000,1034337.051248900,1034337.071216400,0,
2380,1034337.083185100,0.000058500,0.020000000,0.020000000,1034337.083243600,1034337.103185100,0,
2381,1034337.098819800,0.000057800,0.020000000,0.020000000,1034337.098877600,1034337.118819800,0,
2382,1034337.114542500,0.000030800,0.020000000,0.020000000,1034337.114573300,1034337.134542500,0,
2383,1034337.130045000,0.000029300,0.020000000,0.020000000,1034337.130074300,1034337.150045000,0,
2384,1034337.162256600,0.000018100,0.020000000,0.020000000,1034337.162274700,1034337.182256600,0,
2385,1034337.178108900,0.000049000,0.020000000,0.020000000,1034337.178157900,1034337.198108900,0,
2386,1034337.194188400,0.000042300,0.020000000,0.020000000,1034337.194230700,1034337.214188400,0,
2387,1034337.210388200,0.000033700,0.020000000,0.020000000,1034337.210421900,1034337.230388200,0,
2388,1034337.241405500,0.000042300,0.020000000,0.020000000,1034337.241447800,1034337.261405500,0,
2389,1034337.257111700,0.000035300,0.020000000,0.020000000,1034337.257147000,1034337.277111700,0,
2390,1034337.273278900,0.000035500,0.020000000,0.020000000,1034337.273314400,1034337.293278900,0,
2391,1034337.303831500,0.000026500,0.020000000,0.020000000,1034337.303858000,1034337.323831500,0,
2392,1034337.318773600,0.000049400,0.020000000,0.020000000,1034337.318823000,1034337.338773600,0,
2393,1034337.334450700,0.000047200,0.020000000,0.020000000,1034337.334497900,1034337.354450700,0,
2394,1034337.349551400,0.000042100,0.020000000,0.020000000,1034337.349593500,1034337.369551400,0,
2395,1034337.381145600,0.000034500,0.020000000,0.020000000,1034337.381180100,1034337.401145600,0,
2396,1034337.395899100,0.000046000,0.020000000,0.020000000,1034337.395945100,1034337.415899100,0,
2397,1034337.411025600,0.000056000,0.020000000,0.020000000,1034337.411081600,1034337.431025600,0,
2398,1034337.443351300,0.000044300,0.020000000,0.020000000,1034337.443395600,1034337.463351300,0,
2399,1034337.458591900,0.000037200,0.020000000,0.020000000,1034337.458629100,1034337.478591900,0,
2400,1034337.474825000,0.000030100,0.020000000,0.020000000,1034337.474855100,1034337.494825000,0,
2401,1034337.490157000,0.000032500,0.020000000,0.020000000,1034337.490189500,1034337.510157000,0,
2402,1034337.520403600,0.000042700,0.020000000,0.020000000,1034337.520446300,1034337.540403600,0,
2403,1034337.535694700,0.000025900,0.020000000,0.020000000,1034337.535720600,1034337.555694700,0,
2404,1034337.551776300,0.000038300,0.020000000,0.020000000,1034337.551814600,1034337.571776300,0,
2405,1034337.583339400,0.000052400,0.020000000,0.020000000,1034337.583391800,1034337.603339400,0,
2406,1034337.598925500,0.000064300,0.020000000,0.020000000,1034337.598989800,1034337.618925500,0,
2407,1034337.614808000,0.000157600,0.020000000,0.020000000,1034337.614965600,1034337.634808000,0,
2408,1034337.630140200,0.000029500,0.020000000,0.020000000,1034337.630169700,1034337.650140200,0,
2409,1034337.661151000,0.000059000,0.020000000,0.020000000,1034337.661210000,1034337.681151000,0,
2410,1034337.677184500,0.000043500,0.020000000,0.020000000,1034337.677228000,1034337.697184500,0,
2411,1034337.693295700,0.000047200,0.020000000,0.020000000,1034337.693342900,1034337.713295700,0,
2412,1034337.724465500,0.000051200,0.020000000,0.020000000,1034337.724516700,1034337.744465500,0,
2413,1034337.739832800,0.000051400,0.020000000,0.020000000,1034337.739884200,1034337.759832800,0,
2414,1034337.755044400,0.000045800,0.020000000,0.020000000,1034337.755090200,1034337.775044400,0,
2415,1034337.770815200,0.000050700,0.020000000,0.020000000,1034337.770865900,1034337.790815200,0,
2416,1034337.801934600,0.000033200,0.020000000,0.020000000,1034337.801967800,1034337.821934600,0,
2417,1034337.817766300,0.000027200,0.020000000,0.020000000,1034337.817793500,1034337.837766300,0,
2418,1034337.833233400,0.000043900,0.020000000,0.020000000,1034337.833277300,1034337.853233400,0,
2419,1034337.864490700,0.000036500,0.020000000,0.020000000,1034337.864527200,1034337.884490700,0,
2420,1034337.879869600,0.000044100,0.020000000,0.020000000,1034337.879913700,1034337.899869600,0,
2421,1034337.895962100,0.000052700,0.020000000,0.020000000,1034337.896014800,1034337.915962100,0,
2422,1034337.911436900,0.000034400,0.020000000,0.020000000,1034337.911471300,1034337.931436900,0,
2423,1034337.943176400,0.000050600,0.020000000,0.020000000,1034337.943227000,1034337.963176400,0,
2424,1034337.959246000,0.000056900,0.020000000,0.020000000,1034337.959302900,1034337.979246000,0,
2425,1034337.974775000,0.000032400,0.020000000,0.020000000,1034337.974807400,1034337.994775000,0,
2426,1034337.990311200,0.000033600,0.020000000,0.020000000,1034337.990344800,1034338.010311200,0,
2427,1034338.021276500,0.000026500,0.020000000,0.020000000,1034338.021303000,1034338.041276500,0,
2428,1034338.036192800,0.000044200,0.020000000,0.020000000,1034338.036237000,1034338.056192800,0,
2429,1034338.051444200,0.000036900,0.020000000,0.020000000,1034338.051481100,1034338.071444200,0,
2430,1034338.082968500,0.000045700,0.020000000,0.020000000,1034338.083014200,1034338.102968500,0,
2431,1034338.098548700,0.000052300,0.020000000,0.020000000,1034338.098601000,1034338.118548700,0,
2432,1034338.114239700,0.000018900,0.020000000,0.020000000,1034338.114258600,1034338.134239700,0,
2433,1034338.129683400,0.000027900,0.020000000,0.020000000,1034338.129711300,1034338.149683400,0,
2434,1034338.161401000,0.000039700,0.020000000,0.020000000,1034338.161440700,1034338.181401000,0,
2435,1034338.177497000,0.000033500,0.020000000,0.020000000,1034338.177530500,1034338.197497000,0,
2436,1034338.193442000,0.000040600,0.020000000,0.020000000,1034338.193482600,1034338.213442000,0,
2437,1034338.224649900,0.000032400,0.020000000,0.020000000,1034338.224682300,1034338.244649900,0,
2438,1034338.240143700,0.000043600,0.020000000,0.020000000,1034338.240187300,1034338.260143700,0,
2439,1034338.255180400,0.000047000,0.020000000,0.020000000,1034338.255227400,1034338.275180400,0,
2440,1034338.270855100,0.000053400,0.020000000,0.020000000,1034338.270908500,1034338.290855100,0,
2441,1034338.301476000,0.000042100,0.020000000,0.020000000,1034338.301518100,1034338.321476000,0,
2442,1034338.317087000,0.000043500,0.020000000,0.020000000,1034338.317130500,1034338.337087000,0,
2443,1034338.333212800,0.000061100,0.020000000,0.020000000,1034338.333273900,1034338.353212800,0,
2444,1034338.364057200,0.000089900,0.020000000,0.020000000,1034338.364147100,1034338.384057200,0,
2445,1034338.379630400,0.000073500,0.020000000,0.020000000,1034338.379703900,1034338.399630400,0,
2446,1034338.394704700,0.000063100,0.020000000,0.020000000,1034338.394767800,1034338.414704700,0,
2447,1034338.410523100,0.000055400,0.020000000,0.020000000,1034338.410578500,1034338.430523100,0,
2448,1034338.441537500,0.000056200,0.020000000,0.020000000,1034338.441593700,1034338.461537500,0,
2449,1034338.457124000,0.000051500,0.020000000,0.020000000,1034338.457175500,1034338.477124000,0,
2450,1034338.473016500,0.000063600,0.020000000,0.020000000,1034338.473080100,1034338.493016500,0,
2451,1034338.504259100,0.000081000,0.020000000,0.020000000,1034338.504340100,1034338.524259100,0,
2452,1034338.520267100,0.000031400,0.020000000,0.020000000,1034338.520298500,1034338.540267100,0,
2453,1034338.535506700,0.000043400,0.020000000,0.020000000,1034338.535550100,1034338.555506700,0,
2454,1034338.551464300,0.000041400,0.020000000,0.020000000,1034338.551505700,1034338.571464300,0,
2455,1034338.582130500,0.000032700,0.020000000,0.020000000,1034338.582163200,1034338.602130500,0,
2456,1034338.597425500,0.000065800,0.020000000,0.020000000,1034338.597491300,1034338.617425500,0,
2457,1034338.613722900,0.000034700,0.020000000,0.020000000,1034338.613757600,1034338.633722900,0,
2458,1034338.644306600,0.000029900,0.020000000,0.020000000,1034338.644336500,1034338.664306600,0,
2459,1034338.659287500,0.000052000,0.020000000,0.020000000,1034338.659339500,1034338.679287500,0,
2460,1034338.674868700,0.000063900,0.020000000,0.020000000,1034338.674932600,1034338.694868700,0,
2461,1034338.690442700,0.000036500,0.020000000,0.020000000,1034338.690479200,1034338.710442700,0,
2462,1034338.721367800,0.000045900,0.020000000,0.020000000,1034338.721413700,1034338.741367800,0,
2463,1034338.736537700,0.000047400,0.020000000,0.020000000,1034338.736585100,1034338.756537700,0,
2464,1034338.753066200,0.000051100,0.020000000,0.020000000,1034338.753117300,1034338.773066200,0,
2465,1034338.783849100,0.000033500,0.020000000,0.020000000,1034338.783882600,1034338.803849100,0,
2466,1034338.799290000,0.000037300,0.020000000,0.020000000,1034338.799327300,1034338.819290000,0,
2467,1034338.815001100,0.000027500,0.020000000,0.020000000,1034338.815028600,1034338.835001100,0,
2468,1034338.830400000,0.000040200,0.020000000,0.020000000,1034338.830440200,1034338.850400000,0,
2469,1034338.862993300,0.000052300,0.020000000,0.020000000,1034338.863045600,1034338.882993300,0,
2470,1034338.878967000,0.000028600,0.020000000,0.020000000,1034338.878995600,1034338.898967000,0,
2471,1034338.893693100,0.000031400,0.020000000,0.020000000,1034338.893724500,1034338.913693100,0,
2472,1034338.924955400,0.000025200,0.020000000,0.020000000,1034338.924980600,1034338.944955400,0,
2473,1034338.940350900,0.000050500,0.020000000,0.020000000,1034338.940401400,1034338.960350900,0,
2474,1034338.955507200,0.000057100,0.020000000,0.020000000,1034338.955564300,1034338.975507200,0,
2475,1034338.971201900,0.000043300,0.020000000,0.020000000,1034338.971245200,1034338.991201900,0,
2476,1034339.003210300,0.000056700,0.020000000,0.020000000,1034339.003267000,1034339.023210300,0,
2477,1034339.018745100,0.000052200,0.020000000,0.020000000,1034339.018797300,1034339.038745100,0,
2478,1034339.034884900,0.000049500,0.020000000,0.020000000,1034339.034934400,1034339.054884900,0,
2479,1034339.050803500,0.000041800,0.020000000,0.020000000,1034339.050845300,1034339.070803500,0,
2480,1034339.082391500,0.000055000,0.020000000,0.020000000,1034339.082446500,1034339.102391500,0,
2481,1034339.098522200,0.000052300,0.020000000,0.020000000,1034339.098574500,1034339.118522200,0,
2482,1034339.113686500,0.000049200,0.020000000,0.020000000,1034339.113735700,1034339.133686500,0,
2483,1034339.145172000,0.000046800,0.020000000,0.020000000,1034339.145218800,1034339.165172000,0,
2484,1034339.161227300,0.000058700,0.020000000,0.020000000,1034339.161286000,1034339.181227300,0,
2485,1034339.177288800,0.000198800,0.020000000,0.020000000,1034339.177487600,1034339.197288800,0,
2486,1034339.193358400,0.000058400,0.020000000,0.020000000,1034339.193416800,1034339.213358400,0,
2487,1034339.223842600,0.000021100,0.020000000,0.020000000,1034339.223863700,1034339.243842600,0,
2488,1034339.239348400,0.000044600,0.020000000,0.020000000,1034339.239393000,1034339.259348400,0,
2489,1034339.254707400,0.000044800,0.020000000,0.020000000,1034339.254752200,1034339.274707400,0,
2490,1034339.270751200,0.000047800,0.020000000,0.020000000,1034339.270799000,1034339.290751200,0,
2491,1034339.301245200,0.000062500,0.020000000,0.020000000,1034339.301307700,1034339.321245200,0,
2492,1034339.316525700,0.000063100,0.020000000,0.020000000,1034339.316588800,1034339.336525700,0,
2493,1034339.332218400,0.000038300,0.020000000,0.020000000,1034339.332256700,1034339.352218400,0,
2494,1034339.363639200,0.000029900,0.020000000,0.020000000,1034339.363669100,1034339.383639200,0,
2495,1034339.379048500,0.000055100,0.020000000,0.020000000,1034339.379103600,1034339.399048500,0,
2496,1034339.395150400,0.000032100,0.020000000,0.020000000,1034339.395182500,1034339.415150400,0,
2497,1034339.410478000,0.000032300,0.020000000,0.020000000,1034339.410510300,1034339.430478000,0,
2498,1034339.441234500,0.000043900,0.020000000,0.020000000,1034339.441278400,1034339.461234500,0,
2499,1034339.456467000,0.000066300,0.020000000,0.020000000,1034339.456533300,1034339.476467000,0,
2500,1034339.473202900,0.000037700,0.020000000,0.020000000,1034339.473240600,1034339.493202900,0,
2501,1034339.504245300,0.000058800,0.020000000,0.020000000,1034339.504304100,1034339.524245300,0,
2502,1034339.520081900,0.000029600,0.020000000,0.020000000,1034339.520111500,1034339.540081900,0,
2503,1034339.536100800,0.000022400,0.020000000,0.020000000,1034339.536123200,1034339.556100800,0,
2504,1034339.552016500,0.000031900,0.020000000,0.020000000,1034339.552048400,1034339.572016500,0,
2505,1034339.583135300,0.000027500,0.020000000,0.020000000,1034339.583162800,1034339.603135300,0,
2506,1034339.598637200,0.000042100,0.020000000,0.020000000,1034339.598679300,1034339.618637200,0,
2507,1034339.614382000,0.000042000,0.020000000,0.020000000,1034339.614424000,1034339.634382000,0,
2508,1034339.630045400,0.000024500,0.020000000,0.020000000,1034339.630069900,1034339.650045400,0,
2509,1034339.661964300,0.000047100,0.020000000,0.020000000,1034339.662011400,1034339.681964300,0,
2510,1034339.677999800,0.000048000,0.020000000,0.020000000,1034339.678047800,1034339.697999800,0,
2511,1034339.693382100,0.000028800,0.020000000,0.020000000,1034339.693410900,1034339.713382100,0,
2512,1034339.724587800,0.000027700,0.020000000,0.020000000,1034339.724615500,1034339.744587800,0,
2513,1034339.740019100,0.000041600,0.020000000,0.020000000,1034339.740060700,1034339.760019100,0,
2514,1034339.755781700,0.000037400,0.020000000,0.020000000,1034339.755819100,1034339.775781700,0,
2515,1034339.771847100,0.000030100,0.020000000,0.020000000,1034339.771877200,1034339.791847100,0,
2516,1034339.803314800,0.000033800,0.020000000,0.020000000,1034339.803348600,1034339.823314800,0,
2517,1034339.818455500,0.000037100,0.020000000,0.020000000,1034339.818492600,1034339.838455500,0,
2518,1034339.834786600,0.000042200,0.020000000,0.020000000,1034339.834828800,1034339.854786600,0,
2519,1034339.850824100,0.000030600,0.020000000,0.020000000,1034339.850854700,1034339.870824100,0,
2520,1034339.881860000,0.000026900,0.020000000,0.020000000,1034339.881886900,1034339.901860000,0,
2521,1034339.897330300,0.000038400,0.020000000,0.020000000,1034339.897368700,1034339.917330300,0,
2522,1034339.913365000,0.000032900,0.020000000,0.020000000,1034339.913397900,1034339.933365000,0,
2523,1034339.944455000,0.000042200,0.020000000,0.020000000,1034339.944497200,1034339.964455000,0,
2524,1034339.960230500,0.000065100,0.020000000,0.020000000,1034339.960295600,1034339.980230500,0,
2525,1034339.975758500,0.000081200,0.020000000,0.020000000,1034339.975839700,1034339.995758500,0,
2526,1034339.991328200,0.000040200,0.020000000,0.020000000,1034339.991368400,1034340.011328200,0,
2527,1034340.021368400,0.000058900,0.020000000,0.020000000,1034340.021427300,1034340.041368400,0,
2528,1034340.036945800,0.000050900,0.020000000,0.020000000,1034340.036996700,1034340.056945800,0,
2529,1034340.053581900,0.000048700,0.020000000,0.020000000,1034340.053630600,1034340.073581900,0,
2530,1034340.084244600,0.000039900,0.020000000,0.020000000,1034340.084284500,1034340.104244600,0,
2531,1034340.099581900,0.000045600,0.020000000,0.020000000,1034340.099627500,1034340.119581900,0,
2532,1034340.114653500,0.000050100,0.020000000,0.020000000,1034340.114703600,1034340.134653500,0,
2533,1034340.130365700,0.000027100,0.020000000,0.020000000,1034340.130392800,1034340.150365700,0,
2534,1034340.161472800,0.000046700,0.020000000,0.020000000,1034340.161519500,1034340.181472800,0,
2535,1034340.177010400,0.000063200,0.020000000,0.020000000,1034340.177073600,1034340.197010400,0,
2536,1034340.193076000,0.000051300,0.020000000,0.020000000,1034340.193127300,1034340.213076000,0,
2537,1034340.224160400,0.000071600,0.020000000,0.020000000,1034340.224232000,1034340.244160400,0,
2538,1034340.239691400,0.000056100,0.020000000,0.020000000,1034340.239747500,1034340.259691400,0,
2539,1034340.255437200,0.000036300,0.020000000,0.020000000,1034340.255473500,1034340.275437200,0,
2540,1034340.270535100,0.000036200,0.020000000,0.020000000,1034340.270571300,1034340.290535100,0,
2541,1034340.301048500,0.000041600,0.020000000,0.020000000,1034340.301090100,1034340.321048500,0,
2542,1034340.317085000,0.000049000,0.020000000,0.020000000,1034340.317134000,1034340.337085000,0,
2543,1034340.333436400,0.000054900,0.020000000,0.020000000,1034340.333491300,1034340.353436400,0,
2544,1034340.364230300,0.000050600,0.020000000,0.020000000,1034340.364280900,1034340.384230300,0,
2545,1034340.379832800,0.000051200,0.020000000,0.020000000,1034340.379884000,1034340.399832800,0,
2546,1034340.395894400,0.000043500,0.020000000,0.020000000,1034340.395937900,1034340.415894400,0,
2547,1034340.412190400,0.000036600,0.020000000,0.020000000,1034340.412227000,1034340.432190400,0,
2548,1034340.443069300,0.000137500,0.020000000,0.020000000,1034340.443206800,1034340.463069300,0,
2549,1034340.458521800,0.000052800,0.020000000,0.020000000,1034340.458574600,1034340.478521800,0,
2550,1034340.474341300,0.000031600,0.020000000,0.020000000,1034340.474372900,1034340.494341300,0,
2551,1034340.490068200,0.000031800,0.020000000,0.020000000,1034340.490100000,1034340.510068200,0,
2552,1034340.521656900,0.000036200,0.020000000,0.020000000,1034340.521693100,1034340.541656900,0,
2553,1034340.537518900,0.000026800,0.020000000,0.020000000,1034340.537545700,1034340.557518900,0,
2554,1034340.553489000,0.000045000,0.020000000,0.020000000,1034340.553534000,1034340.573489000,0,
2555,1034340.584523500,0.000034300,0.020000000,0.020000000,1034340.584557800,1034340.604523500,0,
2556,1034340.600475500,0.000054400,0.020000000,0.020000000,1034340.600529900,1034340.620475500,0,
2557,1034340.616002400,0.000071500,0.020000000,0.020000000,1034340.616073900,1034340.636002400,0,
2558,1034340.631588400,0.000042300,0.020000000,0.020000000,1034340.631630700,1034340.651588400,0,
2559,1034340.663855300,0.000061600,0.020000000,0.020000000,1034340.663916900,1034340.683855300,0,
2560,1034340.678593200,0.000078500,0.020000000,0.020000000,1034340.678671700,1034340.698593200,0,
2561,1034340.694794900,0.000032800,0.020000000,0.020000000,1034340.694827700,1034340.714794900,0,
2562,1034340.710478900,0.000035400,0.020000000,0.020000000,1034340.710514300,1034340.730478900,0,
2563,1034340.741518700,0.000056100,0.020000000,0.020000000,1034340.741574800,1034340.761518700,0,
2564,1034340.757087600,0.000076300,0.020000000,0.020000000,1034340.757163900,1034340.777087600,0,
2565,1034340.772163900,0.000038000,0.020000000,0.020000000,1034340.772201900,1034340.792163900,0,
2566,1034340.803247200,0.000058500,0.020000000,0.020000000,1034340.803305700,1034340.823247200,0,
2567,1034340.818863200,0.000049700,0.020000000,0.020000000,1034340.818912900,1034340.838863200,0,
2568,1034340.834006900,0.000039700,0.020000000,0.020000000,1034340.834046600,1034340.854006900,0,
2569,1034340.850177900,0.000033000,0.020000000,0.020000000,1034340.850210900,1034340.870177900,0,
2570,1034340.881018500,0.000045600,0.020000000,0.020000000,1034340.881064100,1034340.901018500,0,
2571,1034340.896141500,0.000042200,0.020000000,0.020000000,1034340.896183700,1034340.916141500,0,
2572,1034340.911460800,0.000039200,0.020000000,0.020000000,1034340.911500000,1034340.931460800,0,
2573,1034340.943299400,0.000059100,0.020000000,0.020000000,1034340.943358500,1034340.963299400,0,
2574,1034340.959082900,0.000048400,0.020000000,0.020000000,1034340.959131300,1034340.979082900,0,
2575,1034340.974939800,0.000041600,0.020000000,0.020000000,1034340.974981400,1034340.994939800,0,
2576,1034340.990142400,0.000052800,0.020000000,0.020000000,1034340.990195200,1034341.010142400,0,
2577,1034341.021636200,0.000075800,0.020000000,0.020000000,1034341.021712000,1034341.041636200,0,
2578,1034341.036679800,0.000102800,0.020000000,0.020000000,1034341.036782600,1034341.056679800,0,
2579,1034341.051790800,0.000045800,0.020000000,0.020000000,1034341.051836600,1034341.071790800,0,
2580,1034341.083295700,0.000051000,0.020000000,0.020000000,1034341.083346700,1034341.103295700,0,
2581,1034341.098967000,0.000099900,0.020000000,0.020000000,1034341.099066900,1034341.118967000,0,
2582,1034341.114546400,0.000060300,0.020000000,0.020000000,1034341.114606700,1034341.134546400,0,
2583,1034341.130393900,0.000073300,0.020000000,0.020000000,1034341.130467200,1034341.150393900,0,
2584,1034341.160487100,0.000106300,0.020000000,0.020000000,1034341.160593400,1034341.180487100,0,
2585,1034341.176278200,0.000056900,0.020000000,0.020000000,1034341.176335100,1034341.196278200,0,
2586,1034341.192123100,0.000049000,0.020000000,0.020000000,1034341.192172100,1034341.212123100,0,
2587,1034341.223482200,0.000021700,0.020000000,0.020000000,1034341.223503900,1034341.243482200,0,
2588,1034341.238900500,0.000046600,0.020000000,0.020000000,1034341.238947100,1034341.258900500,0,
2589,1034341.254447200,0.000052600,0.020000000,0.020000000,1034341.254499800,1034341.274447200,0,
2590,1034341.270620700,0.000056200,0.020000000,0.020000000,1034341.270676900,1034341.290620700,0,
2591,1034341.302463900,0.000039500,0.020000000,0.020000000,1034341.302503400,1034341.322463900,0,
2592,1034341.318069100,0.000080700,0.020000000,0.020000000,1034341.318149800,1034341.338069100,0,
2593,1034341.333261100,0.000041200,0.020000000,0.020000000,1034341.333302300,1034341.353261100,0,
2594,1034341.363953000,0.000034200,0.020000000,0.020000000,1034341.363987200,1034341.383953000,0,
2595,1034341.379241600,0.000057800,0.020000000,0.020000000,1034341.379299400,1034341.399241600,0,
2596,1034341.395210900,0.000037600,0.020000000,0.020000000,1034341.395248500,1034341.415210900,0,
2597,1034341.411030100,0.000056300,0.020000000,0.020000000,1034341.411086400,1034341.431030100,0,
2598,1034341.442123300,0.000035900,0.020000000,0.020000000,1034341.442159200,1034341.462123300,0,
2599,1034341.457535200,0.000045700,0.020000000,0.020000000,1034341.457580900,1034341.477535200,0,
2600,1034341.473364600,0.000037300,0.020000000,0.020000000,1034341.473401900,1034341.493364600,0,
2601,1034341.503871300,0.000032700,0.020000000,0.020000000,1034341.503904000,1034341.523871300,0,
2602,1034341.518859400,0.000043000,0.020000000,0.020000000,1034341.518902400,1034341.538859400,0,
2603,1034341.535098200,0.000041100,0.020000000,0.020000000,1034341.535139300,1034341.555098200,0,
2604,1034341.551183100,0.000033900,0.020000000,0.020000000,1034341.551217000,1034341.571183100,0,
2605,1034341.581257900,0.000055300,0.020000000,0.020000000,1034341.581313200,1034341.601257900,0,
2606,1034341.597272800,0.000045600,0.020000000,0.020000000,1034341.597318400,1034341.617272800,0,
2607,1034341.613528100,0.000029400,0.020000000,0.020000000,1034341.613557500,1034341.633528100,0,
2608,1034341.643902200,0.000050100,0.020000000,0.020000000,1034341.643952300,1034341.663902200,0,
2609,1034341.659937000,0.000044100,0.020000000,0.020000000,1034341.659981100,1034341.679937000,0,
2610,1034341.675302200,0.000037800,0.020000000,0.020000000,1034341.675340000,1034341.695302200,0,
2611,1034341.690857700,0.000041400,0.020000000,0.020000000,1034341.690899100,1034341.710857700,0,
2612,1034341.722235500,0.000038900,0.020000000,0.020000000,1034341.722274400,1034341.742235500,0,
2613,1034341.738210400,0.000056100,0.020000000,0.020000000,1034341.738266500,1034341.758210400,0,
2614,1034341.753868900,0.000046700,0.020000000,0.020000000,1034341.753915600,1034341.773868900,0,
2615,1034341.769228400,0.000027900,0.020000000,0.020000000,1034341.769256300,1034341.789228400,0,
2616,1034341.800537300,0.000069100,0.020000000,0.020000000,1034341.800606400,1034341.820537300,0,
2617,1034341.816073600,0.000053800,0.020000000,0.020000000,1034341.816127400,1034341.836073600,0,
2618,1034341.831675800,0.000045100,0.020000000,0.020000000,1034341.831720900,1034341.851675800,0,
2619,1034341.862093000,0.000058800,0.020000000,0.020000000,1034341.862151800,1034341.882093000,0,
2620,1034341.878346200,0.000042800,0.020000000,0.020000000,1034341.878389000,1034341.898346200,0,
2621,1034341.894376200,0.000065800,0.020000000,0.020000000,1034341.894442000,1034341.914376200,0,
2622,1034341.909789200,0.000028900,0.020000000,0.020000000,1034341.909818100,1034341.929789200,0,
2623,1034341.940717600,0.000057800,0.020000000,0.020000000,1034341.940775400,1034341.960717600,0,
2624,1034341.956314300,0.000059300,0.020000000,0.020000000,1034341.956373600,1034341.976314300,0,
2625,1034341.972635600,0.000031600,0.020000000,0.020000000,1034341.972667200,1034341.992635600,0,
2626,1034342.003432000,0.000023400,0.020000000,0.020000000,1034342.003455400,1034342.023432000,0,
2627,1034342.018847800,0.000049500,0.020000000,0.020000000,1034342.018897300,1034342.038847800,0,
2628,1034342.034258800,0.000034300,0.020000000,0.020000000,1034342.034293100,1034342.054258800,0,
2629,1034342.050077900,0.000038400,0.020000000,0.020000000,1034342.050116300,1034342.070077900,0,
2630,1034342.081184600,0.000027800,0.020000000,0.020000000,1034342.081212400,1034342.101184600,0,
2631,1034342.096808200,0.000042600,0.020000000,0.020000000,1034342.096850800,1034342.116808200,0,
2632,1034342.111987000,0.000031700,0.020000000,0.020000000,1034342.112018700,1034342.131987000,0,
2633,1034342.143134700,0.000030400,0.020000000,0.020000000,1034342.143165100,1034342.163134700,0,
2634,1034342.158541500,0.000040400,0.020000000,0.020000000,1034342.158581900,1034342.178541500,0,
2635,1034342.173154700,0.000031600,0.020000000,0.020000000,1034342.173186300,1034342.193154700,0,
2636,1034342.204130400,0.000025100,0.020000000,0.020000000,1034342.204155500,1034342.224130400,0,
2637,1034342.219686300,0.000019000,0.020000000,0.020000000,1034342.219705300,1034342.239686300,0,
2638,1034342.235764300,0.000032100,0.020000000,0.020000000,1034342.235796400,1034342.255764300,0,
2639,1034342.251620200,0.000051500,0.020000000,0.020000000,1034342.251671700,1034342.271620200,0,
2640,1034342.283188300,0.000051000,0.020000000,0.020000000,1034342.283239300,1034342.303188300,0,
2641,1034342.298964100,0.000022400,0.020000000,0.020000000,1034342.298986500,1034342.318964100,0,
2642,1034342.314824100,0.000054100,0.020000000,0.020000000,1034342.314878200,1034342.334824100,0,
2643,1034342.330503100,0.000027100,0.020000000,0.020000000,1034342.330530200,1034342.350503100,0,
2644,1034342.361573300,0.000041700,0.020000000,0.020000000,1034342.361615000,1034342.381573300,0,
2645,1034342.377103600,0.000046100,0.020000000,0.020000000,1034342.377149700,1034342.397103600,0,
2646,1034342.393301200,0.000038100,0.020000000,0.020000000,1034342.393339300,1034342.413301200,0,
2647,1034342.424251900,0.000064300,0.020000000,0.020000000,1034342.424316200,1034342.444251900,0,
2648,1034342.439805700,0.000036700,0.020000000,0.020000000,1034342.439842400,1034342.459805700,0,
2649,1034342.455409800,0.000048600,0.020000000,0.020000000,1034342.455458400,1034342.475409800,0,
2650,1034342.470457400,0.000051200,0.020000000,0.020000000,1034342.470508600,1034342.490457400,0,
2651,1034342.501161300,0.000042300,0.020000000,0.020000000,1034342.501203600,1034342.521161300,0,
2652,1034342.517111400,0.000061900,0.020000000,0.020000000,1034342.517173300,1034342.537111400,0,
2653,1034342.533382900,0.000037600,0.020000000,0.020000000,1034342.533420500,1034342.553382900,0,
2654,1034342.564500200,0.000055000,0.020000000,0.020000000,1034342.564555200,1034342.584500200,0,
2655,1034342.580062400,0.000059600,0.020000000,0.020000000,1034342.580122000,1034342.600062400,0,
2656,1034342.596147300,0.000047300,0.020000000,0.020000000,1034342.596194600,1034342.616147300,0,
2657,1034342.611892600,0.000020600,0.020000000,0.020000000,1034342.611913200,1034342.631892600,0,
2658,1034342.643469600,0.000034500,0.020000000,0.020000000,1034342.643504100,1034342.663469600,0,
2659,1034342.659542800,0.000033500,0.020000000,0.020000000,1034342.659576300,1034342.679542800,0,
2660,1034342.675505200,0.000041000,0.020000000,0.020000000,1034342.675546200,1034342.695505200,0,
2661,1034342.691118600,0.000052300,0.020000000,0.020000000,1034342.691170900,1034342.711118600,0,
2662,1034342.723356400,0.000020000,0.020000000,0.020000000,1034342.723376400,1034342.743356400,0,
2663,1034342.738539700,0.000051700,0.020000000,0.020000000,1034342.738591400,1034342.758539700,0,
2664,1034342.754382000,0.000041000,0.020000000,0.020000000,1034342.754423000,1034342.774382000,0,
2665,1034342.769847600,0.000030500,0.020000000,0.020000000,1034342.769878100,1034342.789847600,0,
2666,1034342.801179200,0.000047100,0.020000000,0.020000000,1034342.801226300,1034342.821179200,0,
2667,1034342.817123200,0.000051900,0.020000000,0.020000000,1034342.817175100,1034342.837123200,0,
2668,1034342.833176900,0.000045000,0.020000000,0.020000000,1034342.833221900,1034342.853176900,0,
2669,1034342.864193000,0.000057400,0.020000000,0.020000000,1034342.864250400,1034342.884193000,0,
2670,1034342.879693000,0.000048300,0.020000000,0.020000000,1034342.879741300,1034342.899693000,0,
2671,1034342.895922600,0.000039400,0.020000000,0.020000000,1034342.895962000,1034342.915922600,0,
2672,1034342.911546100,0.000044900,0.020000000,0.020000000,1034342.911591000,1034342.931546100,0,
2673,1034342.941775500,0.000069100,0.020000000,0.020000000,1034342.941844600,1034342.961775500,0,
2674,1034342.957432800,0.000035700,0.020000000,0.020000000,1034342.957468500,1034342.977432800,0,
2675,1034342.973570500,0.000036600,0.020000000,0.020000000,1034342.973607100,1034342.993570500,0,
2676,1034343.005204000,0.000037900,0.020000000,0.020000000,1034343.005241900,1034343.025204000,0,
2677,1034343.020754900,0.000034300,0.020000000,0.020000000,1034343.020789200,1034343.040754900,0,
2678,1034343.036631100,0.000051400,0.020000000,0.020000000,1034343.036682500,1034343.056631100,0,
2679,1034343.051955200,0.000044000,0.020000000,0.020000000,1034343.051999200,1034343.071955200,0,
2680,1034343.083288600,0.000032200,0.020000000,0.020000000,1034343.083320800,1034343.103288600,0,
2681,1034343.098596800,0.000051300,0.020000000,0.020000000,1034343.098648100,1034343.118596800,0,
2682,1034343.114686600,0.000045800,0.020000000,0.020000000,1034343.114732400,1034343.134686600,0,
2683,1034343.130423700,0.000033000,0.020000000,0.020000000,1034343.130456700,1034343.150423700,0,
2684,1034343.161684400,0.000049600,0.020000000,0.020000000,1034343.161734000,1034343.181684400,0,
2685,1034343.177660300,0.000038900,0.020000000,0.020000000,1034343.177699200,1034343.197660300,0,
2686,1034343.193280800,0.000038500,0.020000000,0.020000000,1034343.193319300,1034343.213280800,0,
2687,1034343.224290800,0.000041700,0.020000000,0.020000000,1034343.224332500,1034343.244290800,0,
2688,1034343.239887700,0.000055800,0.020000000,0.020000000,1034343.239943500,1034343.259887700,0,
2689,1034343.255761500,0.000056600,0.020000000,0.020000000,1034343.255818100,1034343.275761500,0,
2690,1034343.271816700,0.000053000,0.020000000,0.020000000,1034343.271869700,1034343.291816700,0,
2691,1034343.303391600,0.000060900,0.020000000,0.020000000,1034343.303452500,1034343.323391600,0,
2692,1034343.318940500,0.000046700,0.020000000,0.020000000,1034343.318987200,1034343.338940500,0,
2693,1034343.335184800,0.000045300,0.020000000,0.020000000,1034343.335230100,1034343.355184800,0,
2694,1034343.350939200,0.000033800,0.020000000,0.020000000,1034343.350973000,1034343.370939200,0,
2695,1034343.383113000,0.000034400,0.020000000,0.020000000,1034343.383147400,1034343.403113000,0,
2696,1034343.398342700,0.000070900,0.020000000,0.020000000,1034343.398413600,1034343.418342700,0,
2697,1034343.413645900,0.000037200,0.020000000,0.020000000,1034343.413683100,1034343.433645900,0,
2698,1034343.445416600,0.000036300,0.020000000,0.020000000,1034343.445452900,1034343.465416600,0,
2699,1034343.461232000,0.000046400,0.020000000,0.020000000,1034343.461278400,1034343.481232000,0,
2700,1034343.477255900,0.000048900,0.020000000,0.020000000,1034343.477304800,1034343.497255900,0,
2701,1034343.493494200,0.000033300,0.020000000,0.020000000,1034343.493527500,1034343.513494200,0,
2702,1034343.524482500,0.000049300,0.020000000,0.020000000,1034343.524531800,1034343.544482500,0,
2703,1034343.540039400,0.000051100,0.020000000,0.020000000,1034343.540090500,1034343.560039400,0,
2704,1034343.555576900,0.000048900,0.020000000,0.020000000,1034343.555625800,1034343.575576900,0,
2705,1034343.571657600,0.000045400,0.020000000,0.020000000,1034343.571703000,1034343.591657600,0,
2706,1034343.603241400,0.000050700,0.020000000,0.020000000,1034343.603292100,1034343.623241400,0,
2707,1034343.619358400,0.000027200,0.020000000,0.020000000,1034343.619385600,1034343.639358400,0,
2708,1034343.634559800,0.000035100,0.020000000,0.020000000,1034343.634594900,1034343.654559800,0,
2709,1034343.650706700,0.000045600,0.020000000,0.020000000,1034343.650752300,1034343.670706700,0,
2710,1034343.681779000,0.000040700,0.020000000,0.020000000,1034343.681819700,1034343.701779000,0,
2711,1034343.697695200,0.000073300,0.020000000,0.020000000,1034343.697768500,1034343.717695200,0,
2712,1034343.713353200,0.000040600,0.020000000,0.020000000,1034343.713393800,1034343.733353200,0,
2713,1034343.744662700,0.000070900,0.020000000,0.020000000,1034343.744733600,1034343.764662700,0,
2714,1034343.760546000,0.000048700,0.020000000,0.020000000,1034343.760594700,1034343.780546000,0,
2715,1034343.776159300,0.000052300,0.020000000,0.020000000,1034343.776211600,1034343.796159300,0,
2716,1034343.791864500,0.000069800,0.020000000,0.020000000,1034343.791934300,1034343.811864500,0,
2717,1034343.823386900,0.000065800,0.020000000,0.020000000,1034343.823452700,1034343.843386900,0,
2718,1034343.839151000,0.000036800,0.020000000,0.020000000,1034343.839187800,1034343.859151000,0,
2719,1034343.854177900,0.000047900,0.020000000,0.020000000,1034343.854225800,1034343.874177900,0,
2720,1034343.869823800,0.000029200,0.020000000,0.020000000,1034343.869853000,1034343.889823800,0,
2721,1034343.900829200,0.000044900,0.020000000,0.020000000,1034343.900874100,1034343.920829200,0,
2722,1034343.916194200,0.000028800,0.020000000,0.020000000,1034343.916223000,1034343.936194200,0,
2723,1034343.931653200,0.000045300,0.020000000,0.020000000,1034343.931698500,1034343.951653200,0,
2724,1034343.961965700,0.000053400,0.020000000,0.020000000,1034343.962019100,1034343.981965700,0,
2725,1034343.978004000,0.000049500,0.020000000,0.020000000,1034343.978053500,1034343.998004000,0,
2726,1034343.993041000,0.000044000,0.020000000,0.020000000,1034343.993085000,1034344.013041000,0,
2727,1034344.024412600,0.000027800,0.020000000,0.020000000,1034344.024440400,1034344.044412600,0,
2728,1034344.039720200,0.000052300,0.020000000,0.020000000,1034344.039772500,1034344.059720200,0,
2729,1034344.055326800,0.000055400,0.020000000,0.020000000,1034344.055382200,1034344.075326800,0,
2730,1034344.070635300,0.000034300,0.020000000,0.020000000,1034344.070669600,1034344.090635300,0,
2731,1034344.102094400,0.000072300,0.020000000,0.020000000,1034344.102166700,1034344.122094400,0,stale_state_157.2ms
2732,1034344.118157000,0.000044600,0.020000000,0.020000000,1034344.118201600,1034344.138157000,0,stale_state_173.3ms
2733,1034344.133316200,0.000052600,0.020000000,0.020000000,1034344.133368800,1034344.153316200,0,stale_state_188.4ms
2734,1034344.164052900,0.000047700,0.020000000,0.020000000,1034344.164100600,1034344.184052900,0,stale_state_219.1ms
2735,1034344.179199000,0.000064400,0.020000000,0.020000000,1034344.179263400,1034344.199199000,0,stale_state_234.3ms
2736,1034344.194997700,0.000056600,0.020000000,0.020000000,1034344.195054300,1034344.214997700,0,stale_state_250.1ms
2737,1034344.210269000,0.000024600,0.020000000,0.020000000,1034344.210293600,1034344.230269000,0,stale_state_265.4ms
2738,1034344.241426800,0.000050600,0.020000000,0.020000000,1034344.241477400,1034344.261426800,0,stale_state_296.5ms
2739,1034344.256770900,0.000045600,0.020000000,0.020000000,1034344.256816500,1034344.276770900,0,stale_state_311.9ms
2740,1034344.272244000,0.000034600,0.020000000,0.020000000,1034344.272278600,1034344.292244000,0,stale_state_327.3ms
2741,1034344.303116700,0.000054600,0.020000000,0.020000000,1034344.303171300,1034344.323116700,0,stale_state_358.2ms
2742,1034344.318019300,0.000059800,0.020000000,0.020000000,1034344.318079100,1034344.338019300,0,stale_state_373.1ms
2743,1034344.333248300,0.000060600,0.020000000,0.020000000,1034344.333308900,1034344.353248300,0,stale_state_388.3ms
2744,1034344.349349700,0.000039200,0.020000000,0.020000000,1034344.349388900,1034344.369349700,0,stale_state_404.4ms
2745,1034344.380518800,0.000039000,0.020000000,0.020000000,1034344.380557800,1034344.400518800,0,stale_state_435.6ms
2746,1034344.396651600,0.000063600,0.020000000,0.020000000,1034344.396715200,1034344.416651600,0,stale_state_451.8ms
2747,1034344.412306700,0.000078400,0.020000000,0.020000000,1034344.412385100,1034344.432306700,0,stale_state_467.4ms
2748,1034344.443539500,0.000062600,0.020000000,0.020000000,1034344.443602100,1034344.463539500,0,stale_state_498.6ms
2749,1034344.459394000,0.000081600,0.020000000,0.020000000,1034344.459475600,1034344.479394000,0,stale_state_514.5ms
2750,1034344.475035300,0.000074800,0.020000000,0.020000000,1034344.475110100,1034344.495035300,0,stale_state_530.1ms
2751,1034344.490372900,0.000036500,0.020000000,0.020000000,1034344.490409400,1034344.510372900,0,stale_state_545.5ms
2752,1034344.522639700,0.000045600,0.020000000,0.020000000,1034344.522685300,1034344.542639700,0,recovered
2753,1034344.538328400,0.000036300,0.020000000,0.020000000,1034344.538364700,1034344.558328400,0,
2754,1034344.553583700,0.000064600,0.020000000,0.020000000,1034344.553648300,1034344.573583700,0,
2755,1034344.583676000,0.000024500,0.020000000,0.020000000,1034344.583700500,1034344.603676000,0,
2756,1034344.598638100,0.000054000,0.020000000,0.020000000,1034344.598692100,1034344.618638100,0,
2757,1034344.614045100,0.000025600,0.020000000,0.020000000,1034344.614070700,1034344.634045100,0,
2758,1034344.629572600,0.000046900,0.020000000,0.020000000,1034344.629619500,1034344.649572600,0,
2759,1034344.660204500,0.000049800,0.020000000,0.020000000,1034344.660254300,1034344.680204500,0,
2760,1034344.675412600,0.000058100,0.020000000,0.020000000,1034344.675470700,1034344.695412600,0,
2761,1034344.691007600,0.000070400,0.020000000,0.020000000,1034344.691078000,1034344.711007600,0,
2762,1034344.721061400,0.000052700,0.020000000,0.020000000,1034344.721114100,1034344.741061400,0,
2763,1034344.737263000,0.000033900,0.020000000,0.020000000,1034344.737296900,1034344.757263000,0,
2764,1034344.753366300,0.000028900,0.020000000,0.020000000,1034344.753395200,1034344.773366300,0,
2765,1034344.784518300,0.000049500,0.020000000,0.020000000,1034344.784567800,1034344.804518300,0,
2766,1034344.799581600,0.000040100,0.020000000,0.020000000,1034344.799621700,1034344.819581600,0,
2767,1034344.815627700,0.000052600,0.020000000,0.020000000,1034344.815680300,1034344.835627700,0,
2768,1034344.831171500,0.000034500,0.020000000,0.020000000,1034344.831206000,1034344.851171500,0,
2769,1034344.861323400,0.000044600,0.020000000,0.020000000,1034344.861368000,1034344.881323400,0,
2770,1034344.877275900,0.000053900,0.020000000,0.020000000,1034344.877329800,1034344.897275900,0,
2771,1034344.893457000,0.000050400,0.020000000,0.020000000,1034344.893507400,1034344.913457000,0,
2772,1034344.924484100,0.000059100,0.020000000,0.020000000,1034344.924543200,1034344.944484100,0,
2773,1034344.940026200,0.000070500,0.020000000,0.020000000,1034344.940096700,1034344.960026200,0,
2774,1034344.955346400,0.000048800,0.020000000,0.020000000,1034344.955395200,1034344.975346400,0,
2775,1034344.971267000,0.000044400,0.020000000,0.020000000,1034344.971311400,1034344.991267000,0,
2776,1034345.002368800,0.000035200,0.020000000,0.020000000,1034345.002404000,1034345.022368800,0,
2777,1034345.018264400,0.000040900,0.020000000,0.020000000,1034345.018305300,1034345.038264400,0,
2778,1034345.034337400,0.000052800,0.020000000,0.020000000,1034345.034390200,1034345.054337400,0,
2779,1034345.050316700,0.000045400,0.020000000,0.020000000,1034345.050362100,1034345.070316700,0,
2780,1034345.080857000,0.000060500,0.020000000,0.020000000,1034345.080917500,1034345.100857000,0,
2781,1034345.096702000,0.000043900,0.020000000,0.020000000,1034345.096745900,1034345.116702000,0,
2782,1034345.113055800,0.000040200,0.020000000,0.020000000,1034345.113096000,1034345.133055800,0,
2783,1034345.144567200,0.000049800,0.020000000,0.020000000,1034345.144617000,1034345.164567200,0,
2784,1034345.159831600,0.000048500,0.020000000,0.020000000,1034345.159880100,1034345.179831600,0,
2785,1034345.175471200,0.000029600,0.020000000,0.020000000,1034345.175500800,1034345.195471200,0,
2786,1034345.191200200,0.000034900,0.020000000,0.020000000,1034345.191235100,1034345.211200200,0,
2787,1034345.223274500,0.000051300,0.020000000,0.020000000,1034345.223325800,1034345.243274500,0,
2788,1034345.239195700,0.000036000,0.020000000,0.020000000,1034345.239231700,1034345.259195700,0,
2789,1034345.254542600,0.000046900,0.020000000,0.020000000,1034345.254589500,1034345.274542600,0,
2790,1034345.269888100,0.000028100,0.020000000,0.020000000,1034345.269916200,1034345.289888100,0,
2791,1034345.300629200,0.000042900,0.020000000,0.020000000,1034345.300672100,1034345.320629200,0,
2792,1034345.316728700,0.000037400,0.020000000,0.020000000,1034345.316766100,1034345.336728700,0,
2793,1034345.332363100,0.000028300,0.020000000,0.020000000,1034345.332391400,1034345.352363100,0,
2794,1034345.364587300,0.000029000,0.020000000,0.020000000,1034345.364616300,1034345.384587300,0,
2795,1034345.379615300,0.000035700,0.020000000,0.020000000,1034345.379651000,1034345.399615300,0,
2796,1034345.394714000,0.000051700,0.020000000,0.020000000,1034345.394765700,1034345.414714000,0,
2797,1034345.410779600,0.000065900,0.020000000,0.020000000,1034345.410845500,1034345.430779600,0,
2798,1034345.442106800,0.000051100,0.020000000,0.020000000,1034345.442157900,1034345.462106800,0,
2799,1034345.457768800,0.000034700,0.020000000,0.020000000,1034345.457803500,1034345.477768800,0,
2800,1034345.473633700,0.000049500,0.020000000,0.020000000,1034345.473683200,1034345.493633700,0,
2801,1034345.503290700,0.000052900,0.020000000,0.020000000,1034345.503343600,1034345.523290700,0,
2802,1034345.518868200,0.000042700,0.020000000,0.020000000,1034345.518910900,1034345.538868200,0,
2803,1034345.534853200,0.000073300,0.020000000,0.020000000,1034345.534926500,1034345.554853200,0,
2804,1034345.550020300,0.000064400,0.020000000,0.020000000,1034345.550084700,1034345.570020300,0,
2805,1034345.580939900,0.000050500,0.020000000,0.020000000,1034345.580990400,1034345.600939900,0,
2806,1034345.596894200,0.000046900,0.020000000,0.020000000,1034345.596941100,1034345.616894200,0,
2807,1034345.613194700,0.000032500,0.020000000,0.020000000,1034345.613227200,1034345.633194700,0,
2808,1034345.644671400,0.000055300,0.020000000,0.020000000,1034345.644726700,1034345.664671400,0,
2809,1034345.661081900,0.000023800,0.020000000,0.020000000,1034345.661105700,1034345.681081900,0,
2810,1034345.676132200,0.000027600,0.020000000,0.020000000,1034345.676159800,1034345.696132200,0,
2811,1034345.691711800,0.000027300,0.020000000,0.020000000,1034345.691739100,1034345.711711800,0,
2812,1034345.722525600,0.000027300,0.020000000,0.020000000,1034345.722552900,1034345.742525600,0,
2813,1034345.738408100,0.000034400,0.020000000,0.020000000,1034345.738442500,1034345.758408100,0,
2814,1034345.754488900,0.000031300,0.020000000,0.020000000,1034345.754520200,1034345.774488900,0,
2815,1034345.770485400,0.000024100,0.020000000,0.020000000,1034345.770509500,1034345.790485400,0,
2816,1034345.802112800,0.000059800,0.020000000,0.020000000,1034345.802172600,1034345.822112800,0,
2817,1034345.818317700,0.000024800,0.020000000,0.020000000,1034345.818342500,1034345.838317700,0,
2818,1034345.833268700,0.000026200,0.020000000,0.020000000,1034345.833294900,1034345.853268700,0,
2819,1034345.864324400,0.000037200,0.020000000,0.020000000,1034345.864361600,1034345.884324400,0,
2820,1034345.879754700,0.000040800,0.020000000,0.020000000,1034345.879795500,1034345.899754700,0,
2821,1034345.895964700,0.000045500,0.020000000,0.020000000,1034345.896010200,1034345.915964700,0,
2822,1034345.911717700,0.000045400,0.020000000,0.020000000,1034345.911763100,1034345.931717700,0,
2823,1034345.943032200,0.000053900,0.020000000,0.020000000,1034345.943086100,1034345.963032200,0,
2824,1034345.958392100,0.000070400,0.020000000,0.020000000,1034345.958462500,1034345.978392100,0,
2825,1034345.974128400,0.000040000,0.020000000,0.020000000,1034345.974168400,1034345.994128400,0,
2826,1034345.989732900,0.000032600,0.020000000,0.020000000,1034345.989765500,1034346.009732900,0,
2827,1034346.021936900,0.000036500,0.020000000,0.020000000,1034346.021973400,1034346.041936900,0,
2828,1034346.037635800,0.000044600,0.020000000,0.020000000,1034346.037680400,1034346.057635800,0,
2829,1034346.053276200,0.000047600,0.020000000,0.020000000,1034346.053323800,1034346.073276200,0,
2830,1034346.084424800,0.000054200,0.020000000,0.020000000,1034346.084479000,1034346.104424800,0,
2831,1034346.099761100,0.000067800,0.020000000,0.020000000,1034346.099828900,1034346.119761100,0,
2832,1034346.115154600,0.000065400,0.020000000,0.020000000,1034346.115220000,1034346.135154600,0,
2833,1034346.130726100,0.000052900,0.020000000,0.020000000,1034346.130779000,1034346.150726100,0,
2834,1034346.161201300,0.000031600,0.020000000,0.020000000,1034346.161232900,1034346.181201300,0,
2835,1034346.176385600,0.000047700,0.020000000,0.020000000,1034346.176433300,1034346.196385600,0,
2836,1034346.191914000,0.000041400,0.020000000,0.020000000,1034346.191955400,1034346.211914000,0,
2837,1034346.223400200,0.000061300,0.020000000,0.020000000,1034346.223461500,1034346.243400200,0,
2838,1034346.239457100,0.000045400,0.020000000,0.020000000,1034346.239502500,1034346.259457100,0,
2839,1034346.255120200,0.000043200,0.020000000,0.020000000,1034346.255163400,1034346.275120200,0,
2840,1034346.271280500,0.000044100,0.020000000,0.020000000,1034346.271324600,1034346.291280500,0,
2841,1034346.303209800,0.000042800,0.020000000,0.020000000,1034346.303252600,1034346.323209800,0,
2842,1034346.318586900,0.000063600,0.020000000,0.020000000,1034346.318650500,1034346.338586900,0,
2843,1034346.334576800,0.000046900,0.020000000,0.020000000,1034346.334623700,1034346.354576800,0,
2844,1034346.349758900,0.000032800,0.020000000,0.020000000,1034346.349791700,1034346.369758900,0,
2845,1034346.380450100,0.000043100,0.020000000,0.020000000,1034346.380493200,1034346.400450100,0,
2846,1034346.395681500,0.000062600,0.020000000,0.020000000,1034346.395744100,1034346.415681500,0,
2847,1034346.411076000,0.000077000,0.020000000,0.020000000,1034346.411153000,1034346.431076000,0,
2848,1034346.442157400,0.000039900,0.020000000,0.020000000,1034346.442197300,1034346.462157400,0,
2849,1034346.457458600,0.000070100,0.020000000,0.020000000,1034346.457528700,1034346.477458600,0,
2850,1034346.472468300,0.000072200,0.020000000,0.020000000,1034346.472540500,1034346.492468300,0,
2851,1034346.503282400,0.000042400,0.020000000,0.020000000,1034346.503324800,1034346.523282400,0,
2852,1034346.518917500,0.000054900,0.020000000,0.020000000,1034346.518972400,1034346.538917500,0,
2853,1034346.534164000,0.000078600,0.020000000,0.020000000,1034346.534242600,1034346.554164000,0,
2854,1034346.550174000,0.000095200,0.020000000,0.020000000,1034346.550269200,1034346.570174000,0,
2855,1034346.581089000,0.000247400,0.020000000,0.020000000,1034346.581336400,1034346.601089000,0,
2856,1034346.596097000,0.000111200,0.020000000,0.020000000,1034346.596208200,1034346.616097000,0,
2857,1034346.612386400,0.000107500,0.020000000,0.020000000,1034346.612493900,1034346.632386400,0,
2858,1034346.642289600,0.000119000,0.020000000,0.020000000,1034346.642408600,1034346.662289600,0,
2859,1034346.657897200,0.000124600,0.020000000,0.020000000,1034346.658021800,1034346.677897200,0,
2860,1034346.673513900,0.000133800,0.020000000,0.020000000,1034346.673647700,1034346.693513900,0,
2861,1034346.703366100,0.000191800,0.020000000,0.020000000,1034346.703557900,1034346.723366100,0,
2862,1034346.718575400,0.000120400,0.020000000,0.020000000,1034346.718695800,1034346.738575400,0,
2863,1034346.733898600,0.000091300,0.020000000,0.020000000,1034346.733989900,1034346.753898600,0,
2864,1034346.749969900,0.000106800,0.020000000,0.020000000,1034346.750076700,1034346.769969900,0,
2865,1034346.779302700,0.000111000,0.020000000,0.020000000,1034346.779413700,1034346.799302700,0,
2866,1034346.795200000,0.000122600,0.020000000,0.020000000,1034346.795322600,1034346.815200000,0,
2867,1034346.810665000,0.000080500,0.020000000,0.020000000,1034346.810745500,1034346.830665000,0,
2868,1034346.842586700,0.000093600,0.020000000,0.020000000,1034346.842680300,1034346.862586700,0,
2869,1034346.858736700,0.000039500,0.020000000,0.020000000,1034346.858776200,1034346.878736700,0,
2870,1034346.873898200,0.000047600,0.020000000,0.020000000,1034346.873945800,1034346.893898200,0,
2871,1034346.889942700,0.000057700,0.020000000,0.020000000,1034346.890000400,1034346.909942700,0,
2872,1034346.920419100,0.000036600,0.020000000,0.020000000,1034346.920455700,1034346.940419100,0,
2873,1034346.936347900,0.000121800,0.020000000,0.020000000,1034346.936469700,1034346.956347900,0,
2874,1034346.951687900,0.000071500,0.020000000,0.020000000,1034346.951759400,1034346.971687900,0,
2875,1034346.983158300,0.000055500,0.020000000,0.020000000,1034346.983213800,1034347.003158300,0,
2876,1034346.998804100,0.000117600,0.020000000,0.020000000,1034346.998921700,1034347.018804100,0,
2877,1034347.014832400,0.000084300,0.020000000,0.020000000,1034347.014916700,1034347.034832400,0,
2878,1034347.030297700,0.000074400,0.020000000,0.020000000,1034347.030372100,1034347.050297700,0,
2879,1034347.060591400,0.000051600,0.020000000,0.020000000,1034347.060643000,1034347.080591400,0,
2880,1034347.076310200,0.000057300,0.020000000,0.020000000,1034347.076367500,1034347.096310200,0,
2881,1034347.091893700,0.000077300,0.020000000,0.020000000,1034347.091971000,1034347.111893700,0,
2882,1034347.123539500,0.000021500,0.020000000,0.020000000,1034347.123561000,1034347.143539500,0,
2883,1034347.139204500,0.000041900,0.020000000,0.020000000,1034347.139246400,1034347.159204500,0,
2884,1034347.154653100,0.000049500,0.020000000,0.020000000,1034347.154702600,1034347.174653100,0,
2885,1034347.170883200,0.000026100,0.020000000,0.020000000,1034347.170909300,1034347.190883200,0,
2886,1034347.202421500,0.000051100,0.020000000,0.020000000,1034347.202472600,1034347.222421500,0,
2887,1034347.219044900,0.000087500,0.020000000,0.020000000,1034347.219132400,1034347.239044900,0,
2888,1034347.234592100,0.000049300,0.020000000,0.020000000,1034347.234641400,1034347.254592100,0,
2889,1034347.250968900,0.000087300,0.020000000,0.020000000,1034347.251056200,1034347.270968900,0,
2890,1034347.282201700,0.000062500,0.020000000,0.020000000,1034347.282264200,1034347.302201700,0,
2891,1034347.298753800,0.000053600,0.020000000,0.020000000,1034347.298807400,1034347.318753800,0,
2892,1034347.314494300,0.000028800,0.020000000,0.020000000,1034347.314523100,1034347.334494300,0,
2893,1034347.329913300,0.000024600,0.020000000,0.020000000,1034347.329937900,1034347.349913300,0,
2894,1034347.362088800,0.000027500,0.020000000,0.020000000,1034347.362116300,1034347.382088800,0,
2895,1034347.377459200,0.000044600,0.020000000,0.020000000,1034347.377503800,1034347.397459200,0,
2896,1034347.393092400,0.000029700,0.020000000,0.020000000,1034347.393122100,1034347.413092400,0,
2897,1034347.423431500,0.000031300,0.020000000,0.020000000,1034347.423462800,1034347.443431500,0,
2898,1034347.438913600,0.000044100,0.020000000,0.020000000,1034347.438957700,1034347.458913600,0,
2899,1034347.454103600,0.000038200,0.020000000,0.020000000,1034347.454141800,1034347.474103600,0,
2900,1034347.469558100,0.000032500,0.020000000,0.020000000,1034347.469590600,1034347.489558100,0,
2901,1034347.501505000,0.000054600,0.020000000,0.020000000,1034347.501559600,1034347.521505000,0,
2902,1034347.517378000,0.000036400,0.020000000,0.020000000,1034347.517414400,1034347.537378000,0,
2903,1034347.533114400,0.000040000,0.020000000,0.020000000,1034347.533154400,1034347.553114400,0,
2904,1034347.564250200,0.000033600,0.020000000,0.020000000,1034347.564283800,1034347.584250200,0,
2905,1034347.579761600,0.000023600,0.020000000,0.020000000,1034347.579785200,1034347.599761600,0,
2906,1034347.595543600,0.000038600,0.020000000,0.020000000,1034347.595582200,1034347.615543600,0,
2907,1034347.611775500,0.000042000,0.020000000,0.020000000,1034347.611817500,1034347.631775500,0,
2908,1034347.642939200,0.000039300,0.020000000,0.020000000,1034347.642978500,1034347.662939200,0,
2909,1034347.658399400,0.000036600,0.020000000,0.020000000,1034347.658436000,1034347.678399400,0,
2910,1034347.673361100,0.000044400,0.020000000,0.020000000,1034347.673405500,1034347.693361100,0,
2911,1034347.704878400,0.000020000,0.020000000,0.020000000,1034347.704898400,1034347.724878400,0,
2912,1034347.720635000,0.000047100,0.020000000,0.020000000,1034347.720682100,1034347.740635000,0,
2913,1034347.736717200,0.000068600,0.020000000,0.020000000,1034347.736785800,1034347.756717200,0,
2914,1034347.753277000,0.000041100,0.020000000,0.020000000,1034347.753318100,1034347.773277000,0,
2915,1034347.784833700,0.000041100,0.020000000,0.020000000,1034347.784874800,1034347.804833700,0,
2916,1034347.800727600,0.000037200,0.020000000,0.020000000,1034347.800764800,1034347.820727600,0,
2917,1034347.816214100,0.000027800,0.020000000,0.020000000,1034347.816241900,1034347.836214100,0,
2918,1034347.831518200,0.000047600,0.020000000,0.020000000,1034347.831565800,1034347.851518200,0,
2919,1034347.863200500,0.000024900,0.020000000,0.020000000,1034347.863225400,1034347.883200500,0,
2920,1034347.878568600,0.000046500,0.020000000,0.020000000,1034347.878615100,1034347.898568600,0,
2921,1034347.893608300,0.000046000,0.020000000,0.020000000,1034347.893654300,1034347.913608300,0,
2922,1034347.909775700,0.000038900,0.020000000,0.020000000,1034347.909814600,1034347.929775700,0,
2923,1034347.940581500,0.000029100,0.020000000,0.020000000,1034347.940610600,1034347.960581500,0,
2924,1034347.955970000,0.000047400,0.020000000,0.020000000,1034347.956017400,1034347.975970000,0,
2925,1034347.971990000,0.000041100,0.020000000,0.020000000,1034347.972031100,1034347.991990000,0,
2926,1034348.003076600,0.000053200,0.020000000,0.020000000,1034348.003129800,1034348.023076600,0,
2927,1034348.018874200,0.000030300,0.020000000,0.020000000,1034348.018904500,1034348.038874200,0,
2928,1034348.034050200,0.000045500,0.020000000,0.020000000,1034348.034095700,1034348.054050200,0,
2929,1034348.050054300,0.000027700,0.020000000,0.020000000,1034348.050082000,1034348.070054300,0,
2930,1034348.082577500,0.000033300,0.020000000,0.020000000,1034348.082610800,1034348.102577500,0,
2931,1034348.097546700,0.000050800,0.020000000,0.020000000,1034348.097597500,1034348.117546700,0,
2932,1034348.113027300,0.000045000,0.020000000,0.020000000,1034348.113072300,1034348.133027300,0,
2933,1034348.144527700,0.000075100,0.020000000,0.020000000,1034348.144602800,1034348.164527700,0,
2934,1034348.160147600,0.000023400,0.020000000,0.020000000,1034348.160171000,1034348.180147600,0,
2935,1034348.175587800,0.000030200,0.020000000,0.020000000,1034348.175618000,1034348.195587800,0,
2936,1034348.190945100,0.000047000,0.020000000,0.020000000,1034348.190992100,1034348.210945100,0,
2937,1034348.222360200,0.000035500,0.020000000,0.020000000,1034348.222395700,1034348.242360200,0,
2938,1034348.238392400,0.000023200,0.020000000,0.020000000,1034348.238415600,1034348.258392400,0,
2939,1034348.254985300,0.000046100,0.020000000,0.020000000,1034348.255031400,1034348.274985300,0,
2940,1034348.270808100,0.000019900,0.020000000,0.020000000,1034348.270828000,1034348.290808100,0,
2941,1034348.303350200,0.000025400,0.020000000,0.020000000,1034348.303375600,1034348.323350200,0,
2942,1034348.318726500,0.000043600,0.020000000,0.020000000,1034348.318770100,1034348.338726500,0,
2943,1034348.334787400,0.000053500,0.020000000,0.020000000,1034348.334840900,1034348.354787400,0,
2944,1034348.350829600,0.000047500,0.020000000,0.020000000,1034348.350877100,1034348.370829600,0,
2945,1034348.383183200,0.000026200,0.020000000,0.020000000,1034348.383209400,1034348.403183200,0,
2946,1034348.398616900,0.000031200,0.020000000,0.020000000,1034348.398648100,1034348.418616900,0,
2947,1034348.414837800,0.000029100,0.020000000,0.020000000,1034348.414866900,1034348.434837800,0,
2948,1034348.429852500,0.000033800,0.020000000,0.020000000,1034348.429886300,1034348.449852500,0,
2949,1034348.461105100,0.000061000,0.020000000,0.020000000,1034348.461166100,1034348.481105100,0,
2950,1034348.476497500,0.000040300,0.020000000,0.020000000,1034348.476537800,1034348.496497500,0,
2951,1034348.491933300,0.000051300,0.020000000,0.020000000,1034348.491984600,1034348.511933300,0,
2952,1034348.522118800,0.000052100,0.020000000,0.020000000,1034348.522170900,1034348.542118800,0,
2953,1034348.538158300,0.000048200,0.020000000,0.020000000,1034348.538206500,1034348.558158300,0,
2954,1034348.553732400,0.000032900,0.020000000,0.020000000,1034348.553765300,1034348.573732400,0,
2955,1034348.569583900,0.000030800,0.020000000,0.020000000,1034348.569614700,1034348.589583900,0,
2956,1034348.601456500,0.000058800,0.020000000,0.020000000,1034348.601515300,1034348.621456500,0,
2957,1034348.616686500,0.000031300,0.020000000,0.020000000,1034348.616717800,1034348.636686500,0,
2958,1034348.632236600,0.000053300,0.020000000,0.020000000,1034348.632289900,1034348.652236600,0,
2959,1034348.663154100,0.000044300,0.020000000,0.020000000,1034348.663198400,1034348.683154100,0,
2960,1034348.678914000,0.000050000,0.020000000,0.020000000,1034348.678964000,1034348.698914000,0,
2961,1034348.694085800,0.000038200,0.020000000,0.020000000,1034348.694124000,1034348.714085800,0,
2962,1034348.710237600,0.000029000,0.020000000,0.020000000,1034348.710266600,1034348.730237600,0,
2963,1034348.741340500,0.000030500,0.020000000,0.020000000,1034348.741371000,1034348.761340500,0,
2964,1034348.756927000,0.000094700,0.020000000,0.020000000,1034348.757021700,1034348.776927000,0,
2965,1034348.772143800,0.000045600,0.020000000,0.020000000,1034348.772189400,1034348.792143800,0,
2966,1034348.804485400,0.000038700,0.020000000,0.020000000,1034348.804524100,1034348.824485400,0,
2967,1034348.819946200,0.000058600,0.020000000,0.020000000,1034348.820004800,1034348.839946200,0,
2968,1034348.836052300,0.000034400,0.020000000,0.020000000,1034348.836086700,1034348.856052300,0,
2969,1034348.852095700,0.000046800,0.020000000,0.020000000,1034348.852142500,1034348.872095700,0,
2970,1034348.884051100,0.000058300,0.020000000,0.020000000,1034348.884109400,1034348.904051100,0,
2971,1034348.900093400,0.000046200,0.020000000,0.020000000,1034348.900139600,1034348.920093400,0,
2972,1034348.915551700,0.000032000,0.020000000,0.020000000,1034348.915583700,1034348.935551700,0,
2973,1034348.930953300,0.000028500,0.020000000,0.020000000,1034348.930981800,1034348.950953300,0,
2974,1034348.963336100,0.000050300,0.020000000,0.020000000,1034348.963386400,1034348.983336100,0,
2975,1034348.978642800,0.000039300,0.020000000,0.020000000,1034348.978682100,1034348.998642800,0,
2976,1034348.994605000,0.000034400,0.020000000,0.020000000,1034348.994639400,1034349.014605000,0,
2977,1034349.010715100,0.000039500,0.020000000,0.020000000,1034349.010754600,1034349.030715100,0,
2978,1034349.041350100,0.000047500,0.020000000,0.020000000,1034349.041397600,1034349.061350100,0,
2979,1034349.057001300,0.000050700,0.020000000,0.020000000,1034349.057052000,1034349.077001300,0,
2980,1034349.073392900,0.000040400,0.020000000,0.020000000,1034349.073433300,1034349.093392900,0,
2981,1034349.104215800,0.000043900,0.020000000,0.020000000,1034349.104259700,1034349.124215800,0,
2982,1034349.119020600,0.000028000,0.020000000,0.020000000,1034349.119048600,1034349.139020600,0,
2983,1034349.135076600,0.000038000,0.020000000,0.020000000,1034349.135114600,1034349.155076600,0,
2984,1034349.151042900,0.000033700,0.020000000,0.020000000,1034349.151076600,1034349.171042900,0,
2985,1034349.183428500,0.000032500,0.020000000,0.020000000,1034349.183461000,1034349.203428500,0,
2986,1034349.198689300,0.000046100,0.020000000,0.020000000,1034349.198735400,1034349.218689300,0,
2987,1034349.214685000,0.000021400,0.020000000,0.020000000,1034349.214706400,1034349.234685000,0,
2988,1034349.230187700,0.000033300,0.020000000,0.020000000,1034349.230221000,1034349.250187700,0,
2989,1034349.260826400,0.000068100,0.020000000,0.020000000,1034349.260894500,1034349.280826400,0,
2990,1034349.276037900,0.000079300,0.020000000,0.020000000,1034349.276117200,1034349.296037900,0,
2991,1034349.291946800,0.000079600,0.020000000,0.020000000,1034349.292026400,1034349.311946800,0,
2992,1034349.323235900,0.000046000,0.020000000,0.020000000,1034349.323281900,1034349.343235900,0,
2993,1034349.338843600,0.000053200,0.020000000,0.020000000,1034349.338896800,1034349.358843600,0,
2994,1034349.354412900,0.000050000,0.020000000,0.020000000,1034349.354462900,1034349.374412900,0,
2995,1034349.370132600,0.000030700,0.020000000,0.020000000,1034349.370163300,1034349.390132600,0,
2996,1034349.401969900,0.000046100,0.020000000,0.020000000,1034349.402016000,1034349.421969900,0,
2997,1034349.417369600,0.000032000,0.020000000,0.020000000,1034349.417401600,1034349.437369600,0,
2998,1034349.433151000,0.000048800,0.020000000,0.020000000,1034349.433199800,1034349.453151000,0,
2999,1034349.464156400,0.000046200,0.020000000,0.020000000,1034349.464202600,1034349.484156400,0,
3000,1034349.479412500,0.000038700,0.020000000,0.020000000,1034349.479451200,1034349.499412500,0,
3001,1034349.495237800,0.000037000,0.020000000,0.020000000,1034349.495274800,1034349.515237800,0,
3002,1034349.510333000,0.000021100,0.020000000,0.020000000,1034349.510354100,1034349.530333000,0,
3003,1034349.541267300,0.000049100,0.020000000,0.020000000,1034349.541316400,1034349.561267300,0,
3004,1034349.557632400,0.000026700,0.020000000,0.020000000,1034349.557659100,1034349.577632400,0,
3005,1034349.573144600,0.000020100,0.020000000,0.020000000,1034349.573164700,1034349.593144600,0,
3006,1034349.604072000,0.000050100,0.020000000,0.020000000,1034349.604122100,1034349.624072000,0,
3007,1034349.619623800,0.000042700,0.020000000,0.020000000,1034349.619666500,1034349.639623800,0,
3008,1034349.635723900,0.000042700,0.020000000,0.020000000,1034349.635766600,1034349.655723900,0,
3009,1034349.651743300,0.000038100,0.020000000,0.020000000,1034349.651781400,1034349.671743300,0,
3010,1034349.683428400,0.000042700,0.020000000,0.020000000,1034349.683471100,1034349.703428400,0,
3011,1034349.698896600,0.000045400,0.020000000,0.020000000,1034349.698942000,1034349.718896600,0,
3012,1034349.714667300,0.000026400,0.020000000,0.020000000,1034349.714693700,1034349.734667300,0,
3013,1034349.730269500,0.000027900,0.020000000,0.020000000,1034349.730297400,1034349.750269500,0,
3014,1034349.761267500,0.000043800,0.020000000,0.020000000,1034349.761311300,1034349.781267500,0,
3015,1034349.776430400,0.000050500,0.020000000,0.020000000,1034349.776480900,1034349.796430400,0,
3016,1034349.792163500,0.000044600,0.020000000,0.020000000,1034349.792208100,1034349.812163500,0,
3017,1034349.823419800,0.000049700,0.020000000,0.020000000,1034349.823469500,1034349.843419800,0,
3018,1034349.839411100,0.000032100,0.020000000,0.020000000,1034349.839443200,1034349.859411100,0,
3019,1034349.855081700,0.000034900,0.020000000,0.020000000,1034349.855116600,1034349.875081700,0,
3020,1034349.870612800,0.000021600,0.020000000,0.020000000,1034349.870634400,1034349.890612800,0,
3021,1034349.901542100,0.000048000,0.020000000,0.020000000,1034349.901590100,1034349.921542100,0,
3022,1034349.917204100,0.000046100,0.020000000,0.020000000,1034349.917250200,1034349.937204100,0,
3023,1034349.933279600,0.000056800,0.020000000,0.020000000,1034349.933336400,1034349.953279600,0,
3024,1034349.964894200,0.000029500,0.020000000,0.020000000,1034349.964923700,1034349.984894200,0,
3025,1034349.980437800,0.000042600,0.020000000,0.020000000,1034349.980480400,1034350.000437800,0,
3026,1034349.996409900,0.000029000,0.020000000,0.020000000,1034349.996438900,1034350.016409900,0,
3027,1034350.011618700,0.000030500,0.020000000,0.020000000,1034350.011649200,1034350.031618700,0,
3028,1034350.043017200,0.000045700,0.020000000,0.020000000,1034350.043062900,1034350.063017200,0,
3029,1034350.058686900,0.000038300,0.020000000,0.020000000,1034350.058725200,1034350.078686900,0,
3030,1034350.073888300,0.000028700,0.020000000,0.020000000,1034350.073917000,1034350.093888300,0,
3031,1034350.089502000,0.000067900,0.020000000,0.020000000,1034350.089569900,1034350.109502000,0,
3032,1034350.120073000,0.000033700,0.020000000,0.020000000,1034350.120106700,1034350.140073000,0,
3033,1034350.135205700,0.000059700,0.020000000,0.020000000,1034350.135265400,1034350.155205700,0,
3034,1034350.151207300,0.000035600,0.020000000,0.020000000,1034350.151242900,1034350.171207300,0,
3035,1034350.183337500,0.000034200,0.020000000,0.020000000,1034350.183371700,1034350.203337500,0,
3036,1034350.198748500,0.000060200,0.020000000,0.020000000,1034350.198808700,1034350.218748500,0,
3037,1034350.214170800,0.000038500,0.020000000,0.020000000,1034350.214209300,1034350.234170800,0,
3038,1034350.229678000,0.000037200,0.020000000,0.020000000,1034350.229715200,1034350.249678000,0,
3039,1034350.261329400,0.000054300,0.020000000,0.020000000,1034350.261383700,1034350.281329400,0,
3040,1034350.276764700,0.000037900,0.020000000,0.020000000,1034350.276802600,1034350.296764700,0,
3041,1034350.292352300,0.000037500,0.020000000,0.020000000,1034350.292389800,1034350.312352300,0,
3042,1034350.323596700,0.000035500,0.020000000,0.020000000,1034350.323632200,1034350.343596700,0,
3043,1034350.339201900,0.000085200,0.020000000,0.020000000,1034350.339287100,1034350.359201900,0,
3044,1034350.355276400,0.000053000,0.020000000,0.020000000,1034350.355329400,1034350.375276400,0,
3045,1034350.370671100,0.000043100,0.020000000,0.020000000,1034350.370714200,1034350.390671100,0,
3046,1034350.400991900,0.000090800,0.020000000,0.020000000,1034350.401082700,1034350.420991900,0,stale_state_172.4ms
3047,1034350.416393800,0.000084600,0.020000000,0.020000000,1034350.416478400,1034350.436393800,0,stale_state_187.8ms
3048,1034350.432075200,0.000082700,0.020000000,0.020000000,1034350.432157900,1034350.452075200,0,stale_state_203.5ms
3049,1034350.463374900,0.000049000,0.020000000,0.020000000,1034350.463423900,1034350.483374900,0,stale_state_234.8ms
3050,1034350.478741600,0.000061300,0.020000000,0.020000000,1034350.478802900,1034350.498741600,0,stale_state_250.2ms
3051,1034350.493489100,0.000067600,0.020000000,0.020000000,1034350.493556700,1034350.513489100,0,stale_state_264.9ms
3052,1034350.524450300,0.000058300,0.020000000,0.020000000,1034350.524508600,1034350.544450300,0,stale_state_295.9ms
3053,1034350.539803400,0.000069200,0.020000000,0.020000000,1034350.539872600,1034350.559803400,0,stale_state_311.2ms
3054,1034350.555525200,0.000087100,0.020000000,0.020000000,1034350.555612300,1034350.575525200,0,stale_state_327.0ms
3055,1034350.571110800,0.000028900,0.020000000,0.020000000,1034350.571139700,1034350.591110800,0,stale_state_342.6ms
3056,1034350.601339100,0.000061000,0.020000000,0.020000000,1034350.601400100,1034350.621339100,0,stale_state_372.8ms
3057,1034350.617384000,0.000042000,0.020000000,0.020000000,1034350.617426000,1034350.637384000,0,stale_state_388.8ms
3058,1034350.633414000,0.000087700,0.020000000,0.020000000,1034350.633501700,1034350.653414000,0,stale_state_404.9ms
3059,1034350.649519000,0.000053600,0.020000000,0.020000000,1034350.649572600,1034350.669519000,0,stale_state_421.0ms
3060,1034350.681385500,0.000046700,0.020000000,0.020000000,1034350.681432200,1034350.701385500,0,stale_state_452.8ms
3061,1034350.696616400,0.000066400,0.020000000,0.020000000,1034350.696682800,1034350.716616400,0,stale_state_468.1ms
3062,1034350.712712000,0.000042700,0.020000000,0.020000000,1034350.712754700,1034350.732712000,0,stale_state_484.2ms
3063,1034350.744587700,0.000061200,0.020000000,0.020000000,1034350.744648900,1034350.764587700,0,stale_state_516.0ms
3064,1034350.760656800,0.000023300,0.020000000,0.020000000,1034350.760680100,1034350.780656800,0,stale_state_532.1ms
3065,1034350.776050400,0.000074900,0.020000000,0.020000000,1034350.776125300,1034350.796050400,0,stale_state_547.5ms
3066,1034350.791594100,0.000053900,0.020000000,0.020000000,1034350.791648000,1034350.811594100,0,stale_state_563.0ms
3067,1034350.823417400,0.000035800,0.020000000,0.020000000,1034350.823453200,1034350.843417400,0,recovered
3068,1034350.839379700,0.000061000,0.020000000,0.020000000,1034350.839440700,1034350.859379700,0,
3069,1034350.854808200,0.000040800,0.020000000,0.020000000,1034350.854849000,1034350.874808200,0,
3070,1034350.870900400,0.000048900,0.020000000,0.020000000,1034350.870949300,1034350.890900400,0,
3071,1034350.902529200,0.000036200,0.020000000,0.020000000,1034350.902565400,1034350.922529200,0,
3072,1034350.918260600,0.000055400,0.020000000,0.020000000,1034350.918316000,1034350.938260600,0,
3073,1034350.933630300,0.000041800,0.020000000,0.020000000,1034350.933672100,1034350.953630300,0,
3074,1034350.949661900,0.000045300,0.020000000,0.020000000,1034350.949707200,1034350.969661900,0,
3075,1034350.980404600,0.000036800,0.020000000,0.020000000,1034350.980441400,1034351.000404600,0,
3076,1034350.996136700,0.000066800,0.020000000,0.020000000,1034350.996203500,1034351.016136700,0,
3077,1034351.012224000,0.000047300,0.020000000,0.020000000,1034351.012271300,1034351.032224000,0,
3078,1034351.043391200,0.000055100,0.020000000,0.020000000,1034351.043446300,1034351.063391200,0,
3079,1034351.059237700,0.000051600,0.020000000,0.020000000,1034351.059289300,1034351.079237700,0,
3080,1034351.075302400,0.000046700,0.020000000,0.020000000,1034351.075349100,1034351.095302400,0,
3081,1034351.091162300,0.000036300,0.020000000,0.020000000,1034351.091198600,1034351.111162300,0,
3082,1034351.123405500,0.000031100,0.020000000,0.020000000,1034351.123436600,1034351.143405500,0,
3083,1034351.138579100,0.000041900,0.020000000,0.020000000,1034351.138621000,1034351.158579100,0,
3084,1034351.154191400,0.000054700,0.020000000,0.020000000,1034351.154246100,1034351.174191400,0,
3085,1034351.170117600,0.000050800,0.020000000,0.020000000,1034351.170168400,1034351.190117600,0,
3086,1034351.200906600,0.000043000,0.020000000,0.020000000,1034351.200949600,1034351.220906600,0,
3087,1034351.216792500,0.000078400,0.020000000,0.020000000,1034351.216870900,1034351.236792500,0,
3088,1034351.232568600,0.000062600,0.020000000,0.020000000,1034351.232631200,1034351.252568600,0,
3089,1034351.263247500,0.000037500,0.020000000,0.020000000,1034351.263285000,1034351.283247500,0,
3090,1034351.278760500,0.000052000,0.020000000,0.020000000,1034351.278812500,1034351.298760500,0,
3091,1034351.294044800,0.000093500,0.020000000,0.020000000,1034351.294138300,1034351.314044800,0,
3092,1034351.309574200,0.000063400,0.020000000,0.020000000,1034351.309637600,1034351.329574200,0,
3093,1034351.340469000,0.000053200,0.020000000,0.020000000,1034351.340522200,1034351.360469000,0,
3094,1034351.356252600,0.000048900,0.020000000,0.020000000,1034351.356301500,1034351.376252600,0,
3095,1034351.371903500,0.000034400,0.020000000,0.020000000,1034351.371937900,1034351.391903500,0,
3096,1034351.403260300,0.000069300,0.020000000,0.020000000,1034351.403329600,1034351.423260300,0,
3097,1034351.418965300,0.000044400,0.020000000,0.020000000,1034351.419009700,1034351.438965300,0,
3098,1034351.434960700,0.000058100,0.020000000,0.020000000,1034351.435018800,1034351.454960700,0,
3099,1034351.451060300,0.000044700,0.020000000,0.020000000,1034351.451105000,1034351.471060300,0,
3100,1034351.481386100,0.000056900,0.020000000,0.020000000,1034351.481443000,1034351.501386100,0,
3101,1034351.497094700,0.000046100,0.020000000,0.020000000,1034351.497140800,1034351.517094700,0,
3102,1034351.512197600,0.000036500,0.020000000,0.020000000,1034351.512234100,1034351.532197600,0,
3103,1034351.543377900,0.000072600,0.020000000,0.020000000,1034351.543450500,1034351.563377900,0,
3104,1034351.559876800,0.000038300,0.020000000,0.020000000,1034351.559915100,1034351.579876800,0,
3105,1034351.574878600,0.000040800,0.020000000,0.020000000,1034351.574919400,1034351.594878600,0,
3106,1034351.590422700,0.000030200,0.020000000,0.020000000,1034351.590452900,1034351.610422700,0,
3107,1034351.621818800,0.000022800,0.020000000,0.020000000,1034351.621841600,1034351.641818800,0,
3108,1034351.637733300,0.000047100,0.020000000,0.020000000,1034351.637780400,1034351.657733300,0,
3109,1034351.653455100,0.000040400,0.020000000,0.020000000,1034351.653495500,1034351.673455100,0,
3110,1034351.684018600,0.000054300,0.020000000,0.020000000,1034351.684072900,1034351.704018600,0,
3111,1034351.699612300,0.000049300,0.020000000,0.020000000,1034351.699661600,1034351.719612300,0,
3112,1034351.715500600,0.000125400,0.020000000,0.020000000,1034351.715626000,1034351.735500600,0,
3113,1034351.730799500,0.000069600,0.020000000,0.020000000,1034351.730869100,1034351.750799500,0,
3114,1034351.761909300,0.000037000,0.020000000,0.020000000,1034351.761946300,1034351.781909300,0,
3115,1034351.777323800,0.000100200,0.020000000,0.020000000,1034351.777424000,1034351.797323800,0,
3116,1034351.793575100,0.000075200,0.020000000,0.020000000,1034351.793650300,1034351.813575100,0,
3117,1034351.825162000,0.000066300,0.020000000,0.020000000,1034351.825228300,1034351.845162000,0,
3118,1034351.840979400,0.000076900,0.020000000,0.020000000,1034351.841056300,1034351.860979400,0,
3119,1034351.856153000,0.000052700,0.020000000,0.020000000,1034351.856205700,1034351.876153000,0,
3120,1034351.872005000,0.000025300,0.020000000,0.020000000,1034351.872030300,1034351.892005000,0,
3121,1034351.903315700,0.000058600,0.020000000,0.020000000,1034351.903374300,1034351.923315700,0,
3122,1034351.919115000,0.000051500,0.020000000,0.020000000,1034351.919166500,1034351.939115000,0,
3123,1034351.935022800,0.000069400,0.020000000,0.020000000,1034351.935092200,1034351.955022800,0,
3124,1034351.950778000,0.000057600,0.020000000,0.020000000,1034351.950835600,1034351.970778000,0,
3125,1034351.982327200,0.000044600,0.020000000,0.020000000,1034351.982371800,1034352.002327200,0,
3126,1034351.998860800,0.000036500,0.020000000,0.020000000,1034351.998897300,1034352.018860800,0,
3127,1034352.014706300,0.000057800,0.020000000,0.020000000,1034352.014764100,1034352.034706300,0,
3128,1034352.030130900,0.000043200,0.020000000,0.020000000,1034352.030174100,1034352.050130900,0,
3129,1034352.061844500,0.000060000,0.020000000,0.020000000,1034352.061904500,1034352.081844500,0,
3130,1034352.077354300,0.000101900,0.020000000,0.020000000,1034352.077456200,1034352.097354300,0,
3131,1034352.092490800,0.000047800,0.020000000,0.020000000,1034352.092538600,1034352.112490800,0,
3132,1034352.123480300,0.000039800,0.020000000,0.020000000,1034352.123520100,1034352.143480300,0,
3133,1034352.138774700,0.000080000,0.020000000,0.020000000,1034352.138854700,1034352.158774700,0,
3134,1034352.154505500,0.000082400,0.020000000,0.020000000,1034352.154587900,1034352.174505500,0,
3135,1034352.170094400,0.000035100,0.020000000,0.020000000,1034352.170129500,1034352.190094400,0,
3136,1034352.202055600,0.000036600,0.020000000,0.020000000,1034352.202092200,1034352.222055600,0,
3137,1034352.217794800,0.000030700,0.020000000,0.020000000,1034352.217825500,1034352.237794800,0,
3138,1034352.233263900,0.000055900,0.020000000,0.020000000,1034352.233319800,1034352.253263900,0,
3139,1034352.264236600,0.000053900,0.020000000,0.020000000,1034352.264290500,1034352.284236600,0,
3140,1034352.279627500,0.000056300,0.020000000,0.020000000,1034352.279683800,1034352.299627500,0,
3141,1034352.294786600,0.000086400,0.020000000,0.020000000,1034352.294873000,1034352.314786600,0,
3142,1034352.311134700,0.000071800,0.020000000,0.020000000,1034352.311206500,1034352.331134700,0,
3143,1034352.341896700,0.000054800,0.020000000,0.020000000,1034352.341951500,1034352.361896700,0,
3144,1034352.357472600,0.000073100,0.020000000,0.020000000,1034352.357545700,1034352.377472600,0,
3145,1034352.373097000,0.000053100,0.020000000,0.020000000,1034352.373150100,1034352.393097000,0,
3146,1034352.404398900,0.000053700,0.020000000,0.020000000,1034352.404452600,1034352.424398900,0,
3147,1034352.419963000,0.000052400,0.020000000,0.020000000,1034352.420015400,1034352.439963000,0,
3148,1034352.436331700,0.000058100,0.020000000,0.020000000,1034352.436389800,1034352.456331700,0,
3149,1034352.451823500,0.000047200,0.020000000,0.020000000,1034352.451870700,1034352.471823500,0,
3150,1034352.483447700,0.000046400,0.020000000,0.020000000,1034352.483494100,1034352.503447700,0,
3151,1034352.498722500,0.000045100,0.020000000,0.020000000,1034352.498767600,1034352.518722500,0,
3152,1034352.515038300,0.000050200,0.020000000,0.020000000,1034352.515088500,1034352.535038300,0,
3153,1034352.529691700,0.000024100,0.020000000,0.020000000,1034352.529715800,1034352.549691700,0,
3154,1034352.561078800,0.000032100,0.020000000,0.020000000,1034352.561110900,1034352.581078800,0,
3155,1034352.576540200,0.000058500,0.020000000,0.020000000,1034352.576598700,1034352.596540200,0,
3156,1034352.591556200,0.000044500,0.020000000,0.020000000,1034352.591600700,1034352.611556200,0,
3157,1034352.623403700,0.000026900,0.020000000,0.020000000,1034352.623430600,1034352.643403700,0,
3158,1034352.638779600,0.000039900,0.020000000,0.020000000,1034352.638819500,1034352.658779600,0,
3159,1034352.654070800,0.000027600,0.020000000,0.020000000,1034352.654098400,1034352.674070800,0,
3160,1034352.669455800,0.000040000,0.020000000,0.020000000,1034352.669495800,1034352.689455800,0,
3161,1034352.701282100,0.000032500,0.020000000,0.020000000,1034352.701314600,1034352.721282100,0,
3162,1034352.717314000,0.000049300,0.020000000,0.020000000,1034352.717363300,1034352.737314000,0,
3163,1034352.733537700,0.000041600,0.020000000,0.020000000,1034352.733579300,1034352.753537700,0,
3164,1034352.764314300,0.000041000,0.020000000,0.020000000,1034352.764355300,1034352.784314300,0,
3165,1034352.779761900,0.000043900,0.020000000,0.020000000,1034352.779805800,1034352.799761900,0,
3166,1034352.795815800,0.000069000,0.020000000,0.020000000,1034352.795884800,1034352.815815800,0,
3167,1034352.811827600,0.000033500,0.020000000,0.020000000,1034352.811861100,1034352.831827600,0,
3168,1034352.843086700,0.000052400,0.020000000,0.020000000,1034352.843139100,1034352.863086700,0,
3169,1034352.858317500,0.000027400,0.020000000,0.020000000,1034352.858344900,1034352.878317500,0,
3170,1034352.873376800,0.000064300,0.020000000,0.020000000,1034352.873441100,1034352.893376800,0,
3171,1034352.904128700,0.000073800,0.020000000,0.020000000,1034352.904202500,1034352.924128700,0,
3172,1034352.919823700,0.000051700,0.020000000,0.020000000,1034352.919875400,1034352.939823700,0,
3173,1034352.935404200,0.000076400,0.020000000,0.020000000,1034352.935480600,1034352.955404200,0,
3174,1034352.951763600,0.000065200,0.020000000,0.020000000,1034352.951828800,1034352.971763600,0,
3175,1034352.982144000,0.000041500,0.020000000,0.020000000,1034352.982185500,1034353.002144000,0,stale_state_162.8ms
3176,1034352.997273800,0.000060900,0.020000000,0.020000000,1034352.997334700,1034353.017273800,0,stale_state_178.0ms
3177,1034353.012418400,0.000057500,0.020000000,0.020000000,1034353.012475900,1034353.032418400,0,stale_state_193.1ms
3178,1034353.043304400,0.000068400,0.020000000,0.020000000,1034353.043372800,1034353.063304400,0,stale_state_224.0ms
3179,1034353.059267000,0.000082200,0.020000000,0.020000000,1034353.059349200,1034353.079267000,0,stale_state_240.0ms
3180,1034353.074489100,0.000050000,0.020000000,0.020000000,1034353.074539100,1034353.094489100,0,stale_state_255.2ms
3181,1034353.090176500,0.000027900,0.020000000,0.020000000,1034353.090204400,1034353.110176500,0,recovered
3182,1034353.121896600,0.000033200,0.020000000,0.020000000,1034353.121929800,1034353.141896600,0,
3183,1034353.137715400,0.000043600,0.020000000,0.020000000,1034353.137759000,1034353.157715400,0,
3184,1034353.153329200,0.000041300,0.020000000,0.020000000,1034353.153370500,1034353.173329200,0,
3185,1034353.183867400,0.000056500,0.020000000,0.020000000,1034353.183923900,1034353.203867400,0,
3186,1034353.199722100,0.000109100,0.020000000,0.020000000,1034353.199831200,1034353.219722100,0,
3187,1034353.214974300,0.000064500,0.020000000,0.020000000,1034353.215038800,1034353.234974300,0,
3188,1034353.230761000,0.000042600,0.020000000,0.020000000,1034353.230803600,1034353.250761000,0,
3189,1034353.261030600,0.000057900,0.020000000,0.020000000,1034353.261088500,1034353.281030600,0,
3190,1034353.276448700,0.000046900,0.020000000,0.020000000,1034353.276495600,1034353.296448700,0,
3191,1034353.292004100,0.000064800,0.020000000,0.020000000,1034353.292068900,1034353.312004100,0,
3192,1034353.323322100,0.000029300,0.020000000,0.020000000,1034353.323351400,1034353.343322100,0,
3193,1034353.338717200,0.000052400,0.020000000,0.020000000,1034353.338769600,1034353.358717200,0,
3194,1034353.354342400,0.000053200,0.020000000,0.020000000,1034353.354395600,1034353.374342400,0,
3195,1034353.370580200,0.000061800,0.020000000,0.020000000,1034353.370642000,1034353.390580200,0,
3196,1034353.402032700,0.000070800,0.020000000,0.020000000,1034353.402103500,1034353.422032700,0,
3197,1034353.417421800,0.000022300,0.020000000,0.020000000,1034353.417444100,1034353.437421800,0,
3198,1034353.433283600,0.000034300,0.020000000,0.020000000,1034353.433317900,1034353.453283600,0,
3199,1034353.464093400,0.000040300,0.020000000,0.020000000,1034353.464133700,1034353.484093400,0,
3200,1034353.479477200,0.000064000,0.020000000,0.020000000,1034353.479541200,1034353.499477200,0,
3201,1034353.495270300,0.000066000,0.020000000,0.020000000,1034353.495336300,1034353.515270300,0,
3202,1034353.510752600,0.000056400,0.020000000,0.020000000,1034353.510809000,1034353.530752600,0,
3203,1034353.540542000,0.000051200,0.020000000,0.020000000,1034353.540593200,1034353.560542000,0,
3204,1034353.556223800,0.000047000,0.020000000,0.020000000,1034353.556270800,1034353.576223800,0,
3205,1034353.572032700,0.000033200,0.020000000,0.020000000,1034353.572065900,1034353.592032700,0,
3206,1034353.602999100,0.000050900,0.020000000,0.020000000,1034353.603050000,1034353.622999100,0,
3207,1034353.618759200,0.000025000,0.020000000,0.020000000,1034353.618784200,1034353.638759200,0,
3208,1034353.634684000,0.000036400,0.020000000,0.020000000,1034353.634720400,1034353.654684000,0,
3209,1034353.650719100,0.000035100,0.020000000,0.020000000,1034353.650754200,1034353.670719100,0,
3210,1034353.681884500,0.000056300,0.020000000,0.020000000,1034353.681940800,1034353.701884500,0,
3211,1034353.697483900,0.000046000,0.020000000,0.020000000,1034353.697529900,1034353.717483900,0,
3212,1034353.713163100,0.000128900,0.020000000,0.020000000,1034353.713292000,1034353.733163100,0,
3213,1034353.743611300,0.000049300,0.020000000,0.020000000,1034353.743660600,1034353.763611300,0,
3214,1034353.759659000,0.000061800,0.020000000,0.020000000,1034353.759720800,1034353.779659000,0,
3215,1034353.775723900,0.000042900,0.020000000,0.020000000,1034353.775766800,1034353.795723900,0,
3216,1034353.791338400,0.000058800,0.020000000,0.020000000,1034353.791397200,1034353.811338400,0,
3217,1034353.823749700,0.000042100,0.020000000,0.020000000,1034353.823791800,1034353.843749700,0,
3218,1034353.839001400,0.000059900,0.020000000,0.020000000,1034353.839061300,1034353.859001400,0,
3219,1034353.854641700,0.000042900,0.020000000,0.020000000,1034353.854684600,1034353.874641700,0,
3220,1034353.869994700,0.000050700,0.020000000,0.020000000,1034353.870045400,1034353.889994700,0,
3221,1034353.900878800,0.000038300,0.020000000,0.020000000,1034353.900917100,1034353.920878800,0,
3222,1034353.916461700,0.000039300,0.020000000,0.020000000,1034353.916501000,1034353.936461700,0,
3223,1034353.931977700,0.000043400,0.020000000,0.020000000,1034353.932021100,1034353.951977700,0,
3224,1034353.963748600,0.000020100,0.020000000,0.020000000,1034353.963768700,1034353.983748600,0,
3225,1034353.979160900,0.000040800,0.020000000,0.020000000,1034353.979201700,1034353.999160900,0,
3226,1034353.994239000,0.000038800,0.020000000,0.020000000,1034353.994277800,1034354.014239000,0,
3227,1034354.010369100,0.000040900,0.020000000,0.020000000,1034354.010410000,1034354.030369100,0,
3228,1034354.041499200,0.000077900,0.020000000,0.020000000,1034354.041577100,1034354.061499200,0,
3229,1034354.057190000,0.000060400,0.020000000,0.020000000,1034354.057250400,1034354.077190000,0,
3230,1034354.073254100,0.000049500,0.020000000,0.020000000,1034354.073303600,1034354.093254100,0,
3231,1034354.104647700,0.000031800,0.020000000,0.020000000,1034354.104679500,1034354.124647700,0,
3232,1034354.120136800,0.000194800,0.020000000,0.020000000,1034354.120331600,1034354.140136800,0,
3233,1034354.136342300,0.000031900,0.020000000,0.020000000,1034354.136374200,1034354.156342300,0,
3234,1034354.152126500,0.000033000,0.020000000,0.020000000,1034354.152159500,1034354.172126500,0,
3235,1034354.183333500,0.000050800,0.020000000,0.020000000,1034354.183384300,1034354.203333500,0,
3236,1034354.198896300,0.000040600,0.020000000,0.020000000,1034354.198936900,1034354.218896300,0,
3237,1034354.214454300,0.000042600,0.020000000,0.020000000,1034354.214496900,1034354.234454300,0,
3238,1034354.230103600,0.000030800,0.020000000,0.020000000,1034354.230134400,1034354.250103600,0,
3239,1034354.261968700,0.000025500,0.020000000,0.020000000,1034354.261994200,1034354.281968700,0,
3240,1034354.276511000,0.000046000,0.020000000,0.020000000,1034354.276557000,1034354.296511000,0,
3241,1034354.292150700,0.000052400,0.020000000,0.020000000,1034354.292203100,1034354.312150700,0,
3242,1034354.323973800,0.000072200,0.020000000,0.020000000,1034354.324046000,1034354.343973800,0,
3243,1034354.339024700,0.000059100,0.020000000,0.020000000,1034354.339083800,1034354.359024700,0,
3244,1034354.354928600,0.000045700,0.020000000,0.020000000,1034354.354974300,1034354.374928600,0,
3245,1034354.370052700,0.000072500,0.020000000,0.020000000,1034354.370125200,1034354.390052700,0,
3246,1034354.400230400,0.000047400,0.020000000,0.020000000,1034354.400277800,1034354.420230400,0,
3247,1034354.416243600,0.000036200,0.020000000,0.020000000,1034354.416279800,1034354.436243600,0,
3248,1034354.431663400,0.000063700,0.020000000,0.020000000,1034354.431727100,1034354.451663400,0,
3249,1034354.462313700,0.000063300,0.020000000,0.020000000,1034354.462377000,1034354.482313700,0,
3250,1034354.478104200,0.000051600,0.020000000,0.020000000,1034354.478155800,1034354.498104200,0,
3251,1034354.493265100,0.000045600,0.020000000,0.020000000,1034354.493310700,1034354.513265100,0,
3252,1034354.523534100,0.000086200,0.020000000,0.020000000,1034354.523620300,1034354.543534100,0,
3253,1034354.538951600,0.000035100,0.020000000,0.020000000,1034354.538986700,1034354.558951600,0,
3254,1034354.554351900,0.000056200,0.020000000,0.020000000,1034354.554408100,1034354.574351900,0,
3255,1034354.570403100,0.000041600,0.020000000,0.020000000,1034354.570444700,1034354.590403100,0,
3256,1034354.600436200,0.000075800,0.020000000,0.020000000,1034354.600512000,1034354.620436200,0,
3257,1034354.615910600,0.000027000,0.020000000,0.020000000,1034354.615937600,1034354.635910600,0,
3258,1034354.631475200,0.000041400,0.020000000,0.020000000,1034354.631516600,1034354.651475200,0,
3259,1034354.662082100,0.000076600,0.020000000,0.020000000,1034354.662158700,1034354.682082100,0,
3260,1034354.677495500,0.000040600,0.020000000,0.020000000,1034354.677536100,1034354.697495500,0,
3261,1034354.693135100,0.000039900,0.020000000,0.020000000,1034354.693175000,1034354.713135100,0,
3262,1034354.724311500,0.000043800,0.020000000,0.020000000,1034354.724355300,1034354.744311500,0,
3263,1034354.739363300,0.000066300,0.020000000,0.020000000,1034354.739429600,1034354.759363300,0,
3264,1034354.754964900,0.000052900,0.020000000,0.020000000,1034354.755017800,1034354.774964900,0,
3265,1034354.770764300,0.000032800,0.020000000,0.020000000,1034354.770797100,1034354.790764300,0,
3266,1034354.801601400,0.000049000,0.020000000,0.020000000,1034354.801650400,1034354.821601400,0,
3267,1034354.817647200,0.000041800,0.020000000,0.020000000,1034354.817689000,1034354.837647200,0,
3268,1034354.833574000,0.000038500,0.020000000,0.020000000,1034354.833612500,1034354.853574000,0,
3269,1034354.849629900,0.000044900,0.020000000,0.020000000,1034354.849674800,1034354.869629900,0,
3270,1034354.880435500,0.000072700,0.020000000,0.020000000,1034354.880508200,1034354.900435500,0,
3271,1034354.895610200,0.000083300,0.020000000,0.020000000,1034354.895693500,1034354.915610200,0,
3272,1034354.910723800,0.000046700,0.020000000,0.020000000,1034354.910770500,1034354.930723800,0,
3273,1034354.941660300,0.000048600,0.020000000,0.020000000,1034354.941708900,1034354.961660300,0,
3274,1034354.957308500,0.000055800,0.020000000,0.020000000,1034354.957364300,1034354.977308500,0,
3275,1034354.973805600,0.000050000,0.020000000,0.020000000,1034354.973855600,1034354.993805600,0,
3276,1034354.989296700,0.000060800,0.020000000,0.020000000,1034354.989357500,1034355.009296700,0,
3277,1034355.019824500,0.000042100,0.020000000,0.020000000,1034355.019866600,1034355.039824500,0,
3278,1034355.035535800,0.000050700,0.020000000,0.020000000,1034355.035586500,1034355.055535800,0,
3279,1034355.050922000,0.000036700,0.020000000,0.020000000,1034355.050958700,1034355.070922000,0,
3280,1034355.082183200,0.000045100,0.020000000,0.020000000,1034355.082228300,1034355.102183200,0,
3281,1034355.097487200,0.000049000,0.020000000,0.020000000,1034355.097536200,1034355.117487200,0,
3282,1034355.113415700,0.000029000,0.020000000,0.020000000,1034355.113444700,1034355.133415700,0,
3283,1034355.144209900,0.000034000,0.020000000,0.020000000,1034355.144243900,1034355.164209900,0,
3284,1034355.159178000,0.000040200,0.020000000,0.020000000,1034355.159218200,1034355.179178000,0,
3285,1034355.174742800,0.000588200,0.020000000,0.020000000,1034355.175331000,1034355.194742800,0,
3286,1034355.190380800,0.000059800,0.020000000,0.020000000,1034355.190440600,1034355.210380800,0,
3287,1034355.222325100,0.000058200,0.020000000,0.020000000,1034355.222383300,1034355.242325100,0,
3288,1034355.238358000,0.000057000,0.020000000,0.020000000,1034355.238415000,1034355.258358000,0,
3289,1034355.254121400,0.000051500,0.020000000,0.020000000,1034355.254172900,1034355.274121400,0,
3290,1034355.283965900,0.000042900,0.020000000,0.020000000,1034355.284008800,1034355.303965900,0,
3291,1034355.299973100,0.000051200,0.020000000,0.020000000,1034355.300024300,1034355.319973100,0,
3292,1034355.315840100,0.000030800,0.020000000,0.020000000,1034355.315870900,1034355.335840100,0,
3293,1034355.331164900,0.000030100,0.020000000,0.020000000,1034355.331195000,1034355.351164900,0,
3294,1034355.363191500,0.000033500,0.020000000,0.020000000,1034355.363225000,1034355.383191500,0,
3295,1034355.378551900,0.000273800,0.020000000,0.020000000,1034355.378825700,1034355.398551900,0,
3296,1034355.394600100,0.000042000,0.020000000,0.020000000,1034355.394642100,1034355.414600100,0,
3297,1034355.410721100,0.000042000,0.020000000,0.020000000,1034355.410763100,1034355.430721100,0,
3298,1034355.442019000,0.000035000,0.020000000,0.020000000,1034355.442054000,1034355.462019000,0,
3299,1034355.457886600,0.000039100,0.020000000,0.020000000,1034355.457925700,1034355.477886600,0,
3300,1034355.473582500,0.000021400,0.020000000,0.020000000,1034355.473603900,1034355.493582500,0,
3301,1034355.504160300,0.000059500,0.020000000,0.020000000,1034355.504219800,1034355.524160300,0,
3302,1034355.519540300,0.000046700,0.020000000,0.020000000,1034355.519587000,1034355.539540300,0,
3303,1034355.535525500,0.000378200,0.020000000,0.020000000,1034355.535903700,1034355.555525500,0,
3304,1034355.550527400,0.000038200,0.020000000,0.020000000,1034355.550565600,1034355.570527400,0,
3305,1034355.581715100,0.000066700,0.020000000,0.020000000,1034355.581781800,1034355.601715100,0,
3306,1034355.598382400,0.000045800,0.020000000,0.020000000,1034355.598428200,1034355.618382400,0,
3307,1034355.614127700,0.000032600,0.020000000,0.020000000,1034355.614160300,1034355.634127700,0,
3308,1034355.629845800,0.000038200,0.020000000,0.020000000,1034355.629884000,1034355.649845800,0,
3309,1034355.661420500,0.000029500,0.020000000,0.020000000,1034355.661450000,1034355.681420500,0,
3310,1034355.677195600,0.000045400,0.020000000,0.020000000,1034355.677241000,1034355.697195600,0,
3311,1034355.693289700,0.000041400,0.020000000,0.020000000,1034355.693331100,1034355.713289700,0,
3312,1034355.723369400,0.000048300,0.020000000,0.020000000,1034355.723417700,1034355.743369400,0,
3313,1034355.738540300,0.000033400,0.020000000,0.020000000,1034355.738573700,1034355.758540300,0,
3314,1034355.753887500,0.000037800,0.020000000,0.020000000,1034355.753925300,1034355.773887500,0,
3315,1034355.769048300,0.000033600,0.020000000,0.020000000,1034355.769081900,1034355.789048300,0,
3316,1034355.799100000,0.000049100,0.020000000,0.020000000,1034355.799149100,1034355.819100000,0,
3317,1034355.814971900,0.000048200,0.020000000,0.020000000,1034355.815020100,1034355.834971900,0,
3318,1034355.830938800,0.000022200,0.020000000,0.020000000,1034355.830961000,1034355.850938800,0,
3319,1034355.861619400,0.000041100,0.020000000,0.020000000,1034355.861660500,1034355.881619400,0,
3320,1034355.876530700,0.000045000,0.020000000,0.020000000,1034355.876575700,1034355.896530700,0,
3321,1034355.892093600,0.000045300,0.020000000,0.020000000,1034355.892138900,1034355.912093600,0,
3322,1034355.923490200,0.000052300,0.020000000,0.020000000,1034355.923542500,1034355.943490200,0,
3323,1034355.938751800,0.000119500,0.020000000,0.020000000,1034355.938871300,1034355.958751800,0,
3324,1034355.954382800,0.000043000,0.020000000,0.020000000,1034355.954425800,1034355.974382800,0,
3325,1034355.970033100,0.000039700,0.020000000,0.020000000,1034355.970072800,1034355.990033100,0,
3326,1034356.001820700,0.000052200,0.020000000,0.020000000,1034356.001872900,1034356.021820700,0,
3327,1034356.017733700,0.000053400,0.020000000,0.020000000,1034356.017787100,1034356.037733700,0,
3328,1034356.033408700,0.000038200,0.020000000,0.020000000,1034356.033446900,1034356.053408700,0,
3329,1034356.064406000,0.000039000,0.020000000,0.020000000,1034356.064445000,1034356.084406000,0,
3330,1034356.079475100,0.000052700,0.020000000,0.020000000,1034356.079527800,1034356.099475100,0,
3331,1034356.094753700,0.000040800,0.020000000,0.020000000,1034356.094794500,1034356.114753700,0,
3332,1034356.110726700,0.000019200,0.020000000,0.020000000,1034356.110745900,1034356.130726700,0,
3333,1034356.141703200,0.000050500,0.020000000,0.020000000,1034356.141753700,1034356.161703200,0,
3334,1034356.157146800,0.000184500,0.020000000,0.020000000,1034356.157331300,1034356.177146800,0,
3335,1034356.173372500,0.000031600,0.020000000,0.020000000,1034356.173404100,1034356.193372500,0,
3336,1034356.204248800,0.000068500,0.020000000,0.020000000,1034356.204317300,1034356.224248800,0,
3337,1034356.219814600,0.000050000,0.020000000,0.020000000,1034356.219864600,1034356.239814600,0,
3338,1034356.235889800,0.000049600,0.020000000,0.020000000,1034356.235939400,1034356.255889800,0,
3339,1034356.251684200,0.000030300,0.020000000,0.020000000,1034356.251714500,1034356.271684200,0,
3340,1034356.282129700,0.000028900,0.020000000,0.020000000,1034356.282158600,1034356.302129700,0,
3341,1034356.297523100,0.000031000,0.020000000,0.020000000,1034356.297554100,1034356.317523100,0,
3342,1034356.313213000,0.000047100,0.020000000,0.020000000,1034356.313260100,1034356.333213000,0,
3343,1034356.343849700,0.000040100,0.020000000,0.020000000,1034356.343889800,1034356.363849700,0,
3344,1034356.358926700,0.000038800,0.020000000,0.020000000,1034356.358965500,1034356.378926700,0,
3345,1034356.374856800,0.000035100,0.020000000,0.020000000,1034356.374891900,1034356.394856800,0,
3346,1034356.390360100,0.000023000,0.020000000,0.020000000,1034356.390383100,1034356.410360100,0,
3347,1034356.421212100,0.000047600,0.020000000,0.020000000,1034356.421259700,1034356.441212100,0,
3348,1034356.437230200,0.000048400,0.020000000,0.020000000,1034356.437278600,1034356.457230200,0,
3349,1034356.453492600,0.000063800,0.020000000,0.020000000,1034356.453556400,1034356.473492600,0,
3350,1034356.469035300,0.000096500,0.020000000,0.020000000,1034356.469131800,1034356.489035300,0,
3351,1034356.500092700,0.000057600,0.020000000,0.020000000,1034356.500150300,1034356.520092700,0,
3352,1034356.515801300,0.000020000,0.020000000,0.020000000,1034356.515821300,1034356.535801300,0,
3353,1034356.531278000,0.000046100,0.020000000,0.020000000,1034356.531324100,1034356.551278000,0,
3354,1034356.562374100,0.000035500,0.020000000,0.020000000,1034356.562409600,1034356.582374100,0,
3355,1034356.578075600,0.000043600,0.020000000,0.020000000,1034356.578119200,1034356.598075600,0,
3356,1034356.593228300,0.000077600,0.020000000,0.020000000,1034356.593305900,1034356.613228300,0,
3357,1034356.624262500,0.000053700,0.020000000,0.020000000,1034356.624316200,1034356.644262500,0,
3358,1034356.640134000,0.000073100,0.020000000,0.020000000,1034356.640207100,1034356.660134000,0,
3359,1034356.655532300,0.000082600,0.020000000,0.020000000,1034356.655614900,1034356.675532300,0,
3360,1034356.671062100,0.000033900,0.020000000,0.020000000,1034356.671096000,1034356.691062100,0,
3361,1034356.702429000,0.000044700,0.020000000,0.020000000,1034356.702473700,1034356.722429000,0,
3362,1034356.718047900,0.000048200,0.020000000,0.020000000,1034356.718096100,1034356.738047900,0,
3363,1034356.734175900,0.000038500,0.020000000,0.020000000,1034356.734214400,1034356.754175900,0,
3364,1034356.749973600,0.000051900,0.020000000,0.020000000,1034356.750025500,1034356.769973600,0,
3365,1034356.781184900,0.000083900,0.020000000,0.020000000,1034356.781268800,1034356.801184900,0,
3366,1034356.796762700,0.000054100,0.020000000,0.020000000,1034356.796816800,1034356.816762700,0,
3367,1034356.812201800,0.000055400,0.020000000,0.020000000,1034356.812257200,1034356.832201800,0,
3368,1034356.843234700,0.000067000,0.020000000,0.020000000,1034356.843301700,1034356.863234700,0,
3369,1034356.859317400,0.000105500,0.020000000,0.020000000,1034356.859422900,1034356.879317400,0,
3370,1034356.875917500,0.000067800,0.020000000,0.020000000,1034356.875985300,1034356.895917500,0,
3371,1034356.891167500,0.000069500,0.020000000,0.020000000,1034356.891237000,1034356.911167500,0,
3372,1034356.922408900,0.000078100,0.020000000,0.020000000,1034356.922487000,1034356.942408900,0,
3373,1034356.937241100,0.000119200,0.020000000,0.020000000,1034356.937360300,1034356.957241100,0,
3374,1034356.953424700,0.000069200,0.020000000,0.020000000,1034356.953493900,1034356.973424700,0,
3375,1034356.983869600,0.000044100,0.020000000,0.020000000,1034356.983913700,1034357.003869600,0,
3376,1034356.999372800,0.000061700,0.020000000,0.020000000,1034356.999434500,1034357.019372800,0,
3377,1034357.015117200,0.000079400,0.020000000,0.020000000,1034357.015196600,1034357.035117200,0,
3378,1034357.030605400,0.000064300,0.020000000,0.020000000,1034357.030669700,1034357.050605400,0,
3379,1034357.061087300,0.000096900,0.020000000,0.020000000,1034357.061184200,1034357.081087300,0,
3380,1034357.077076200,0.000081400,0.020000000,0.020000000,1034357.077157600,1034357.097076200,0,
3381,1034357.093308600,0.000122000,0.020000000,0.020000000,1034357.093430600,1034357.113308600,0,
3382,1034357.124975800,0.000034300,0.020000000,0.020000000,1034357.125010100,1034357.144975800,0,
3383,1034357.140229400,0.000112500,0.020000000,0.020000000,1034357.140341900,1034357.160229400,0,
3384,1034357.155785800,0.000114300,0.020000000,0.020000000,1034357.155900100,1034357.175785800,0,
3385,1034357.171289300,0.000071300,0.020000000,0.020000000,1034357.171360600,1034357.191289300,0,
3386,1034357.202232400,0.000071600,0.020000000,0.020000000,1034357.202304000,1034357.222232400,0,
3387,1034357.217938800,0.000093700,0.020000000,0.020000000,1034357.218032500,1034357.237938800,0,
3388,1034357.233768900,0.000060700,0.020000000,0.020000000,1034357.233829600,1034357.253768900,0,
3389,1034357.248599900,0.000070500,0.020000000,0.020000000,1034357.248670400,1034357.268599900,0,
3390,1034357.280252900,0.000074800,0.020000000,0.020000000,1034357.280327700,1034357.300252900,0,
3391,1034357.295739600,0.000107400,0.020000000,0.020000000,1034357.295847000,1034357.315739600,0,
3392,1034357.311358800,0.000092300,0.020000000,0.020000000,1034357.311451100,1034357.331358800,0,
3393,1034357.343069700,0.000086600,0.020000000,0.020000000,1034357.343156300,1034357.363069700,0,
3394,1034357.358095000,0.000084900,0.020000000,0.020000000,1034357.358179900,1034357.378095000,0,
3395,1034357.373412200,0.000034600,0.020000000,0.020000000,1034357.373446800,1034357.393412200,0,
3396,1034357.404928900,0.000090300,0.020000000,0.020000000,1034357.405019200,1034357.424928900,0,
3397,1034357.420702800,0.000096500,0.020000000,0.020000000,1034357.420799300,1034357.440702800,0,
3398,1034357.436244100,0.000094500,0.020000000,0.020000000,1034357.436338600,1034357.456244100,0,
3399,1034357.452198600,0.000053500,0.020000000,0.020000000,1034357.452252100,1034357.472198600,0,
3400,1034357.483628600,0.000093200,0.020000000,0.020000000,1034357.483721800,1034357.503628600,0,
3401,1034357.499349000,0.000059600,0.020000000,0.020000000,1034357.499408600,1034357.519349000,0,
3402,1034357.515284300,0.000103100,0.020000000,0.020000000,1034357.515387400,1034357.535284300,0,
3403,1034357.530169000,0.000059200,0.020000000,0.020000000,1034357.530228200,1034357.550169000,0,
3404,1034357.561202300,0.000196200,0.020000000,0.020000000,1034357.561398500,1034357.581202300,0,
3405,1034357.577173000,0.000047500,0.020000000,0.020000000,1034357.577220500,1034357.597173000,0,
3406,1034357.593192800,0.000062700,0.020000000,0.020000000,1034357.593255500,1034357.613192800,0,
3407,1034357.623465600,0.000028100,0.020000000,0.020000000,1034357.623493700,1034357.643465600,0,
3408,1034357.639357300,0.000082700,0.020000000,0.020000000,1034357.639440000,1034357.659357300,0,
3409,1034357.655044400,0.000108600,0.020000000,0.020000000,1034357.655153000,1034357.675044400,0,
3410,1034357.670412900,0.000043800,0.020000000,0.020000000,1034357.670456700,1034357.690412900,0,
3411,1034357.701759500,0.000080700,0.020000000,0.020000000,1034357.701840200,1034357.721759500,0,
3412,1034357.717572500,0.000076000,0.020000000,0.020000000,1034357.717648500,1034357.737572500,0,
3413,1034357.733171300,0.000124400,0.020000000,0.020000000,1034357.733295700,1034357.753171300,0,
3414,1034357.765515700,0.000097700,0.020000000,0.020000000,1034357.765613400,1034357.785515700,0,
3415,1034357.780395600,0.000083200,0.020000000,0.020000000,1034357.780478800,1034357.800395600,0,
3416,1034357.796205200,0.000094800,0.020000000,0.020000000,1034357.796300000,1034357.816205200,0,
3417,1034357.812202500,0.000088300,0.020000000,0.020000000,1034357.812290800,1034357.832202500,0,
3418,1034357.843141900,0.000087700,0.020000000,0.020000000,1034357.843229600,1034357.863141900,0,
3419,1034357.858185700,0.000100600,0.020000000,0.020000000,1034357.858286300,1034357.878185700,0,
3420,1034357.873531900,0.000042300,0.020000000,0.020000000,1034357.873574200,1034357.893531900,0,
3421,1034357.889541700,0.000066700,0.020000000,0.020000000,1034357.889608400,1034357.909541700,0,
3422,1034357.920717900,0.000082800,0.020000000,0.020000000,1034357.920800700,1034357.940717900,0,
3423,1034357.936756500,0.000053700,0.020000000,0.020000000,1034357.936810200,1034357.956756500,0,
3424,1034357.952148800,0.000063000,0.020000000,0.020000000,1034357.952211800,1034357.972148800,0,
3425,1034357.983157200,0.000052200,0.020000000,0.020000000,1034357.983209400,1034358.003157200,0,
3426,1034357.998597700,0.000079100,0.020000000,0.020000000,1034357.998676800,1034358.018597700,0,
3427,1034358.014545600,0.000093100,0.020000000,0.020000000,1034358.014638700,1034358.034545600,0,
3428,1034358.030097000,0.000049900,0.020000000,0.020000000,1034358.030146900,1034358.050097000,0,
3429,1034358.062108000,0.000051300,0.020000000,0.020000000,1034358.062159300,1034358.082108000,0,
3430,1034358.076947200,0.000049700,0.020000000,0.020000000,1034358.076996900,1034358.096947200,0,
3431,1034358.092475700,0.000064700,0.020000000,0.020000000,1034358.092540400,1034358.112475700,0,
3432,1034358.123218500,0.000038000,0.020000000,0.020000000,1034358.123256500,1034358.143218500,0,
3433,1034358.138939400,0.000052500,0.020000000,0.020000000,1034358.138991900,1034358.158939400,0,
3434,1034358.154778500,0.000051700,0.020000000,0.020000000,1034358.154830200,1034358.174778500,0,
3435,1034358.170470600,0.000029100,0.020000000,0.020000000,1034358.170499700,1034358.190470600,0,
3436,1034358.200809000,0.000047000,0.020000000,0.020000000,1034358.200856000,1034358.220809000,0,
3437,1034358.216695300,0.000049900,0.020000000,0.020000000,1034358.216745200,1034358.236695300,0,
3438,1034358.232235000,0.000041500,0.020000000,0.020000000,1034358.232276500,1034358.252235000,0,
3439,1034358.264523500,0.000046500,0.020000000,0.020000000,1034358.264570000,1034358.284523500,0,
3440,1034358.279991000,0.000055400,0.020000000,0.020000000,1034358.280046400,1034358.299991000,0,
3441,1034358.295822500,0.000045800,0.020000000,0.020000000,1034358.295868300,1034358.315822500,0,
3442,1034358.311155700,0.000049700,0.020000000,0.020000000,1034358.311205400,1034358.331155700,0,
3443,1034358.342314800,0.000057800,0.020000000,0.020000000,1034358.342372600,1034358.362314800,0,
3444,1034358.357901900,0.000063700,0.020000000,0.020000000,1034358.357965600,1034358.377901900,0,
3445,1034358.373618900,0.000047800,0.020000000,0.020000000,1034358.373666700,1034358.393618900,0,
3446,1034358.404285100,0.000048600,0.020000000,0.020000000,1034358.404333700,1034358.424285100,0,
3447,1034358.419542900,0.000020800,0.020000000,0.020000000,1034358.419563700,1034358.439542900,0,
3448,1034358.435630600,0.000039400,0.020000000,0.020000000,1034358.435670000,1034358.455630600,0,
3449,1034358.450716400,0.000049700,0.020000000,0.020000000,1034358.450766100,1034358.470716400,0,
3450,1034358.483154900,0.000032100,0.020000000,0.020000000,1034358.483187000,1034358.503154900,0,
3451,1034358.499051600,0.000029300,0.020000000,0.020000000,1034358.499080900,1034358.519051600,0,
3452,1034358.514669500,0.000039400,0.020000000,0.020000000,1034358.514708900,1034358.534669500,0,
3453,1034358.530243400,0.000034700,0.020000000,0.020000000,1034358.530278100,1034358.550243400,0,
3454,1034358.560868900,0.000050900,0.020000000,0.020000000,1034358.560919800,1034358.580868900,0,
3455,1034358.576686300,0.000052000,0.020000000,0.020000000,1034358.576738300,1034358.596686300,0,
3456,1034358.592309700,0.000051400,0.020000000,0.020000000,1034358.592361100,1034358.612309700,0,
3457,1034358.623460100,0.000061700,0.020000000,0.020000000,1034358.623521800,1034358.643460100,0,
3458,1034358.638180800,0.000058600,0.020000000,0.020000000,1034358.638239400,1034358.658180800,0,
3459,1034358.653667100,0.000048200,0.020000000,0.020000000,1034358.653715300,1034358.673667100,0,
3460,1034358.684856800,0.000046700,0.020000000,0.020000000,1034358.684903500,1034358.704856800,0,
3461,1034358.701014300,0.000053700,0.020000000,0.020000000,1034358.701068000,1034358.721014300,0,
3462,1034358.716919200,0.000033300,0.020000000,0.020000000,1034358.716952500,1034358.736919200,0,
3463,1034358.732601000,0.000048000,0.020000000,0.020000000,1034358.732649000,1034358.752601000,0,
3464,1034358.763335900,0.000086600,0.020000000,0.020000000,1034358.763422500,1034358.783335900,0,
3465,1034358.778932900,0.000054400,0.020000000,0.020000000,1034358.778987300,1034358.798932900,0,
3466,1034358.794368000,0.000035800,0.020000000,0.020000000,1034358.794403800,1034358.814368000,0,
3467,1034358.810088400,0.000031600,0.020000000,0.020000000,1034358.810120000,1034358.830088400,0,
3468,1034358.841644000,0.000041900,0.020000000,0.020000000,1034358.841685900,1034358.861644000,0,
3469,1034358.856911800,0.000039800,0.020000000,0.020000000,1034358.856951600,1034358.876911800,0,
3470,1034358.871848400,0.000044100,0.020000000,0.020000000,1034358.871892500,1034358.891848400,0,
3471,1034358.903274100,0.000054000,0.020000000,0.020000000,1034358.903328100,1034358.923274100,0,
3472,1034358.918515700,0.000036700,0.020000000,0.020000000,1034358.918552400,1034358.938515700,0,
3473,1034358.934479300,0.000036400,0.020000000,0.020000000,1034358.934515700,1034358.954479300,0,
3474,1034358.950653800,0.000035500,0.020000000,0.020000000,1034358.950689300,1034358.970653800,0,
3475,1034358.981648300,0.000050900,0.020000000,0.020000000,1034358.981699200,1034359.001648300,0,
3476,1034358.996913800,0.000120700,0.020000000,0.020000000,1034358.997034500,1034359.016913800,0,
3477,1034359.012128800,0.000035100,0.020000000,0.020000000,1034359.012163900,1034359.032128800,0,
3478,1034359.043500100,0.000034500,0.020000000,0.020000000,1034359.043534600,1034359.063500100,0,
3479,1034359.058467100,0.000046400,0.020000000,0.020000000,1034359.058513500,1034359.078467100,0,
3480,1034359.074223800,0.000045300,0.020000000,0.020000000,1034359.074269100,1034359.094223800,0,
3481,1034359.089744800,0.000057900,0.020000000,0.020000000,1034359.089802700,1034359.109744800,0,
3482,1034359.120080500,0.000051800,0.020000000,0.020000000,1034359.120132300,1034359.140080500,0,
3483,1034359.136107800,0.000047700,0.020000000,0.020000000,1034359.136155500,1034359.156107800,0,
3484,1034359.152266400,0.000034000,0.020000000,0.020000000,1034359.152300400,1034359.172266400,0,
3485,1034359.183802400,0.000076200,0.020000000,0.020000000,1034359.183878600,1034359.203802400,0,
3486,1034359.199432600,0.000057500,0.020000000,0.020000000,1034359.199490100,1034359.219432600,0,
3487,1034359.215636300,0.000024900,0.020000000,0.020000000,1034359.215661200,1034359.235636300,0,
3488,1034359.231112700,0.000047900,0.020000000,0.020000000,1034359.231160600,1034359.251112700,0,
3489,1034359.262270200,0.000054000,0.020000000,0.020000000,1034359.262324200,1034359.282270200,0,
3490,1034359.278486600,0.000044900,0.020000000,0.020000000,1034359.278531500,1034359.298486600,0,
3491,1034359.294498100,0.000053100,0.020000000,0.020000000,1034359.294551200,1034359.314498100,0,
3492,1034359.310664900,0.000024000,0.020000000,0.020000000,1034359.310688900,1034359.330664900,0,
3493,1034359.341834200,0.000034500,0.020000000,0.020000000,1034359.341868700,1034359.361834200,0,
3494,1034359.357403500,0.000044400,0.020000000,0.020000000,1034359.357447900,1034359.377403500,0,
3495,1034359.373528200,0.000034600,0.020000000,0.020000000,1034359.373562800,1034359.393528200,0,
3496,1034359.404509300,0.000081500,0.020000000,0.020000000,1034359.404590800,1034359.424509300,0,
3497,1034359.420059200,0.000028100,0.020000000,0.020000000,1034359.420087300,1034359.440059200,0,
3498,1034359.435530400,0.000041900,0.020000000,0.020000000,1034359.435572300,1034359.455530400,0,
3499,1034359.451207900,0.000052200,0.020000000,0.020000000,1034359.451260100,1034359.471207900,0,
3500,1034359.482613400,0.000038600,0.020000000,0.020000000,1034359.482652000,1034359.502613400,0,
3501,1034359.498522500,0.000052100,0.020000000,0.020000000,1034359.498574600,1034359.518522500,0,
3502,1034359.514483300,0.000052600,0.020000000,0.020000000,1034359.514535900,1034359.534483300,0,
3503,1034359.529944000,0.000037400,0.020000000,0.020000000,1034359.529981400,1034359.549944000,0,
3504,1034359.561287800,0.000037500,0.020000000,0.020000000,1034359.561325300,1034359.581287800,0,
3505,1034359.576753300,0.000049100,0.020000000,0.020000000,1034359.576802400,1034359.596753300,0,
3506,1034359.592214700,0.000044800,0.020000000,0.020000000,1034359.592259500,1034359.612214700,0,
3507,1034359.623081000,0.000060900,0.020000000,0.020000000,1034359.623141900,1034359.643081000,0,
3508,1034359.638348500,0.000030300,0.020000000,0.020000000,1034359.638378800,1034359.658348500,0,
3509,1034359.653142900,0.000044900,0.020000000,0.020000000,1034359.653187800,1034359.673142900,0,
3510,1034359.683737400,0.000039300,0.020000000,0.020000000,1034359.683776700,1034359.703737400,0,
3511,1034359.698733900,0.000038800,0.020000000,0.020000000,1034359.698772700,1034359.718733900,0,
3512,1034359.714366100,0.000058700,0.020000000,0.020000000,1034359.714424800,1034359.734366100,0,
3513,1034359.730082400,0.000038500,0.020000000,0.020000000,1034359.730120900,1034359.750082400,0,
3514,1034359.761975900,0.000052900,0.020000000,0.020000000,1034359.762028800,1034359.781975900,0,
3515,1034359.778003500,0.000053300,0.020000000,0.020000000,1034359.778056800,1034359.798003500,0,
3516,1034359.794207500,0.000035600,0.020000000,0.020000000,1034359.794243100,1034359.814207500,0,
3517,1034359.810341200,0.000021100,0.020000000,0.020000000,1034359.810362300,1034359.830341200,0,
3518,1034359.841796400,0.000057600,0.020000000,0.020000000,1034359.841854000,1034359.861796400,0,
3519,1034359.857162700,0.000037400,0.020000000,0.020000000,1034359.857200100,1034359.877162700,0,
3520,1034359.873186300,0.000045300,0.020000000,0.020000000,1034359.873231600,1034359.893186300,0,
3521,1034359.904219400,0.000040000,0.020000000,0.020000000,1034359.904259400,1034359.924219400,0,
3522,1034359.919774100,0.000034300,0.020000000,0.020000000,1034359.919808400,1034359.939774100,0,
3523,1034359.935693300,0.000039800,0.020000000,0.020000000,1034359.935733100,1034359.955693300,0,
3524,1034359.951622400,0.000041000,0.020000000,0.020000000,1034359.951663400,1034359.971622400,0,
3525,1034359.983361600,0.000056700,0.020000000,0.020000000,1034359.983418300,1034360.003361600,0,
3526,1034359.998361600,0.000057800,0.020000000,0.020000000,1034359.998419400,1034360.018361600,0,
3527,1034360.014033100,0.000063300,0.020000000,0.020000000,1034360.014096400,1034360.034033100,0,
3528,1034360.029685500,0.000038700,0.020000000,0.020000000,1034360.029724200,1034360.049685500,0,
3529,1034360.061321400,0.000043200,0.020000000,0.020000000,1034360.061364600,1034360.081321400,0,
3530,1034360.077489800,0.000037600,0.020000000,0.020000000,1034360.077527400,1034360.097489800,0,
3531,1034360.093474800,0.000044100,0.020000000,0.020000000,1034360.093518900,1034360.113474800,0,
3532,1034360.109489500,0.000044400,0.020000000,0.020000000,1034360.109533900,1034360.129489500,0,
3533,1034360.140499300,0.000088200,0.020000000,0.020000000,1034360.140587500,1034360.160499300,0,
3534,1034360.156271800,0.000039400,0.020000000,0.020000000,1034360.156311200,1034360.176271800,0,
3535,1034360.172361900,0.000027000,0.020000000,0.020000000,1034360.172388900,1034360.192361900,0,
3536,1034360.203425800,0.000024700,0.020000000,0.020000000,1034360.203450500,1034360.223425800,0,
3537,1034360.218803100,0.000041400,0.020000000,0.020000000,1034360.218844500,1034360.238803100,0,
3538,1034360.234199500,0.000046100,0.020000000,0.020000000,1034360.234245600,1034360.254199500,0,
3539,1034360.250498100,0.000063900,0.020000000,0.020000000,1034360.250562000,1034360.270498100,0,
3540,1034360.281082100,0.000034600,0.020000000,0.020000000,1034360.281116700,1034360.301082100,0,
3541,1034360.296644400,0.000053300,0.020000000,0.020000000,1034360.296697700,1034360.316644400,0,
3542,1034360.311928400,0.000030700,0.020000000,0.020000000,1034360.311959100,1034360.331928400,0,
3543,1034360.343358000,0.000056000,0.020000000,0.020000000,1034360.343414000,1034360.363358000,0,
3544,1034360.359437800,0.000050900,0.020000000,0.020000000,1034360.359488700,1034360.379437800,0,
3545,1034360.375677400,0.000031800,0.020000000,0.020000000,1034360.375709200,1034360.395677400,0,
3546,1034360.391230400,0.000036400,0.020000000,0.020000000,1034360.391266800,1034360.411230400,0,
3547,1034360.423545400,0.000037600,0.020000000,0.020000000,1034360.423583000,1034360.443545400,0,
3548,1034360.438706900,0.000058800,0.020000000,0.020000000,1034360.438765700,1034360.458706900,0,
3549,1034360.454379200,0.000044900,0.020000000,0.020000000,1034360.454424100,1034360.474379200,0,
3550,1034360.470030700,0.000029000,0.020000000,0.020000000,1034360.470059700,1034360.490030700,0,
3551,1034360.502168700,0.000037700,0.020000000,0.020000000,1034360.502206400,1034360.522168700,0,
3552,1034360.517614000,0.000070100,0.020000000,0.020000000,1034360.517684100,1034360.537614000,0,
3553,1034360.533369800,0.000042900,0.020000000,0.020000000,1034360.533412700,1034360.553369800,0,
3554,1034360.564380500,0.000056000,0.020000000,0.020000000,1034360.564436500,1034360.584380500,0,
3555,1034360.579902000,0.000074200,0.020000000,0.020000000,1034360.579976200,1034360.599902000,0,
3556,1034360.595557300,0.000067200,0.020000000,0.020000000,1034360.595624500,1034360.615557300,0,
3557,1034360.610631700,0.000048600,0.020000000,0.020000000,1034360.610680300,1034360.630631700,0,
3558,1034360.641981000,0.000066900,0.020000000,0.020000000,1034360.642047900,1034360.661981000,0,
3559,1034360.657914500,0.000034500,0.020000000,0.020000000,1034360.657949000,1034360.677914500,0,
3560,1034360.673689900,0.000038900,0.020000000,0.020000000,1034360.673728800,1034360.693689900,0,
3561,1034360.704561900,0.000052600,0.020000000,0.020000000,1034360.704614500,1034360.724561900,0,
3562,1034360.720910600,0.000044200,0.020000000,0.020000000,1034360.720954800,1034360.740910600,0,
3563,1034360.736738800,0.000051000,0.020000000,0.020000000,1034360.736789800,1034360.756738800,0,
3564,1034360.753536600,0.000050400,0.020000000,0.020000000,1034360.753587000,1034360.773536600,0,
3565,1034360.784902600,0.000036200,0.020000000,0.020000000,1034360.784938800,1034360.804902600,0,
3566,1034360.800922800,0.000037200,0.020000000,0.020000000,1034360.800960000,1034360.820922800,0,
3567,1034360.816461200,0.000046300,0.020000000,0.020000000,1034360.816507500,1034360.836461200,0,
3568,1034360.832539600,0.000031600,0.020000000,0.020000000,1034360.832571200,1034360.852539600,0,
3569,1034360.864169000,0.000046600,0.020000000,0.020000000,1034360.864215600,1034360.884169000,0,
3570,1034360.879485500,0.000047500,0.020000000,0.020000000,1034360.879533000,1034360.899485500,0,
3571,1034360.895608700,0.000042800,0.020000000,0.020000000,1034360.895651500,1034360.915608700,0,
3572,1034360.911533100,0.000033600,0.020000000,0.020000000,1034360.911566700,1034360.931533100,0,
3573,1034360.941979300,0.000045400,0.020000000,0.020000000,1034360.942024700,1034360.961979300,0,
3574,1034360.958254100,0.000036800,0.020000000,0.020000000,1034360.958290900,1034360.978254100,0,
3575,1034360.973376200,0.000027400,0.020000000,0.020000000,1034360.973403600,1034360.993376200,0,
3576,1034361.004540000,0.000054000,0.020000000,0.020000000,1034361.004594000,1034361.024540000,0,
3577,1034361.019728600,0.000037200,0.020000000,0.020000000,1034361.019765800,1034361.039728600,0,
3578,1034361.035312500,0.000056000,0.020000000,0.020000000,1034361.035368500,1034361.055312500,0,
3579,1034361.050796900,0.000065900,0.020000000,0.020000000,1034361.050862800,1034361.070796900,0,
3580,1034361.081686100,0.000054700,0.020000000,0.020000000,1034361.081740800,1034361.101686100,0,
3581,1034361.097192100,0.000040800,0.020000000,0.020000000,1034361.097232900,1034361.117192100,0,
3582,1034361.112558200,0.000023900,0.020000000,0.020000000,1034361.112582100,1034361.132558200,0,
3583,1034361.143094300,0.000039200,0.020000000,0.020000000,1034361.143133500,1034361.163094300,0,
3584,1034361.158573200,0.000051600,0.020000000,0.020000000,1034361.158624800,1034361.178573200,0,
3585,1034361.174285000,0.000045000,0.020000000,0.020000000,1034361.174330000,1034361.194285000,0,
3586,1034361.189912100,0.000050800,0.020000000,0.020000000,1034361.189962900,1034361.209912100,0,
3587,1034361.221891600,0.000026700,0.020000000,0.020000000,1034361.221918300,1034361.241891600,0,
3588,1034361.237884300,0.000035500,0.020000000,0.020000000,1034361.237919800,1034361.257884300,0,
3589,1034361.253403600,0.000053100,0.020000000,0.020000000,1034361.253456700,1034361.273403600,0,
3590,1034361.284576600,0.000053800,0.020000000,0.020000000,1034361.284630400,1034361.304576600,0,
3591,1034361.299796100,0.000049900,0.020000000,0.020000000,1034361.299846000,1034361.319796100,0,
3592,1034361.315426700,0.000046300,0.020000000,0.020000000,1034361.315473000,1034361.335426700,0,
3593,1034361.330267200,0.000086100,0.020000000,0.020000000,1034361.330353300,1034361.350267200,0,
3594,1034361.361732600,0.000052100,0.020000000,0.020000000,1034361.361784700,1034361.381732600,0,
3595,1034361.377338700,0.000043900,0.020000000,0.020000000,1034361.377382600,1034361.397338700,0,
3596,1034361.393542100,0.000051900,0.020000000,0.020000000,1034361.393594000,1034361.413542100,0,
3597,1034361.424495700,0.000038100,0.020000000,0.020000000,1034361.424533800,1034361.444495700,0,
3598,1034361.440116300,0.000074700,0.020000000,0.020000000,1034361.440191000,1034361.460116300,0,
3599,1034361.455357000,0.000066500,0.020000000,0.020000000,1034361.455423500,1034361.475357000,0,
3600,1034361.470760800,0.000029900,0.020000000,0.020000000,1034361.470790700,1034361.490760800,0,
3601,1034361.501047500,0.000055700,0.020000000,0.020000000,1034361.501103200,1034361.521047500,0,
3602,1034361.516042200,0.000065200,0.020000000,0.020000000,1034361.516107400,1034361.536042200,0,
3603,1034361.531954500,0.000047200,0.020000000,0.020000000,1034361.532001700,1034361.551954500,0,
3604,1034361.561784800,0.000056300,0.020000000,0.020000000,1034361.561841100,1034361.581784800,0,
3605,1034361.577512600,0.000067400,0.020000000,0.020000000,1034361.577580000,1034361.597512600,0,
3606,1034361.593464900,0.000069700,0.020000000,0.020000000,1034361.593534600,1034361.613464900,0,
3607,1034361.623520800,0.000058600,0.020000000,0.020000000,1034361.623579400,1034361.643520800,0,
3608,1034361.639204200,0.000080600,0.020000000,0.020000000,1034361.639284800,1034361.659204200,0,
3609,1034361.655331300,0.000064200,0.020000000,0.020000000,1034361.655395500,1034361.675331300,0,
3610,1034361.670105000,0.000036100,0.020000000,0.020000000,1034361.670141100,1034361.690105000,0,
3611,1034361.701046600,0.000054600,0.020000000,0.020000000,1034361.701101200,1034361.721046600,0,
3612,1034361.717333800,0.000066100,0.020000000,0.020000000,1034361.717399900,1034361.737333800,0,
3613,1034361.733188300,0.000060600,0.020000000,0.020000000,1034361.733248900,1034361.753188300,0,
3614,1034361.763750400,0.000066100,0.020000000,0.020000000,1034361.763816500,1034361.783750400,0,
3615,1034361.779385000,0.000063800,0.020000000,0.020000000,1034361.779448800,1034361.799385000,0,
3616,1034361.794694500,0.000037700,0.020000000,0.020000000,1034361.794732200,1034361.814694500,0,
3617,1034361.809931200,0.000045500,0.020000000,0.020000000,1034361.809976700,1034361.829931200,0,
3618,1034361.840838400,0.000082900,0.020000000,0.020000000,1034361.840921300,1034361.860838400,0,
3619,1034361.857244000,0.000031600,0.020000000,0.020000000,1034361.857275600,1034361.877244000,0,
3620,1034361.873654800,0.000039500,0.020000000,0.020000000,1034361.873694300,1034361.893654800,0,
3621,1034361.904046700,0.000057500,0.020000000,0.020000000,1034361.904104200,1034361.924046700,0,
3622,1034361.919274400,0.000067100,0.020000000,0.020000000,1034361.919341500,1034361.939274400,0,
3623,1034361.935433700,0.000054000,0.020000000,0.020000000,1034361.935487700,1034361.955433700,0,
3624,1034361.951569000,0.000046100,0.020000000,0.020000000,1034361.951615100,1034361.971569000,0,
3625,1034361.983791600,0.000032100,0.020000000,0.020000000,1034361.983823700,1034362.003791600,0,
3626,1034361.998915800,0.000051600,0.020000000,0.020000000,1034361.998967400,1034362.018915800,0,
3627,1034362.013808500,0.000042900,0.020000000,0.020000000,1034362.013851400,1034362.033808500,0,
3628,1034362.029285700,0.000102200,0.020000000,0.020000000,1034362.029387900,1034362.049285700,0,
3629,1034362.060123400,0.000058000,0.020000000,0.020000000,1034362.060181400,1034362.080123400,0,
3630,1034362.075884000,0.000074000,0.020000000,0.020000000,1034362.075958000,1034362.095884000,0,
3631,1034362.091722500,0.000105000,0.020000000,0.020000000,1034362.091827500,1034362.111722500,0,
3632,1034362.121510300,0.000082600,0.020000000,0.020000000,1034362.121592900,1034362.141510300,0,
3633,1034362.136404300,0.000066100,0.020000000,0.020000000,1034362.136470400,1034362.156404300,0,
3634,1034362.151743400,0.000098700,0.020000000,0.020000000,1034362.151842100,1034362.171743400,0,
3635,1034362.183454300,0.000057200,0.020000000,0.020000000,1034362.183511500,1034362.203454300,0,
3636,1034362.198991600,0.000229900,0.020000000,0.020000000,1034362.199221500,1034362.218991600,0,
3637,1034362.215248300,0.000045600,0.020000000,0.020000000,1034362.215293900,1034362.235248300,0,
3638,1034362.230529300,0.000068500,0.020000000,0.020000000,1034362.230597800,1034362.250529300,0,
3639,1034362.261014900,0.000050800,0.020000000,0.020000000,1034362.261065700,1034362.281014900,0,
3640,1034362.276879600,0.000044700,0.020000000,0.020000000,1034362.276924300,1034362.296879600,0,
3641,1034362.292446300,0.000119600,0.020000000,0.020000000,1034362.292565900,1034362.312446300,0,
3642,1034362.323062600,0.000164700,0.020000000,0.020000000,1034362.323227300,1034362.343062600,0,
3643,1034362.338129400,0.000068800,0.020000000,0.020000000,1034362.338198200,1034362.358129400,0,
3644,1034362.353890700,0.000087900,0.020000000,0.020000000,1034362.353978600,1034362.373890700,0,
3645,1034362.369430500,0.000040600,0.020000000,0.020000000,1034362.369471100,1034362.389430500,0,
3646,1034362.399680500,0.000093400,0.020000000,0.020000000,1034362.399773900,1034362.419680500,0,
3647,1034362.415421700,0.000127700,0.020000000,0.020000000,1034362.415549400,1034362.435421700,0,
3648,1034362.431152900,0.000257500,0.020000000,0.020000000,1034362.431410400,1034362.451152900,0,
3649,1034362.463115000,0.000064200,0.020000000,0.020000000,1034362.463179200,1034362.483115000,0,
3650,1034362.478685000,0.000643300,0.020000000,0.020000000,1034362.479328300,1034362.498685000,0,
3651,1034362.494989000,0.000058200,0.020000000,0.020000000,1034362.495047200,1034362.514989000,0,
3652,1034362.510211500,0.000057200,0.020000000,0.020000000,1034362.510268700,1034362.530211500,0,
3653,1034362.540231500,0.000063100,0.020000000,0.020000000,1034362.540294600,1034362.560231500,0,
3654,1034362.555836400,0.000124500,0.020000000,0.020000000,1034362.555960900,1034362.575836400,0,
3655,1034362.571542400,0.000057800,0.020000000,0.020000000,1034362.571600200,1034362.591542400,0,
3656,1034362.603290700,0.000113900,0.020000000,0.020000000,1034362.603404600,1034362.623290700,0,
3657,1034362.619029700,0.000111500,0.020000000,0.020000000,1034362.619141200,1034362.639029700,0,
3658,1034362.635056100,0.000157600,0.020000000,0.020000000,1034362.635213700,1034362.655056100,0,
3659,1034362.651208200,0.000061500,0.020000000,0.020000000,1034362.651269700,1034362.671208200,0,
3660,1034362.681888300,0.000122500,0.020000000,0.020000000,1034362.682010800,1034362.701888300,0,
3661,1034362.697241200,0.000114600,0.020000000,0.020000000,1034362.697355800,1034362.717241200,0,
3662,1034362.713107000,0.000079900,0.020000000,0.020000000,1034362.713186900,1034362.733107000,0,
3663,1034362.743764700,0.000147300,0.020000000,0.020000000,1034362.743912000,1034362.763764700,0,
3664,1034362.758743200,0.000111900,0.020000000,0.020000000,1034362.758855100,1034362.778743200,0,
3665,1034362.773971800,0.000104500,0.020000000,0.020000000,1034362.774076300,1034362.793971800,0,
3666,1034362.789782200,0.000060700,0.020000000,0.020000000,1034362.789842900,1034362.809782200,0,
3667,1034362.820210300,0.000047900,0.020000000,0.020000000,1034362.820258200,1034362.840210300,0,
3668,1034362.835150700,0.000079300,0.020000000,0.020000000,1034362.835230000,1034362.855150700,0,
3669,1034362.851445700,0.000087900,0.020000000,0.020000000,1034362.851533600,1034362.871445700,0,
3670,1034362.881748500,0.000084400,0.020000000,0.020000000,1034362.881832900,1034362.901748500,0,
3671,1034362.897432300,0.000110000,0.020000000,0.020000000,1034362.897542300,1034362.917432300,0,
3672,1034362.913452900,0.000044000,0.020000000,0.020000000,1034362.913496900,1034362.933452900,0,
3673,1034362.943627400,0.000064900,0.020000000,0.020000000,1034362.943692300,1034362.963627400,0,
3674,1034362.959277800,0.000101500,0.020000000,0.020000000,1034362.959379300,1034362.979277800,0,
3675,1034362.974826800,0.000094200,0.020000000,0.020000000,1034362.974921000,1034362.994826800,0,
3676,1034362.990523500,0.000059500,0.020000000,0.020000000,1034362.990583000,1034363.010523500,0,
3677,1034363.022261400,0.000065700,0.020000000,0.020000000,1034363.022327100,1034363.042261400,0,
3678,1034363.038145800,0.000098100,0.020000000,0.020000000,1034363.038243900,1034363.058145800,0,
3679,1034363.053103800,0.000052700,0.020000000,0.020000000,1034363.053156500,1034363.073103800,0,
3680,1034363.084158200,0.000064900,0.020000000,0.020000000,1034363.084223100,1034363.104158200,0,
3681,1034363.100029000,0.000068900,0.020000000,0.020000000,1034363.100097900,1034363.120029000,0,
3682,1034363.115509200,0.000081200,0.020000000,0.020000000,1034363.115590400,1034363.135509200,0,
3683,1034363.131247400,0.000138200,0.020000000,0.020000000,1034363.131385600,1034363.151247400,0,
3684,1034363.162877500,0.000069600,0.020000000,0.020000000,1034363.162947100,1034363.182877500,0,
3685,1034363.177903000,0.000073500,0.020000000,0.020000000,1034363.177976500,1034363.197903000,0,
3686,1034363.193475200,0.000125600,0.020000000,0.020000000,1034363.193600800,1034363.213475200,0,
3687,1034363.224290800,0.000127500,0.020000000,0.020000000,1034363.224418300,1034363.244290800,0,
3688,1034363.239384000,0.000101000,0.020000000,0.020000000,1034363.239485000,1034363.259384000,0,
3689,1034363.254737900,0.000102100,0.020000000,0.020000000,1034363.254840000,1034363.274737900,0,
3690,1034363.270659900,0.000044400,0.020000000,0.020000000,1034363.270704300,1034363.290659900,0,
3691,1034363.301640300,0.000089100,0.020000000,0.020000000,1034363.301729400,1034363.321640300,0,
3692,1034363.317520600,0.000049600,0.020000000,0.020000000,1034363.317570200,1034363.337520600,0,
3693,1034363.333135100,0.000046200,0.020000000,0.020000000,1034363.333181300,1034363.353135100,0,
3694,1034363.364743300,0.000067200,0.020000000,0.020000000,1034363.364810500,1034363.384743300,0,
3695,1034363.380168100,0.000054200,0.020000000,0.020000000,1034363.380222300,1034363.400168100,0,
3696,1034363.396209200,0.000058700,0.020000000,0.020000000,1034363.396267900,1034363.416209200,0,
3697,1034363.412242000,0.000060400,0.020000000,0.020000000,1034363.412302400,1034363.432242000,0,
3698,1034363.444556100,0.000057200,0.020000000,0.020000000,1034363.444613300,1034363.464556100,0,
3699,1034363.459937100,0.000060800,0.020000000,0.020000000,1034363.459997900,1034363.479937100,0,
3700,1034363.475270500,0.000060800,0.020000000,0.020000000,1034363.475331300,1034363.495270500,0,
3701,1034363.490811700,0.000052400,0.020000000,0.020000000,1034363.490864100,1034363.510811700,0,
3702,1034363.522333100,0.000042000,0.020000000,0.020000000,1034363.522375100,1034363.542333100,0,
3703,1034363.538607400,0.000041400,0.020000000,0.020000000,1034363.538648800,1034363.558607400,0,
3704,1034363.553744900,0.000045900,0.020000000,0.020000000,1034363.553790800,1034363.573744900,0,
3705,1034363.569823600,0.000054600,0.020000000,0.020000000,1034363.569878200,1034363.589823600,0,
3706,1034363.600820600,0.000046600,0.020000000,0.020000000,1034363.600867200,1034363.620820600,0,
3707,1034363.616416700,0.000053200,0.020000000,0.020000000,1034363.616469900,1034363.636416700,0,
3708,1034363.632024900,0.000094100,0.020000000,0.020000000,1034363.632119000,1034363.652024900,0,
3709,1034363.664342900,0.000060200,0.020000000,0.020000000,1034363.664403100,1034363.684342900,0,
3710,1034363.679935300,0.000040900,0.020000000,0.020000000,1034363.679976200,1034363.699935300,0,
3711,1034363.695757000,0.000052200,0.020000000,0.020000000,1034363.695809200,1034363.715757000,0,
3712,1034363.711516400,0.000058400,0.020000000,0.020000000,1034363.711574800,1034363.731516400,0,
3713,1034363.743263900,0.000074300,0.020000000,0.020000000,1034363.743338200,1034363.763263900,0,
3714,1034363.759114800,0.000068200,0.020000000,0.020000000,1034363.759183000,1034363.779114800,0,
3715,1034363.774945600,0.000040700,0.020000000,0.020000000,1034363.774986300,1034363.794945600,0,
3716,1034363.790341700,0.000056100,0.020000000,0.020000000,1034363.790397800,1034363.810341700,0,
3717,1034363.820826300,0.000062300,0.020000000,0.020000000,1034363.820888600,1034363.840826300,0,
3718,1034363.836164600,0.000052600,0.020000000,0.020000000,1034363.836217200,1034363.856164600,0,
3719,1034363.852034200,0.000051900,0.020000000,0.020000000,1034363.852086100,1034363.872034200,0,
3720,1034363.884032000,0.000072400,0.020000000,0.020000000,1034363.884104400,1034363.904032000,0,
3721,1034363.900113000,0.000063000,0.020000000,0.020000000,1034363.900176000,1034363.920113000,0,
3722,1034363.915756100,0.000091500,0.020000000,0.020000000,1034363.915847600,1034363.935756100,0,
3723,1034363.931571600,0.000055200,0.020000000,0.020000000,1034363.931626800,1034363.951571600,0,
3724,1034363.963404300,0.000099400,0.020000000,0.020000000,1034363.963503700,1034363.983404300,0,
3725,1034363.979142400,0.000057500,0.020000000,0.020000000,1034363.979199900,1034363.999142400,0,
3726,1034363.994464100,0.000093400,0.020000000,0.020000000,1034363.994557500,1034364.014464100,0,
3727,1034364.011132900,0.000094400,0.020000000,0.020000000,1034364.011227300,1034364.031132900,0,
3728,1034364.041995300,0.000794200,0.020000000,0.020000000,1034364.042789500,1034364.061995300,0,
3729,1034364.057161700,0.000051100,0.020000000,0.020000000,1034364.057212800,1034364.077161700,0,
3730,1034364.073382900,0.000068600,0.020000000,0.020000000,1034364.073451500,1034364.093382900,0,
3731,1034364.104228100,0.000072900,0.020000000,0.020000000,1034364.104301000,1034364.124228100,0,
3732,1034364.120028800,0.000053600,0.020000000,0.020000000,1034364.120082400,1034364.140028800,0,
3733,1034364.135419000,0.000096500,0.020000000,0.020000000,1034364.135515500,1034364.155419000,0,
3734,1034364.151454500,0.000052700,0.020000000,0.020000000,1034364.151507200,1034364.171454500,0,
3735,1034364.183215600,0.000058200,0.020000000,0.020000000,1034364.183273800,1034364.203215600,0,
3736,1034364.198767800,0.000042700,0.020000000,0.020000000,1034364.198810500,1034364.218767800,0,
3737,1034364.214690400,0.000065200,0.020000000,0.020000000,1034364.214755600,1034364.234690400,0,
3738,1034364.230112900,0.000039900,0.020000000,0.020000000,1034364.230152800,1034364.250112900,0,
3739,1034364.261064600,0.000079600,0.020000000,0.020000000,1034364.261144200,1034364.281064600,0,
3740,1034364.276095000,0.000056000,0.020000000,0.020000000,1034364.276151000,1034364.296095000,0,
3741,1034364.291340000,0.000058100,0.020000000,0.020000000,1034364.291398100,1034364.311340000,0,
3742,1034364.322183900,0.000050000,0.020000000,0.020000000,1034364.322233900,1034364.342183900,0,
3743,1034364.337032000,0.000058600,0.020000000,0.020000000,1034364.337090600,1034364.357032000,0,
3744,1034364.353259700,0.000040700,0.020000000,0.020000000,1034364.353300400,1034364.373259700,0,
3745,1034364.383792000,0.000044300,0.020000000,0.020000000,1034364.383836300,1034364.403792000,0,
3746,1034364.399111800,0.000057000,0.020000000,0.020000000,1034364.399168800,1034364.419111800,0,
3747,1034364.415445800,0.000051800,0.020000000,0.020000000,1034364.415497600,1034364.435445800,0,
3748,1034364.430974500,0.000046500,0.020000000,0.020000000,1034364.431021000,1034364.450974500,0,
3749,1034364.461638400,0.000053800,0.020000000,0.020000000,1034364.461692200,1034364.481638400,0,
3750,1034364.477336000,0.000070200,0.020000000,0.020000000,1034364.477406200,1034364.497336000,0,
3751,1034364.493429000,0.000056000,0.020000000,0.020000000,1034364.493485000,1034364.513429000,0,
3752,1034364.524963100,0.000044300,0.020000000,0.020000000,1034364.525007400,1034364.544963100,0,
3753,1034364.540505900,0.000061300,0.020000000,0.020000000,1034364.540567200,1034364.560505900,0,
3754,1034364.556254700,0.000052600,0.020000000,0.020000000,1034364.556307300,1034364.576254700,0,
3755,1034364.571770600,0.000038900,0.020000000,0.020000000,1034364.571809500,1034364.591770600,0,
3756,1034364.603193400,0.000062000,0.020000000,0.020000000,1034364.603255400,1034364.623193400,0,
3757,1034364.618736300,0.000055300,0.020000000,0.020000000,1034364.618791600,1034364.638736300,0,
3758,1034364.634785800,0.000059500,0.020000000,0.020000000,1034364.634845300,1034364.654785800,0,
3759,1034364.649935600,0.000045800,0.020000000,0.020000000,1034364.649981400,1034364.669935600,0,
3760,1034364.681267500,0.000064500,0.020000000,0.020000000,1034364.681332000,1034364.701267500,0,
3761,1034364.696507100,0.000058000,0.020000000,0.020000000,1034364.696565100,1034364.716507100,0,
3762,1034364.712139700,0.000028600,0.020000000,0.020000000,1034364.712168300,1034364.732139700,0,
3763,1034364.743283100,0.000041500,0.020000000,0.020000000,1034364.743324600,1034364.763283100,0,
3764,1034364.758789700,0.000069300,0.020000000,0.020000000,1034364.758859000,1034364.778789700,0,
3765,1034364.773724300,0.000061800,0.020000000,0.020000000,1034364.773786100,1034364.793724300,0,
3766,1034364.789447500,0.000056000,0.020000000,0.020000000,1034364.789503500,1034364.809447500,0,
3767,1034364.820088700,0.000026000,0.020000000,0.020000000,1034364.820114700,1034364.840088700,0,
3768,1034364.835523500,0.000043600,0.020000000,0.020000000,1034364.835567100,1034364.855523500,0,
3769,1034364.850608700,0.000043600,0.020000000,0.020000000,1034364.850652300,1034364.870608700,0,
3770,1034364.882416200,0.000066500,0.020000000,0.020000000,1034364.882482700,1034364.902416200,0,
3771,1034364.898580900,0.000119600,0.020000000,0.020000000,1034364.898700500,1034364.918580900,0,
3772,1034364.915191300,0.000049100,0.020000000,0.020000000,1034364.915240400,1034364.935191300,0,
3773,1034364.930357000,0.000046500,0.020000000,0.020000000,1034364.930403500,1034364.950357000,0,
3774,1034364.962359200,0.000051000,0.020000000,0.020000000,1034364.962410200,1034364.982359200,0,
3775,1034364.977559700,0.000043000,0.020000000,0.020000000,1034364.977602700,1034364.997559700,0,
3776,1034364.993138000,0.000053800,0.020000000,0.020000000,1034364.993191800,1034365.013138000,0,
3777,1034365.023413100,0.000076000,0.020000000,0.020000000,1034365.023489100,1034365.043413100,0,
3778,1034365.039209200,0.000060500,0.020000000,0.020000000,1034365.039269700,1034365.059209200,0,
3779,1034365.054624600,0.000062600,0.020000000,0.020000000,1034365.054687200,1034365.074624600,0,
3780,1034365.070174000,0.000029700,0.020000000,0.020000000,1034365.070203700,1034365.090174000,0,
3781,1034365.102082000,0.000049800,0.020000000,0.020000000,1034365.102131800,1034365.122082000,0,
3782,1034365.117242700,0.000061500,0.020000000,0.020000000,1034365.117304200,1034365.137242700,0,
3783,1034365.133300300,0.000077100,0.020000000,0.020000000,1034365.133377400,1034365.153300300,0,
3784,1034365.164300900,0.000048700,0.020000000,0.020000000,1034365.164349600,1034365.184300900,0,
3785,1034365.179510000,0.000062400,0.020000000,0.020000000,1034365.179572400,1034365.199510000,0,
3786,1034365.195707700,0.000057400,0.020000000,0.020000000,1034365.195765100,1034365.215707700,0,
3787,1034365.210837400,0.000051500,0.020000000,0.020000000,1034365.210888900,1034365.230837400,0,
3788,1034365.241257900,0.000111900,0.020000000,0.020000000,1034365.241369800,1034365.261257900,0,
3789,1034365.256166000,0.000072700,0.020000000,0.020000000,1034365.256238700,1034365.276166000,0,
3790,1034365.272888900,0.000088000,0.020000000,0.020000000,1034365.272976900,1034365.292888900,0,
3791,1034365.303101500,0.000060800,0.020000000,0.020000000,1034365.303162300,1034365.323101500,0,
3792,1034365.319385900,0.000095700,0.020000000,0.020000000,1034365.319481600,1034365.339385900,0,
3793,1034365.334223000,0.000061700,0.020000000,0.020000000,1034365.334284700,1034365.354223000,0,
3794,1034365.349489000,0.000054100,0.020000000,0.020000000,1034365.349543100,1034365.369489000,0,
3795,1034365.380491200,0.000084800,0.020000000,0.020000000,1034365.380576000,1034365.400491200,0,
3796,1034365.395921600,0.000058800,0.020000000,0.020000000,1034365.395980400,1034365.415921600,0,
3797,1034365.411187200,0.000070800,0.020000000,0.020000000,1034365.411258000,1034365.431187200,0,
3798,1034365.443187900,0.000061000,0.020000000,0.020000000,1034365.443248900,1034365.463187900,0,
3799,1034365.458340300,0.000079000,0.020000000,0.020000000,1034365.458419300,1034365.478340300,0,
3800,1034365.474132100,0.000066700,0.020000000,0.020000000,1034365.474198800,1034365.494132100,0,
3801,1034365.489914700,0.000059400,0.020000000,0.020000000,1034365.489974100,1034365.509914700,0,
3802,1034365.520880700,0.000046200,0.020000000,0.020000000,1034365.520926900,1034365.540880700,0,
3803,1034365.536878300,0.000073900,0.020000000,0.020000000,1034365.536952200,1034365.556878300,0,
3804,1034365.553277800,0.000044300,0.020000000,0.020000000,1034365.553322100,1034365.573277800,0,
3805,1034365.584112800,0.000060400,0.020000000,0.020000000,1034365.584173200,1034365.604112800,0,
3806,1034365.599152700,0.000059900,0.020000000,0.020000000,1034365.599212600,1034365.619152700,0,
3807,1034365.615771000,0.000048500,0.020000000,0.020000000,1034365.615819500,1034365.635771000,0,
3808,1034365.630716700,0.000054000,0.020000000,0.020000000,1034365.630770700,1034365.650716700,0,
3809,1034365.661606900,0.000064200,0.020000000,0.020000000,1034365.661671100,1034365.681606900,0,
3810,1034365.677520000,0.000064800,0.020000000,0.020000000,1034365.677584800,1034365.697520000,0,
3811,1034365.693186300,0.000060000,0.020000000,0.020000000,1034365.693246300,1034365.713186300,0,
3812,1034365.723504300,0.000039500,0.020000000,0.020000000,1034365.723543800,1034365.743504300,0,
3813,1034365.739090800,0.000054900,0.020000000,0.020000000,1034365.739145700,1034365.759090800,0,
3814,1034365.754494200,0.000065200,0.020000000,0.020000000,1034365.754559400,1034365.774494200,0,
3815,1034365.769613700,0.000058600,0.020000000,0.020000000,1034365.769672300,1034365.789613700,0,
3816,1034365.800027800,0.000063500,0.020000000,0.020000000,1034365.800091300,1034365.820027800,0,
3817,1034365.815618600,0.000064700,0.020000000,0.020000000,1034365.815683300,1034365.835618600,0,
3818,1034365.831411600,0.000091000,0.020000000,0.020000000,1034365.831502600,1034365.851411600,0,
3819,1034365.862201300,0.000059200,0.020000000,0.020000000,1034365.862260500,1034365.882201300,0,
3820,1034365.877429000,0.000061100,0.020000000,0.020000000,1034365.877490100,1034365.897429000,0,
3821,1034365.893193200,0.000068000,0.020000000,0.020000000,1034365.893261200,1034365.913193200,0,
3822,1034365.909468000,0.000030300,0.020000000,0.020000000,1034365.909498300,1034365.929468000,0,
3823,1034365.940061000,0.000069300,0.020000000,0.020000000,1034365.940130300,1034365.960061000,0,
3824,1034365.955802400,0.000062900,0.020000000,0.020000000,1034365.955865300,1034365.975802400,0,
3825,1034365.971819400,0.000059700,0.020000000,0.020000000,1034365.971879100,1034365.991819400,0,
3826,1034366.003257300,0.000069000,0.020000000,0.020000000,1034366.003326300,1034366.023257300,0,
3827,1034366.018972100,0.000053200,0.020000000,0.020000000,1034366.019025300,1034366.038972100,0,
3828,1034366.034911100,0.000057800,0.020000000,0.020000000,1034366.034968900,1034366.054911100,0,
3829,1034366.050169200,0.000067000,0.020000000,0.020000000,1034366.050236200,1034366.070169200,0,
3830,1034366.081681600,0.000056400,0.020000000,0.020000000,1034366.081738000,1034366.101681600,0,
3831,1034366.096578400,0.000062600,0.020000000,0.020000000,1034366.096641000,1034366.116578400,0,
3832,1034366.113299600,0.000066500,0.020000000,0.020000000,1034366.113366100,1034366.133299600,0,
3833,1034366.144777600,0.000052200,0.020000000,0.020000000,1034366.144829800,1034366.164777600,0,
3834,1034366.160753400,0.000061100,0.020000000,0.020000000,1034366.160814500,1034366.180753400,0,
3835,1034366.176531200,0.000060900,0.020000000,0.020000000,1034366.176592100,1034366.196531200,0,
3836,1034366.192093400,0.000052700,0.020000000,0.020000000,1034366.192146100,1034366.212093400,0,
3837,1034366.223421600,0.000068500,0.020000000,0.020000000,1034366.223490100,1034366.243421600,0,
3838,1034366.238953600,0.000059900,0.020000000,0.020000000,1034366.239013500,1034366.258953600,0,
3839,1034366.254693300,0.000085800,0.020000000,0.020000000,1034366.254779100,1034366.274693300,0,
3840,1034366.270120800,0.000045500,0.020000000,0.020000000,1034366.270166300,1034366.290120800,0,
3841,1034366.300311500,0.000054500,0.020000000,0.020000000,1034366.300366000,1034366.320311500,0,
3842,1034366.316155200,0.000065600,0.020000000,0.020000000,1034366.316220800,1034366.336155200,0,
3843,1034366.331820300,0.000055100,0.020000000,0.020000000,1034366.331875400,1034366.351820300,0,
3844,1034366.363205300,0.000056200,0.020000000,0.020000000,1034366.363261500,1034366.383205300,0,
3845,1034366.378573200,0.000063900,0.020000000,0.020000000,1034366.378637100,1034366.398573200,0,
3846,1034366.393771200,0.000056900,0.020000000,0.020000000,1034366.393828100,1034366.413771200,0,
3847,1034366.409931800,0.000064800,0.020000000,0.020000000,1034366.409996600,1034366.429931800,0,
3848,1034366.440908500,0.000066200,0.020000000,0.020000000,1034366.440974700,1034366.460908500,0,
3849,1034366.456450100,0.000066100,0.020000000,0.020000000,1034366.456516200,1034366.476450100,0,
3850,1034366.473249500,0.000063600,0.020000000,0.020000000,1034366.473313100,1034366.493249500,0,
3851,1034366.503905500,0.000043500,0.020000000,0.020000000,1034366.503949000,1034366.523905500,0,
3852,1034366.518807800,0.000057000,0.020000000,0.020000000,1034366.518864800,1034366.538807800,0,
3853,1034366.534725100,0.000061000,0.020000000,0.020000000,1034366.534786100,1034366.554725100,0,
3854,1034366.550001000,0.000069700,0.020000000,0.020000000,1034366.550070700,1034366.570001000,0,
3855,1034366.581562400,0.000042200,0.020000000,0.020000000,1034366.581604600,1034366.601562400,0,
3856,1034366.596656000,0.000039500,0.020000000,0.020000000,1034366.596695500,1034366.616656000,0,
3857,1034366.612641700,0.000031700,0.020000000,0.020000000,1034366.612673400,1034366.632641700,0,
3858,1034366.643834800,0.000049300,0.020000000,0.020000000,1034366.643884100,1034366.663834800,0,
3859,1034366.659834900,0.000036600,0.020000000,0.020000000,1034366.659871500,1034366.679834900,0,
3860,1034366.675277300,0.000062300,0.020000000,0.020000000,1034366.675339600,1034366.695277300,0,
3861,1034366.690963400,0.000044200,0.020000000,0.020000000,1034366.691007600,1034366.710963400,0,
3862,1034366.723122100,0.000037300,0.020000000,0.020000000,1034366.723159400,1034366.743122100,0,
3863,1034366.737931900,0.000067200,0.020000000,0.020000000,1034366.737999100,1034366.757931900,0,
3864,1034366.753585100,0.000067200,0.020000000,0.020000000,1034366.753652300,1034366.773585100,0,
3865,1034366.770010900,0.000043600,0.020000000,0.020000000,1034366.770054500,1034366.790010900,0,
3866,1034366.800777500,0.000066700,0.020000000,0.020000000,1034366.800844200,1034366.820777500,0,
3867,1034366.816626300,0.000041900,0.020000000,0.020000000,1034366.816668200,1034366.836626300,0,
3868,1034366.832552900,0.000046600,0.020000000,0.020000000,1034366.832599500,1034366.852552900,0,
3869,1034366.864436800,0.000060700,0.020000000,0.020000000,1034366.864497500,1034366.884436800,0,
3870,1034366.879939700,0.000053400,0.020000000,0.020000000,1034366.879993100,1034366.899939700,0,
3871,1034366.895163300,0.000057800,0.020000000,0.020000000,1034366.895221100,1034366.915163300,0,
3872,1034366.910512800,0.000039000,0.020000000,0.020000000,1034366.910551800,1034366.930512800,0,
3873,1034366.940473800,0.000100200,0.020000000,0.020000000,1034366.940574000,1034366.960473800,0,
3874,1034366.956098600,0.000039500,0.020000000,0.020000000,1034366.956138100,1034366.976098600,0,
3875,1034366.972132700,0.000044600,0.020000000,0.020000000,1034366.972177300,1034366.992132700,0,
3876,1034367.004258800,0.000051600,0.020000000,0.020000000,1034367.004310400,1034367.024258800,0,
3877,1034367.019704400,0.000087200,0.020000000,0.020000000,1034367.019791600,1034367.039704400,0,
3878,1034367.035775200,0.000107500,0.020000000,0.020000000,1034367.035882700,1034367.055775200,0,
3879,1034367.052005500,0.000066200,0.020000000,0.020000000,1034367.052071700,1034367.072005500,0,
3880,1034367.084144300,0.000069400,0.020000000,0.020000000,1034367.084213700,1034367.104144300,0,
3881,1034367.099752400,0.000066700,0.020000000,0.020000000,1034367.099819100,1034367.119752400,0,
3882,1034367.115329600,0.000057400,0.020000000,0.020000000,1034367.115387000,1034367.135329600,0,
3883,1034367.131562700,0.000043800,0.020000000,0.020000000,1034367.131606500,1034367.151562700,0,
3884,1034367.162531800,0.000052700,0.020000000,0.020000000,1034367.162584500,1034367.182531800,0,
3885,1034367.178349900,0.000062700,0.020000000,0.020000000,1034367.178412600,1034367.198349900,0,
3886,1034367.194556300,0.000059800,0.020000000,0.020000000,1034367.194616100,1034367.214556300,0,
3887,1034367.209905900,0.000073600,0.020000000,0.020000000,1034367.209979500,1034367.229905900,0,
3888,1034367.241106300,0.000160800,0.020000000,0.020000000,1034367.241267100,1034367.261106300,0,
3889,1034367.256703500,0.000078300,0.020000000,0.020000000,1034367.256781800,1034367.276703500,0,
3890,1034367.272091900,0.000088200,0.020000000,0.020000000,1034367.272180100,1034367.292091900,0,
3891,1034367.303481500,0.000077100,0.020000000,0.020000000,1034367.303558600,1034367.323481500,0,
3892,1034367.318677900,0.000090100,0.020000000,0.020000000,1034367.318768000,1034367.338677900,0,
3893,1034367.334867900,0.000111000,0.020000000,0.020000000,1034367.334978900,1034367.354867900,0,
3894,1034367.351799500,0.000059400,0.020000000,0.020000000,1034367.351858900,1034367.371799500,0,
3895,1034367.382614300,0.000075400,0.020000000,0.020000000,1034367.382689700,1034367.402614300,0,
3896,1034367.398337600,0.000075300,0.020000000,0.020000000,1034367.398412900,1034367.418337600,0,
3897,1034367.414107900,0.000071200,0.020000000,0.020000000,1034367.414179100,1034367.434107900,0,
3898,1034367.429703300,0.000070000,0.020000000,0.020000000,1034367.429773300,1034367.449703300,0,
3899,1034367.459574200,0.000049500,0.020000000,0.020000000,1034367.459623700,1034367.479574200,0,
3900,1034367.475228600,0.000099800,0.020000000,0.020000000,1034367.475328400,1034367.495228600,0,
3901,1034367.490879100,0.000073000,0.020000000,0.020000000,1034367.490952100,1034367.510879100,0,
3902,1034367.522325400,0.000053600,0.020000000,0.020000000,1034367.522379000,1034367.542325400,0,
3903,1034367.537018600,0.000073400,0.020000000,0.020000000,1034367.537092000,1034367.557018600,0,
3904,1034367.552071200,0.000071800,0.020000000,0.020000000,1034367.552143000,1034367.572071200,0,
3905,1034367.583179600,0.000081800,0.020000000,0.020000000,1034367.583261400,1034367.603179600,0,
3906,1034367.598841500,0.000090100,0.020000000,0.020000000,1034367.598931600,1034367.618841500,0,
3907,1034367.614285500,0.000069200,0.020000000,0.020000000,1034367.614354700,1034367.634285500,0,
3908,1034367.629727000,0.000055400,0.020000000,0.020000000,1034367.629782400,1034367.649727000,0,
3909,1034367.660210600,0.000066800,0.020000000,0.020000000,1034367.660277400,1034367.680210600,0,
3910,1034367.675802000,0.000049700,0.020000000,0.020000000,1034367.675851700,1034367.695802000,0,
3911,1034367.691222500,0.000063000,0.020000000,0.020000000,1034367.691285500,1034367.711222500,0,
3912,1034367.722195300,0.000064000,0.020000000,0.020000000,1034367.722259300,1034367.742195300,0,
3913,1034367.738194800,0.000058300,0.020000000,0.020000000,1034367.738253100,1034367.758194800,0,
3914,1034367.753606000,0.000052700,0.020000000,0.020000000,1034367.753658700,1034367.773606000,0,
3915,1034367.783239900,0.000056100,0.020000000,0.020000000,1034367.783296000,1034367.803239900,0,
3916,1034367.798624800,0.000069300,0.020000000,0.020000000,1034367.798694100,1034367.818624800,0,
3917,1034367.813581500,0.000047400,0.020000000,0.020000000,1034367.813628900,1034367.833581500,0,
3918,1034367.844104500,0.000050500,0.020000000,0.020000000,1034367.844155000,1034367.864104500,0,
3919,1034367.859207900,0.000064700,0.020000000,0.020000000,1034367.859272600,1034367.879207900,0,
3920,1034367.874528600,0.000024000,0.020000000,0.020000000,1034367.874552600,1034367.894528600,0,
3921,1034367.890132500,0.000044700,0.020000000,0.020000000,1034367.890177200,1034367.910132500,0,
3922,1034367.921766100,0.000041900,0.020000000,0.020000000,1034367.921808000,1034367.941766100,0,
3923,1034367.937917100,0.000073700,0.020000000,0.020000000,1034367.937990800,1034367.957917100,0,
3924,1034367.953961700,0.000057100,0.020000000,0.020000000,1034367.954018800,1034367.973961700,0,
3925,1034367.969128300,0.000031900,0.020000000,0.020000000,1034367.969160200,1034367.989128300,0,
3926,1034367.999700200,0.000058000,0.020000000,0.020000000,1034367.999758200,1034368.019700200,0,
3927,1034368.015353600,0.000054700,0.020000000,0.020000000,1034368.015408300,1034368.035353600,0,
3928,1034368.030864400,0.000052100,0.020000000,0.020000000,1034368.030916500,1034368.050864400,0,
3929,1034368.062506300,0.000053200,0.020000000,0.020000000,1034368.062559500,1034368.082506300,0,
3930,1034368.077456100,0.000054800,0.020000000,0.020000000,1034368.077510900,1034368.097456100,0,
3931,1034368.093284900,0.000047300,0.020000000,0.020000000,1034368.093332200,1034368.113284900,0,
3932,1034368.124698000,0.000060000,0.020000000,0.020000000,1034368.124758000,1034368.144698000,0,
3933,1034368.140103000,0.000054000,0.020000000,0.020000000,1034368.140157000,1034368.160103000,0,
3934,1034368.154960900,0.000051000,0.020000000,0.020000000,1034368.155011900,1034368.174960900,0,
3935,1034368.170534200,0.000034700,0.020000000,0.020000000,1034368.170568900,1034368.190534200,0,
3936,1034368.201474100,0.000051800,0.020000000,0.020000000,1034368.201525900,1034368.221474100,0,
3937,1034368.217153900,0.000060300,0.020000000,0.020000000,1034368.217214200,1034368.237153900,0,
3938,1034368.233322700,0.000049800,0.020000000,0.020000000,1034368.233372500,1034368.253322700,0,
3939,1034368.264201500,0.000043200,0.020000000,0.020000000,1034368.264244700,1034368.284201500,0,
3940,1034368.279850400,0.000024200,0.020000000,0.020000000,1034368.279874600,1034368.299850400,0,
3941,1034368.296160900,0.000077200,0.020000000,0.020000000,1034368.296238100,1034368.316160900,0,
3942,1034368.311998500,0.000042800,0.020000000,0.020000000,1034368.312041300,1034368.331998500,0,
3943,1034368.343053000,0.000048200,0.020000000,0.020000000,1034368.343101200,1034368.363053000,0,
3944,1034368.358984000,0.000036400,0.020000000,0.020000000,1034368.359020400,1034368.378984000,0,
3945,1034368.374918600,0.000037200,0.020000000,0.020000000,1034368.374955800,1034368.394918600,0,
3946,1034368.390060900,0.000044200,0.020000000,0.020000000,1034368.390105100,1034368.410060900,0,
3947,1034368.420988900,0.000029300,0.020000000,0.020000000,1034368.421018200,1034368.440988900,0,
3948,1034368.436034400,0.000037400,0.020000000,0.020000000,1034368.436071800,1034368.456034400,0,
3949,1034368.452242200,0.000050400,0.020000000,0.020000000,1034368.452292600,1034368.472242200,0,
3950,1034368.484351600,0.000069900,0.020000000,0.020000000,1034368.484421500,1034368.504351600,0,
3951,1034368.499576700,0.000029900,0.020000000,0.020000000,1034368.499606600,1034368.519576700,0,
3952,1034368.514851500,0.000054900,0.020000000,0.020000000,1034368.514906400,1034368.534851500,0,
3953,1034368.530463700,0.000036700,0.020000000,0.020000000,1034368.530500400,1034368.550463700,0,
3954,1034368.561929100,0.000046100,0.020000000,0.020000000,1034368.561975200,1034368.581929100,0,
3955,1034368.577712100,0.000033900,0.020000000,0.020000000,1034368.577746000,1034368.597712100,0,
3956,1034368.593074400,0.000051000,0.020000000,0.020000000,1034368.593125400,1034368.613074400,0,
3957,1034368.624409700,0.000048600,0.020000000,0.020000000,1034368.624458300,1034368.644409700,0,
3958,1034368.639997500,0.000056900,0.020000000,0.020000000,1034368.640054400,1034368.659997500,0,
3959,1034368.655572800,0.000056400,0.020000000,0.020000000,1034368.655629200,1034368.675572800,0,
3960,1034368.670780400,0.000042400,0.020000000,0.020000000,1034368.670822800,1034368.690780400,0,
3961,1034368.701353900,0.000060600,0.020000000,0.020000000,1034368.701414500,1034368.721353900,0,
3962,1034368.717065600,0.000053400,0.020000000,0.020000000,1034368.717119000,1034368.737065600,0,
3963,1034368.733272800,0.000044500,0.020000000,0.020000000,1034368.733317300,1034368.753272800,0,
3964,1034368.764246100,0.000075400,0.020000000,0.020000000,1034368.764321500,1034368.784246100,0,
3965,1034368.779808500,0.000083800,0.020000000,0.020000000,1034368.779892300,1034368.799808500,0,
3966,1034368.795798500,0.000039000,0.020000000,0.020000000,1034368.795837500,1034368.815798500,0,
3967,1034368.811294900,0.000032200,0.020000000,0.020000000,1034368.811327100,1034368.831294900,0,
3968,1034368.843080300,0.000048300,0.020000000,0.020000000,1034368.843128600,1034368.863080300,0,
3969,1034368.859117400,0.000058900,0.020000000,0.020000000,1034368.859176300,1034368.879117400,0,
3970,1034368.874919800,0.000046400,0.020000000,0.020000000,1034368.874966200,1034368.894919800,0,
3971,1034368.890316800,0.000036300,0.020000000,0.020000000,1034368.890353100,1034368.910316800,0,
3972,1034368.921426000,0.000060200,0.020000000,0.020000000,1034368.921486200,1034368.941426000,0,
3973,1034368.936153900,0.000078100,0.020000000,0.020000000,1034368.936232000,1034368.956153900,0,
3974,1034368.952301400,0.000042500,0.020000000,0.020000000,1034368.952343900,1034368.972301400,0,
3975,1034368.984327900,0.000056600,0.020000000,0.020000000,1034368.984384500,1034369.004327900,0,
3976,1034368.999547800,0.000035500,0.020000000,0.020000000,1034368.999583300,1034369.019547800,0,
3977,1034369.015284600,0.000044100,0.020000000,0.020000000,1034369.015328700,1034369.035284600,0,
3978,1034369.030858100,0.000033400,0.020000000,0.020000000,1034369.030891500,1034369.050858100,0,
3979,1034369.061719100,0.000062500,0.020000000,0.020000000,1034369.061781600,1034369.081719100,0,
3980,1034369.077454500,0.000056700,0.020000000,0.020000000,1034369.077511200,1034369.097454500,0,
3981,1034369.093692700,0.000038200,0.020000000,0.020000000,1034369.093730900,1034369.113692700,0,
3982,1034369.124681600,0.000044600,0.020000000,0.020000000,1034369.124726200,1034369.144681600,0,
3983,1034369.140068900,0.000060200,0.020000000,0.020000000,1034369.140129100,1034369.160068900,0,
3984,1034369.155382800,0.000040700,0.020000000,0.020000000,1034369.155423500,1034369.175382800,0,
3985,1034369.171541000,0.000030400,0.020000000,0.020000000,1034369.171571400,1034369.191541000,0,
3986,1034369.201873700,0.000084700,0.020000000,0.020000000,1034369.201958400,1034369.221873700,0,
3987,1034369.217451900,0.000050100,0.020000000,0.020000000,1034369.217502000,1034369.237451900,0,
3988,1034369.233216800,0.000035000,0.020000000,0.020000000,1034369.233251800,1034369.253216800,0,
3989,1034369.263513100,0.000036000,0.020000000,0.020000000,1034369.263549100,1034369.283513100,0,
3990,1034369.279231000,0.000047900,0.020000000,0.020000000,1034369.279278900,1034369.299231000,0,
3991,1034369.294275200,0.000044300,0.020000000,0.020000000,1034369.294319500,1034369.314275200,0,
3992,1034369.310067500,0.000047400,0.020000000,0.020000000,1034369.310114900,1034369.330067500,0,
3993,1034369.340818900,0.000085600,0.020000000,0.020000000,1034369.340904500,1034369.360818900,0,
3994,1034369.356559000,0.000048100,0.020000000,0.020000000,1034369.356607100,1034369.376559000,0,
3995,1034369.372058600,0.000031300,0.020000000,0.020000000,1034369.372089900,1034369.392058600,0,
3996,1034369.403418700,0.000057100,0.020000000,0.020000000,1034369.403475800,1034369.423418700,0,
3997,1034369.419078500,0.000040100,0.020000000,0.020000000,1034369.419118600,1034369.439078500,0,
3998,1034369.434655200,0.000062500,0.020000000,0.020000000,1034369.434717700,1034369.454655200,0,
3999,1034369.450002300,0.000049700,0.020000000,0.020000000,1034369.450052000,1034369.470002300,0,
4000,1034369.480802900,0.000043700,0.020000000,0.020000000,1034369.480846600,1034369.500802900,0,
4001,1034369.496560100,0.000062800,0.020000000,0.020000000,1034369.496622900,1034369.516560100,0,
4002,1034369.512480700,0.000037300,0.020000000,0.020000000,1034369.512518000,1034369.532480700,0,
4003,1034369.543328100,0.000056700,0.020000000,0.020000000,1034369.543384800,1034369.563328100,0,
4004,1034369.559295900,0.000057200,0.020000000,0.020000000,1034369.559353100,1034369.579295900,0,
4005,1034369.574481100,0.000048400,0.020000000,0.020000000,1034369.574529500,1034369.594481100,0,
4006,1034369.590034900,0.000046800,0.020000000,0.020000000,1034369.590081700,1034369.610034900,0,
4007,1034369.621213100,0.000062700,0.020000000,0.020000000,1034369.621275800,1034369.641213100,0,
4008,1034369.637265400,0.000056800,0.020000000,0.020000000,1034369.637322200,1034369.657265400,0,
4009,1034369.653498700,0.000043500,0.020000000,0.020000000,1034369.653542200,1034369.673498700,0,
4010,1034369.684386700,0.000168300,0.020000000,0.020000000,1034369.684555000,1034369.704386700,0,
4011,1034369.699453600,0.000048200,0.020000000,0.020000000,1034369.699501800,1034369.719453600,0,
4012,1034369.715099600,0.000056100,0.020000000,0.020000000,1034369.715155700,1034369.735099600,0,
4013,1034369.730710600,0.000047200,0.020000000,0.020000000,1034369.730757800,1034369.750710600,0,
4014,1034369.761169100,0.000052700,0.020000000,0.020000000,1034369.761221800,1034369.781169100,0,
4015,1034369.776870000,0.000035500,0.020000000,0.020000000,1034369.776905500,1034369.796870000,0,
4016,1034369.792478300,0.000040100,0.020000000,0.020000000,1034369.792518400,1034369.812478300,0,
4017,1034369.824697800,0.000043300,0.020000000,0.020000000,1034369.824741100,1034369.844697800,0,
4018,1034369.840003600,0.000033900,0.020000000,0.020000000,1034369.840037500,1034369.860003600,0,
4019,1034369.855434000,0.000051900,0.020000000,0.020000000,1034369.855485900,1034369.875434000,0,
4020,1034369.871507700,0.000034800,0.020000000,0.020000000,1034369.871542500,1034369.891507700,0,
4021,1034369.903631300,0.000034800,0.020000000,0.020000000,1034369.903666100,1034369.923631300,0,
4022,1034369.920049300,0.000036900,0.020000000,0.020000000,1034369.920086200,1034369.940049300,0,
4023,1034369.935715500,0.000047100,0.020000000,0.020000000,1034369.935762600,1034369.955715500,0,
4024,1034369.951821000,0.000070700,0.020000000,0.020000000,1034369.951891700,1034369.971821000,0,
4025,1034369.983193400,0.000047300,0.020000000,0.020000000,1034369.983240700,1034370.003193400,0,
4026,1034369.998416400,0.000051100,0.020000000,0.020000000,1034369.998467500,1034370.018416400,0,
4027,1034370.014068700,0.000053700,0.020000000,0.020000000,1034370.014122400,1034370.034068700,0,
4028,1034370.029753000,0.000035600,0.020000000,0.020000000,1034370.029788600,1034370.049753000,0,
4029,1034370.060597400,0.000055300,0.020000000,0.020000000,1034370.060652700,1034370.080597400,0,
4030,1034370.076408500,0.000034600,0.020000000,0.020000000,1034370.076443100,1034370.096408500,0,
4031,1034370.091722600,0.000040300,0.020000000,0.020000000,1034370.091762900,1034370.111722600,0,
4032,1034370.122218500,0.000025100,0.020000000,0.020000000,1034370.122243600,1034370.142218500,0,
4033,1034370.137781900,0.000044100,0.020000000,0.020000000,1034370.137826000,1034370.157781900,0,
4034,1034370.153200600,0.000042300,0.020000000,0.020000000,1034370.153242900,1034370.173200600,0,
4035,1034370.184109900,0.000045500,0.020000000,0.020000000,1034370.184155400,1034370.204109900,0,
4036,1034370.199679900,0.000042300,0.020000000,0.020000000,1034370.199722200,1034370.219679900,0,
4037,1034370.215232500,0.000024400,0.020000000,0.020000000,1034370.215256900,1034370.235232500,0,
4038,1034370.230834000,0.000025200,0.020000000,0.020000000,1034370.230859200,1034370.250834000,0,
4039,1034370.261452700,0.000035000,0.020000000,0.020000000,1034370.261487700,1034370.281452700,0,
4040,1034370.277379800,0.000052400,0.020000000,0.020000000,1034370.277432200,1034370.297379800,0,
4041,1034370.293131200,0.000056200,0.020000000,0.020000000,1034370.293187400,1034370.313131200,0,
4042,1034370.323209300,0.000076700,0.020000000,0.020000000,1034370.323286000,1034370.343209300,0,
4043,1034370.339186600,0.000035500,0.020000000,0.020000000,1034370.339222100,1034370.359186600,0,
4044,1034370.354937400,0.000079400,0.020000000,0.020000000,1034370.355016800,1034370.374937400,0,
4045,1034370.370541800,0.000042600,0.020000000,0.020000000,1034370.370584400,1034370.390541800,0,
4046,1034370.401968800,0.000059000,0.020000000,0.020000000,1034370.402027800,1034370.421968800,0,
4047,1034370.418019400,0.000058900,0.020000000,0.020000000,1034370.418078300,1034370.438019400,0,
4048,1034370.433556000,0.000037500,0.020000000,0.020000000,1034370.433593500,1034370.453556000,0,
4049,1034370.464728100,0.000053900,0.020000000,0.020000000,1034370.464782000,1034370.484728100,0,
4050,1034370.480173700,0.000057000,0.020000000,0.020000000,1034370.480230700,1034370.500173700,0,
4051,1034370.496814400,0.000033400,0.020000000,0.020000000,1034370.496847800,1034370.516814400,0,
4052,1034370.511498000,0.000038200,0.020000000,0.020000000,1034370.511536200,1034370.531498000,0,
4053,1034370.542204800,0.000059800,0.020000000,0.020000000,1034370.542264600,1034370.562204800,0,
4054,1034370.558065200,0.000048700,0.020000000,0.020000000,1034370.558113900,1034370.578065200,0,
4055,1034370.573640000,0.000027400,0.020000000,0.020000000,1034370.573667400,1034370.593640000,0,
4056,1034370.604371500,0.000034700,0.020000000,0.020000000,1034370.604406200,1034370.624371500,0,
4057,1034370.619975100,0.000030100,0.020000000,0.020000000,1034370.620005200,1034370.639975100,0,
4058,1034370.635069000,0.000049100,0.020000000,0.020000000,1034370.635118100,1034370.655069000,0,
4059,1034370.650364800,0.000039600,0.020000000,0.020000000,1034370.650404400,1034370.670364800,0,
4060,1034370.681649100,0.000059200,0.020000000,0.020000000,1034370.681708300,1034370.701649100,0,
4061,1034370.697531700,0.000045900,0.020000000,0.020000000,1034370.697577600,1034370.717531700,0,
4062,1034370.712503600,0.000039100,0.020000000,0.020000000,1034370.712542700,1034370.732503600,0,
4063,1034370.744288900,0.000040400,0.020000000,0.020000000,1034370.744329300,1034370.764288900,0,
4064,1034370.760556700,0.000038400,0.020000000,0.020000000,1034370.760595100,1034370.780556700,0,
4065,1034370.775774700,0.000049900,0.020000000,0.020000000,1034370.775824600,1034370.795774700,0,
4066,1034370.791406000,0.000042500,0.020000000,0.020000000,1034370.791448500,1034370.811406000,0,
4067,1034370.823196700,0.000088200,0.020000000,0.020000000,1034370.823284900,1034370.843196700,0,
4068,1034370.838826900,0.000048400,0.020000000,0.020000000,1034370.838875300,1034370.858826900,0,
4069,1034370.854456100,0.000037100,0.020000000,0.020000000,1034370.854493200,1034370.874456100,0,
4070,1034370.870161600,0.000025400,0.020000000,0.020000000,1034370.870187000,1034370.890161600,0,
4071,1034370.901177400,0.000030000,0.020000000,0.020000000,1034370.901207400,1034370.921177400,0,
4072,1034370.917059500,0.000053900,0.020000000,0.020000000,1034370.917113400,1034370.937059500,0,
4073,1034370.933230000,0.000057900,0.020000000,0.020000000,1034370.933287900,1034370.953230000,0,
4074,1034370.964843500,0.000039200,0.020000000,0.020000000,1034370.964882700,1034370.984843500,0,
4075,1034370.980271300,0.000061100,0.020000000,0.020000000,1034370.980332400,1034371.000271300,0,
4076,1034370.996090900,0.000054700,0.020000000,0.020000000,1034370.996145600,1034371.016090900,0,
4077,1034371.012206700,0.000046200,0.020000000,0.020000000,1034371.012252900,1034371.032206700,0,
4078,1034371.043232800,0.000070100,0.020000000,0.020000000,1034371.043302900,1034371.063232800,0,
4079,1034371.059298100,0.000055600,0.020000000,0.020000000,1034371.059353700,1034371.079298100,0,
4080,1034371.074698000,0.000044000,0.020000000,0.020000000,1034371.074742000,1034371.094698000,0,
4081,1034371.090513200,0.000028800,0.020000000,0.020000000,1034371.090542000,1034371.110513200,0,
4082,1034371.121684600,0.000067500,0.020000000,0.020000000,1034371.121752100,1034371.141684600,0,
4083,1034371.136982400,0.000047800,0.020000000,0.020000000,1034371.137030200,1034371.156982400,0,
4084,1034371.153039700,0.000049100,0.020000000,0.020000000,1034371.153088800,1034371.173039700,0,
4085,1034371.184082800,0.000030700,0.020000000,0.020000000,1034371.184113500,1034371.204082800,0,
4086,1034371.198915500,0.000043900,0.020000000,0.020000000,1034371.198959400,1034371.218915500,0,
4087,1034371.214535000,0.000042900,0.020000000,0.020000000,1034371.214577900,1034371.234535000,0,
4088,1034371.230027500,0.000060100,0.020000000,0.020000000,1034371.230087600,1034371.250027500,0,
4089,1034371.261107700,0.000057500,0.020000000,0.020000000,1034371.261165200,1034371.281107700,0,
4090,1034371.277187900,0.000044200,0.020000000,0.020000000,1034371.277232100,1034371.297187900,0,
4091,1034371.292319400,0.000049800,0.020000000,0.020000000,1034371.292369200,1034371.312319400,0,
4092,1034371.324775500,0.000108800,0.020000000,0.020000000,1034371.324884300,1034371.344775500,0,
4093,1034371.340301100,0.000049700,0.020000000,0.020000000,1034371.340350800,1034371.360301100,0,
4094,1034371.356133900,0.000067100,0.020000000,0.020000000,1034371.356201000,1034371.376133900,0,
4095,1034371.372376000,0.000024300,0.020000000,0.020000000,1034371.372400300,1034371.392376000,0,
4096,1034371.403752300,0.000049100,0.020000000,0.020000000,1034371.403801400,1034371.423752300,0,
4097,1034371.419852900,0.000023200,0.020000000,0.020000000,1034371.419876100,1034371.439852900,0,
4098,1034371.435040800,0.000057600,0.020000000,0.020000000,1034371.435098400,1034371.455040800,0,
4099,1034371.450303000,0.000039700,0.020000000,0.020000000,1034371.450342700,1034371.470303000,0,
4100,1034371.481215800,0.000062700,0.020000000,0.020000000,1034371.481278500,1034371.501215800,0,
4101,1034371.497065400,0.000062800,0.020000000,0.020000000,1034371.497128200,1034371.517065400,0,
4102,1034371.512345000,0.000046600,0.020000000,0.020000000,1034371.512391600,1034371.532345000,0,
4103,1034371.544954200,0.000044500,0.020000000,0.020000000,1034371.544998700,1034371.564954200,0,
4104,1034371.560447900,0.000052300,0.020000000,0.020000000,1034371.560500200,1034371.580447900,0,
4105,1034371.575993400,0.000058900,0.020000000,0.020000000,1034371.576052300,1034371.595993400,0,
4106,1034371.591602700,0.000038200,0.020000000,0.020000000,1034371.591640900,1034371.611602700,0,
4107,1034371.623870500,0.000072500,0.020000000,0.020000000,1034371.623943000,1034371.643870500,0,
4108,1034371.639068200,0.000050900,0.020000000,0.020000000,1034371.639119100,1034371.659068200,0,
4109,1034371.654646100,0.000043900,0.020000000,0.020000000,1034371.654690000,1034371.674646100,0,
4110,1034371.670972300,0.000031500,0.020000000,0.020000000,1034371.671003800,1034371.690972300,0,
4111,1034371.701260400,0.000046000,0.020000000,0.020000000,1034371.701306400,1034371.721260400,0,
4112,1034371.718209100,0.000048400,0.020000000,0.020000000,1034371.718257500,1034371.738209100,0,
4113,1034371.733460800,0.000059200,0.020000000,0.020000000,1034371.733520000,1034371.753460800,0,
4114,1034371.764867000,0.000035700,0.020000000,0.020000000,1034371.764902700,1034371.784867000,0,
4115,1034371.780137600,0.000071800,0.020000000,0.020000000,1034371.780209400,1034371.800137600,0,
4116,1034371.795861400,0.000049800,0.020000000,0.020000000,1034371.795911200,1034371.815861400,0,
4117,1034371.811606900,0.000019600,0.020000000,0.020000000,1034371.811626500,1034371.831606900,0,
4118,1034371.842576500,0.000034200,0.020000000,0.020000000,1034371.842610700,1034371.862576500,0,
4119,1034371.858141800,0.000050800,0.020000000,0.020000000,1034371.858192600,1034371.878141800,0,
4120,1034371.873634600,0.000029600,0.020000000,0.020000000,1034371.873664200,1034371.893634600,0,
4121,1034371.904426400,0.000048400,0.020000000,0.020000000,1034371.904474800,1034371.924426400,0,
4122,1034371.919908100,0.000031200,0.020000000,0.020000000,1034371.919939300,1034371.939908100,0,
4123,1034371.935519800,0.000053600,0.020000000,0.020000000,1034371.935573400,1034371.955519800,0,
4124,1034371.950733700,0.000042200,0.020000000,0.020000000,1034371.950775900,1034371.970733700,0,
4125,1034371.981666500,0.000049200,0.020000000,0.020000000,1034371.981715700,1034372.001666500,0,
4126,1034371.997805500,0.000055700,0.020000000,0.020000000,1034371.997861200,1034372.017805500,0,
4127,1034372.013398100,0.000045700,0.020000000,0.020000000,1034372.013443800,1034372.033398100,0,
4128,1034372.044699800,0.000048800,0.020000000,0.020000000,1034372.044748600,1034372.064699800,0,
4129,1034372.060005600,0.000027900,0.020000000,0.020000000,1034372.060033500,1034372.080005600,0,
4130,1034372.075277700,0.000037600,0.020000000,0.020000000,1034372.075315300,1034372.095277700,0,
4131,1034372.090680200,0.000031200,0.020000000,0.020000000,1034372.090711400,1034372.110680200,0,
4132,1034372.122067900,0.000046500,0.020000000,0.020000000,1034372.122114400,1034372.142067900,0,
4133,1034372.136978700,0.000051500,0.020000000,0.020000000,1034372.137030200,1034372.156978700,0,
4134,1034372.153174200,0.000031200,0.020000000,0.020000000,1034372.153205400,1034372.173174200,0,
4135,1034372.183948200,0.000062500,0.020000000,0.020000000,1034372.184010700,1034372.203948200,0,
4136,1034372.199956400,0.000061500,0.020000000,0.020000000,1034372.200017900,1034372.219956400,0,
4137,1034372.215432300,0.000048200,0.020000000,0.020000000,1034372.215480500,1034372.235432300,0,
4138,1034372.231095900,0.000035100,0.020000000,0.020000000,1034372.231131000,1034372.251095900,0,
4139,1034372.263202400,0.000041000,0.020000000,0.020000000,1034372.263243400,1034372.283202400,0,
4140,1034372.278790600,0.000028200,0.020000000,0.020000000,1034372.278818800,1034372.298790600,0,
4141,1034372.294790300,0.000053300,0.020000000,0.020000000,1034372.294843600,1034372.314790300,0,
4142,1034372.309651800,0.000048100,0.020000000,0.020000000,1034372.309699900,1034372.329651800,0,
4143,1034372.340230300,0.000048700,0.020000000,0.020000000,1034372.340279000,1034372.360230300,0,
4144,1034372.355803500,0.000059200,0.020000000,0.020000000,1034372.355862700,1034372.375803500,0,
4145,1034372.370961800,0.000019800,0.020000000,0.020000000,1034372.370981600,1034372.390961800,0,
4146,1034372.402442600,0.000058600,0.020000000,0.020000000,1034372.402501200,1034372.422442600,0,
4147,1034372.418531700,0.000065900,0.020000000,0.020000000,1034372.418597600,1034372.438531700,0,
4148,1034372.434110800,0.000040500,0.020000000,0.020000000,1034372.434151300,1034372.454110800,0,
4149,1034372.449993300,0.000037700,0.020000000,0.020000000,1034372.450031000,1034372.469993300,0,
4150,1034372.480868300,0.000054300,0.020000000,0.020000000,1034372.480922600,1034372.500868300,0,
4151,1034372.496532400,0.000075900,0.020000000,0.020000000,1034372.496608300,1034372.516532400,0,
4152,1034372.512279500,0.000043100,0.020000000,0.020000000,1034372.512322600,1034372.532279500,0,
4153,1034372.543332400,0.000043200,0.020000000,0.020000000,1034372.543375600,1034372.563332400,0,
4154,1034372.559223200,0.000075400,0.020000000,0.020000000,1034372.559298600,1034372.579223200,0,
4155,1034372.574883700,0.000042500,0.020000000,0.020000000,1034372.574926200,1034372.594883700,0,
4156,1034372.590392500,0.000033800,0.020000000,0.020000000,1034372.590426300,1034372.610392500,0,
4157,1034372.621450600,0.000059200,0.020000000,0.020000000,1034372.621509800,1034372.641450600,0,
4158,1034372.637429100,0.000050800,0.020000000,0.020000000,1034372.637479900,1034372.657429100,0,
4159,1034372.653063700,0.000046100,0.020000000,0.020000000,1034372.653109800,1034372.673063700,0,
4160,1034372.684329400,0.000028800,0.020000000,0.020000000,1034372.684358200,1034372.704329400,0,
4161,1034372.700778800,0.000059000,0.020000000,0.020000000,1034372.700837800,1034372.720778800,0,
4162,1034372.716441200,0.000043400,0.020000000,0.020000000,1034372.716484600,1034372.736441200,0,
4163,1034372.731989400,0.000034600,0.020000000,0.020000000,1034372.732024000,1034372.751989400,0,
4164,1034372.764099100,0.000047900,0.020000000,0.020000000,1034372.764147000,1034372.784099100,0,
4165,1034372.779576700,0.000058900,0.020000000,0.020000000,1034372.779635600,1034372.799576700,0,
4166,1034372.795580100,0.000045000,0.020000000,0.020000000,1034372.795625100,1034372.815580100,0,
4167,1034372.811267300,0.000029500,0.020000000,0.020000000,1034372.811296800,1034372.831267300,0,
4168,1034372.843341900,0.000033100,0.020000000,0.020000000,1034372.843375000,1034372.863341900,0,
4169,1034372.858152900,0.000050900,0.020000000,0.020000000,1034372.858203800,1034372.878152900,0,
4170,1034372.873886900,0.000028300,0.020000000,0.020000000,1034372.873915200,1034372.893886900,0,
4171,1034372.889490100,0.000027400,0.020000000,0.020000000,1034372.889517500,1034372.909490100,0,
4172,1034372.920672200,0.000020700,0.020000000,0.020000000,1034372.920692900,1034372.940672200,0,
4173,1034372.936572000,0.000044800,0.020000000,0.020000000,1034372.936616800,1034372.956572000,0,
4174,1034372.953179800,0.000049500,0.020000000,0.020000000,1034372.953229300,1034372.973179800,0,
4175,1034372.984694100,0.000050400,0.020000000,0.020000000,1034372.984744500,1034373.004694100,0,
4176,1034373.000781600,0.000061700,0.020000000,0.020000000,1034373.000843300,1034373.020781600,0,
4177,1034373.016808400,0.000060700,0.020000000,0.020000000,1034373.016869100,1034373.036808400,0,
4178,1034373.032394900,0.000055600,0.020000000,0.020000000,1034373.032450500,1034373.052394900,0,
4179,1034373.064377900,0.000054700,0.020000000,0.020000000,1034373.064432600,1034373.084377900,0,
4180,1034373.080044600,0.000039800,0.020000000,0.020000000,1034373.080084400,1034373.100044600,0,
4181,1034373.096202900,0.000047800,0.020000000,0.020000000,1034373.096250700,1034373.116202900,0,
4182,1034373.112299800,0.000032200,0.020000000,0.020000000,1034373.112332000,1034373.132299800,0,
4183,1034373.143351400,0.000032000,0.020000000,0.020000000,1034373.143383400,1034373.163351400,0,
4184,1034373.159834700,0.000041200,0.020000000,0.020000000,1034373.159875900,1034373.179834700,0,
4185,1034373.174744500,0.000042700,0.020000000,0.020000000,1034373.174787200,1034373.194744500,0,
4186,1034373.190739000,0.000032300,0.020000000,0.020000000,1034373.190771300,1034373.210739000,0,
4187,1034373.222253300,0.000057200,0.020000000,0.020000000,1034373.222310500,1034373.242253300,0,
4188,1034373.237431600,0.000052300,0.020000000,0.020000000,1034373.237483900,1034373.257431600,0,
4189,1034373.252572500,0.000277400,0.020000000,0.020000000,1034373.252849900,1034373.272572500,0,
4190,1034373.283184500,0.000040700,0.020000000,0.020000000,1034373.283225200,1034373.303184500,0,
4191,1034373.298405700,0.000050400,0.020000000,0.020000000,1034373.298456100,1034373.318405700,0,
4192,1034373.314741600,0.000032900,0.020000000,0.020000000,1034373.314774500,1034373.334741600,0,
4193,1034373.329984500,0.000049600,0.020000000,0.020000000,1034373.330034100,1034373.349984500,0,
4194,1034373.360177200,0.000054600,0.020000000,0.020000000,1034373.360231800,1034373.380177200,0,
4195,1034373.375971300,0.000053900,0.020000000,0.020000000,1034373.376025200,1034373.395971300,0,
4196,1034373.391484100,0.000045200,0.020000000,0.020000000,1034373.391529300,1034373.411484100,0,
4197,1034373.422064500,0.000060700,0.020000000,0.020000000,1034373.422125200,1034373.442064500,0,
4198,1034373.437158700,0.000053300,0.020000000,0.020000000,1034373.437212000,1034373.457158700,0,
4199,1034373.452283300,0.000047800,0.020000000,0.020000000,1034373.452331100,1034373.472283300,0,
4200,1034373.483153500,0.000029800,0.020000000,0.020000000,1034373.483183300,1034373.503153500,0,
4201,1034373.498667300,0.000045000,0.020000000,0.020000000,1034373.498712300,1034373.518667300,0,
4202,1034373.514267700,0.000065200,0.020000000,0.020000000,1034373.514332900,1034373.534267700,0,
4203,1034373.530112900,0.000049900,0.020000000,0.020000000,1034373.530162800,1034373.550112900,0,
4204,1034373.560847900,0.000066500,0.020000000,0.020000000,1034373.560914400,1034373.580847900,0,
4205,1034373.576660300,0.000050500,0.020000000,0.020000000,1034373.576710800,1034373.596660300,0,
4206,1034373.592123700,0.000051300,0.020000000,0.020000000,1034373.592175000,1034373.612123700,0,
4207,1034373.623276800,0.000056100,0.020000000,0.020000000,1034373.623332900,1034373.643276800,0,
4208,1034373.639385300,0.000053400,0.020000000,0.020000000,1034373.639438700,1034373.659385300,0,
4209,1034373.654762200,0.000038900,0.020000000,0.020000000,1034373.654801100,1034373.674762200,0,
4210,1034373.670914700,0.000032600,0.020000000,0.020000000,1034373.670947300,1034373.690914700,0,
4211,1034373.701578700,0.000083100,0.020000000,0.020000000,1034373.701661800,1034373.721578700,0,
4212,1034373.717497000,0.000051800,0.020000000,0.020000000,1034373.717548800,1034373.737497000,0,
4213,1034373.733660000,0.000035900,0.020000000,0.020000000,1034373.733695900,1034373.753660000,0,
4214,1034373.764389000,0.000059300,0.020000000,0.020000000,1034373.764448300,1034373.784389000,0,
4215,1034373.780061800,0.000051800,0.020000000,0.020000000,1034373.780113600,1034373.800061800,0,
4216,1034373.796038100,0.000046700,0.020000000,0.020000000,1034373.796084800,1034373.816038100,0,
4217,1034373.811704500,0.000036500,0.020000000,0.020000000,1034373.811741000,1034373.831704500,0,
4218,1034373.843083800,0.000058400,0.020000000,0.020000000,1034373.843142200,1034373.863083800,0,
4219,1034373.858200300,0.000050000,0.020000000,0.020000000,1034373.858250300,1034373.878200300,0,
4220,1034373.873613600,0.000034300,0.020000000,0.020000000,1034373.873647900,1034373.893613600,0,
4221,1034373.889447700,0.000049600,0.020000000,0.020000000,1034373.889497300,1034373.909447700,0,
4222,1034373.921136200,0.000051900,0.020000000,0.020000000,1034373.921188100,1034373.941136200,0,
4223,1034373.937439800,0.000038300,0.020000000,0.020000000,1034373.937478100,1034373.957439800,0,
4224,1034373.953234600,0.000047400,0.020000000,0.020000000,1034373.953282000,1034373.973234600,0,
4225,1034373.983940600,0.000032600,0.020000000,0.020000000,1034373.983973200,1034374.003940600,0,
4226,1034373.999893200,0.000106800,0.020000000,0.020000000,1034374.000000000,1034374.019893200,0,
4227,1034374.015326200,0.000074800,0.020000000,0.020000000,1034374.015401000,1034374.035326200,0,
4228,1034374.031532600,0.000078000,0.020000000,0.020000000,1034374.031610600,1034374.051532600,0,
4229,1034374.062243400,0.000041600,0.020000000,0.020000000,1034374.062285000,1034374.082243400,0,
4230,1034374.078524400,0.000066200,0.020000000,0.020000000,1034374.078590600,1034374.098524400,0,
4231,1034374.094304000,0.000079200,0.020000000,0.020000000,1034374.094383200,1034374.114304000,0,
4232,1034374.109766200,0.000035000,0.020000000,0.020000000,1034374.109801200,1034374.129766200,0,
4233,1034374.140561400,0.000057800,0.020000000,0.020000000,1034374.140619200,1034374.160561400,0,
4234,1034374.156290600,0.000035800,0.020000000,0.020000000,1034374.156326400,1034374.176290600,0,
4235,1034374.171277200,0.000031400,0.020000000,0.020000000,1034374.171308600,1034374.191277200,0,
4236,1034374.201757800,0.000055900,0.020000000,0.020000000,1034374.201813700,1034374.221757800,0,
4237,1034374.217714300,0.000043400,0.020000000,0.020000000,1034374.217757700,1034374.237714300,0,
4238,1034374.233567300,0.000059100,0.020000000,0.020000000,1034374.233626400,1034374.253567300,0,
4239,1034374.249824600,0.000033900,0.020000000,0.020000000,1034374.249858500,1034374.269824600,0,
4240,1034374.280874200,0.000058800,0.020000000,0.020000000,1034374.280933000,1034374.300874200,0,
4241,1034374.296953900,0.000054500,0.020000000,0.020000000,1034374.297008400,1034374.316953900,0,
4242,1034374.311620100,0.000053600,0.020000000,0.020000000,1034374.311673700,1034374.331620100,0,
4243,1034374.343441700,0.000065100,0.020000000,0.020000000,1034374.343506800,1034374.363441700,0,
4244,1034374.358671900,0.000055600,0.020000000,0.020000000,1034374.358727500,1034374.378671900,0,
4245,1034374.374476200,0.000050400,0.020000000,0.020000000,1034374.374526600,1034374.394476200,0,
4246,1034374.390343700,0.000062200,0.020000000,0.020000000,1034374.390405900,1034374.410343700,0,
4247,1034374.420456900,0.000068900,0.020000000,0.020000000,1034374.420525800,1034374.440456900,0,
4248,1034374.435772400,0.000083800,0.020000000,0.020000000,1034374.435856200,1034374.455772400,0,
4249,1034374.452046600,0.000068300,0.020000000,0.020000000,1034374.452114900,1034374.472046600,0,
4250,1034374.483518100,0.000062600,0.020000000,0.020000000,1034374.483580700,1034374.503518100,0,
4251,1034374.499556900,0.000057500,0.020000000,0.020000000,1034374.499614400,1034374.519556900,0,
4252,1034374.514725600,0.000054200,0.020000000,0.020000000,1034374.514779800,1034374.534725600,0,
4253,1034374.530254900,0.000055400,0.020000000,0.020000000,1034374.530310300,1034374.550254900,0,
4254,1034374.562610300,0.000038700,0.020000000,0.020000000,1034374.562649000,1034374.582610300,0,
4255,1034374.577370100,0.000062300,0.020000000,0.020000000,1034374.577432400,1034374.597370100,0,
4256,1034374.594067800,0.000039600,0.020000000,0.020000000,1034374.594107400,1034374.614067800,0,
4257,1034374.624547000,0.000021900,0.020000000,0.020000000,1034374.624568900,1034374.644547000,0,
4258,1034374.639820300,0.000043400,0.020000000,0.020000000,1034374.639863700,1034374.659820300,0,
4259,1034374.655737100,0.000031900,0.020000000,0.020000000,1034374.655769000,1034374.675737100,0,
4260,1034374.671903900,0.000033900,0.020000000,0.020000000,1034374.671937800,1034374.691903900,0,
4261,1034374.701921100,0.000055300,0.020000000,0.020000000,1034374.701976400,1034374.721921100,0,
4262,1034374.717574600,0.000044500,0.020000000,0.020000000,1034374.717619100,1034374.737574600,0,
4263,1034374.733122900,0.000036800,0.020000000,0.020000000,1034374.733159700,1034374.753122900,0,
4264,1034374.765081700,0.000031200,0.020000000,0.020000000,1034374.765112900,1034374.785081700,0,
4265,1034374.780417200,0.000042700,0.020000000,0.020000000,1034374.780459900,1034374.800417200,0,
4266,1034374.796322500,0.000043900,0.020000000,0.020000000,1034374.796366400,1034374.816322500,0,
4267,1034374.812649400,0.000042700,0.020000000,0.020000000,1034374.812692100,1034374.832649400,0,
4268,1034374.844537500,0.000053100,0.020000000,0.020000000,1034374.844590600,1034374.864537500,0,
4269,1034374.860567100,0.000048700,0.020000000,0.020000000,1034374.860615800,1034374.880567100,0,
4270,1034374.876399200,0.000031800,0.020000000,0.020000000,1034374.876431000,1034374.896399200,0,
4271,1034374.891728300,0.000049600,0.020000000,0.020000000,1034374.891777900,1034374.911728300,0,
4272,1034374.923637500,0.000033100,0.020000000,0.020000000,1034374.923670600,1034374.943637500,0,
4273,1034374.938965600,0.000050700,0.020000000,0.020000000,1034374.939016300,1034374.958965600,0,
4274,1034374.954791000,0.000052600,0.020000000,0.020000000,1034374.954843600,1034374.974791000,0,
4275,1034374.970611300,0.000029400,0.020000000,0.020000000,1034374.970640700,1034374.990611300,0,
4276,1034375.001932100,0.000050100,0.020000000,0.020000000,1034375.001982200,1034375.021932100,0,
4277,1034375.017858600,0.000046900,0.020000000,0.020000000,1034375.017905500,1034375.037858600,0,
4278,1034375.033470900,0.000035900,0.020000000,0.020000000,1034375.033506800,1034375.053470900,0,
4279,1034375.064610000,0.000036200,0.020000000,0.020000000,1034375.064646200,1034375.084610000,0,
4280,1034375.079739200,0.000039400,0.020000000,0.020000000,1034375.079778600,1034375.099739200,0,
4281,1034375.095856200,0.000039000,0.020000000,0.020000000,1034375.095895200,1034375.115856200,0,
4282,1034375.111496500,0.000057500,0.020000000,0.020000000,1034375.111554000,1034375.131496500,0,
4283,1034375.143033800,0.000069500,0.020000000,0.020000000,1034375.143103300,1034375.163033800,0,
4284,1034375.159416400,0.000040800,0.020000000,0.020000000,1034375.159457200,1034375.179416400,0,
4285,1034375.174905000,0.000034400,0.020000000,0.020000000,1034375.174939400,1034375.194905000,0,
4286,1034375.190383200,0.000045900,0.020000000,0.020000000,1034375.190429100,1034375.210383200,0,
4287,1034375.221631500,0.000035200,0.020000000,0.020000000,1034375.221666700,1034375.241631500,0,
4288,1034375.237524800,0.000054700,0.020000000,0.020000000,1034375.237579500,1034375.257524800,0,
4289,1034375.253152300,0.000043600,0.020000000,0.020000000,1034375.253195900,1034375.273152300,0,
4290,1034375.284766300,0.000044500,0.020000000,0.020000000,1034375.284810800,1034375.304766300,0,
4291,1034375.300741100,0.000051900,0.020000000,0.020000000,1034375.300793000,1034375.320741100,0,
4292,1034375.316958500,0.000040300,0.020000000,0.020000000,1034375.316998800,1034375.336958500,0,
4293,1034375.332426800,0.000044300,0.020000000,0.020000000,1034375.332471100,1034375.352426800,0,
4294,1034375.364353000,0.000028700,0.020000000,0.020000000,1034375.364381700,1034375.384353000,0,
4295,1034375.379498200,0.000053900,0.020000000,0.020000000,1034375.379552100,1034375.399498200,0,
4296,1034375.395445900,0.000071700,0.020000000,0.020000000,1034375.395517600,1034375.415445900,0,
4297,1034375.411101200,0.000054400,0.020000000,0.020000000,1034375.411155600,1034375.431101200,0,
4298,1034375.442120900,0.000054400,0.020000000,0.020000000,1034375.442175300,1034375.462120900,0,
4299,1034375.457899800,0.000054900,0.020000000,0.020000000,1034375.457954700,1034375.477899800,0,
4300,1034375.473600500,0.000055300,0.020000000,0.020000000,1034375.473655800,1034375.493600500,0,
4301,1034375.505267600,0.000037400,0.020000000,0.020000000,1034375.505305000,1034375.525267600,0,
4302,1034375.521087100,0.000029800,0.020000000,0.020000000,1034375.521116900,1034375.541087100,0,
4303,1034375.536934200,0.000063100,0.020000000,0.020000000,1034375.536997300,1034375.556934200,0,
4304,1034375.553623000,0.000057900,0.020000000,0.020000000,1034375.553680900,1034375.573623000,0,
4305,1034375.584267100,0.000049600,0.020000000,0.020000000,1034375.584316700,1034375.604267100,0,
4306,1034375.600213300,0.000142800,0.020000000,0.020000000,1034375.600356100,1034375.620213300,0,
4307,1034375.616003300,0.000026100,0.020000000,0.020000000,1034375.616029400,1034375.636003300,0,
4308,1034375.631476800,0.000041700,0.020000000,0.020000000,1034375.631518500,1034375.651476800,0,
4309,1034375.662183000,0.000058400,0.020000000,0.020000000,1034375.662241400,1034375.682183000,0,
4310,1034375.678295500,0.000053900,0.020000000,0.020000000,1034375.678349400,1034375.698295500,0,
4311,1034375.694103200,0.000046200,0.020000000,0.020000000,1034375.694149400,1034375.714103200,0,
4312,1034375.709649300,0.000020400,0.020000000,0.020000000,1034375.709669700,1034375.729649300,0,
4313,1034375.740373700,0.000052200,0.020000000,0.020000000,1034375.740425900,1034375.760373700,0,
4314,1034375.755785800,0.000041300,0.020000000,0.020000000,1034375.755827100,1034375.775785800,0,
4315,1034375.772047100,0.000020000,0.020000000,0.020000000,1034375.772067100,1034375.792047100,0,
4316,1034375.803117600,0.000052300,0.020000000,0.020000000,1034375.803169900,1034375.823117600,0,
4317,1034375.819037300,0.000020700,0.020000000,0.020000000,1034375.819058000,1034375.839037300,0,
4318,1034375.834830500,0.000031700,0.020000000,0.020000000,1034375.834862200,1034375.854830500,0,
4319,1034375.849906300,0.000036200,0.020000000,0.020000000,1034375.849942500,1034375.869906300,0,
4320,1034375.881487900,0.000034000,0.020000000,0.020000000,1034375.881521900,1034375.901487900,0,
4321,1034375.897611300,0.000024300,0.020000000,0.020000000,1034375.897635600,1034375.917611300,0,
4322,1034375.913140000,0.000049100,0.020000000,0.020000000,1034375.913189100,1034375.933140000,0,
4323,1034375.943604600,0.000041000,0.020000000,0.020000000,1034375.943645600,1034375.963604600,0,
4324,1034375.959917200,0.000037900,0.020000000,0.020000000,1034375.959955100,1034375.979917200,0,
4325,1034375.974952000,0.000049600,0.020000000,0.020000000,1034375.975001600,1034375.994952000,0,
4326,1034375.990489400,0.000047900,0.020000000,0.020000000,1034375.990537300,1034376.010489400,0,
4327,1034376.021429800,0.000053600,0.020000000,0.020000000,1034376.021483400,1034376.041429800,0,
4328,1034376.037490500,0.000072200,0.020000000,0.020000000,1034376.037562700,1034376.057490500,0,
4329,1034376.053349400,0.000038800,0.020000000,0.020000000,1034376.053388200,1034376.073349400,0,
4330,1034376.084007800,0.000035600,0.020000000,0.020000000,1034376.084043400,1034376.104007800,0,
4331,1034376.100053900,0.000052600,0.020000000,0.020000000,1034376.100106500,1034376.120053900,0,
4332,1034376.115549800,0.000056200,0.020000000,0.020000000,1034376.115606000,1034376.135549800,0,
4333,1034376.131130900,0.000047300,0.020000000,0.020000000,1034376.131178200,1034376.151130900,0,
4334,1034376.163477700,0.000083800,0.020000000,0.020000000,1034376.163561500,1034376.183477700,0,
4335,1034376.179722000,0.000044000,0.020000000,0.020000000,1034376.179766000,1034376.199722000,0,
4336,1034376.195765000,0.000043100,0.020000000,0.020000000,1034376.195808100,1034376.215765000,0,
4337,1034376.211771400,0.000039700,0.020000000,0.020000000,1034376.211811100,1034376.231771400,0,
4338,1034376.243524200,0.000038900,0.020000000,0.020000000,1034376.243563100,1034376.263524200,0,
4339,1034376.258544700,0.000071800,0.020000000,0.020000000,1034376.258616500,1034376.278544700,0,
4340,1034376.274374300,0.000072200,0.020000000,0.020000000,1034376.274446500,1034376.294374300,0,
4341,1034376.289937900,0.000043700,0.020000000,0.020000000,1034376.289981600,1034376.309937900,0,
4342,1034376.320483500,0.000054800,0.020000000,0.020000000,1034376.320538300,1034376.340483500,0,
4343,1034376.335666700,0.000068400,0.020000000,0.020000000,1034376.335735100,1034376.355666700,0,
4344,1034376.351879000,0.000042300,0.020000000,0.020000000,1034376.351921300,1034376.371879000,0,
4345,1034376.382754300,0.000098000,0.020000000,0.020000000,1034376.382852300,1034376.402754300,0,
4346,1034376.397759600,0.000077300,0.020000000,0.020000000,1034376.397836900,1034376.417759600,0,
4347,1034376.413718800,0.000024600,0.020000000,0.020000000,1034376.413743400,1034376.433718800,0,
4348,1034376.444380500,0.000096500,0.020000000,0.020000000,1034376.444477000,1034376.464380500,0,
4349,1034376.460348500,0.000101400,0.020000000,0.020000000,1034376.460449900,1034376.480348500,0,
4350,1034376.476252200,0.000068500,0.020000000,0.020000000,1034376.476320700,1034376.496252200,0,
4351,1034376.492484800,0.000042000,0.020000000,0.020000000,1034376.492526800,1034376.512484800,0,
4352,1034376.523350600,0.000083000,0.020000000,0.020000000,1034376.523433600,1034376.543350600,0,
4353,1034376.539111000,0.000057200,0.020000000,0.020000000,1034376.539168200,1034376.559111000,0,
4354,1034376.554642100,0.000059100,0.020000000,0.020000000,1034376.554701200,1034376.574642100,0,
4355,1034376.570918400,0.000050800,0.020000000,0.020000000,1034376.570969200,1034376.590918400,0,
4356,1034376.601128900,0.000163100,0.020000000,0.020000000,1034376.601292000,1034376.621128900,0,
4357,1034376.616261700,0.000057100,0.020000000,0.020000000,1034376.616318800,1034376.636261700,0,
4358,1034376.631680500,0.000058400,0.020000000,0.020000000,1034376.631738900,1034376.651680500,0,
4359,1034376.661523600,0.000051200,0.020000000,0.020000000,1034376.661574800,1034376.681523600,0,
4360,1034376.677306200,0.000289300,0.020000000,0.020000000,1034376.677595500,1034376.697306200,0,
4361,1034376.693126500,0.000045600,0.020000000,0.020000000,1034376.693172100,1034376.713126500,0,
4362,1034376.724622300,0.000046000,0.020000000,0.020000000,1034376.724668300,1034376.744622300,0,
4363,1034376.739944600,0.000056000,0.020000000,0.020000000,1034376.740000600,1034376.759944600,0,
4364,1034376.755112400,0.000048200,0.020000000,0.020000000,1034376.755160600,1034376.775112400,0,
4365,1034376.771233500,0.000054200,0.020000000,0.020000000,1034376.771287700,1034376.791233500,0,
4366,1034376.802491300,0.000047600,0.020000000,0.020000000,1034376.802538900,1034376.822491300,0,
4367,1034376.818477900,0.000051200,0.020000000,0.020000000,1034376.818529100,1034376.838477900,0,
4368,1034376.834582000,0.000050100,0.020000000,0.020000000,1034376.834632100,1034376.854582000,0,
4369,1034376.850879200,0.000041900,0.020000000,0.020000000,1034376.850921100,1034376.870879200,0,
4370,1034376.881946800,0.000030200,0.020000000,0.020000000,1034376.881977000,1034376.901946800,0,
4371,1034376.897772400,0.000050000,0.020000000,0.020000000,1034376.897822400,1034376.917772400,0,
4372,1034376.913223000,0.000044400,0.020000000,0.020000000,1034376.913267400,1034376.933223000,0,
4373,1034376.943888200,0.000061000,0.020000000,0.020000000,1034376.943949200,1034376.963888200,0,
4374,1034376.960005900,0.000083300,0.020000000,0.020000000,1034376.960089200,1034376.980005900,0,
4375,1034376.975699700,0.000031900,0.020000000,0.020000000,1034376.975731600,1034376.995699700,0,
4376,1034376.991186600,0.000042500,0.020000000,0.020000000,1034376.991229100,1034377.011186600,0,
4377,1034377.023751200,0.000054000,0.020000000,0.020000000,1034377.023805200,1034377.043751200,0,
4378,1034377.039047900,0.000044500,0.020000000,0.020000000,1034377.039092400,1034377.059047900,0,
4379,1034377.054406000,0.000062800,0.020000000,0.020000000,1034377.054468800,1034377.074406000,0,
4380,1034377.070471300,0.000043100,0.020000000,0.020000000,1034377.070514400,1034377.090471300,0,
4381,1034377.101334200,0.000035400,0.020000000,0.020000000,1034377.101369600,1034377.121334200,0,
4382,1034377.117755500,0.000035600,0.020000000,0.020000000,1034377.117791100,1034377.137755500,0,
4383,1034377.133503100,0.000042200,0.020000000,0.020000000,1034377.133545300,1034377.153503100,0,
4384,1034377.164660500,0.000027600,0.020000000,0.020000000,1034377.164688100,1034377.184660500,0,
4385,1034377.179972800,0.000074500,0.020000000,0.020000000,1034377.180047300,1034377.199972800,0,
4386,1034377.195276900,0.000059900,0.020000000,0.020000000,1034377.195336800,1034377.215276900,0,
4387,1034377.210978600,0.000046000,0.020000000,0.020000000,1034377.211024600,1034377.230978600,0,
4388,1034377.242045200,0.000052500,0.020000000,0.020000000,1034377.242097700,1034377.262045200,0,
4389,1034377.257275100,0.000068300,0.020000000,0.020000000,1034377.257343400,1034377.277275100,0,
4390,1034377.272755500,0.000048000,0.020000000,0.020000000,1034377.272803500,1034377.292755500,0,
4391,1034377.303581700,0.000037500,0.020000000,0.020000000,1034377.303619200,1034377.323581700,0,
4392,1034377.319270500,0.000038100,0.020000000,0.020000000,1034377.319308600,1034377.339270500,0,
4393,1034377.334370000,0.000062900,0.020000000,0.020000000,1034377.334432900,1034377.354370000,0,
4394,1034377.350432100,0.000036600,0.020000000,0.020000000,1034377.350468700,1034377.370432100,0,
4395,1034377.381196800,0.000069800,0.020000000,0.020000000,1034377.381266600,1034377.401196800,0,
4396,1034377.396562900,0.000064000,0.020000000,0.020000000,1034377.396626900,1034377.416562900,0,
4397,1034377.412164300,0.000023900,0.020000000,0.020000000,1034377.412188200,1034377.432164300,0,
4398,1034377.443720300,0.000075900,0.020000000,0.020000000,1034377.443796200,1034377.463720300,0,
4399,1034377.458677900,0.000058200,0.020000000,0.020000000,1034377.458736100,1034377.478677900,0,
4400,1034377.474433800,0.000037300,0.020000000,0.020000000,1034377.474471100,1034377.494433800,0,
4401,1034377.489745500,0.000071500,0.020000000,0.020000000,1034377.489817000,1034377.509745500,0,
4402,1034377.520192100,0.000066200,0.020000000,0.020000000,1034377.520258300,1034377.540192100,0,
4403,1034377.536091700,0.000165400,0.020000000,0.020000000,1034377.536257100,1034377.556091700,0,
4404,1034377.552054600,0.000060200,0.020000000,0.020000000,1034377.552114800,1034377.572054600,0,
4405,1034377.583277000,0.000159700,0.020000000,0.020000000,1034377.583436700,1034377.603277000,0,
4406,1034377.598712600,0.000095100,0.020000000,0.020000000,1034377.598807700,1034377.618712600,0,
4407,1034377.614578000,0.000095200,0.020000000,0.020000000,1034377.614673200,1034377.634578000,0,
4408,1034377.630318900,0.000079600,0.020000000,0.020000000,1034377.630398500,1034377.650318900,0,
4409,1034377.660896600,0.000048500,0.020000000,0.020000000,1034377.660945100,1034377.680896600,0,
4410,1034377.675920800,0.000085900,0.020000000,0.020000000,1034377.676006700,1034377.695920800,0,
4411,1034377.691586200,0.000108300,0.020000000,0.020000000,1034377.691694500,1034377.711586200,0,
4412,1034377.723416300,0.000061900,0.020000000,0.020000000,1034377.723478200,1034377.743416300,0,
4413,1034377.738495200,0.000112000,0.020000000,0.020000000,1034377.738607200,1034377.758495200,0,
4414,1034377.754264200,0.000077900,0.020000000,0.020000000,1034377.754342100,1034377.774264200,0,
4415,1034377.769815000,0.000059100,0.020000000,0.020000000,1034377.769874100,1034377.789815000,0,
4416,1034377.801943500,0.000038000,0.020000000,0.020000000,1034377.801981500,1034377.821943500,0,
4417,1034377.817482900,0.000057600,0.020000000,0.020000000,1034377.817540500,1034377.837482900,0,
4418,1034377.833129500,0.000069000,0.020000000,0.020000000,1034377.833198500,1034377.853129500,0,
4419,1034377.864601100,0.000060100,0.020000000,0.020000000,1034377.864661200,1034377.884601100,0,
4420,1034377.881410800,0.000044900,0.020000000,0.020000000,1034377.881455700,1034377.901410800,0,
4421,1034377.896866300,0.000055300,0.020000000,0.020000000,1034377.896921600,1034377.916866300,0,
4422,1034377.912594300,0.000038800,0.020000000,0.020000000,1034377.912633100,1034377.932594300,0,
4423,1034377.943176900,0.000058300,0.020000000,0.020000000,1034377.943235200,1034377.963176900,0,
4424,1034377.959026700,0.000064600,0.020000000,0.020000000,1034377.959091300,1034377.979026700,0,
4425,1034377.974759500,0.000049200,0.020000000,0.020000000,1034377.974808700,1034377.994759500,0,
4426,1034377.990346600,0.000070500,0.020000000,0.020000000,1034377.990417100,1034378.010346600,0,
4427,1034378.021523700,0.000061200,0.020000000,0.020000000,1034378.021584900,1034378.041523700,0,
4428,1034378.037368500,0.000052500,0.020000000,0.020000000,1034378.037421000,1034378.057368500,0,
4429,1034378.053683900,0.000061200,0.020000000,0.020000000,1034378.053745100,1034378.073683900,0,
4430,1034378.069303800,0.000028700,0.020000000,0.020000000,1034378.069332500,1034378.089303800,0,
4431,1034378.100586300,0.000061400,0.020000000,0.020000000,1034378.100647700,1034378.120586300,0,
4432,1034378.116386200,0.000037300,0.020000000,0.020000000,1034378.116423500,1034378.136386200,0,
4433,1034378.131886400,0.000052600,0.020000000,0.020000000,1034378.131939000,1034378.151886400,0,
4434,1034378.162254500,0.000058300,0.020000000,0.020000000,1034378.162312800,1034378.182254500,0,
4435,1034378.177260000,0.000041200,0.020000000,0.020000000,1034378.177301200,1034378.197260000,0,
4436,1034378.192413300,0.000039400,0.020000000,0.020000000,1034378.192452700,1034378.212413300,0,
4437,1034378.223434400,0.000068500,0.020000000,0.020000000,1034378.223502900,1034378.243434400,0,
4438,1034378.238993000,0.000050300,0.020000000,0.020000000,1034378.239043300,1034378.258993000,0,
4439,1034378.254593000,0.000041600,0.020000000,0.020000000,1034378.254634600,1034378.274593000,0,
4440,1034378.269936100,0.000025700,0.020000000,0.020000000,1034378.269961800,1034378.289936100,0,
4441,1034378.301795400,0.000066600,0.020000000,0.020000000,1034378.301862000,1034378.321795400,0,
4442,1034378.317075100,0.000050100,0.020000000,0.020000000,1034378.317125200,1034378.337075100,0,
4443,1034378.333299100,0.000036900,0.020000000,0.020000000,1034378.333336000,1034378.353299100,0,
4444,1034378.364736500,0.000037300,0.020000000,0.020000000,1034378.364773800,1034378.384736500,0,
4445,1034378.379932400,0.000046200,0.020000000,0.020000000,1034378.379978600,1034378.399932400,0,
4446,1034378.395099400,0.000044100,0.020000000,0.020000000,1034378.395143500,1034378.415099400,0,
4447,1034378.410937900,0.000038700,0.020000000,0.020000000,1034378.410976600,1034378.430937900,0,
4448,1034378.442271800,0.000063400,0.020000000,0.020000000,1034378.442335200,1034378.462271800,0,
4449,1034378.457813900,0.000047200,0.020000000,0.020000000,1034378.457861100,1034378.477813900,0,
4450,1034378.473452900,0.000049500,0.020000000,0.020000000,1034378.473502400,1034378.493452900,0,
4451,1034378.504492600,0.000058200,0.020000000,0.020000000,1034378.504550800,1034378.524492600,0,
4452,1034378.520772300,0.000047000,0.020000000,0.020000000,1034378.520819300,1034378.540772300,0,
4453,1034378.536296800,0.000056800,0.020000000,0.020000000,1034378.536353600,1034378.556296800,0,
4454,1034378.551855600,0.000046000,0.020000000,0.020000000,1034378.551901600,1034378.571855600,0,
4455,1034378.583549900,0.000059800,0.020000000,0.020000000,1034378.583609700,1034378.603549900,0,stale_state_166.8ms
4456,1034378.599938700,0.000101000,0.020000000,0.020000000,1034378.600039700,1034378.619938700,0,stale_state_183.2ms
4457,1034378.615319200,0.000039200,0.020000000,0.020000000,1034378.615358400,1034378.635319200,0,stale_state_198.6ms
4458,1034378.631173300,0.000063800,0.020000000,0.020000000,1034378.631237100,1034378.651173300,0,stale_state_214.5ms
4459,1034378.662076700,0.000061900,0.020000000,0.020000000,1034378.662138600,1034378.682076700,0,stale_state_245.4ms
4460,1034378.677559300,0.000070200,0.020000000,0.020000000,1034378.677629500,1034378.697559300,0,stale_state_260.8ms
4461,1034378.693505600,0.000066900,0.020000000,0.020000000,1034378.693572500,1034378.713505600,0,stale_state_276.8ms
4462,1034378.724620600,0.000068600,0.020000000,0.020000000,1034378.724689200,1034378.744620600,0,stale_state_307.9ms
4463,1034378.740756500,0.000033700,0.020000000,0.020000000,1034378.740790200,1034378.760756500,0,stale_state_324.0ms
4464,1034378.756305900,0.000056300,0.020000000,0.020000000,1034378.756362200,1034378.776305900,0,stale_state_339.6ms
4465,1034378.772125800,0.000037200,0.020000000,0.020000000,1034378.772163000,1034378.792125800,0,stale_state_355.4ms
4466,1034378.803204100,0.000058600,0.020000000,0.020000000,1034378.803262700,1034378.823204100,0,stale_state_386.5ms
4467,1034378.818799800,0.000053700,0.020000000,0.020000000,1034378.818853500,1034378.838799800,0,stale_state_402.1ms
4468,1034378.834271200,0.000053900,0.020000000,0.020000000,1034378.834325100,1034378.854271200,0,stale_state_417.6ms
4469,1034378.849455500,0.000049200,0.020000000,0.020000000,1034378.849504700,1034378.869455500,0,stale_state_432.7ms
4470,1034378.880569300,0.000048000,0.020000000,0.020000000,1034378.880617300,1034378.900569300,0,stale_state_463.9ms
4471,1034378.896644100,0.000040500,0.020000000,0.020000000,1034378.896684600,1034378.916644100,0,stale_state_479.9ms
4472,1034378.912318900,0.000044300,0.020000000,0.020000000,1034378.912363200,1034378.932318900,0,stale_state_495.6ms
4473,1034378.943402200,0.000041700,0.020000000,0.020000000,1034378.943443900,1034378.963402200,0,recovered
4474,1034378.958677700,0.000105400,0.020000000,0.020000000,1034378.958783100,1034378.978677700,0,
4475,1034378.973761300,0.000030700,0.020000000,0.020000000,1034378.973792000,1034378.993761300,0,
4476,1034378.989442700,0.000039200,0.020000000,0.020000000,1034378.989481900,1034379.009442700,0,
4477,1034379.021576600,0.000044100,0.020000000,0.020000000,1034379.021620700,1034379.041576600,0,
4478,1034379.037050400,0.000049100,0.020000000,0.020000000,1034379.037099500,1034379.057050400,0,
4479,1034379.053183000,0.000046000,0.020000000,0.020000000,1034379.053229000,1034379.073183000,0,
4480,1034379.083877600,0.000057200,0.020000000,0.020000000,1034379.083934800,1034379.103877600,0,
4481,1034379.099623700,0.000075100,0.020000000,0.020000000,1034379.099698800,1034379.119623700,0,
4482,1034379.115614100,0.000080900,0.020000000,0.020000000,1034379.115695000,1034379.135614100,0,
4483,1034379.130731300,0.000090700,0.020000000,0.020000000,1034379.130822000,1034379.150731300,0,
4484,1034379.161346400,0.000063600,0.020000000,0.020000000,1034379.161410000,1034379.181346400,0,
4485,1034379.176858300,0.000033100,0.020000000,0.020000000,1034379.176891400,1034379.196858300,0,
4486,1034379.192287500,0.000063500,0.020000000,0.020000000,1034379.192351000,1034379.212287500,0,
4487,1034379.224195000,0.000064900,0.020000000,0.020000000,1034379.224259900,1034379.244195000,0,
4488,1034379.239326300,0.000036500,0.020000000,0.020000000,1034379.239362800,1034379.259326300,0,
4489,1034379.254215500,0.000063400,0.020000000,0.020000000,1034379.254278900,1034379.274215500,0,
4490,1034379.270862300,0.000072200,0.020000000,0.020000000,1034379.270934500,1034379.290862300,0,
4491,1034379.301888200,0.000036100,0.020000000,0.020000000,1034379.301924300,1034379.321888200,0,
4492,1034379.317413300,0.000057000,0.020000000,0.020000000,1034379.317470300,1034379.337413300,0,
4493,1034379.333659200,0.000092400,0.020000000,0.020000000,1034379.333751600,1034379.353659200,0,
4494,1034379.349875200,0.000058800,0.020000000,0.020000000,1034379.349934000,1034379.369875200,0,
4495,1034379.381207300,0.000039400,0.020000000,0.020000000,1034379.381246700,1034379.401207300,0,
4496,1034379.396272000,0.000085000,0.020000000,0.020000000,1034379.396357000,1034379.416272000,0,
4497,1034379.411594800,0.000095800,0.020000000,0.020000000,1034379.411690600,1034379.431594800,0,
4498,1034379.442680100,0.000091600,0.020000000,0.020000000,1034379.442771700,1034379.462680100,0,
4499,1034379.458073100,0.000068200,0.020000000,0.020000000,1034379.458141300,1034379.478073100,0,
4500,1034379.473298500,0.000081000,0.020000000,0.020000000,1034379.473379500,1034379.493298500,0,
4501,1034379.503813100,0.000091100,0.020000000,0.020000000,1034379.503904200,1034379.523813100,0,
4502,1034379.519733300,0.000125700,0.020000000,0.020000000,1034379.519859000,1034379.539733300,0,
4503,1034379.534714300,0.000117500,0.020000000,0.020000000,1034379.534831800,1034379.554714300,0,
4504,1034379.549989700,0.000109600,0.020000000,0.020000000,1034379.550099300,1034379.569989700,0,
4505,1034379.581067700,0.000181000,0.020000000,0.020000000,1034379.581248700,1034379.601067700,0,
4506,1034379.596460600,0.000131500,0.020000000,0.020000000,1034379.596592100,1034379.616460600,0,
4507,1034379.612609400,0.000101100,0.020000000,0.020000000,1034379.612710500,1034379.632609400,0,
4508,1034379.642479000,0.000113600,0.020000000,0.020000000,1034379.642592600,1034379.662479000,0,
4509,1034379.658533700,0.000115300,0.020000000,0.020000000,1034379.658649000,1034379.678533700,0,
4510,1034379.673723000,0.000057200,0.020000000,0.020000000,1034379.673780200,1034379.693723000,0,
4511,1034379.689114300,0.000101000,0.020000000,0.020000000,1034379.689215300,1034379.709114300,0,
4512,1034379.720414200,0.000042900,0.020000000,0.020000000,1034379.720457100,1034379.740414200,0,
4513,1034379.735914200,0.000088300,0.020000000,0.020000000,1034379.736002500,1034379.755914200,0,
4514,1034379.751867300,0.000059900,0.020000000,0.020000000,1034379.751927200,1034379.771867300,0,
4515,1034379.782363700,0.000067800,0.020000000,0.020000000,1034379.782431500,1034379.802363700,0,
4516,1034379.798460000,0.000087900,0.020000000,0.020000000,1034379.798547900,1034379.818460000,0,
4517,1034379.814815800,0.000052500,0.020000000,0.020000000,1034379.814868300,1034379.834815800,0,
4518,1034379.830136300,0.000042900,0.020000000,0.020000000,1034379.830179200,1034379.850136300,0,
4519,1034379.862421200,0.000066800,0.020000000,0.020000000,1034379.862488000,1034379.882421200,0,
4520,1034379.878163700,0.000075600,0.020000000,0.020000000,1034379.878239300,1034379.898163700,0,
4521,1034379.894426100,0.000094100,0.020000000,0.020000000,1034379.894520200,1034379.914426100,0,
4522,1034379.909963700,0.000065700,0.020000000,0.020000000,1034379.910029400,1034379.929963700,0,
4523,1034379.941042100,0.000077100,0.020000000,0.020000000,1034379.941119200,1034379.961042100,0,
4524,1034379.956618500,0.000138100,0.020000000,0.020000000,1034379.956756600,1034379.976618500,0,
4525,1034379.973328800,0.000030300,0.020000000,0.020000000,1034379.973359100,1034379.993328800,0,
4526,1034380.003897000,0.000049400,0.020000000,0.020000000,1034380.003946400,1034380.023897000,0,
4527,1034380.019454900,0.000055400,0.020000000,0.020000000,1034380.019510300,1034380.039454900,0,
4528,1034380.035311300,0.000084600,0.020000000,0.020000000,1034380.035395900,1034380.055311300,0,
4529,1034380.050342000,0.000040500,0.020000000,0.020000000,1034380.050382500,1034380.070342000,0,
4530,1034380.080894800,0.000055900,0.020000000,0.020000000,1034380.080950700,1034380.100894800,0,
4531,1034380.097360300,0.000104400,0.020000000,0.020000000,1034380.097464700,1034380.117360300,0,
4532,1034380.113272200,0.000101600,0.020000000,0.020000000,1034380.113373800,1034380.133272200,0,
4533,1034380.144699200,0.000068200,0.020000000,0.020000000,1034380.144767400,1034380.164699200,0,
4534,1034380.160972400,0.000066900,0.020000000,0.020000000,1034380.161039300,1034380.180972400,0,
4535,1034380.176355500,0.000077300,0.020000000,0.020000000,1034380.176432800,1034380.196355500,0,
4536,1034380.191531000,0.000033900,0.020000000,0.020000000,1034380.191564900,1034380.211531000,0,
4537,1034380.223726800,0.000039000,0.020000000,0.020000000,1034380.223765800,1034380.243726800,0,
4538,1034380.238733300,0.000057200,0.020000000,0.020000000,1034380.238790500,1034380.258733300,0,
4539,1034380.254452400,0.000079900,0.020000000,0.020000000,1034380.254532300,1034380.274452400,0,
4540,1034380.271093000,0.000048800,0.020000000,0.020000000,1034380.271141800,1034380.291093000,0,
4541,1034380.300925500,0.000052800,0.020000000,0.020000000,1034380.300978300,1034380.320925500,0,
4542,1034380.317203700,0.000024100,0.020000000,0.020000000,1034380.317227800,1034380.337203700,0,
4543,1034380.332300600,0.000064100,0.020000000,0.020000000,1034380.332364700,1034380.352300600,0,
4544,1034380.363555800,0.000031500,0.020000000,0.020000000,1034380.363587300,1034380.383555800,0,
4545,1034380.378764800,0.000034400,0.020000000,0.020000000,1034380.378799200,1034380.398764800,0,
4546,1034380.393806600,0.000045800,0.020000000,0.020000000,1034380.393852400,1034380.413806600,0,
4547,1034380.409401900,0.000048100,0.020000000,0.020000000,1034380.409450000,1034380.429401900,0,
4548,1034380.440078800,0.000058100,0.020000000,0.020000000,1034380.440136900,1034380.460078800,0,
4549,1034380.455649400,0.000099900,0.020000000,0.020000000,1034380.455749300,1034380.475649400,0,
4550,1034380.471894400,0.000060600,0.020000000,0.020000000,1034380.471955000,1034380.491894400,0,
4551,1034380.503173800,0.000048100,0.020000000,0.020000000,1034380.503221900,1034380.523173800,0,
4552,1034380.518847800,0.000033200,0.020000000,0.020000000,1034380.518881000,1034380.538847800,0,
4553,1034380.534986600,0.000052900,0.020000000,0.020000000,1034380.535039500,1034380.554986600,0,
4554,1034380.550023900,0.000082900,0.020000000,0.020000000,1034380.550106800,1034380.570023900,0,
4555,1034380.580799600,0.000038200,0.020000000,0.020000000,1034380.580837800,1034380.600799600,0,
4556,1034380.595686900,0.000049500,0.020000000,0.020000000,1034380.595736400,1034380.615686900,0,
4557,1034380.611666500,0.000046900,0.020000000,0.020000000,1034380.611713400,1034380.631666500,0,
4558,1034380.642446200,0.000062900,0.020000000,0.020000000,1034380.642509100,1034380.662446200,0,
4559,1034380.658229400,0.000049700,0.020000000,0.020000000,1034380.658279100,1034380.678229400,0,
4560,1034380.673402100,0.000035100,0.020000000,0.020000000,1034380.673437200,1034380.693402100,0,
4561,1034380.703869400,0.000039500,0.020000000,0.020000000,1034380.703908900,1034380.723869400,0,
4562,1034380.718855100,0.000064300,0.020000000,0.020000000,1034380.718919400,1034380.738855100,0,
4563,1034380.734609900,0.000039600,0.020000000,0.020000000,1034380.734649500,1034380.754609900,0,
4564,1034380.749619300,0.000034100,0.020000000,0.020000000,1034380.749653400,1034380.769619300,0,
4565,1034380.780595400,0.000025500,0.020000000,0.020000000,1034380.780620900,1034380.800595400,0,
4566,1034380.796405700,0.000050900,0.020000000,0.020000000,1034380.796456600,1034380.816405700,0,
4567,1034380.812586000,0.000071000,0.020000000,0.020000000,1034380.812657000,1034380.832586000,0,
4568,1034380.843564200,0.000031300,0.020000000,0.020000000,1034380.843595500,1034380.863564200,0,
4569,1034380.859222900,0.000179300,0.020000000,0.020000000,1034380.859402200,1034380.879222900,0,
4570,1034380.874828400,0.000040700,0.020000000,0.020000000,1034380.874869100,1034380.894828400,0,
4571,1034380.890346700,0.000034500,0.020000000,0.020000000,1034380.890381200,1034380.910346700,0,
4572,1034380.920790700,0.000020100,0.020000000,0.020000000,1034380.920810800,1034380.940790700,0,
4573,1034380.936681600,0.000068900,0.020000000,0.020000000,1034380.936750500,1034380.956681600,0,
4574,1034380.953236200,0.000066200,0.020000000,0.020000000,1034380.953302400,1034380.973236200,0,
4575,1034380.984546900,0.000050500,0.020000000,0.020000000,1034380.984597400,1034381.004546900,0,
4576,1034380.999742000,0.000086700,0.020000000,0.020000000,1034380.999828700,1034381.019742000,0,
4577,1034381.015765200,0.000032100,0.020000000,0.020000000,1034381.015797300,1034381.035765200,0,
4578,1034381.031305400,0.000035800,0.020000000,0.020000000,1034381.031341200,1034381.051305400,0,
4579,1034381.062158800,0.000075900,0.020000000,0.020000000,1034381.062234700,1034381.082158800,0,
4580,1034381.078066900,0.000069400,0.020000000,0.020000000,1034381.078136300,1034381.098066900,0,
4581,1034381.093330900,0.000037800,0.020000000,0.020000000,1034381.093368700,1034381.113330900,0,
4582,1034381.124260600,0.000040800,0.020000000,0.020000000,1034381.124301400,1034381.144260600,0,
4583,1034381.139639600,0.000055800,0.020000000,0.020000000,1034381.139695400,1034381.159639600,0,
4584,1034381.155314800,0.000069500,0.020000000,0.020000000,1034381.155384300,1034381.175314800,0,
4585,1034381.170728700,0.000033700,0.020000000,0.020000000,1034381.170762400,1034381.190728700,0,
4586,1034381.200716000,0.000050900,0.020000000,0.020000000,1034381.200766900,1034381.220716000,0,
4587,1034381.216460500,0.000038300,0.020000000,0.020000000,1034381.216498800,1034381.236460500,0,
4588,1034381.231531000,0.000056400,0.020000000,0.020000000,1034381.231587400,1034381.251531000,0,
4589,1034381.263248100,0.000068100,0.020000000,0.020000000,1034381.263316200,1034381.283248100,0,
4590,1034381.278747500,0.000082800,0.020000000,0.020000000,1034381.278830300,1034381.298747500,0,
4591,1034381.294951800,0.000068900,0.020000000,0.020000000,1034381.295020700,1034381.314951800,0,
4592,1034381.310995100,0.000115100,0.020000000,0.020000000,1034381.311110200,1034381.330995100,0,
4593,1034381.341272800,0.000069100,0.020000000,0.020000000,1034381.341341900,1034381.361272800,0,
4594,1034381.356793500,0.000197300,0.020000000,0.020000000,1034381.356990800,1034381.376793500,0,
4595,1034381.371881400,0.000039700,0.020000000,0.020000000,1034381.371921100,1034381.391881400,0,
4596,1034381.403470500,0.000087600,0.020000000,0.020000000,1034381.403558100,1034381.423470500,0,
4597,1034381.418958400,0.000061200,0.020000000,0.020000000,1034381.419019600,1034381.438958400,0,
4598,1034381.434358900,0.000107600,0.020000000,0.020000000,1034381.434466500,1034381.454358900,0,
4599,1034381.450563400,0.000091400,0.020000000,0.020000000,1034381.450654800,1034381.470563400,0,
4600,1034381.481826700,0.000103300,0.020000000,0.020000000,1034381.481930000,1034381.501826700,0,
4601,1034381.496497400,0.000094500,0.020000000,0.020000000,1034381.496591900,1034381.516497400,0,
4602,1034381.512528300,0.000114500,0.020000000,0.020000000,1034381.512642800,1034381.532528300,0,
4603,1034381.543186400,0.000059000,0.020000000,0.020000000,1034381.543245400,1034381.563186400,0,
4604,1034381.559516100,0.000124600,0.020000000,0.020000000,1034381.559640700,1034381.579516100,0,
4605,1034381.575237500,0.000249400,0.020000000,0.020000000,1034381.575486900,1034381.595237500,0,
4606,1034381.590312500,0.000130700,0.020000000,0.020000000,1034381.590443200,1034381.610312500,0,
4607,1034381.621392100,0.000106400,0.020000000,0.020000000,1034381.621498500,1034381.641392100,0,
4608,1034381.635450500,0.000133500,0.020000000,0.020000000,1034381.635584000,1034381.655450500,0,
4609,1034381.651313800,0.000116900,0.020000000,0.020000000,1034381.651430700,1034381.671313800,0,
4610,1034381.682227300,0.000113200,0.020000000,0.020000000,1034381.682340500,1034381.702227300,0,
4611,1034381.697981700,0.000129000,0.020000000,0.020000000,1034381.698110700,1034381.717981700,0,
4612,1034381.713175500,0.000189300,0.020000000,0.020000000,1034381.713364800,1034381.733175500,0,
4613,1034381.744341100,0.000194400,0.020000000,0.020000000,1034381.744535500,1034381.764341100,0,
4614,1034381.760530200,0.000141400,0.020000000,0.020000000,1034381.760671600,1034381.780530200,0,
4615,1034381.776217200,0.000074900,0.020000000,0.020000000,1034381.776292100,1034381.796217200,0,
4616,1034381.791912800,0.000086600,0.020000000,0.020000000,1034381.791999400,1034381.811912800,0,
4617,1034381.823891900,0.000119100,0.020000000,0.020000000,1034381.824011000,1034381.843891900,0,
4618,1034381.838704000,0.000244100,0.020000000,0.020000000,1034381.838948100,1034381.858704000,0,
4619,1034381.853580700,0.000125600,0.020000000,0.020000000,1034381.853706300,1034381.873580700,0,
4620,1034381.869287500,0.000157800,0.020000000,0.020000000,1034381.869445300,1034381.889287500,0,
4621,1034381.899287900,0.000125600,0.020000000,0.020000000,1034381.899413500,1034381.919287900,0,
4622,1034381.916108600,0.000155200,0.020000000,0.020000000,1034381.916263800,1034381.936108600,0,
4623,1034381.944816300,0.000139500,0.020000000,0.020000000,1034381.944955800,1034381.964816300,0,
4624,1034381.960916000,0.000121000,0.020000000,0.020000000,1034381.961037000,1034381.980916000,0,
4625,1034381.975895000,0.000129500,0.020000000,0.020000000,1034381.976024500,1034381.995895000,0,
4626,1034381.991600100,0.000190500,0.020000000,0.020000000,1034381.991790600,1034382.011600100,0,
4627,1034382.023807800,0.000090000,0.020000000,0.020000000,1034382.023897800,1034382.043807800,0,
4628,1034382.037436400,0.000129700,0.020000000,0.020000000,1034382.037566100,1034382.057436400,0,
4629,1034382.053012900,0.000148800,0.020000000,0.020000000,1034382.053161700,1034382.073012900,0,
4630,1034382.085603400,0.000078100,0.020000000,0.020000000,1034382.085681500,1034382.105603400,0,
4631,1034382.100934600,0.000081300,0.020000000,0.020000000,1034382.101015900,1034382.120934600,0,
4632,1034382.115647800,0.000105100,0.020000000,0.020000000,1034382.115752900,1034382.135647800,0,
4633,1034382.130719900,0.000111900,0.020000000,0.020000000,1034382.130831800,1034382.150719900,0,
4634,1034382.162287600,0.000134600,0.020000000,0.020000000,1034382.162422200,1034382.182287600,0,
4635,1034382.177204100,0.000082800,0.020000000,0.020000000,1034382.177286900,1034382.197204100,0,
4636,1034382.193286000,0.000279700,0.020000000,0.020000000,1034382.193565700,1034382.213286000,0,
4637,1034382.224336700,0.000092300,0.020000000,0.020000000,1034382.224429000,1034382.244336700,0,
4638,1034382.239272000,0.000119700,0.020000000,0.020000000,1034382.239391700,1034382.259272000,0,
4639,1034382.254447500,0.000238500,0.020000000,0.020000000,1034382.254686000,1034382.274447500,0,
4640,1034382.270486300,0.000082300,0.020000000,0.020000000,1034382.270568600,1034382.290486300,0,
4641,1034382.301445000,0.000139600,0.020000000,0.020000000,1034382.301584600,1034382.321445000,0,
4642,1034382.316794500,0.000119300,0.020000000,0.020000000,1034382.316913800,1034382.336794500,0,
4643,1034382.332261700,0.000134400,0.020000000,0.020000000,1034382.332396100,1034382.352261700,0,
4644,1034382.365992400,0.000138700,0.020000000,0.020000000,1034382.366131100,1034382.385992400,0,
4645,1034382.381593900,0.000103700,0.020000000,0.020000000,1034382.381697600,1034382.401593900,0,
4646,1034382.397192800,0.000120300,0.020000000,0.020000000,1034382.397313100,1034382.417192800,0,
4647,1034382.412935800,0.000107400,0.020000000,0.020000000,1034382.413043200,1034382.432935800,0,
4648,1034382.443650300,0.000120300,0.020000000,0.020000000,1034382.443770600,1034382.463650300,0,
4649,1034382.459185600,0.000126100,0.020000000,0.020000000,1034382.459311700,1034382.479185600,0,
4650,1034382.474638100,0.000135900,0.020000000,0.020000000,1034382.474774000,1034382.494638100,0,
4651,1034382.490698300,0.000120300,0.020000000,0.020000000,1034382.490818600,1034382.510698300,0,
4652,1034382.522317400,0.000137600,0.020000000,0.020000000,1034382.522455000,1034382.542317400,0,
4653,1034382.538135500,0.000122000,0.020000000,0.020000000,1034382.538257500,1034382.558135500,0,
4654,1034382.555358700,0.000131100,0.020000000,0.020000000,1034382.555489800,1034382.575358700,0,
4655,1034382.570544700,0.000116800,0.020000000,0.020000000,1034382.570661500,1034382.590544700,0,
4656,1034382.600864400,0.000936100,0.020000000,0.020000000,1034382.601800500,1034382.620864400,0,
4657,1034382.616595600,0.000130500,0.020000000,0.020000000,1034382.616726100,1034382.636595600,0,
4658,1034382.632730600,0.000113900,0.020000000,0.020000000,1034382.632844500,1034382.652730600,0,
4659,1034382.663475300,0.000462700,0.020000000,0.020000000,1034382.663938000,1034382.683475300,0,
4660,1034382.679443500,0.000119500,0.020000000,0.020000000,1034382.679563000,1034382.699443500,0,
4661,1034382.694936700,0.000130300,0.020000000,0.020000000,1034382.695067000,1034382.714936700,0,
4662,1034382.710839800,0.000125000,0.020000000,0.020000000,1034382.710964800,1034382.730839800,0,
4663,1034382.743817900,0.000133300,0.020000000,0.020000000,1034382.743951200,1034382.763817900,0,
4664,1034382.759492200,0.000140800,0.020000000,0.020000000,1034382.759633000,1034382.779492200,0,
4665,1034382.775512400,0.000060800,0.020000000,0.020000000,1034382.775573200,1034382.795512400,0,
4666,1034382.791196600,0.000126300,0.020000000,0.020000000,1034382.791322900,1034382.811196600,0,
4667,1034382.821921700,0.000134700,0.020000000,0.020000000,1034382.822056400,1034382.841921700,0,
4668,1034382.837506500,0.000167000,0.020000000,0.020000000,1034382.837673500,1034382.857506500,0,
4669,1034382.854106300,0.000123100,0.020000000,0.020000000,1034382.854229400,1034382.874106300,0,
4670,1034382.869775600,0.000100200,0.020000000,0.020000000,1034382.869875800,1034382.889775600,0,
4671,1034382.900969800,0.000369700,0.020000000,0.020000000,1034382.901339500,1034382.920969800,0,
4672,1034382.917095200,0.000084800,0.020000000,0.020000000,1034382.917180000,1034382.937095200,0,
4673,1034382.932160000,0.000136700,0.020000000,0.020000000,1034382.932296700,1034382.952160000,0,
4674,1034382.963999700,0.000131300,0.020000000,0.020000000,1034382.964131000,1034382.983999700,0,
4675,1034382.979079100,0.000113500,0.020000000,0.020000000,1034382.979192600,1034382.999079100,0,
4676,1034382.995315000,0.000130500,0.020000000,0.020000000,1034382.995445500,1034383.015315000,0,
4677,1034383.011135400,0.000116900,0.020000000,0.020000000,1034383.011252300,1034383.031135400,0,
4678,1034383.041784100,0.000325300,0.020000000,0.020000000,1034383.042109400,1034383.061784100,0,
4679,1034383.058872400,0.000120800,0.020000000,0.020000000,1034383.058993200,1034383.078872400,0,
4680,1034383.074951600,0.000111500,0.020000000,0.020000000,1034383.075063100,1034383.094951600,0,
4681,1034383.105768400,0.000188800,0.020000000,0.020000000,1034383.105957200,1034383.125768400,0,
4682,1034383.120538200,0.000128600,0.020000000,0.020000000,1034383.120666800,1034383.140538200,0,
4683,1034383.135496400,0.000202100,0.020000000,0.020000000,1034383.135698500,1034383.155496400,0,
4684,1034383.151272100,0.000131700,0.020000000,0.020000000,1034383.151403800,1034383.171272100,0,
4685,1034383.181678000,0.000115400,0.020000000,0.020000000,1034383.181793400,1034383.201678000,0,
4686,1034383.197846600,0.000242100,0.020000000,0.020000000,1034383.198088700,1034383.217846600,0,
4687,1034383.213853700,0.000126200,0.020000000,0.020000000,1034383.213979900,1034383.233853700,0,
4688,1034383.229069300,0.000098100,0.020000000,0.020000000,1034383.229167400,1034383.249069300,0,
4689,1034383.260624300,0.000096600,0.020000000,0.020000000,1034383.260720900,1034383.280624300,0,
4690,1034383.276980000,0.000102200,0.020000000,0.020000000,1034383.277082200,1034383.296980000,0,
4691,1034383.291469200,0.000120900,0.020000000,0.020000000,1034383.291590100,1034383.311469200,0,
4692,1034383.322085600,0.000250600,0.020000000,0.020000000,1034383.322336200,1034383.342085600,0,
4693,1034383.338215200,0.000126700,0.020000000,0.020000000,1034383.338341900,1034383.358215200,0,
4694,1034383.354009300,0.000132000,0.020000000,0.020000000,1034383.354141300,1034383.374009300,0,
4695,1034383.370174400,0.000187700,0.020000000,0.020000000,1034383.370362100,1034383.390174400,0,
4696,1034383.400345000,0.000131300,0.020000000,0.020000000,1034383.400476300,1034383.420345000,0,
4697,1034383.415706300,0.000102900,0.020000000,0.020000000,1034383.415809200,1034383.435706300,0,
4698,1034383.431644900,0.000115700,0.020000000,0.020000000,1034383.431760600,1034383.451644900,0,
4699,1034383.463587500,0.000456100,0.020000000,0.020000000,1034383.464043600,1034383.483587500,0,
4700,1034383.478856500,0.000112200,0.020000000,0.020000000,1034383.478968700,1034383.498856500,0,
4701,1034383.494096300,0.000099600,0.020000000,0.020000000,1034383.494195900,1034383.514096300,0,
4702,1034383.510754300,0.000136600,0.020000000,0.020000000,1034383.510890900,1034383.530754300,0,
4703,1034383.539847700,0.000222800,0.020000000,0.020000000,1034383.540070500,1034383.559847700,0,
4704,1034383.555631600,0.000087300,0.020000000,0.020000000,1034383.555718900,1034383.575631600,0,
4705,1034383.571308800,0.000093800,0.020000000,0.020000000,1034383.571402600,1034383.591308800,0,
4706,1034383.602357200,0.000129000,0.020000000,0.020000000,1034383.602486200,1034383.622357200,0,
4707,1034383.618160000,0.000110800,0.020000000,0.020000000,1034383.618270800,1034383.638160000,0,
4708,1034383.634835500,0.000176000,0.020000000,0.020000000,1034383.635011500,1034383.654835500,0,
4709,1034383.650475500,0.000096600,0.020000000,0.020000000,1034383.650572100,1034383.670475500,0,
4710,1034383.682612600,0.000116800,0.020000000,0.020000000,1034383.682729400,1034383.702612600,0,
4711,1034383.697754600,0.000127200,0.020000000,0.020000000,1034383.697881800,1034383.717754600,0,
4712,1034383.713946000,0.000127100,0.020000000,0.020000000,1034383.714073100,1034383.733946000,0,
4713,1034383.744070200,0.000099000,0.020000000,0.020000000,1034383.744169200,1034383.764070200,0,
4714,1034383.759409500,0.000112400,0.020000000,0.020000000,1034383.759521900,1034383.779409500,0,
4715,1034383.775671700,0.000167600,0.020000000,0.020000000,1034383.775839300,1034383.795671700,0,
4716,1034383.791038500,0.000104000,0.020000000,0.020000000,1034383.791142500,1034383.811038500,0,
4717,1034383.822562400,0.000113800,0.020000000,0.020000000,1034383.822676200,1034383.842562400,0,
4718,1034383.838445600,0.000289400,0.020000000,0.020000000,1034383.838735000,1034383.858445600,0,
4719,1034383.854050200,0.000112300,0.020000000,0.020000000,1034383.854162500,1034383.874050200,0,
4720,1034383.869677500,0.000075300,0.020000000,0.020000000,1034383.869752800,1034383.889677500,0,
4721,1034383.899686000,0.000162400,0.020000000,0.020000000,1034383.899848400,1034383.919686000,0,
4722,1034383.915190500,0.000058700,0.020000000,0.020000000,1034383.915249200,1034383.935190500,0,
4723,1034383.930931700,0.000128000,0.020000000,0.020000000,1034383.931059700,1034383.950931700,0,
4724,1034383.962230400,0.000270200,0.020000000,0.020000000,1034383.962500600,1034383.982230400,0,
4725,1034383.977497000,0.000105800,0.020000000,0.020000000,1034383.977602800,1034383.997497000,0,
4726,1034383.993321300,0.000104000,0.020000000,0.020000000,1034383.993425300,1034384.013321300,0,
4727,1034384.027328700,0.000704300,0.020000000,0.020000000,1034384.028033000,1034384.047328700,0,
4728,1034384.041035700,0.000116500,0.020000000,0.020000000,1034384.041152200,1034384.061035700,0,
4729,1034384.056282400,0.000118700,0.020000000,0.020000000,1034384.056401100,1034384.076282400,0,
4730,1034384.072232500,0.000073100,0.020000000,0.020000000,1034384.072305600,1034384.092232500,0,
4731,1034384.103408100,0.000275900,0.020000000,0.020000000,1034384.103684000,1034384.123408100,0,
4732,1034384.119425500,0.000066200,0.020000000,0.020000000,1034384.119491700,1034384.139425500,0,
4733,1034384.133743300,0.000119100,0.020000000,0.020000000,1034384.133862400,1034384.153743300,0,
4734,1034384.149277400,0.000114900,0.020000000,0.020000000,1034384.149392300,1034384.169277400,0,
4735,1034384.178846900,0.000101100,0.020000000,0.020000000,1034384.178948000,1034384.198846900,0,
4736,1034384.194162400,0.000114200,0.020000000,0.020000000,1034384.194276600,1034384.214162400,0,
4737,1034384.210387900,0.000088200,0.020000000,0.020000000,1034384.210476100,1034384.230387900,0,
4738,1034384.241271000,0.000094000,0.020000000,0.020000000,1034384.241365000,1034384.261271000,0,
4739,1034384.256539900,0.000113500,0.020000000,0.020000000,1034384.256653400,1034384.276539900,0,
4740,1034384.272388100,0.000083000,0.020000000,0.020000000,1034384.272471100,1034384.292388100,0,
4741,1034384.304053600,0.000113100,0.020000000,0.020000000,1034384.304166700,1034384.324053600,0,
4742,1034384.319148200,0.000097800,0.020000000,0.020000000,1034384.319246000,1034384.339148200,0,
4743,1034384.335357000,0.000111400,0.020000000,0.020000000,1034384.335468400,1034384.355357000,0,
4744,1034384.350700000,0.000115900,0.020000000,0.020000000,1034384.350815900,1034384.370700000,0,
4745,1034384.381989200,0.000179400,0.020000000,0.020000000,1034384.382168600,1034384.401989200,0,
4746,1034384.397367900,0.000127500,0.020000000,0.020000000,1034384.397495400,1034384.417367900,0,
4747,1034384.414113100,0.000123900,0.020000000,0.020000000,1034384.414237000,1034384.434113100,0,
4748,1034384.429088000,0.000120300,0.020000000,0.020000000,1034384.429208300,1034384.449088000,0,
4749,1034384.460194600,0.000131000,0.020000000,0.020000000,1034384.460325600,1034384.480194600,0,
4750,1034384.476186500,0.000104900,0.020000000,0.020000000,1034384.476291400,1034384.496186500,0,
4751,1034384.491749800,0.000084500,0.020000000,0.020000000,1034384.491834300,1034384.511749800,0,
4752,1034384.523420300,0.000084100,0.020000000,0.020000000,1034384.523504400,1034384.543420300,0,
4753,1034384.540081100,0.000127600,0.020000000,0.020000000,1034384.540208700,1034384.560081100,0,
4754,1034384.555203800,0.000102400,0.020000000,0.020000000,1034384.555306200,1034384.575203800,0,
4755,1034384.571421300,0.000107100,0.020000000,0.020000000,1034384.571528400,1034384.591421300,0,
4756,1034384.600941300,0.000091700,0.020000000,0.020000000,1034384.601033000,1034384.620941300,0,
4757,1034384.617079400,0.000082800,0.020000000,0.020000000,1034384.617162200,1034384.637079400,0,
4758,1034384.631852400,0.000072600,0.020000000,0.020000000,1034384.631925000,1034384.651852400,0,
4759,1034384.662750100,0.000068800,0.020000000,0.020000000,1034384.662818900,1034384.682750100,0,
4760,1034384.678188600,0.000111600,0.020000000,0.020000000,1034384.678300200,1034384.698188600,0,
4761,1034384.693374600,0.000056500,0.020000000,0.020000000,1034384.693431100,1034384.713374600,0,
4762,1034384.724744100,0.000055000,0.020000000,0.020000000,1034384.724799100,1034384.744744100,0,
4763,1034384.739286000,0.000068100,0.020000000,0.020000000,1034384.739354100,1034384.759286000,0,
4764,1034384.755052300,0.000078600,0.020000000,0.020000000,1034384.755130900,1034384.775052300,0,
4765,1034384.770976600,0.000105500,0.020000000,0.020000000,1034384.771082100,1034384.790976600,0,
4766,1034384.800721500,0.000101300,0.020000000,0.020000000,1034384.800822800,1034384.820721500,0,
4767,1034384.815939900,0.000083400,0.020000000,0.020000000,1034384.816023300,1034384.835939900,0,
4768,1034384.831532100,0.000091300,0.020000000,0.020000000,1034384.831623400,1034384.851532100,0,
4769,1034384.861623800,0.000245700,0.020000000,0.020000000,1034384.861869500,1034384.881623800,0,
4770,1034384.877502100,0.000090700,0.020000000,0.020000000,1034384.877592800,1034384.897502100,0,
4771,1034384.892424300,0.000098300,0.020000000,0.020000000,1034384.892522600,1034384.912424300,0,
4772,1034384.923175200,0.000101900,0.020000000,0.020000000,1034384.923277100,1034384.943175200,0,
4773,1034384.939292400,0.000108900,0.020000000,0.020000000,1034384.939401300,1034384.959292400,0,
4774,1034384.955259100,0.000082600,0.020000000,0.020000000,1034384.955341700,1034384.975259100,0,
4775,1034384.970625200,0.000089900,0.020000000,0.020000000,1034384.970715100,1034384.990625200,0,
4776,1034385.001974600,0.000086000,0.020000000,0.020000000,1034385.002060600,1034385.021974600,0,
4777,1034385.016640900,0.000091200,0.020000000,0.020000000,1034385.016732100,1034385.036640900,0,
4778,1034385.032551200,0.000145200,0.020000000,0.020000000,1034385.032696400,1034385.052551200,0,
4779,1034385.049487900,0.000102600,0.020000000,0.020000000,1034385.049590500,1034385.069487900,0,
4780,1034385.080606400,0.000241000,0.020000000,0.020000000,1034385.080847400,1034385.100606400,0,
4781,1034385.096781700,0.000132100,0.020000000,0.020000000,1034385.096913800,1034385.116781700,0,
4782,1034385.112661200,0.000126400,0.020000000,0.020000000,1034385.112787600,1034385.132661200,0,
4783,1034385.142956400,0.000107500,0.020000000,0.020000000,1034385.143063900,1034385.162956400,0,
4784,1034385.158465600,0.000114000,0.020000000,0.020000000,1034385.158579600,1034385.178465600,0,
4785,1034385.173984400,0.000082400,0.020000000,0.020000000,1034385.174066800,1034385.193984400,0,
4786,1034385.204716800,0.000117300,0.020000000,0.020000000,1034385.204834100,1034385.224716800,0,
4787,1034385.219655500,0.000116000,0.020000000,0.020000000,1034385.219771500,1034385.239655500,0,
4788,1034385.235834600,0.000125200,0.020000000,0.020000000,1034385.235959800,1034385.255834600,0,
4789,1034385.251543000,0.000119900,0.020000000,0.020000000,1034385.251662900,1034385.271543000,0,
4790,1034385.283470400,0.000073800,0.020000000,0.020000000,1034385.283544200,1034385.303470400,0,
4791,1034385.298593800,0.000095100,0.020000000,0.020000000,1034385.298688900,1034385.318593800,0,
4792,1034385.313858400,0.000037200,0.020000000,0.020000000,1034385.313895600,1034385.333858400,0,
4793,1034385.329632600,0.000118400,0.020000000,0.020000000,1034385.329751000,1034385.349632600,0,
4794,1034385.363197300,0.002412500,0.020000000,0.020000000,1034385.365609800,1034385.383197300,0,
4795,1034385.384505300,0.000111600,0.020000000,0.020000000,1034385.384616900,1034385.404505300,0,
4796,1034385.391106000,0.000119600,0.020000000,0.020000000,1034385.391225600,1034385.411106000,0,
4797,1034385.434190200,0.002207200,0.020000000,0.020000000,1034385.436397400,1034385.454190200,0,
4798,1034385.437203700,0.000194700,0.020000000,0.020000000,1034385.437398400,1034385.457203700,0,
4799,1034385.477535100,0.000107900,0.020000000,0.020000000,1034385.477643000,1034385.497535100,0,
4800,1034385.478175200,0.000068500,0.020000000,0.020000000,1034385.478243700,1034385.498175200,0,
4801,1034385.518322500,0.000105500,0.020000000,0.020000000,1034385.518428000,1034385.538322500,0,
4802,1034385.518508500,0.000042600,0.020000000,0.020000000,1034385.518551100,1034385.538508500,0,
4803,1034385.566364900,0.000111700,0.020000000,0.020000000,1034385.566476600,1034385.586364900,0,
4804,1034385.566560000,0.000036700,0.020000000,0.020000000,1034385.566596700,1034385.586560000,0,
4805,1034385.592980600,0.000097300,0.020000000,0.020000000,1034385.593077900,1034385.612980600,0,
4806,1034385.623250200,0.000090600,0.020000000,0.020000000,1034385.623340800,1034385.643250200,0,
4807,1034385.638087400,0.000090000,0.020000000,0.020000000,1034385.638177400,1034385.658087400,0,
4808,1034385.656428100,0.000254500,0.020000000,0.020000000,1034385.656682600,1034385.676428100,0,
4809,1034385.669666300,0.000099400,0.020000000,0.020000000,1034385.669765700,1034385.689666300,0,
4810,1034385.699683800,0.000509300,0.020000000,0.020000000,1034385.700193100,1034385.719683800,0,
4811,1034385.714937700,0.000897500,0.020000000,0.020000000,1034385.715835200,1034385.734937700,0,
4812,1034385.733006800,0.000073900,0.020000000,0.020000000,1034385.733080700,1034385.753006800,0,
4813,1034385.763108600,0.000096900,0.020000000,0.020000000,1034385.763205500,1034385.783108600,0,
4814,1034385.793213800,0.000108800,0.020000000,0.020000000,1034385.793322600,1034385.813213800,0,
4815,1034385.798799600,0.000239900,0.020000000,0.020000000,1034385.799039500,1034385.818799600,0,
4816,1034385.824547900,0.000333100,0.020000000,0.020000000,1034385.824881000,1034385.844547900,0,
4817,1034385.855172600,0.000099600,0.020000000,0.020000000,1034385.855272200,1034385.875172600,0,
4818,1034385.872143400,0.001301900,0.020000000,0.020000000,1034385.873445300,1034385.892143400,0,
4819,1034385.890051100,0.000093800,0.020000000,0.020000000,1034385.890144900,1034385.910051100,0,
4820,1034385.901741600,0.000103100,0.020000000,0.020000000,1034385.901844700,1034385.921741600,0,
4821,1034385.933074000,0.000184100,0.020000000,0.020000000,1034385.933258100,1034385.953074000,0,
4822,1034385.949004400,0.001406000,0.020000000,0.020000000,1034385.950410400,1034385.969004400,0,
4823,1034385.965165400,0.000095100,0.020000000,0.020000000,1034385.965260500,1034385.985165400,0,
4824,1034385.980203100,0.000356200,0.020000000,0.020000000,1034385.980559300,1034386.000203100,0,
4825,1034386.010900100,0.000084800,0.020000000,0.020000000,1034386.010984900,1034386.030900100,0,
4826,1034386.027424900,0.000195900,0.020000000,0.020000000,1034386.027620800,1034386.047424900,0,
4827,1034386.041625200,0.000117500,0.020000000,0.020000000,1034386.041742700,1034386.061625200,0,
4828,1034386.073096200,0.000093800,0.020000000,0.020000000,1034386.073190000,1034386.093096200,0,
4829,1034386.087706100,0.000126500,0.020000000,0.020000000,1034386.087832600,1034386.107706100,0,
4830,1034386.103576300,0.000135800,0.020000000,0.020000000,1034386.103712100,1034386.123576300,0,
4831,1034386.118955900,0.000156300,0.020000000,0.020000000,1034386.119112200,1034386.138955900,0,
4832,1034386.153623800,0.000104700,0.020000000,0.020000000,1034386.153728500,1034386.173623800,0,
4833,1034386.166352500,0.000104900,0.020000000,0.020000000,1034386.166457400,1034386.186352500,0,
4834,1034386.181348500,0.000129400,0.020000000,0.020000000,1034386.181477900,1034386.201348500,0,
4835,1034386.212506800,0.000228600,0.020000000,0.020000000,1034386.212735400,1034386.232506800,0,
4836,1034386.228219700,0.000142400,0.020000000,0.020000000,1034386.228362100,1034386.248219700,0,
4837,1034386.244271000,0.000095100,0.020000000,0.020000000,1034386.244366100,1034386.264271000,0,
4838,1034386.259457000,0.000415300,0.020000000,0.020000000,1034386.259872300,1034386.279457000,0,
4839,1034386.290245800,0.000095600,0.020000000,0.020000000,1034386.290341400,1034386.310245800,0,
4840,1034386.305915000,0.000132400,0.020000000,0.020000000,1034386.306047400,1034386.325915000,0,
4841,1034386.322472200,0.000117000,0.020000000,0.020000000,1034386.322589200,1034386.342472200,0,
4842,1034386.355315600,0.000341600,0.020000000,0.020000000,1034386.355657200,1034386.375315600,0,
4843,1034386.369052700,0.000269200,0.020000000,0.020000000,1034386.369321900,1034386.389052700,0,stale_state_153.5ms
4844,1034386.385448100,0.000125000,0.020000000,0.020000000,1034386.385573100,1034386.405448100,0,recovered
4845,1034386.402042800,0.000171200,0.020000000,0.020000000,1034386.402214000,1034386.422042800,0,
4846,1034386.432425500,0.000134300,0.020000000,0.020000000,1034386.432559800,1034386.452425500,0,
4847,1034386.447571100,0.000452500,0.020000000,0.020000000,1034386.448023600,1034386.467571100,0,
4848,1034386.466055200,0.000223800,0.020000000,0.020000000,1034386.466279000,1034386.486055200,0,
4849,1034386.495144200,0.000122600,0.020000000,0.020000000,1034386.495266800,1034386.515144200,0,
4850,1034386.509674600,0.000129500,0.020000000,0.020000000,1034386.509804100,1034386.529674600,0,
4851,1034386.527317500,0.000136400,0.020000000,0.020000000,1034386.527453900,1034386.547317500,0,
4852,1034386.540861500,0.000140500,0.020000000,0.020000000,1034386.541002000,1034386.560861500,0,
4853,1034386.570879500,0.000174900,0.020000000,0.020000000,1034386.571054400,1034386.590879500,0,stale_state_164.1ms
4854,1034386.586715000,0.000228100,0.020000000,0.020000000,1034386.586943100,1034386.606715000,0,stale_state_179.9ms
4855,1034386.602513800,0.000316400,0.020000000,0.020000000,1034386.602830200,1034386.622513800,0,stale_state_195.7ms
4856,1034386.632831700,0.000319900,0.020000000,0.020000000,1034386.633151600,1034386.652831700,0,stale_state_226.0ms
4857,1034386.648468200,0.000300200,0.020000000,0.020000000,1034386.648768400,1034386.668468200,0,stale_state_241.7ms
4858,1034386.665237400,0.000310300,0.020000000,0.020000000,1034386.665547700,1034386.685237400,0,stale_state_258.4ms
4859,1034386.694171200,0.000431900,0.020000000,0.020000000,1034386.694603100,1034386.714171200,0,stale_state_287.4ms
4860,1034386.709156200,0.000216200,0.020000000,0.020000000,1034386.709372400,1034386.729156200,0,stale_state_302.4ms
4861,1034386.725192100,0.000193300,0.020000000,0.020000000,1034386.725385400,1034386.745192100,0,stale_state_318.4ms
4862,1034386.740806800,0.000194700,0.020000000,0.020000000,1034386.741001500,1034386.760806800,0,stale_state_334.0ms
4863,1034386.773136200,0.000158100,0.020000000,0.020000000,1034386.773294300,1034386.793136200,0,stale_state_366.3ms
4864,1034386.788431900,0.000189900,0.020000000,0.020000000,1034386.788621800,1034386.808431900,0,stale_state_381.6ms
4865,1034386.803254500,0.000203800,0.020000000,0.020000000,1034386.803458300,1034386.823254500,0,stale_state_396.5ms
4866,1034386.834124300,0.000243700,0.020000000,0.020000000,1034386.834368000,1034386.854124300,0,stale_state_427.3ms
4867,1034386.849377200,0.000270100,0.020000000,0.020000000,1034386.849647300,1034386.869377200,0,stale_state_442.6ms
4868,1034386.866098700,0.000296100,0.020000000,0.020000000,1034386.866394800,1034386.886098700,0,stale_state_459.3ms
4869,1034386.882323500,0.000110600,0.020000000,0.020000000,1034386.882434100,1034386.902323500,0,stale_state_475.5ms
4870,1034386.912118400,0.000197600,0.020000000,0.020000000,1034386.912316000,1034386.932118400,0,stale_state_505.3ms
4871,1034386.927242600,0.000074400,0.020000000,0.020000000,1034386.927317000,1034386.947242600,0,stale_state_520.4ms
4872,1034386.942736600,0.000111500,0.020000000,0.020000000,1034386.942848100,1034386.962736600,0,stale_state_535.9ms
4873,1034386.958894600,0.000124000,0.020000000,0.020000000,1034386.959018600,1034386.978894600,0,stale_state_552.1ms
4874,1034386.989325900,0.000180900,0.020000000,0.020000000,1034386.989506800,1034387.009325900,0,stale_state_582.5ms
4875,1034387.005408500,0.000193100,0.020000000,0.020000000,1034387.005601600,1034387.025408500,0,recovered
4876,1034387.021347000,0.000047900,0.020000000,0.020000000,1034387.021394900,1034387.041347000,0,
4877,1034387.050926500,0.000388000,0.020000000,0.020000000,1034387.051314500,1034387.070926500,0,
4878,1034387.065961200,0.000247500,0.020000000,0.020000000,1034387.066208700,1034387.085961200,0,
4879,1034387.082086300,0.000113100,0.020000000,0.020000000,1034387.082199400,1034387.102086300,0,
4880,1034387.112571200,0.000230100,0.020000000,0.020000000,1034387.112801300,1034387.132571200,0,
4881,1034387.128109000,0.000219300,0.020000000,0.020000000,1034387.128328300,1034387.148109000,0,
4882,1034387.143429000,0.000098900,0.020000000,0.020000000,1034387.143527900,1034387.163429000,0,
4883,1034387.174467800,0.000092000,0.020000000,0.020000000,1034387.174559800,1034387.194467800,0,
4884,1034387.189366900,0.000184900,0.020000000,0.020000000,1034387.189551800,1034387.209366900,0,
4885,1034387.204986700,0.000095000,0.020000000,0.020000000,1034387.205081700,1034387.224986700,0,
4886,1034387.222161400,0.000133700,0.020000000,0.020000000,1034387.222295100,1034387.242161400,0,
4887,1034387.250194800,0.000095700,0.020000000,0.020000000,1034387.250290500,1034387.270194800,0,
4888,1034387.266651200,0.000102500,0.020000000,0.020000000,1034387.266753700,1034387.286651200,0,
4889,1034387.282202300,0.000118000,0.020000000,0.020000000,1034387.282320300,1034387.302202300,0,
4890,1034387.312034100,0.000075200,0.020000000,0.020000000,1034387.312109300,1034387.332034100,0,
4891,1034387.327499200,0.000080400,0.020000000,0.020000000,1034387.327579600,1034387.347499200,0,
4892,1034387.343849500,0.000107500,0.020000000,0.020000000,1034387.343957000,1034387.363849500,0,
4893,1034387.359131600,0.000105900,0.020000000,0.020000000,1034387.359237500,1034387.379131600,0,
4894,1034387.389467700,0.000071100,0.020000000,0.020000000,1034387.389538800,1034387.409467700,0,
4895,1034387.404987100,0.000090700,0.020000000,0.020000000,1034387.405077800,1034387.424987100,0,
4896,1034387.420922400,0.000053300,0.020000000,0.020000000,1034387.420975700,1034387.440922400,0,
4897,1034387.451066100,0.000131800,0.020000000,0.020000000,1034387.451197900,1034387.471066100,0,
4898,1034387.466492500,0.000077500,0.020000000,0.020000000,1034387.466570000,1034387.486492500,0,
4899,1034387.482259000,0.000059600,0.020000000,0.020000000,1034387.482318600,1034387.502259000,0,
4900,1034387.512010600,0.000048000,0.020000000,0.020000000,1034387.512058600,1034387.532010600,0,
4901,1034387.527406300,0.000048600,0.020000000,0.020000000,1034387.527454900,1034387.547406300,0,
4902,1034387.542696100,0.000104000,0.020000000,0.020000000,1034387.542800100,1034387.562696100,0,
4903,1034387.573505700,0.000047900,0.020000000,0.020000000,1034387.573553600,1034387.593505700,0,
4904,1034387.588780300,0.000071100,0.020000000,0.020000000,1034387.588851400,1034387.608780300,0,
4905,1034387.604592900,0.000178700,0.020000000,0.020000000,1034387.604771600,1034387.624592900,0,
4906,1034387.620143100,0.000049900,0.020000000,0.020000000,1034387.620193000,1034387.640143100,0,
4907,1034387.649874300,0.000093000,0.020000000,0.020000000,1034387.649967300,1034387.669874300,0,
4908,1034387.665762700,0.000088800,0.020000000,0.020000000,1034387.665851500,1034387.685762700,0,
4909,1034387.680883200,0.000078400,0.020000000,0.020000000,1034387.680961600,1034387.700883200,0,
4910,1034387.712491200,0.000117800,0.020000000,0.020000000,1034387.712609000,1034387.732491200,0,
4911,1034387.728350400,0.000182400,0.020000000,0.020000000,1034387.728532800,1034387.748350400,0,
4912,1034387.743867800,0.000110100,0.020000000,0.020000000,1034387.743977900,1034387.763867800,0,
4913,1034387.759565800,0.000039300,0.020000000,0.020000000,1034387.759605100,1034387.779565800,0,
4914,1034387.790674400,0.000070300,0.020000000,0.020000000,1034387.790744700,1034387.810674400,0,
4915,1034387.805997000,0.000068100,0.020000000,0.020000000,1034387.806065100,1034387.825997000,0,
4916,1034387.822086600,0.000037900,0.020000000,0.020000000,1034387.822124500,1034387.842086600,0,
4917,1034387.851991900,0.000047700,0.020000000,0.020000000,1034387.852039600,1034387.871991900,0,
4918,1034387.867509200,0.000047500,0.020000000,0.020000000,1034387.867556700,1034387.887509200,0,
4919,1034387.883137400,0.000073400,0.020000000,0.020000000,1034387.883210800,1034387.903137400,0,
4920,1034387.912713000,0.000094900,0.020000000,0.020000000,1034387.912807900,1034387.932713000,0,
4921,1034387.928068700,0.000065400,0.020000000,0.020000000,1034387.928134100,1034387.948068700,0,
4922,1034387.943093600,0.000126400,0.020000000,0.020000000,1034387.943220000,1034387.963093600,0,
4923,1034387.973569400,0.000057900,0.020000000,0.020000000,1034387.973627300,1034387.993569400,0,
4924,1034387.989312600,0.000041400,0.020000000,0.020000000,1034387.989354000,1034388.009312600,0,
4925,1034388.005049500,0.000078300,0.020000000,0.020000000,1034388.005127800,1034388.025049500,0,
4926,1034388.020877200,0.000068800,0.020000000,0.020000000,1034388.020946000,1034388.040877200,0,
4927,1034388.051544900,0.000039600,0.020000000,0.020000000,1034388.051584500,1034388.071544900,0,
4928,1034388.066685700,0.000042000,0.020000000,0.020000000,1034388.066727700,1034388.086685700,0,
4929,1034388.082427600,0.000036800,0.020000000,0.020000000,1034388.082464400,1034388.102427600,0,
4930,1034388.113227300,0.000161400,0.020000000,0.020000000,1034388.113388700,1034388.133227300,0,
4931,1034388.128835700,0.000106300,0.020000000,0.020000000,1034388.128942000,1034388.148835700,0,
4932,1034388.145105500,0.000079400,0.020000000,0.020000000,1034388.145184900,1034388.165105500,0,
4933,1034388.161083600,0.000050700,0.020000000,0.020000000,1034388.161134300,1034388.181083600,0,
4934,1034388.191167600,0.000110000,0.020000000,0.020000000,1034388.191277600,1034388.211167600,0,
4935,1034388.207184000,0.000107400,0.020000000,0.020000000,1034388.207291400,1034388.227184000,0,
4936,1034388.222410000,0.000047400,0.020000000,0.020000000,1034388.222457400,1034388.242410000,0,
4937,1034388.253451900,0.000048900,0.020000000,0.020000000,1034388.253500800,1034388.273451900,0,
4938,1034388.268803000,0.000067700,0.020000000,0.020000000,1034388.268870700,1034388.288803000,0,
4939,1034388.284897500,0.000096900,0.020000000,0.020000000,1034388.284994400,1034388.304897500,0,
4940,1034388.300495000,0.000054000,0.020000000,0.020000000,1034388.300549000,1034388.320495000,0,
4941,1034388.331871300,0.000050400,0.020000000,0.020000000,1034388.331921700,1034388.351871300,0,
4942,1034388.347470200,0.000100600,0.020000000,0.020000000,1034388.347570800,1034388.367470200,0,
4943,1034388.362358700,0.000093800,0.020000000,0.020000000,1034388.362452500,1034388.382358700,0,
4944,1034388.393087500,0.000056400,0.020000000,0.020000000,1034388.393143900,1034388.413087500,0,
4945,1034388.408446100,0.000139400,0.020000000,0.020000000,1034388.408585500,1034388.428446100,0,
4946,1034388.423536300,0.000072000,0.020000000,0.020000000,1034388.423608300,1034388.443536300,0,
4947,1034388.454147600,0.000058700,0.020000000,0.020000000,1034388.454206300,1034388.474147600,0,
4948,1034388.469586900,0.000050300,0.020000000,0.020000000,1034388.469637200,1034388.489586900,0,
4949,1034388.485561900,0.000121000,0.020000000,0.020000000,1034388.485682900,1034388.505561900,0,
4950,1034388.501586000,0.000069100,0.020000000,0.020000000,1034388.501655100,1034388.521586000,0,
4951,1034388.532870700,0.000039000,0.020000000,0.020000000,1034388.532909700,1034388.552870700,0,
4952,1034388.548045400,0.000053300,0.020000000,0.020000000,1034388.548098700,1034388.568045400,0,
4953,1034388.564415400,0.000034000,0.020000000,0.020000000,1034388.564449400,1034388.584415400,0,
4954,1034388.580351200,0.000038400,0.020000000,0.020000000,1034388.580389600,1034388.600351200,0,
4955,1034388.611905500,0.000069100,0.020000000,0.020000000,1034388.611974600,1034388.631905500,0,
4956,1034388.627235000,0.000088200,0.020000000,0.020000000,1034388.627323200,1034388.647235000,0,
4957,1034388.642839800,0.000096100,0.020000000,0.020000000,1034388.642935900,1034388.662839800,0,
4958,1034388.673844300,0.000051600,0.020000000,0.020000000,1034388.673895900,1034388.693844300,0,
4959,1034388.688680700,0.000106900,0.020000000,0.020000000,1034388.688787600,1034388.708680700,0,
4960,1034388.704416400,0.000097700,0.020000000,0.020000000,1034388.704514100,1034388.724416400,0,
4961,1034388.720343800,0.000031900,0.020000000,0.020000000,1034388.720375700,1034388.740343800,0,
4962,1034388.752324900,0.000113000,0.020000000,0.020000000,1034388.752437900,1034388.772324900,0,
4963,1034388.768417200,0.000083100,0.020000000,0.020000000,1034388.768500300,1034388.788417200,0,
4964,1034388.783390600,0.000044700,0.020000000,0.020000000,1034388.783435300,1034388.803390600,0,
4965,1034388.800080700,0.000073000,0.020000000,0.020000000,1034388.800153700,1034388.820080700,0,
4966,1034388.830483200,0.000081000,0.020000000,0.020000000,1034388.830564200,1034388.850483200,0,
4967,1034388.846401500,0.000119600,0.020000000,0.020000000,1034388.846521100,1034388.866401500,0,
4968,1034388.861580000,0.000057900,0.020000000,0.020000000,1034388.861637900,1034388.881580000,0,
4969,1034388.892441500,0.000118300,0.020000000,0.020000000,1034388.892559800,1034388.912441500,0,
4970,1034388.907814400,0.000242200,0.020000000,0.020000000,1034388.908056600,1034388.927814400,0,
4971,1034388.923310300,0.000062600,0.020000000,0.020000000,1034388.923372900,1034388.943310300,0,
4972,1034388.954750300,0.000097400,0.020000000,0.020000000,1034388.954847700,1034388.974750300,0,
4973,1034388.971493100,0.000112800,0.020000000,0.020000000,1034388.971605900,1034388.991493100,0,
4974,1034388.985718400,0.000110800,0.020000000,0.020000000,1034388.985829200,1034389.005718400,0,
4975,1034389.001779200,0.000091700,0.020000000,0.020000000,1034389.001870900,1034389.021779200,0,
4976,1034389.031570800,0.000083500,0.020000000,0.020000000,1034389.031654300,1034389.051570800,0,
4977,1034389.047458000,0.000091800,0.020000000,0.020000000,1034389.047549800,1034389.067458000,0,
4978,1034389.063089800,0.000059300,0.020000000,0.020000000,1034389.063149100,1034389.083089800,0,
4979,1034389.093622600,0.000080700,0.020000000,0.020000000,1034389.093703300,1034389.113622600,0,
4980,1034389.109013000,0.000054900,0.020000000,0.020000000,1034389.109067900,1034389.129013000,0,
4981,1034389.125131600,0.000037200,0.020000000,0.020000000,1034389.125168800,1034389.145131600,0,
4982,1034389.140727800,0.000051300,0.020000000,0.020000000,1034389.140779100,1034389.160727800,0,
4983,1034389.171061100,0.000260900,0.020000000,0.020000000,1034389.171322000,1034389.191061100,0,
4984,1034389.186990700,0.000137700,0.020000000,0.020000000,1034389.187128400,1034389.206990700,0,
4985,1034389.202582900,0.000134300,0.020000000,0.020000000,1034389.202717200,1034389.222582900,0,
4986,1034389.233305100,0.000075700,0.020000000,0.020000000,1034389.233380800,1034389.253305100,0,
4987,1034389.249455100,0.000116000,0.020000000,0.020000000,1034389.249571100,1034389.269455100,0,
4988,1034389.264536100,0.000087400,0.020000000,0.020000000,1034389.264623500,1034389.284536100,0,
4989,1034389.280177600,0.000052400,0.020000000,0.020000000,1034389.280230000,1034389.300177600,0,
4990,1034389.311252800,0.000062100,0.020000000,0.020000000,1034389.311314900,1034389.331252800,0,
4991,1034389.326947200,0.000077100,0.020000000,0.020000000,1034389.327024300,1034389.346947200,0,
4992,1034389.343329100,0.000125500,0.020000000,0.020000000,1034389.343454600,1034389.363329100,0,
4993,1034389.373551300,0.000120300,0.020000000,0.020000000,1034389.373671600,1034389.393551300,0,
4994,1034389.388266000,0.000351700,0.020000000,0.020000000,1034389.388617700,1034389.408266000,0,
4995,1034389.403434500,0.000105900,0.020000000,0.020000000,1034389.403540400,1034389.423434500,0,
4996,1034389.433754100,0.000064900,0.020000000,0.020000000,1034389.433819000,1034389.453754100,0,
4997,1034389.448958700,0.000175600,0.020000000,0.020000000,1034389.449134300,1034389.468958700,0,
4998,1034389.465341700,0.000079900,0.020000000,0.020000000,1034389.465421600,1034389.485341700,0,
4999,1034389.481116400,0.000118100,0.020000000,0.020000000,1034389.481234500,1034389.501116400,0,
5000,1034389.512623300,0.000078700,0.020000000,0.020000000,1034389.512702000,1034389.532623300,0,
5001,1034389.527038700,0.000101800,0.020000000,0.020000000,1034389.527140500,1034389.547038700,0,
5002,1034389.543194900,0.000101800,0.020000000,0.020000000,1034389.543296700,1034389.563194900,0,
5003,1034389.574675500,0.000304000,0.020000000,0.020000000,1034389.574979500,1034389.594675500,0,
5004,1034389.590628700,0.000109000,0.020000000,0.020000000,1034389.590737700,1034389.610628700,0,
5005,1034389.605444200,0.000096900,0.020000000,0.020000000,1034389.605541100,1034389.625444200,0,
5006,1034389.621493800,0.000058800,0.020000000,0.020000000,1034389.621552600,1034389.641493800,0,
5007,1034389.652390100,0.000111800,0.020000000,0.020000000,1034389.652501900,1034389.672390100,0,
5008,1034389.667864000,0.000115300,0.020000000,0.020000000,1034389.667979300,1034389.687864000,0,
5009,1034389.682964200,0.000127700,0.020000000,0.020000000,1034389.683091900,1034389.702964200,0,
5010,1034389.712813100,0.000057600,0.020000000,0.020000000,1034389.712870700,1034389.732813100,0,
5011,1034389.728753400,0.000107500,0.020000000,0.020000000,1034389.728860900,1034389.748753400,0,
5012,1034389.744949400,0.000107700,0.020000000,0.020000000,1034389.745057100,1034389.764949400,0,
5013,1034389.761299900,0.000071100,0.020000000,0.020000000,1034389.761371000,1034389.781299900,0,
5014,1034389.792185100,0.000270100,0.020000000,0.020000000,1034389.792455200,1034389.812185100,0,
5015,1034389.807794700,0.000108000,0.020000000,0.020000000,1034389.807902700,1034389.827794700,0,
5016,1034389.823451900,0.000092200,0.020000000,0.020000000,1034389.823544100,1034389.843451900,0,
5017,1034389.854112000,0.000069700,0.020000000,0.020000000,1034389.854181700,1034389.874112000,0,
5018,1034389.869811300,0.000059700,0.020000000,0.020000000,1034389.869871000,1034389.889811300,0,
5019,1034389.884985500,0.000054300,0.020000000,0.020000000,1034389.885039800,1034389.904985500,0,
5020,1034389.900889600,0.000046200,0.020000000,0.020000000,1034389.900935800,1034389.920889600,0,
5021,1034389.931766100,0.000112200,0.020000000,0.020000000,1034389.931878300,1034389.951766100,0,
5022,1034389.946923900,0.000114700,0.020000000,0.020000000,1034389.947038600,1034389.966923900,0,
5023,1034389.962890000,0.000060700,0.020000000,0.020000000,1034389.962950700,1034389.982890000,0,
5024,1034389.992778800,0.000067200,0.020000000,0.020000000,1034389.992846000,1034390.012778800,0,
5025,1034390.008510400,0.000069200,0.020000000,0.020000000,1034390.008579600,1034390.028510400,0,
5026,1034390.023230500,0.000033700,0.020000000,0.020000000,1034390.023264200,1034390.043230500,0,
5027,1034390.054589800,0.000052900,0.020000000,0.020000000,1034390.054642700,1034390.074589800,0,
5028,1034390.070176500,0.000029800,0.020000000,0.020000000,1034390.070206300,1034390.090176500,0,
5029,1034390.085344100,0.000034700,0.020000000,0.020000000,1034390.085378800,1034390.105344100,0,
5030,1034390.101331600,0.000039300,0.020000000,0.020000000,1034390.101370900,1034390.121331600,0,
5031,1034390.132092900,0.000157500,0.020000000,0.020000000,1034390.132250400,1034390.152092900,0,
5032,1034390.148109500,0.000210500,0.020000000,0.020000000,1034390.148320000,1034390.168109500,0,
5033,1034390.162695200,0.000061800,0.020000000,0.020000000,1034390.162757000,1034390.182695200,0,
5034,1034390.192292500,0.000250600,0.020000000,0.020000000,1034390.192543100,1034390.212292500,0,
5035,1034390.207750700,0.000118500,0.020000000,0.020000000,1034390.207869200,1034390.227750700,0,
5036,1034390.222674600,0.000091800,0.020000000,0.020000000,1034390.222766400,1034390.242674600,0,
5037,1034390.253923200,0.000096800,0.020000000,0.020000000,1034390.254020000,1034390.273923200,0,
5038,1034390.268945800,0.000134200,0.020000000,0.020000000,1034390.269080000,1034390.288945800,0,
5039,1034390.284592500,0.000224600,0.020000000,0.020000000,1034390.284817100,1034390.304592500,0,
5040,1034390.300205300,0.000098400,0.020000000,0.020000000,1034390.300303700,1034390.320205300,0,
5041,1034390.330517300,0.000100100,0.020000000,0.020000000,1034390.330617400,1034390.350517300,0,
5042,1034390.345338400,0.000093500,0.020000000,0.020000000,1034390.345431900,1034390.365338400,0,
5043,1034390.361503700,0.000077500,0.020000000,0.020000000,1034390.361581200,1034390.381503700,0,
5044,1034390.393279100,0.000095000,0.020000000,0.020000000,1034390.393374100,1034390.413279100,0,
5045,1034390.408440800,0.000077600,0.020000000,0.020000000,1034390.408518400,1034390.428440800,0,
5046,1034390.424035900,0.000078200,0.020000000,0.020000000,1034390.424114100,1034390.444035900,0,
5047,1034390.440181300,0.000096000,0.020000000,0.020000000,1034390.440277300,1034390.460181300,0,
5048,1034390.470881100,0.000236400,0.020000000,0.020000000,1034390.471117500,1034390.490881100,0,
5049,1034390.485977900,0.000095500,0.020000000,0.020000000,1034390.486073400,1034390.505977900,0,
5050,1034390.501523600,0.000100300,0.020000000,0.020000000,1034390.501623900,1034390.521523600,0,
5051,1034390.532215100,0.000096400,0.020000000,0.020000000,1034390.532311500,1034390.552215100,0,
5052,1034390.548319900,0.000155200,0.020000000,0.020000000,1034390.548475100,1034390.568319900,0,
5053,1034390.564551300,0.000086700,0.020000000,0.020000000,1034390.564638000,1034390.584551300,0,
5054,1034390.579677400,0.000104600,0.020000000,0.020000000,1034390.579782000,1034390.599677400,0,
5055,1034390.610089500,0.000102300,0.020000000,0.020000000,1034390.610191800,1034390.630089500,0,
5056,1034390.625631200,0.000112200,0.020000000,0.020000000,1034390.625743400,1034390.645631200,0,
5057,1034390.641382100,0.000077700,0.020000000,0.020000000,1034390.641459800,1034390.661382100,0,
5058,1034390.671861700,0.000063400,0.020000000,0.020000000,1034390.671925100,1034390.691861700,0,
5059,1034390.687223700,0.000114000,0.020000000,0.020000000,1034390.687337700,1034390.707223700,0,
5060,1034390.702496800,0.000065400,0.020000000,0.020000000,1034390.702562200,1034390.722496800,0,
5061,1034390.733881900,0.000097100,0.020000000,0.020000000,1034390.733979000,1034390.753881900,0,
5062,1034390.749501200,0.000058700,0.020000000,0.020000000,1034390.749559900,1034390.769501200,0,
5063,1034390.764983400,0.000064500,0.020000000,0.020000000,1034390.765047900,1034390.784983400,0,
5064,1034390.780394900,0.000046800,0.020000000,0.020000000,1034390.780441700,1034390.800394900,0,
5065,1034390.811770200,0.000077800,0.020000000,0.020000000,1034390.811848000,1034390.831770200,0,
5066,1034390.826996500,0.000068200,0.020000000,0.020000000,1034390.827064700,1034390.846996500,0,
5067,1034390.842107400,0.000040500,0.020000000,0.020000000,1034390.842147900,1034390.862107400,0,
5068,1034390.873217300,0.000046800,0.020000000,0.020000000,1034390.873264100,1034390.893217300,0,
5069,1034390.888946000,0.000150300,0.020000000,0.020000000,1034390.889096300,1034390.908946000,0,
5070,1034390.904290500,0.000106300,0.020000000,0.020000000,1034390.904396800,1034390.924290500,0,
5071,1034390.919989500,0.000025900,0.020000000,0.020000000,1034390.920015400,1034390.939989500,0,
5072,1034390.950783000,0.000073700,0.020000000,0.020000000,1034390.950856700,1034390.970783000,0,
5073,1034390.966461500,0.000082400,0.020000000,0.020000000,1034390.966543900,1034390.986461500,0,
5074,1034390.981732400,0.000045100,0.020000000,0.020000000,1034390.981777500,1034391.001732400,0,
5075,1034391.013466300,0.000089600,0.020000000,0.020000000,1034391.013555900,1034391.033466300,0,
5076,1034391.028692900,0.000083100,0.020000000,0.020000000,1034391.028776000,1034391.048692900,0,
5077,1034391.044403300,0.000171300,0.020000000,0.020000000,1034391.044574600,1034391.064403300,0,
5078,1034391.059672500,0.000074200,0.020000000,0.020000000,1034391.059746700,1034391.079672500,0,
5079,1034391.090893400,0.000098600,0.020000000,0.020000000,1034391.090992000,1034391.110893400,0,
5080,1034391.106590100,0.000068800,0.020000000,0.020000000,1034391.106658900,1034391.126590100,0,
5081,1034391.122099900,0.000032700,0.020000000,0.020000000,1034391.122132600,1034391.142099900,0,
5082,1034391.152760300,0.000058200,0.020000000,0.020000000,1034391.152818500,1034391.172760300,0,
5083,1034391.168159400,0.000034700,0.020000000,0.020000000,1034391.168194100,1034391.188159400,0,
5084,1034391.183182000,0.000038300,0.020000000,0.020000000,1034391.183220300,1034391.203182000,0,
5085,1034391.213397000,0.000083000,0.020000000,0.020000000,1034391.213480000,1034391.233397000,0,
5086,1034391.229130800,0.000047100,0.020000000,0.020000000,1034391.229177900,1034391.249130800,0,
5087,1034391.244463200,0.000047500,0.020000000,0.020000000,1034391.244510700,1034391.264463200,0,
5088,1034391.260440200,0.000053400,0.020000000,0.020000000,1034391.260493600,1034391.280440200,0,
5089,1034391.290922100,0.000111600,0.020000000,0.020000000,1034391.291033700,1034391.310922100,0,
5090,1034391.306115900,0.000119300,0.020000000,0.020000000,1034391.306235200,1034391.326115900,0,
5091,1034391.322365400,0.000078100,0.020000000,0.020000000,1034391.322443500,1034391.342365400,0,
5092,1034391.351797000,0.000054200,0.020000000,0.020000000,1034391.351851200,1034391.371797000,0,
5093,1034391.367530300,0.000053500,0.020000000,0.020000000,1034391.367583800,1034391.387530300,0,
5094,1034391.383539200,0.000066700,0.020000000,0.020000000,1034391.383605900,1034391.403539200,0,
5095,1034391.414589900,0.000035500,0.020000000,0.020000000,1034391.414625400,1034391.434589900,0,
5096,1034391.430075800,0.000064000,0.020000000,0.020000000,1034391.430139800,1034391.450075800,0,
5097,1034391.445433100,0.000069400,0.020000000,0.020000000,1034391.445502500,1034391.465433100,0,
5098,1034391.461322300,0.000022200,0.020000000,0.020000000,1034391.461344500,1034391.481322300,0,
5099,1034391.491577300,0.000119200,0.020000000,0.020000000,1034391.491696500,1034391.511577300,0,
5100,1034391.507031300,0.000067500,0.020000000,0.020000000,1034391.507098800,1034391.527031300,0,
5101,1034391.522666800,0.000071000,0.020000000,0.020000000,1034391.522737800,1034391.542666800,0,
5102,1034391.553755300,0.000112400,0.020000000,0.020000000,1034391.553867700,1034391.573755300,0,
5103,1034391.568905400,0.000108600,0.020000000,0.020000000,1034391.569014000,1034391.588905400,0,
5104,1034391.585173500,0.000121400,0.020000000,0.020000000,1034391.585294900,1034391.605173500,0,
5105,1034391.600917400,0.000120600,0.020000000,0.020000000,1034391.601038000,1034391.620917400,0,
5106,1034391.631031100,0.000127900,0.020000000,0.020000000,1034391.631159000,1034391.651031100,0,
5107,1034391.646651200,0.000119600,0.020000000,0.020000000,1034391.646770800,1034391.666651200,0,
5108,1034391.662031100,0.000128000,0.020000000,0.020000000,1034391.662159100,1034391.682031100,0,
5109,1034391.692568000,0.000156700,0.020000000,0.020000000,1034391.692724700,1034391.712568000,0,
5110,1034391.707913900,0.000087700,0.020000000,0.020000000,1034391.708001600,1034391.727913900,0,
5111,1034391.722735700,0.000063200,0.020000000,0.020000000,1034391.722798900,1034391.742735700,0,
5112,1034391.753890600,0.000083100,0.020000000,0.020000000,1034391.753973700,1034391.773890600,0,
5113,1034391.769452600,0.000105100,0.020000000,0.020000000,1034391.769557700,1034391.789452600,0,
5114,1034391.785066400,0.000112000,0.020000000,0.020000000,1034391.785178400,1034391.805066400,0,
5115,1034391.800911800,0.000103400,0.020000000,0.020000000,1034391.801015200,1034391.820911800,0,
5116,1034391.832230400,0.000101400,0.020000000,0.020000000,1034391.832331800,1034391.852230400,0,
5117,1034391.848218500,0.000098700,0.020000000,0.020000000,1034391.848317200,1034391.868218500,0,
5118,1034391.863600000,0.000053900,0.020000000,0.020000000,1034391.863653900,1034391.883600000,0,
5119,1034391.894748700,0.000120200,0.020000000,0.020000000,1034391.894868900,1034391.914748700,0,
5120,1034391.910714100,0.000109100,0.020000000,0.020000000,1034391.910823200,1034391.930714100,0,
5121,1034391.925891700,0.000039100,0.020000000,0.020000000,1034391.925930800,1034391.945891700,0,
5122,1034391.941728900,0.000076800,0.020000000,0.020000000,1034391.941805700,1034391.961728900,0,
5123,1034391.973473800,0.000065900,0.020000000,0.020000000,1034391.973539700,1034391.993473800,0,
5124,1034391.988226200,0.000110300,0.020000000,0.020000000,1034391.988336500,1034392.008226200,0,
5125,1034392.003972300,0.000112900,0.020000000,0.020000000,1034392.004085200,1034392.023972300,0,
5126,1034392.019463500,0.000043800,0.020000000,0.020000000,1034392.019507300,1034392.039463500,0,
5127,1034392.050162100,0.000288800,0.020000000,0.020000000,1034392.050450900,1034392.070162100,0,
5128,1034392.065253700,0.000075100,0.020000000,0.020000000,1034392.065328800,1034392.085253700,0,
5129,1034392.081285400,0.000099200,0.020000000,0.020000000,1034392.081384600,1034392.101285400,0,
5130,1034392.113081400,0.000047100,0.020000000,0.020000000,1034392.113128500,1034392.133081400,0,
5131,1034392.127489600,0.000225500,0.020000000,0.020000000,1034392.127715100,1034392.147489600,0,
5132,1034392.143708100,0.000085200,0.020000000,0.020000000,1034392.143793300,1034392.163708100,0,
5133,1034392.159619100,0.000100100,0.020000000,0.020000000,1034392.159719200,1034392.179619100,0,
5134,1034392.189994600,0.000045600,0.020000000,0.020000000,1034392.190040200,1034392.209994600,0,
5135,1034392.205103400,0.000058200,0.020000000,0.020000000,1034392.205161600,1034392.225103400,0,
5136,1034392.221320400,0.000096900,0.020000000,0.020000000,1034392.221417300,1034392.241320400,0,
5137,1034392.251508800,0.000075000,0.020000000,0.020000000,1034392.251583800,1034392.271508800,0,
5138,1034392.266999600,0.000122700,0.020000000,0.020000000,1034392.267122300,1034392.286999600,0,
5139,1034392.281873600,0.000058500,0.020000000,0.020000000,1034392.281932100,1034392.301873600,0,
5140,1034392.312918500,0.000122700,0.020000000,0.020000000,1034392.313041200,1034392.332918500,0,
5141,1034392.328110700,0.000083000,0.020000000,0.020000000,1034392.328193700,1034392.348110700,0,
5142,1034392.344140000,0.000090800,0.020000000,0.020000000,1034392.344230800,1034392.364140000,0,
5143,1034392.359242900,0.000084100,0.020000000,0.020000000,1034392.359327000,1034392.379242900,0,
5144,1034392.389777300,0.000048000,0.020000000,0.020000000,1034392.389825300,1034392.409777300,0,
5145,1034392.405493700,0.000056800,0.020000000,0.020000000,1034392.405550500,1034392.425493700,0,
5146,1034392.421439200,0.000063800,0.020000000,0.020000000,1034392.421503000,1034392.441439200,0,
5147,1034392.452186700,0.000098000,0.020000000,0.020000000,1034392.452284700,1034392.472186700,0,
5148,1034392.467980700,0.000105700,0.020000000,0.020000000,1034392.468086400,1034392.487980700,0,
5149,1034392.483521400,0.000045400,0.020000000,0.020000000,1034392.483566800,1034392.503521400,0,
5150,1034392.514385100,0.000060800,0.020000000,0.020000000,1034392.514445900,1034392.534385100,0,
5151,1034392.529787500,0.000053300,0.020000000,0.020000000,1034392.529840800,1034392.549787500,0,
5152,1034392.545110500,0.000064100,0.020000000,0.020000000,1034392.545174600,1034392.565110500,0,
5153,1034392.560947200,0.000053300,0.020000000,0.020000000,1034392.561000500,1034392.580947200,0,
5154,1034392.591226600,0.000054900,0.020000000,0.020000000,1034392.591281500,1034392.611226600,0,
5155,1034392.606123200,0.000047000,0.020000000,0.020000000,1034392.606170200,1034392.626123200,0,
5156,1034392.622382000,0.000042200,0.020000000,0.020000000,1034392.622424200,1034392.642382000,0,
5157,1034392.653578100,0.000100500,0.020000000,0.020000000,1034392.653678600,1034392.673578100,0,
5158,1034392.669782500,0.000098800,0.020000000,0.020000000,1034392.669881300,1034392.689782500,0,
5159,1034392.684918900,0.000055000,0.020000000,0.020000000,1034392.684973900,1034392.704918900,0,
5160,1034392.701135900,0.000034700,0.020000000,0.020000000,1034392.701170600,1034392.721135900,0,
5161,1034392.732086800,0.000031000,0.020000000,0.020000000,1034392.732117800,1034392.752086800,0,
5162,1034392.748530800,0.000101200,0.020000000,0.020000000,1034392.748632000,1034392.768530800,0,
5163,1034392.764377900,0.000028600,0.020000000,0.020000000,1034392.764406500,1034392.784377900,0,
5164,1034392.779854500,0.000037400,0.020000000,0.020000000,1034392.779891900,1034392.799854500,0,
5165,1034392.811522400,0.000051200,0.020000000,0.020000000,1034392.811573600,1034392.831522400,0,
5166,1034392.826613800,0.000046300,0.020000000,0.020000000,1034392.826660100,1034392.846613800,0,
5167,1034392.842235300,0.000039100,0.020000000,0.020000000,1034392.842274400,1034392.862235300,0,
5168,1034392.873545800,0.000040100,0.020000000,0.020000000,1034392.873585900,1034392.893545800,0,
5169,1034392.888904900,0.000048500,0.020000000,0.020000000,1034392.888953400,1034392.908904900,0,
5170,1034392.904504200,0.000052600,0.020000000,0.020000000,1034392.904556800,1034392.924504200,0,
5171,1034392.920818000,0.000046400,0.020000000,0.020000000,1034392.920864400,1034392.940818000,0,
5172,1034392.951549900,0.000050700,0.020000000,0.020000000,1034392.951600600,1034392.971549900,0,
5173,1034392.967232600,0.000053100,0.020000000,0.020000000,1034392.967285700,1034392.987232600,0,
5174,1034392.983165000,0.000048800,0.020000000,0.020000000,1034392.983213800,1034393.003165000,0,
5175,1034393.014640500,0.000046900,0.020000000,0.020000000,1034393.014687400,1034393.034640500,0,
5176,1034393.030415300,0.000045500,0.020000000,0.020000000,1034393.030460800,1034393.050415300,0,
5177,1034393.046433000,0.000059000,0.020000000,0.020000000,1034393.046492000,1034393.066433000,0,
5178,1034393.062797300,0.000035800,0.020000000,0.020000000,1034393.062833100,1034393.082797300,0,
5179,1034393.078574400,0.000037100,0.020000000,0.020000000,1034393.078611500,1034393.098574400,0,
5180,1034393.110895500,0.000051200,0.020000000,0.020000000,1034393.110946700,1034393.130895500,0,
5181,1034393.125368900,0.000062800,0.020000000,0.020000000,1034393.125431700,1034393.145368900,0,
5182,1034393.141501300,0.000046400,0.020000000,0.020000000,1034393.141547700,1034393.161501300,0,
5183,1034393.173083000,0.000086100,0.020000000,0.020000000,1034393.173169100,1034393.193083000,0,
5184,1034393.188668100,0.000122400,0.020000000,0.020000000,1034393.188790500,1034393.208668100,0,
5185,1034393.204435900,0.000069000,0.020000000,0.020000000,1034393.204504900,1034393.224435900,0,
5186,1034393.220327600,0.000030800,0.020000000,0.020000000,1034393.220358400,1034393.240327600,0,
5187,1034393.251658300,0.000070900,0.020000000,0.020000000,1034393.251729200,1034393.271658300,0,
5188,1034393.267663000,0.000029200,0.020000000,0.020000000,1034393.267692200,1034393.287663000,0,
5189,1034393.283091000,0.000055000,0.020000000,0.020000000,1034393.283146000,1034393.303091000,0,
5190,1034393.314575900,0.000047800,0.020000000,0.020000000,1034393.314623700,1034393.334575900,0,
5191,1034393.330357800,0.000043900,0.020000000,0.020000000,1034393.330401700,1034393.350357800,0,
5192,1034393.346462200,0.000043900,0.020000000,0.020000000,1034393.346506100,1034393.366462200,0,
5193,1034393.363171600,0.000044600,0.020000000,0.020000000,1034393.363216200,1034393.383171600,0,
5194,1034393.394588800,0.000053700,0.020000000,0.020000000,1034393.394642500,1034393.414588800,0,
5195,1034393.410566800,0.000078000,0.020000000,0.020000000,1034393.410644800,1034393.430566800,0,
5196,1034393.426698600,0.000043200,0.020000000,0.020000000,1034393.426741800,1034393.446698600,0,
5197,1034393.442269800,0.000051500,0.020000000,0.020000000,1034393.442321300,1034393.462269800,0,
5198,1034393.474083100,0.000041800,0.020000000,0.020000000,1034393.474124900,1034393.494083100,0,
5199,1034393.489420900,0.000041400,0.020000000,0.020000000,1034393.489462300,1034393.509420900,0,
5200,1034393.504962700,0.000048200,0.020000000,0.020000000,1034393.505010900,1034393.524962700,0,
5201,1034393.521197600,0.000035900,0.020000000,0.020000000,1034393.521233500,1034393.541197600,0,
5202,1034393.553349500,0.000037000,0.020000000,0.020000000,1034393.553386500,1034393.573349500,0,
5203,1034393.568614800,0.000060800,0.020000000,0.020000000,1034393.568675600,1034393.588614800,0,
5204,1034393.584412200,0.000041300,0.020000000,0.020000000,1034393.584453500,1034393.604412200,0,
5205,1034393.599603100,0.000037600,0.020000000,0.020000000,1034393.599640700,1034393.619603100,0,
5206,1034393.630480700,0.000051400,0.020000000,0.020000000,1034393.630532100,1034393.650480700,0,
5207,1034393.646605700,0.000070300,0.020000000,0.020000000,1034393.646676000,1034393.666605700,0,
5208,1034393.663231700,0.000095000,0.020000000,0.020000000,1034393.663326700,1034393.683231700,0,
5209,1034393.693899400,0.000055300,0.020000000,0.020000000,1034393.693954700,1034393.713899400,0,
5210,1034393.709368800,0.000101200,0.020000000,0.020000000,1034393.709470000,1034393.729368800,0,
5211,1034393.725251300,0.000072100,0.020000000,0.020000000,1034393.725323400,1034393.745251300,0,
5212,1034393.740979500,0.000036400,0.020000000,0.020000000,1034393.741015900,1034393.760979500,0,
5213,1034393.771727900,0.000063800,0.020000000,0.020000000,1034393.771791700,1034393.791727900,0,
5214,1034393.787201200,0.000049700,0.020000000,0.020000000,1034393.787250900,1034393.807201200,0,
5215,1034393.803204100,0.000046600,0.020000000,0.020000000,1034393.803250700,1034393.823204100,0,
5216,1034393.834213200,0.000057300,0.020000000,0.020000000,1034393.834270500,1034393.854213200,0,
5217,1034393.850108100,0.000058900,0.020000000,0.020000000,1034393.850167000,1034393.870108100,0,
5218,1034393.865976400,0.000039000,0.020000000,0.020000000,1034393.866015400,1034393.885976400,0,
5219,1034393.881572600,0.000040500,0.020000000,0.020000000,1034393.881613100,1034393.901572600,0,
5220,1034393.912314700,0.000035500,0.020000000,0.020000000,1034393.912350200,1034393.932314700,0,
5221,1034393.927571100,0.000056500,0.020000000,0.020000000,1034393.927627600,1034393.947571100,0,
5222,1034393.943479300,0.000073400,0.020000000,0.020000000,1034393.943552700,1034393.963479300,0,
5223,1034393.973768800,0.000036300,0.020000000,0.020000000,1034393.973805100,1034393.993768800,0,
5224,1034393.988654900,0.000048100,0.020000000,0.020000000,1034393.988703000,1034394.008654900,0,
5225,1034394.004260400,0.000053100,0.020000000,0.020000000,1034394.004313500,1034394.024260400,0,
5226,1034394.020337300,0.000035400,0.020000000,0.020000000,1034394.020372700,1034394.040337300,0,
5227,1034394.051795000,0.000033400,0.020000000,0.020000000,1034394.051828400,1034394.071795000,0,
5228,1034394.067215000,0.000022600,0.020000000,0.020000000,1034394.067237600,1034394.087215000,0,
5229,1034394.082482600,0.000053300,0.020000000,0.020000000,1034394.082535900,1034394.102482600,0,
5230,1034394.113554500,0.000050900,0.020000000,0.020000000,1034394.113605400,1034394.133554500,0,
5231,1034394.128585800,0.000086900,0.020000000,0.020000000,1034394.128672700,1034394.148585800,0,
5232,1034394.144154300,0.000046800,0.020000000,0.020000000,1034394.144201100,1034394.164154300,0,
5233,1034394.160420300,0.000038300,0.020000000,0.020000000,1034394.160458600,1034394.180420300,0,
5234,1034394.191774900,0.000051500,0.020000000,0.020000000,1034394.191826400,1034394.211774900,0,
5235,1034394.207302400,0.000055000,0.020000000,0.020000000,1034394.207357400,1034394.227302400,0,
5236,1034394.223391200,0.000032800,0.020000000,0.020000000,1034394.223424000,1034394.243391200,0,
5237,1034394.254399200,0.000049600,0.020000000,0.020000000,1034394.254448800,1034394.274399200,0,
5238,1034394.269432500,0.000032100,0.020000000,0.020000000,1034394.269464600,1034394.289432500,0,
5239,1034394.285261500,0.000037500,0.020000000,0.020000000,1034394.285299000,1034394.305261500,0,
5240,1034394.300779300,0.000042000,0.020000000,0.020000000,1034394.300821300,1034394.320779300,0,
5241,1034394.332418700,0.000043400,0.020000000,0.020000000,1034394.332462100,1034394.352418700,0,
5242,1034394.347634300,0.000039000,0.020000000,0.020000000,1034394.347673300,1034394.367634300,0,
5243,1034394.363098200,0.000057800,0.020000000,0.020000000,1034394.363156000,1034394.383098200,0,
5244,1034394.393141800,0.000087200,0.020000000,0.020000000,1034394.393229000,1034394.413141800,0,
5245,1034394.408900600,0.000088900,0.020000000,0.020000000,1034394.408989500,1034394.428900600,0,
5246,1034394.424733100,0.000074600,0.020000000,0.020000000,1034394.424807700,1034394.444733100,0,
5247,1034394.440487700,0.000074500,0.020000000,0.020000000,1034394.440562200,1034394.460487700,0,
5248,1034394.471042900,0.000092300,0.020000000,0.020000000,1034394.471135200,1034394.491042900,0,
5249,1034394.486823100,0.000122300,0.020000000,0.020000000,1034394.486945400,1034394.506823100,0,
5250,1034394.502541500,0.000079800,0.020000000,0.020000000,1034394.502621300,1034394.522541500,0,
5251,1034394.534314000,0.000116200,0.020000000,0.020000000,1034394.534430200,1034394.554314000,0,
5252,1034394.549862100,0.000059800,0.020000000,0.020000000,1034394.549921900,1034394.569862100,0,
5253,1034394.564965300,0.000116100,0.020000000,0.020000000,1034394.565081400,1034394.584965300,0,
5254,1034394.580462100,0.000120900,0.020000000,0.020000000,1034394.580583000,1034394.600462100,0,
5255,1034394.611292600,0.000069400,0.020000000,0.020000000,1034394.611362000,1034394.631292600,0,
5256,1034394.627407700,0.000064800,0.020000000,0.020000000,1034394.627472500,1034394.647407700,0,
5257,1034394.643159400,0.000038800,0.020000000,0.020000000,1034394.643198200,1034394.663159400,0,
5258,1034394.674603000,0.000043300,0.020000000,0.020000000,1034394.674646300,1034394.694603000,0,
5259,1034394.689862100,0.000111300,0.020000000,0.020000000,1034394.689973400,1034394.709862100,0,
5260,1034394.705775600,0.000125100,0.020000000,0.020000000,1034394.705900700,1034394.725775600,0,
5261,1034394.721894600,0.000107100,0.020000000,0.020000000,1034394.722001700,1034394.741894600,0,
5262,1034394.752819900,0.000049500,0.020000000,0.020000000,1034394.752869400,1034394.772819900,0,
5263,1034394.768713200,0.000026000,0.020000000,0.020000000,1034394.768739200,1034394.788713200,0,
5264,1034394.783965900,0.000023600,0.020000000,0.020000000,1034394.783989500,1034394.803965900,0,
5265,1034394.799730700,0.000031400,0.020000000,0.020000000,1034394.799762100,1034394.819730700,0,
5266,1034394.830348000,0.000112700,0.020000000,0.020000000,1034394.830460700,1034394.850348000,0,
5267,1034394.846276400,0.000085400,0.020000000,0.020000000,1034394.846361800,1034394.866276400,0,
5268,1034394.862359900,0.000054300,0.020000000,0.020000000,1034394.862414200,1034394.882359900,0,
5269,1034394.892703000,0.000092800,0.020000000,0.020000000,1034394.892795800,1034394.912703000,0,
5270,1034394.907644400,0.000094900,0.020000000,0.020000000,1034394.907739300,1034394.927644400,0,
5271,1034394.924019400,0.000068300,0.020000000,0.020000000,1034394.924087700,1034394.944019400,0,
5272,1034394.939761000,0.000067300,0.020000000,0.020000000,1034394.939828300,1034394.959761000,0,
5273,1034394.971202000,0.000057200,0.020000000,0.020000000,1034394.971259200,1034394.991202000,0,
5274,1034394.986791400,0.000119600,0.020000000,0.020000000,1034394.986911000,1034395.006791400,0,
5275,1034395.001946300,0.000070700,0.020000000,0.020000000,1034395.002017000,1034395.021946300,0,
5276,1034395.032600500,0.000082900,0.020000000,0.020000000,1034395.032683400,1034395.052600500,0,
5277,1034395.047895300,0.000184800,0.020000000,0.020000000,1034395.048080100,1034395.067895300,0,
5278,1034395.063155900,0.000085100,0.020000000,0.020000000,1034395.063241000,1034395.083155900,0,
5279,1034395.094019100,0.000081000,0.020000000,0.020000000,1034395.094100100,1034395.114019100,0,
5280,1034395.109245000,0.000072700,0.020000000,0.020000000,1034395.109317700,1034395.129245000,0,
5281,1034395.125520200,0.000076400,0.020000000,0.020000000,1034395.125596600,1034395.145520200,0,
5282,1034395.140647200,0.000049600,0.020000000,0.020000000,1034395.140696800,1034395.160647200,0,
5283,1034395.172510700,0.000107300,0.020000000,0.020000000,1034395.172618000,1034395.192510700,0,
5284,1034395.186909400,0.000102900,0.020000000,0.020000000,1034395.187012300,1034395.206909400,0,
5285,1034395.202918500,0.000089400,0.020000000,0.020000000,1034395.203007900,1034395.222918500,0,
5286,1034395.233076800,0.000052000,0.020000000,0.020000000,1034395.233128800,1034395.253076800,0,
5287,1034395.248700000,0.000232600,0.020000000,0.020000000,1034395.248932600,1034395.268700000,0,
5288,1034395.264769600,0.000063300,0.020000000,0.020000000,1034395.264832900,1034395.284769600,0,
5289,1034395.280735000,0.000055400,0.020000000,0.020000000,1034395.280790400,1034395.300735000,0,
5290,1034395.310667300,0.000057000,0.020000000,0.020000000,1034395.310724300,1034395.330667300,0,
5291,1034395.326164700,0.000050100,0.020000000,0.020000000,1034395.326214800,1034395.346164700,0,
5292,1034395.342581200,0.000108100,0.020000000,0.020000000,1034395.342689300,1034395.362581200,0,
5293,1034395.372941200,0.000210300,0.020000000,0.020000000,1034395.373151500,1034395.392941200,0,
5294,1034395.388341000,0.000095700,0.020000000,0.020000000,1034395.388436700,1034395.408341000,0,
5295,1034395.404142200,0.000045400,0.020000000,0.020000000,1034395.404187600,1034395.424142200,0,
5296,1034395.433918500,0.000066500,0.020000000,0.020000000,1034395.433985000,1034395.453918500,0,
5297,1034395.449415300,0.000185800,0.020000000,0.020000000,1034395.449601100,1034395.469415300,0,
5298,1034395.464638600,0.000030200,0.020000000,0.020000000,1034395.464668800,1034395.484638600,0,
5299,1034395.479991800,0.000068200,0.020000000,0.020000000,1034395.480060000,1034395.499991800,0,
5300,1034395.511860500,0.000060800,0.020000000,0.020000000,1034395.511921300,1034395.531860500,0,
5301,1034395.526742900,0.000046000,0.020000000,0.020000000,1034395.526788900,1034395.546742900,0,
5302,1034395.543209000,0.000079000,0.020000000,0.020000000,1034395.543288000,1034395.563209000,0,
5303,1034395.574721800,0.000045600,0.020000000,0.020000000,1034395.574767400,1034395.594721800,0,
5304,1034395.589776600,0.000063500,0.020000000,0.020000000,1034395.589840100,1034395.609776600,0,
5305,1034395.604592000,0.000061000,0.020000000,0.020000000,1034395.604653000,1034395.624592000,0,
5306,1034395.620931100,0.000046100,0.020000000,0.020000000,1034395.620977200,1034395.640931100,0,
5307,1034395.651062400,0.000039000,0.020000000,0.020000000,1034395.651101400,1034395.671062400,0,
5308,1034395.666374600,0.000051400,0.020000000,0.020000000,1034395.666426000,1034395.686374600,0,
5309,1034395.681787700,0.000034700,0.020000000,0.020000000,1034395.681822400,1034395.701787700,0,
5310,1034395.712811000,0.000088800,0.020000000,0.020000000,1034395.712899800,1034395.732811000,0,
5311,1034395.728597100,0.000055700,0.020000000,0.020000000,1034395.728652800,1034395.748597100,0,
5312,1034395.744603000,0.000048700,0.020000000,0.020000000,1034395.744651700,1034395.764603000,0,
5313,1034395.760532700,0.000045100,0.020000000,0.020000000,1034395.760577800,1034395.780532700,0,
5314,1034395.790935100,0.000075500,0.020000000,0.020000000,1034395.791010600,1034395.810935100,0,
5315,1034395.806295900,0.000154300,0.020000000,0.020000000,1034395.806450200,1034395.826295900,0,
5316,1034395.822715200,0.000071800,0.020000000,0.020000000,1034395.822787000,1034395.842715200,0,
5317,1034395.838757900,0.000076900,0.020000000,0.020000000,1034395.838834800,1034395.858757900,0,
5318,1034395.870508600,0.000131400,0.020000000,0.020000000,1034395.870640000,1034395.890508600,0,
5319,1034395.885635700,0.000062900,0.020000000,0.020000000,1034395.885698600,1034395.905635700,0,
5320,1034395.901307200,0.000093300,0.020000000,0.020000000,1034395.901400500,1034395.921307200,0,
5321,1034395.932273700,0.000394000,0.020000000,0.020000000,1034395.932667700,1034395.952273700,0,
5322,1034395.948551700,0.000106400,0.020000000,0.020000000,1034395.948658100,1034395.968551700,0,
5323,1034395.965054700,0.000115300,0.020000000,0.020000000,1034395.965170000,1034395.985054700,0,
5324,1034395.980147500,0.000099500,0.020000000,0.020000000,1034395.980247000,1034396.000147500,0,
5325,1034396.011870700,0.000065400,0.020000000,0.020000000,1034396.011936100,1034396.031870700,0,
5326,1034396.026845300,0.000059100,0.020000000,0.020000000,1034396.026904400,1034396.046845300,0,
5327,1034396.042532300,0.000122400,0.020000000,0.020000000,1034396.042654700,1034396.062532300,0,
5328,1034396.073234200,0.000043000,0.020000000,0.020000000,1034396.073277200,1034396.093234200,0,
5329,1034396.089312500,0.000048000,0.020000000,0.020000000,1034396.089360500,1034396.109312500,0,
5330,1034396.104461500,0.000101100,0.020000000,0.020000000,1034396.104562600,1034396.124461500,0,
5331,1034396.134277000,0.000087700,0.020000000,0.020000000,1034396.134364700,1034396.154277000,0,
5332,1034396.149045500,0.000048800,0.020000000,0.020000000,1034396.149094300,1034396.169045500,0,
5333,1034396.164251600,0.000091100,0.020000000,0.020000000,1034396.164342700,1034396.184251600,0,
5334,1034396.181219600,0.000065700,0.020000000,0.020000000,1034396.181285300,1034396.201219600,0,
5335,1034396.212995300,0.000047600,0.020000000,0.020000000,1034396.213042900,1034396.232995300,0,
5336,1034396.229010000,0.000163500,0.020000000,0.020000000,1034396.229173500,1034396.249010000,0,
5337,1034396.243850500,0.000082700,0.020000000,0.020000000,1034396.243933200,1034396.263850500,0,
5338,1034396.258804600,0.000055400,0.020000000,0.020000000,1034396.258860000,1034396.278804600,0,
5339,1034396.289762200,0.000058400,0.020000000,0.020000000,1034396.289820600,1034396.309762200,0,
5340,1034396.304926000,0.000047900,0.020000000,0.020000000,1034396.304973900,1034396.324926000,0,
5341,1034396.321010100,0.000035600,0.020000000,0.020000000,1034396.321045700,1034396.341010100,0,
5342,1034396.352126300,0.000052000,0.020000000,0.020000000,1034396.352178300,1034396.372126300,0,
5343,1034396.368165100,0.000080900,0.020000000,0.020000000,1034396.368246000,1034396.388165100,0,
5344,1034396.384149500,0.000052500,0.020000000,0.020000000,1034396.384202000,1034396.404149500,0,
5345,1034396.400253000,0.000068600,0.020000000,0.020000000,1034396.400321600,1034396.420253000,0,
5346,1034396.431347400,0.000063400,0.020000000,0.020000000,1034396.431410800,1034396.451347400,0,
5347,1034396.447494200,0.000056400,0.020000000,0.020000000,1034396.447550600,1034396.467494200,0,
5348,1034396.463489300,0.000052500,0.020000000,0.020000000,1034396.463541800,1034396.483489300,0,
5349,1034396.494204000,0.000047500,0.020000000,0.020000000,1034396.494251500,1034396.514204000,0,
5350,1034396.509623300,0.000117200,0.020000000,0.020000000,1034396.509740500,1034396.529623300,0,
5351,1034396.525272100,0.000059700,0.020000000,0.020000000,1034396.525331800,1034396.545272100,0,
5352,1034396.540860700,0.000079800,0.020000000,0.020000000,1034396.540940500,1034396.560860700,0,
5353,1034396.572711500,0.000036800,0.020000000,0.020000000,1034396.572748300,1034396.592711500,0,
5354,1034396.588505300,0.000040900,0.020000000,0.020000000,1034396.588546200,1034396.608505300,0,
5355,1034396.613500900,0.000095700,0.020000000,0.020000000,1034396.613596600,1034396.633500900,0,
5356,1034396.621519700,0.000077100,0.020000000,0.020000000,1034396.621596800,1034396.641519700,0,
5357,1034396.653778700,0.000147500,0.020000000,0.020000000,1034396.653926200,1034396.673778700,0,
5358,1034396.669495700,0.000147700,0.020000000,0.020000000,1034396.669643400,1034396.689495700,0,
5359,1034396.685189700,0.000153900,0.020000000,0.020000000,1034396.685343600,1034396.705189700,0,
5360,1034396.701846400,0.000089200,0.020000000,0.020000000,1034396.701935600,1034396.721846400,0,
5361,1034396.732854900,0.000107600,0.020000000,0.020000000,1034396.732962500,1034396.752854900,0,
5362,1034396.748752000,0.000090800,0.020000000,0.020000000,1034396.748842800,1034396.768752000,0,
5363,1034396.763969900,0.000129900,0.020000000,0.020000000,1034396.764099800,1034396.783969900,0,
5364,1034396.780314700,0.000088700,0.020000000,0.020000000,1034396.780403400,1034396.800314700,0,
5365,1034396.813621700,0.000107200,0.020000000,0.020000000,1034396.813728900,1034396.833621700,0,
5366,1034396.827191700,0.000113300,0.020000000,0.020000000,1034396.827305000,1034396.847191700,0,
5367,1034396.844006600,0.000097900,0.020000000,0.020000000,1034396.844104500,1034396.864006600,0,
5368,1034396.872431400,0.000128300,0.020000000,0.020000000,1034396.872559700,1034396.892431400,0,
5369,1034396.888441700,0.000130800,0.020000000,0.020000000,1034396.888572500,1034396.908441700,0,
5370,1034396.903868800,0.000108800,0.020000000,0.020000000,1034396.903977600,1034396.923868800,0,
5371,1034396.934895800,0.000126000,0.020000000,0.020000000,1034396.935021800,1034396.954895800,0,
5372,1034396.951257000,0.000159200,0.020000000,0.020000000,1034396.951416200,1034396.971257000,0,
5373,1034396.965403300,0.000114400,0.020000000,0.020000000,1034396.965517700,1034396.985403300,0,
5374,1034396.981690900,0.000098000,0.020000000,0.020000000,1034396.981788900,1034397.001690900,0,
5375,1034397.011514500,0.000769800,0.020000000,0.020000000,1034397.012284300,1034397.031514500,0,
5376,1034397.026443400,0.000206100,0.020000000,0.020000000,1034397.026649500,1034397.046443400,0,
5377,1034397.042532900,0.000091000,0.020000000,0.020000000,1034397.042623900,1034397.062532900,0,
5378,1034397.073551400,0.000045400,0.020000000,0.020000000,1034397.073596800,1034397.093551400,0,
5379,1034397.088475000,0.000064200,0.020000000,0.020000000,1034397.088539200,1034397.108475000,0,
5380,1034397.104342400,0.000089500,0.020000000,0.020000000,1034397.104431900,1034397.124342400,0,
5381,1034397.119952300,0.000050200,0.020000000,0.020000000,1034397.120002500,1034397.139952300,0,
5382,1034397.151002700,0.000093800,0.020000000,0.020000000,1034397.151096500,1034397.171002700,0,
5383,1034397.166568200,0.000069600,0.020000000,0.020000000,1034397.166637800,1034397.186568200,0,
5384,1034397.182111700,0.000068300,0.020000000,0.020000000,1034397.182180000,1034397.202111700,0,
5385,1034397.212158500,0.000068000,0.020000000,0.020000000,1034397.212226500,1034397.232158500,0,
5386,1034397.228836800,0.000095400,0.020000000,0.020000000,1034397.228932200,1034397.248836800,0,
5387,1034397.244130800,0.000065200,0.020000000,0.020000000,1034397.244196000,1034397.264130800,0,
5388,1034397.260872100,0.000088300,0.020000000,0.020000000,1034397.260960400,1034397.280872100,0,
5389,1034397.290919900,0.000093400,0.020000000,0.020000000,1034397.291013300,1034397.310919900,0,
5390,1034397.306752600,0.000126700,0.020000000,0.020000000,1034397.306879300,1034397.326752600,0,
5391,1034397.322221600,0.000073600,0.020000000,0.020000000,1034397.322295200,1034397.342221600,0,
5392,1034397.352032600,0.000051200,0.020000000,0.020000000,1034397.352083800,1034397.372032600,0,
5393,1034397.367963100,0.000091800,0.020000000,0.020000000,1034397.368054900,1034397.387963100,0,
5394,1034397.383540500,0.000106500,0.020000000,0.020000000,1034397.383647000,1034397.403540500,0,
5395,1034397.414328400,0.000114700,0.020000000,0.020000000,1034397.414443100,1034397.434328400,0,
5396,1034397.429882800,0.000097500,0.020000000,0.020000000,1034397.429980300,1034397.449882800,0,
5397,1034397.446201200,0.000110100,0.020000000,0.020000000,1034397.446311300,1034397.466201200,0,
5398,1034397.462041500,0.000048900,0.020000000,0.020000000,1034397.462090400,1034397.482041500,0,
5399,1034397.493401400,0.000110800,0.020000000,0.020000000,1034397.493512200,1034397.513401400,0,
5400,1034397.508729600,0.000086200,0.020000000,0.020000000,1034397.508815800,1034397.528729600,0,
5401,1034397.524664900,0.000134600,0.020000000,0.020000000,1034397.524799500,1034397.544664900,0,
5402,1034397.540184700,0.000054400,0.020000000,0.020000000,1034397.540239100,1034397.560184700,0,
5403,1034397.571920500,0.000050700,0.020000000,0.020000000,1034397.571971200,1034397.591920500,0,
5404,1034397.587295100,0.000072900,0.020000000,0.020000000,1034397.587368000,1034397.607295100,0,
5405,1034397.602343700,0.000045500,0.020000000,0.020000000,1034397.602389200,1034397.622343700,0,
5406,1034397.633241100,0.000104800,0.020000000,0.020000000,1034397.633345900,1034397.653241100,0,
5407,1034397.648679700,0.000054200,0.020000000,0.020000000,1034397.648733900,1034397.668679700,0,
5408,1034397.664460000,0.000073900,0.020000000,0.020000000,1034397.664533900,1034397.684460000,0,
5409,1034397.680639500,0.000097100,0.020000000,0.020000000,1034397.680736600,1034397.700639500,0,
5410,1034397.711359000,0.000146500,0.020000000,0.020000000,1034397.711505500,1034397.731359000,0,
5411,1034397.727501000,0.000197600,0.020000000,0.020000000,1034397.727698600,1034397.747501000,0,
5412,1034397.742266100,0.000084500,0.020000000,0.020000000,1034397.742350600,1034397.762266100,0,
5413,1034397.774234700,0.000056600,0.020000000,0.020000000,1034397.774291300,1034397.794234700,0,
5414,1034397.789101300,0.000093400,0.020000000,0.020000000,1034397.789194700,1034397.809101300,0,
5415,1034397.804333500,0.000051700,0.020000000,0.020000000,1034397.804385200,1034397.824333500,0,
5416,1034397.820409000,0.000054600,0.020000000,0.020000000,1034397.820463600,1034397.840409000,0,
5417,1034397.850109300,0.000058200,0.020000000,0.020000000,1034397.850167500,1034397.870109300,0,
5418,1034397.865072000,0.000052800,0.020000000,0.020000000,1034397.865124800,1034397.885072000,0,
5419,1034397.880654900,0.000088200,0.020000000,0.020000000,1034397.880743100,1034397.900654900,0,
5420,1034397.910786500,0.000080200,0.020000000,0.020000000,1034397.910866700,1034397.930786500,0,
5421,1034397.925576500,0.000112400,0.020000000,0.020000000,1034397.925688900,1034397.945576500,0,
5422,1034397.941613900,0.000364300,0.020000000,0.020000000,1034397.941978200,1034397.961613900,0,
5423,1034397.972088600,0.000112200,0.020000000,0.020000000,1034397.972200800,1034397.992088600,0,
5424,1034397.987496800,0.000032300,0.020000000,0.020000000,1034397.987529100,1034398.007496800,0,
5425,1034398.002662000,0.000051400,0.020000000,0.020000000,1034398.002713400,1034398.022662000,0,
5426,1034398.033610000,0.000040100,0.020000000,0.020000000,1034398.033650100,1034398.053610000,0,
5427,1034398.049507400,0.000045100,0.020000000,0.020000000,1034398.049552500,1034398.069507400,0,
5428,1034398.065543400,0.000063200,0.020000000,0.020000000,1034398.065606600,1034398.085543400,0,
5429,1034398.081358000,0.000057800,0.020000000,0.020000000,1034398.081415800,1034398.101358000,0,
5430,1034398.112256600,0.000074100,0.020000000,0.020000000,1034398.112330700,1034398.132256600,0,
5431,1034398.127476400,0.000107100,0.020000000,0.020000000,1034398.127583500,1034398.147476400,0,
5432,1034398.143322200,0.000129900,0.020000000,0.020000000,1034398.143452100,1034398.163322200,0,
5433,1034398.173073800,0.000065000,0.020000000,0.020000000,1034398.173138800,1034398.193073800,0,
5434,1034398.189312900,0.000060900,0.020000000,0.020000000,1034398.189373800,1034398.209312900,0,
5435,1034398.204632700,0.000101000,0.020000000,0.020000000,1034398.204733700,1034398.224632700,0,
5436,1034398.220489600,0.000065700,0.020000000,0.020000000,1034398.220555300,1034398.240489600,0,
5437,1034398.250850300,0.000076600,0.020000000,0.020000000,1034398.250926900,1034398.270850300,0,
5438,1034398.266166400,0.000094200,0.020000000,0.020000000,1034398.266260600,1034398.286166400,0,
5439,1034398.281902000,0.000064800,0.020000000,0.020000000,1034398.281966800,1034398.301902000,0,
5440,1034398.312824400,0.000086200,0.020000000,0.020000000,1034398.312910600,1034398.332824400,0,
5441,1034398.328718800,0.000107700,0.020000000,0.020000000,1034398.328826500,1034398.348718800,0,
5442,1034398.344975700,0.000062700,0.020000000,0.020000000,1034398.345038400,1034398.364975700,0,
5443,1034398.359956800,0.000083300,0.020000000,0.020000000,1034398.360040100,1034398.379956800,0,
5444,1034398.390407300,0.000152600,0.020000000,0.020000000,1034398.390559900,1034398.410407300,0,
5445,1034398.405823900,0.000102000,0.020000000,0.020000000,1034398.405925900,1034398.425823900,0,
5446,1034398.422053000,0.000054100,0.020000000,0.020000000,1034398.422107100,1034398.442053000,0,
5447,1034398.452026100,0.000129300,0.020000000,0.020000000,1034398.452155400,1034398.472026100,0,
5448,1034398.467535900,0.000073900,0.020000000,0.020000000,1034398.467609800,1034398.487535900,0,
5449,1034398.483603600,0.000127100,0.020000000,0.020000000,1034398.483730700,1034398.503603600,0,
5450,1034398.514613100,0.000104000,0.020000000,0.020000000,1034398.514717100,1034398.534613100,0,
5451,1034398.529936700,0.000084700,0.020000000,0.020000000,1034398.530021400,1034398.549936700,0,
5452,1034398.547048500,0.000099000,0.020000000,0.020000000,1034398.547147500,1034398.567048500,0,
5453,1034398.561615100,0.000056400,0.020000000,0.020000000,1034398.561671500,1034398.581615100,0,
5454,1034398.592169500,0.000209600,0.020000000,0.020000000,1034398.592379100,1034398.612169500,0,
5455,1034398.607504400,0.000065000,0.020000000,0.020000000,1034398.607569400,1034398.627504400,0,
5456,1034398.623563500,0.000061600,0.020000000,0.020000000,1034398.623625100,1034398.643563500,0,
5457,1034398.653751400,0.000082200,0.020000000,0.020000000,1034398.653833600,1034398.673751400,0,
5458,1034398.669183000,0.000098000,0.020000000,0.020000000,1034398.669281000,1034398.689183000,0,
5459,1034398.684032700,0.000055200,0.020000000,0.020000000,1034398.684087900,1034398.704032700,0,
5460,1034398.700234700,0.000066000,0.020000000,0.020000000,1034398.700300700,1034398.720234700,0,
5461,1034398.731626400,0.000066600,0.020000000,0.020000000,1034398.731693000,1034398.751626400,0,
5462,1034398.747623200,0.000064300,0.020000000,0.020000000,1034398.747687500,1034398.767623200,0,
5463,1034398.762488100,0.000043600,0.020000000,0.020000000,1034398.762531700,1034398.782488100,0,
5464,1034398.793195500,0.000058800,0.020000000,0.020000000,1034398.793254300,1034398.813195500,0,
5465,1034398.809952000,0.000074300,0.020000000,0.020000000,1034398.810026300,1034398.829952000,0,
5466,1034398.825547800,0.000079300,0.020000000,0.020000000,1034398.825627100,1034398.845547800,0,
5467,1034398.841177000,0.000060800,0.020000000,0.020000000,1034398.841237800,1034398.861177000,0,
5468,1034398.871993200,0.000097000,0.020000000,0.020000000,1034398.872090200,1034398.891993200,0,
5469,1034398.887518500,0.000094100,0.020000000,0.020000000,1034398.887612600,1034398.907518500,0,
5470,1034398.902576700,0.000057300,0.020000000,0.020000000,1034398.902634000,1034398.922576700,0,
5471,1034398.933751900,0.000107100,0.020000000,0.020000000,1034398.933859000,1034398.953751900,0,
5472,1034398.948442000,0.000080400,0.020000000,0.020000000,1034398.948522400,1034398.968442000,0,
5473,1034398.964542300,0.000092800,0.020000000,0.020000000,1034398.964635100,1034398.984542300,0,
5474,1034398.994368800,0.000063000,0.020000000,0.020000000,1034398.994431800,1034399.014368800,0,
5475,1034399.010650600,0.000053000,0.020000000,0.020000000,1034399.010703600,1034399.030650600,0,
5476,1034399.025686400,0.000132400,0.020000000,0.020000000,1034399.025818800,1034399.045686400,0,
5477,1034399.041429400,0.000055400,0.020000000,0.020000000,1034399.041484800,1034399.061429400,0,
5478,1034399.072247800,0.000088100,0.020000000,0.020000000,1034399.072335900,1034399.092247800,0,
5479,1034399.088207100,0.000062800,0.020000000,0.020000000,1034399.088269900,1034399.108207100,0,
5480,1034399.103499200,0.000078200,0.020000000,0.020000000,1034399.103577400,1034399.123499200,0,
5481,1034399.120106600,0.000063000,0.020000000,0.020000000,1034399.120169600,1034399.140106600,0,
5482,1034399.150774700,0.000132200,0.020000000,0.020000000,1034399.150906900,1034399.170774700,0,
5483,1034399.166700900,0.000053300,0.020000000,0.020000000,1034399.166754200,1034399.186700900,0,
5484,1034399.182234300,0.000055900,0.020000000,0.020000000,1034399.182290200,1034399.202234300,0,
5485,1034399.213596200,0.000061800,0.020000000,0.020000000,1034399.213658000,1034399.233596200,0,
5486,1034399.228977100,0.000068900,0.020000000,0.020000000,1034399.229046000,1034399.248977100,0,
5487,1034399.244259800,0.000061100,0.020000000,0.020000000,1034399.244320900,1034399.264259800,0,
5488,1034399.274084800,0.000111800,0.020000000,0.020000000,1034399.274196600,1034399.294084800,0,
5489,1034399.291363300,0.000131300,0.020000000,0.020000000,1034399.291494600,1034399.311363300,0,
5490,1034399.307509200,0.000127200,0.020000000,0.020000000,1034399.307636400,1034399.327509200,0,
5491,1034399.323167800,0.000118000,0.020000000,0.020000000,1034399.323285800,1034399.343167800,0,
5492,1034399.354357900,0.000114600,0.020000000,0.020000000,1034399.354472500,1034399.374357900,0,
5493,1034399.368846900,0.000157500,0.020000000,0.020000000,1034399.369004400,1034399.388846900,0,
